solid OpenSCAD_Model
  facet normal -0.997859 -0.0654017 0
    outer loop
      vertex 0 2 0
      vertex 0.0131084 1.8 13.4
      vertex 0 2 14.9
    endloop
  endfacet
  facet normal -0.997859 -0.0654023 -9.17966e-09
    outer loop
      vertex 0.0171099 1.73895 0
      vertex 0.0131084 1.8 13.4
      vertex 0 2 0
    endloop
  endfacet
  facet normal -0.997859 -0.0654043 0
    outer loop
      vertex 0.0131084 1.8 13.4
      vertex 0.0171099 1.73895 0
      vertex 0.0171099 1.73895 13.4
    endloop
  endfacet
  facet normal -0.997859 -0.0654017 0
    outer loop
      vertex 0 2 14.9
      vertex 0.0131084 1.8 13.4
      vertex 0.0131084 1.8 14.9
    endloop
  endfacet
  facet normal 0.831344 0.555758 0
    outer loop
      vertex 36.8221 67.782 11.1
      vertex 36.6767 67.9995 0
      vertex 36.6767 67.9995 11.1
    endloop
  endfacet
  facet normal 0.831344 0.555758 0
    outer loop
      vertex 36.6767 67.9995 0
      vertex 36.8221 67.782 11.1
      vertex 36.8221 67.782 0
    endloop
  endfacet
  facet normal 0.831344 0.555758 0
    outer loop
      vertex 36.8221 67.782 14.9
      vertex 36.6767 67.9995 13.7
      vertex 36.6767 67.9995 14.9
    endloop
  endfacet
  facet normal 0.831344 0.555758 0
    outer loop
      vertex 36.6767 67.9995 13.7
      vertex 36.8221 67.782 14.9
      vertex 36.8221 67.782 13.7
    endloop
  endfacet
  facet normal 0.980801 0.195013 0
    outer loop
      vertex 37.0729 67.0431 14.9
      vertex 37.0219 67.2996 13.7
      vertex 37.0219 67.2996 14.9
    endloop
  endfacet
  facet normal 0.980801 0.195013 0
    outer loop
      vertex 37.0219 67.2996 13.7
      vertex 37.0729 67.0431 14.9
      vertex 37.0729 67.0431 13.7
    endloop
  endfacet
  facet normal 0.980801 0.195013 0
    outer loop
      vertex 37.0729 67.0431 11.1
      vertex 37.0219 67.2996 0
      vertex 37.0219 67.2996 11.1
    endloop
  endfacet
  facet normal 0.980801 0.195013 0
    outer loop
      vertex 37.0219 67.2996 0
      vertex 37.0729 67.0431 11.1
      vertex 37.0729 67.0431 0
    endloop
  endfacet
  facet normal 0.751826 -0.659362 0
    outer loop
      vertex 36.5042 0.585786 13.4
      vertex 36.6767 0.782476 0
      vertex 36.6767 0.782476 13.4
    endloop
  endfacet
  facet normal 0.751826 -0.659362 0
    outer loop
      vertex 36.6767 0.782476 0
      vertex 36.5042 0.585786 13.4
      vertex 36.5042 0.585786 0
    endloop
  endfacet
  facet normal -0.946957 0.321359 0
    outer loop
      vertex 0.0681477 67.2996 13.7
      vertex 0.152241 67.5474 14.9
      vertex 0.152241 67.5474 13.7
    endloop
  endfacet
  facet normal -0.946957 0.321359 0
    outer loop
      vertex 0.152241 67.5474 14.9
      vertex 0.0681477 67.2996 13.7
      vertex 0.0681477 67.2996 14.9
    endloop
  endfacet
  facet normal -0.946957 0.321359 0
    outer loop
      vertex 0.0681477 67.2996 0
      vertex 0.152241 67.5474 11.1
      vertex 0.152241 67.5474 0
    endloop
  endfacet
  facet normal -0.946957 0.321359 0
    outer loop
      vertex 0.152241 67.5474 11.1
      vertex 0.0681477 67.2996 0
      vertex 0.0681477 67.2996 11.1
    endloop
  endfacet
  facet normal -0.980786 -0.195086 0
    outer loop
      vertex 0.0681477 1.48236 0
      vertex 0.0171099 1.73895 13.4
      vertex 0.0171099 1.73895 0
    endloop
  endfacet
  facet normal -0.980786 -0.195086 0
    outer loop
      vertex 0.0171099 1.73895 13.4
      vertex 0.0681477 1.48236 0
      vertex 0.0681477 1.48236 13.4
    endloop
  endfacet
  facet normal -0.831471 -0.555568 0
    outer loop
      vertex 0.413293 0.782476 0
      vertex 0.267949 1 13.4
      vertex 0.267949 1 0
    endloop
  endfacet
  facet normal -0.831471 -0.555568 0
    outer loop
      vertex 0.267949 1 13.4
      vertex 0.413293 0.782476 0
      vertex 0.413293 0.782476 13.4
    endloop
  endfacet
  facet normal 0 0 1
    outer loop
      vertex 33.89 1.8 14.9
      vertex 37.09 2 14.9
      vertex 37.09 66.782 14.9
    endloop
  endfacet
  facet normal 0 0 1
    outer loop
      vertex 35.09 68.782 14.9
      vertex 37.09 66.782 14.9
      vertex 37.0729 67.0431 14.9
    endloop
  endfacet
  facet normal 0 0 1
    outer loop
      vertex 35.09 68.782 14.9
      vertex 37.0729 67.0431 14.9
      vertex 37.0219 67.2996 14.9
    endloop
  endfacet
  facet normal 0 0 1
    outer loop
      vertex 35.09 68.782 14.9
      vertex 37.0219 67.2996 14.9
      vertex 36.9378 67.5474 14.9
    endloop
  endfacet
  facet normal 0 0 1
    outer loop
      vertex 35.09 68.782 14.9
      vertex 36.9378 67.5474 14.9
      vertex 36.8221 67.782 14.9
    endloop
  endfacet
  facet normal 0 0 1
    outer loop
      vertex 35.09 68.782 14.9
      vertex 36.8221 67.782 14.9
      vertex 36.6767 67.9995 14.9
    endloop
  endfacet
  facet normal 0 0 1
    outer loop
      vertex 35.09 68.782 14.9
      vertex 36.6767 67.9995 14.9
      vertex 36.5042 68.1962 14.9
    endloop
  endfacet
  facet normal 0 0 1
    outer loop
      vertex 35.09 68.782 14.9
      vertex 36.5042 68.1962 14.9
      vertex 36.3075 68.3687 14.9
    endloop
  endfacet
  facet normal 0 0 1
    outer loop
      vertex 35.09 68.782 14.9
      vertex 36.3075 68.3687 14.9
      vertex 36.09 68.5141 14.9
    endloop
  endfacet
  facet normal 0 0 1
    outer loop
      vertex 35.09 68.782 14.9
      vertex 36.09 68.5141 14.9
      vertex 35.8554 68.6298 14.9
    endloop
  endfacet
  facet normal 0 0 1
    outer loop
      vertex 37.09 2 14.9
      vertex 35.69 1.8 14.9
      vertex 37.0769 1.8 14.9
    endloop
  endfacet
  facet normal 0 0 1
    outer loop
      vertex 35.09 68.782 14.9
      vertex 35.8554 68.6298 14.9
      vertex 35.6076 68.7139 14.9
    endloop
  endfacet
  facet normal 0 0 1
    outer loop
      vertex 35.09 68.782 14.9
      vertex 35.6076 68.7139 14.9
      vertex 35.3511 68.7649 14.9
    endloop
  endfacet
  facet normal 0 0 1
    outer loop
      vertex 37.09 2 14.9
      vertex 35.29 1.8 14.9
      vertex 35.69 1.8 14.9
    endloop
  endfacet
  facet normal 0 0 1
    outer loop
      vertex 37.09 66.782 14.9
      vertex 35.09 68.782 14.9
      vertex 33.89 68.782 14.9
    endloop
  endfacet
  facet normal 0 0 1
    outer loop
      vertex 37.09 66.782 14.9
      vertex 33.89 68.782 14.9
      vertex 33.89 1.8 14.9
    endloop
  endfacet
  facet normal 0 0 1
    outer loop
      vertex 37.09 2 14.9
      vertex 33.89 1.8 14.9
      vertex 35.29 1.8 14.9
    endloop
  endfacet
  facet normal 0 0 1
    outer loop
      vertex 0 66.782 14.9
      vertex 3.2 68.782 14.9
      vertex 2 68.782 14.9
    endloop
  endfacet
  facet normal 0 0 1
    outer loop
      vertex 3.2 68.782 14.9
      vertex 0 66.782 14.9
      vertex 3.2 1.8 14.9
    endloop
  endfacet
  facet normal 0 0 1
    outer loop
      vertex 0 66.782 14.9
      vertex 2 68.782 14.9
      vertex 1.73895 68.7649 14.9
    endloop
  endfacet
  facet normal 0 0 1
    outer loop
      vertex 0 66.782 14.9
      vertex 1.73895 68.7649 14.9
      vertex 1.48236 68.7139 14.9
    endloop
  endfacet
  facet normal -0 0 1
    outer loop
      vertex 0 2 14.9
      vertex 3.2 1.8 14.9
      vertex 0 66.782 14.9
    endloop
  endfacet
  facet normal 0 0 1
    outer loop
      vertex 0 66.782 14.9
      vertex 1.48236 68.7139 14.9
      vertex 1.23463 68.6298 14.9
    endloop
  endfacet
  facet normal 0 0 1
    outer loop
      vertex 0 66.782 14.9
      vertex 1.23463 68.6298 14.9
      vertex 1 68.5141 14.9
    endloop
  endfacet
  facet normal 0 0 1
    outer loop
      vertex 0 66.782 14.9
      vertex 1 68.5141 14.9
      vertex 0.782476 68.3687 14.9
    endloop
  endfacet
  facet normal 0 0 1
    outer loop
      vertex 0 66.782 14.9
      vertex 0.782476 68.3687 14.9
      vertex 0.585786 68.1962 14.9
    endloop
  endfacet
  facet normal 0 0 1
    outer loop
      vertex 0 66.782 14.9
      vertex 0.585786 68.1962 14.9
      vertex 0.413293 67.9995 14.9
    endloop
  endfacet
  facet normal 0 0 1
    outer loop
      vertex 0 66.782 14.9
      vertex 0.413293 67.9995 14.9
      vertex 0.267949 67.782 14.9
    endloop
  endfacet
  facet normal 0 0 1
    outer loop
      vertex 0 66.782 14.9
      vertex 0.267949 67.782 14.9
      vertex 0.152241 67.5474 14.9
    endloop
  endfacet
  facet normal 0 0 1
    outer loop
      vertex 0 66.782 14.9
      vertex 0.152241 67.5474 14.9
      vertex 0.0681477 67.2996 14.9
    endloop
  endfacet
  facet normal 0 0 1
    outer loop
      vertex 0 66.782 14.9
      vertex 0.0681477 67.2996 14.9
      vertex 0.0171099 67.0431 14.9
    endloop
  endfacet
  facet normal 0 0 1
    outer loop
      vertex 3.2 1.8 14.9
      vertex 0 2 14.9
      vertex 1.8 1.8 14.9
    endloop
  endfacet
  facet normal 0 0 1
    outer loop
      vertex 1.8 1.8 14.9
      vertex 0 2 14.9
      vertex 1.4 1.8 14.9
    endloop
  endfacet
  facet normal 0 0 1
    outer loop
      vertex 1.4 1.8 14.9
      vertex 0 2 14.9
      vertex 0.0131084 1.8 14.9
    endloop
  endfacet
  facet normal -0 0 1
    outer loop
      vertex 5.05 68.782 14.9
      vertex 32.04 66.982 14.9
      vertex 32.04 68.782 14.9
    endloop
  endfacet
  facet normal 0 0 1
    outer loop
      vertex 32.04 66.982 14.9
      vertex 5.05 68.782 14.9
      vertex 5.05 66.982 14.9
    endloop
  endfacet
  facet normal 0.321359 -0.946957 0
    outer loop
      vertex 35.6076 0.0681477 0
      vertex 35.8554 0.152241 13.4
      vertex 35.6076 0.0681477 13.4
    endloop
  endfacet
  facet normal 0.321359 -0.946957 0
    outer loop
      vertex 35.8554 0.152241 13.4
      vertex 35.6076 0.0681477 0
      vertex 35.8554 0.152241 0
    endloop
  endfacet
  facet normal -1 0 0
    outer loop
      vertex 0 66.782 0
      vertex 0 65.4 11.1
      vertex 0 66.782 11.1
    endloop
  endfacet
  facet normal -1 0 0
    outer loop
      vertex 0 2 14.9
      vertex 0 65.4 11.1
      vertex 0 2 0
    endloop
  endfacet
  facet normal -1 0 0
    outer loop
      vertex 0 2 0
      vertex 0 65.4 11.1
      vertex 0 66.782 0
    endloop
  endfacet
  facet normal -1 0 0
    outer loop
      vertex 0 65.4 13.7
      vertex 0 66.782 14.9
      vertex 0 66.782 13.7
    endloop
  endfacet
  facet normal -1 0 0
    outer loop
      vertex 0 65.4 11.1
      vertex 0 2 14.9
      vertex 0 65.4 13.7
    endloop
  endfacet
  facet normal -1 0 0
    outer loop
      vertex 0 65.4 13.7
      vertex 0 2 14.9
      vertex 0 66.782 14.9
    endloop
  endfacet
  facet normal 0 -1 0
    outer loop
      vertex 2 0 0
      vertex 5.05 0 10.7
      vertex 2 0 10.7
    endloop
  endfacet
  facet normal 0 -1 -0
    outer loop
      vertex 10.545 0 6.2
      vertex 2 0 0
      vertex 26.545 0 6.2
    endloop
  endfacet
  facet normal 0 -1 -0
    outer loop
      vertex 5.05 0 10.7
      vertex 2 0 0
      vertex 10.545 0 6.2
    endloop
  endfacet
  facet normal 0 -1 0
    outer loop
      vertex 5.05 0 10.7
      vertex 10.545 0 13.4
      vertex 5.05 0 13.4
    endloop
  endfacet
  facet normal 0 -1 -0
    outer loop
      vertex 10.545 0 13.4
      vertex 5.05 0 10.7
      vertex 10.545 0 6.2
    endloop
  endfacet
  facet normal 0 -1 0
    outer loop
      vertex 26.545 0 13.4
      vertex 32.04 0 13.2
      vertex 32.04 0 13.4
    endloop
  endfacet
  facet normal 0 -1 0
    outer loop
      vertex 26.545 0 13.4
      vertex 32.04 0 10.7
      vertex 32.04 0 13.2
    endloop
  endfacet
  facet normal 0 -1 0
    outer loop
      vertex 26.545 0 6.2
      vertex 32.04 0 10.7
      vertex 26.545 0 13.4
    endloop
  endfacet
  facet normal 0 -1 0
    outer loop
      vertex 35.09 0 0
      vertex 32.04 0 10.7
      vertex 26.545 0 6.2
    endloop
  endfacet
  facet normal 0 -1 0
    outer loop
      vertex 32.04 0 10.7
      vertex 35.09 0 0
      vertex 35.09 0 10.7
    endloop
  endfacet
  facet normal 0 -1 0
    outer loop
      vertex 35.09 0 0
      vertex 26.545 0 6.2
      vertex 2 0 0
    endloop
  endfacet
  facet normal -0.896848 0.442338 0
    outer loop
      vertex 0.152241 67.5474 13.7
      vertex 0.267949 67.782 14.9
      vertex 0.267949 67.782 13.7
    endloop
  endfacet
  facet normal -0.896848 0.442338 0
    outer loop
      vertex 0.267949 67.782 14.9
      vertex 0.152241 67.5474 13.7
      vertex 0.152241 67.5474 14.9
    endloop
  endfacet
  facet normal -0.896848 0.442338 0
    outer loop
      vertex 0.152241 67.5474 0
      vertex 0.267949 67.782 11.1
      vertex 0.267949 67.782 0
    endloop
  endfacet
  facet normal -0.896848 0.442338 0
    outer loop
      vertex 0.267949 67.782 11.1
      vertex 0.152241 67.5474 0
      vertex 0.152241 67.5474 11.1
    endloop
  endfacet
  facet normal -0.0654043 -0.997859 0
    outer loop
      vertex 1.73895 0.0171099 13.4
      vertex 1.8 0.0131084 10.7
      vertex 1.8 0.0131084 13.4
    endloop
  endfacet
  facet normal -0.0654043 -0.997859 0
    outer loop
      vertex 1.73895 0.0171099 0
      vertex 1.8 0.0131084 10.7
      vertex 1.73895 0.0171099 13.4
    endloop
  endfacet
  facet normal -0.0654017 -0.997859 -1.50052e-08
    outer loop
      vertex 1.73895 0.0171099 0
      vertex 2 0 10.7
      vertex 1.8 0.0131084 10.7
    endloop
  endfacet
  facet normal -0.0654023 -0.997859 -0
    outer loop
      vertex 2 0 10.7
      vertex 1.73895 0.0171099 0
      vertex 2 0 0
    endloop
  endfacet
  facet normal 0.896883 -0.442268 0
    outer loop
      vertex 36.8221 1 13.4
      vertex 36.9378 1.23463 0
      vertex 36.9378 1.23463 13.4
    endloop
  endfacet
  facet normal 0.896883 -0.442268 0
    outer loop
      vertex 36.9378 1.23463 0
      vertex 36.8221 1 13.4
      vertex 36.8221 1 0
    endloop
  endfacet
  facet normal 0.831372 -0.555716 0
    outer loop
      vertex 36.6767 0.782476 13.4
      vertex 36.8221 1 0
      vertex 36.8221 1 13.4
    endloop
  endfacet
  facet normal 0.831372 -0.555716 0
    outer loop
      vertex 36.8221 1 0
      vertex 36.6767 0.782476 13.4
      vertex 36.6767 0.782476 0
    endloop
  endfacet
  facet normal 1 0 0
    outer loop
      vertex 37.09 66.782 14.9
      vertex 37.09 65.4 13.7
      vertex 37.09 66.782 13.7
    endloop
  endfacet
  facet normal 1 0 0
    outer loop
      vertex 37.09 65.4 13.7
      vertex 37.09 2 14.9
      vertex 37.09 65.4 11.1
    endloop
  endfacet
  facet normal 1 -0 0
    outer loop
      vertex 37.09 2 14.9
      vertex 37.09 65.4 13.7
      vertex 37.09 66.782 14.9
    endloop
  endfacet
  facet normal 1 -0 0
    outer loop
      vertex 37.09 65.4 11.1
      vertex 37.09 66.782 0
      vertex 37.09 66.782 11.1
    endloop
  endfacet
  facet normal 1 0 0
    outer loop
      vertex 37.09 2 0
      vertex 37.09 65.4 11.1
      vertex 37.09 2 14.9
    endloop
  endfacet
  facet normal 1 0 0
    outer loop
      vertex 37.09 65.4 11.1
      vertex 37.09 2 0
      vertex 37.09 66.782 0
    endloop
  endfacet
  facet normal 0.0653521 0.997862 -9.21719e-07
    outer loop
      vertex 35.3511 68.7649 14.9
      vertex 35.29 68.7689 13.2
      vertex 35.09 68.782 14.9
    endloop
  endfacet
  facet normal 0.0653266 0.997864 0
    outer loop
      vertex 35.3511 68.7649 14.9
      vertex 35.29 68.7689 10.7
      vertex 35.29 68.7689 13.2
    endloop
  endfacet
  facet normal 0.0653266 0.997864 -0
    outer loop
      vertex 35.3511 68.7649 0
      vertex 35.29 68.7689 10.7
      vertex 35.3511 68.7649 14.9
    endloop
  endfacet
  facet normal 0.0653599 0.997862 1.91179e-07
    outer loop
      vertex 35.3511 68.7649 0
      vertex 35.09 68.782 10.7
      vertex 35.29 68.7689 10.7
    endloop
  endfacet
  facet normal 0.0653521 0.997862 0
    outer loop
      vertex 35.09 68.782 10.7
      vertex 35.3511 68.7649 0
      vertex 35.09 68.782 0
    endloop
  endfacet
  facet normal 0.0653599 0.997862 0
    outer loop
      vertex 35.09 68.782 14.9
      vertex 35.29 68.7689 13.2
      vertex 35.09 68.782 13.2
    endloop
  endfacet
  facet normal -0.94693 -0.32144 0
    outer loop
      vertex 0.152241 1.23463 0
      vertex 0.0681477 1.48236 13.4
      vertex 0.0681477 1.48236 0
    endloop
  endfacet
  facet normal -0.94693 -0.32144 0
    outer loop
      vertex 0.0681477 1.48236 13.4
      vertex 0.152241 1.23463 0
      vertex 0.152241 1.23463 13.4
    endloop
  endfacet
  facet normal 0.195013 0.980801 -0
    outer loop
      vertex 35.6076 68.7139 0
      vertex 35.3511 68.7649 14.9
      vertex 35.6076 68.7139 14.9
    endloop
  endfacet
  facet normal 0.195013 0.980801 0
    outer loop
      vertex 35.3511 68.7649 14.9
      vertex 35.6076 68.7139 0
      vertex 35.3511 68.7649 0
    endloop
  endfacet
  facet normal -0.980773 0.195152 0
    outer loop
      vertex 0.0171099 67.0431 0
      vertex 0.0681477 67.2996 11.1
      vertex 0.0681477 67.2996 0
    endloop
  endfacet
  facet normal -0.980773 0.195152 0
    outer loop
      vertex 0.0681477 67.2996 11.1
      vertex 0.0171099 67.0431 0
      vertex 0.0171099 67.0431 11.1
    endloop
  endfacet
  facet normal -0.980773 0.195152 0
    outer loop
      vertex 0.0171099 67.0431 13.7
      vertex 0.0681477 67.2996 14.9
      vertex 0.0681477 67.2996 13.7
    endloop
  endfacet
  facet normal -0.980773 0.195152 0
    outer loop
      vertex 0.0681477 67.2996 14.9
      vertex 0.0171099 67.0431 13.7
      vertex 0.0171099 67.0431 14.9
    endloop
  endfacet
  facet normal 0 1 -0
    outer loop
      vertex 35.09 68.782 0
      vertex 32.04 68.782 10.7
      vertex 35.09 68.782 10.7
    endloop
  endfacet
  facet normal 0 1 0
    outer loop
      vertex 32.04 68.782 10.7
      vertex 35.09 68.782 0
      vertex 5.05 68.782 10.7
    endloop
  endfacet
  facet normal 0 1 0
    outer loop
      vertex 2 68.782 0
      vertex 5.05 68.782 10.7
      vertex 35.09 68.782 0
    endloop
  endfacet
  facet normal 0 1 0
    outer loop
      vertex 5.05 68.782 10.7
      vertex 2 68.782 0
      vertex 2 68.782 10.7
    endloop
  endfacet
  facet normal 0 1 -0
    outer loop
      vertex 32.04 68.782 10.7
      vertex 5.05 68.782 14.9
      vertex 32.04 68.782 14.9
    endloop
  endfacet
  facet normal 0 1 0
    outer loop
      vertex 5.05 68.782 14.9
      vertex 32.04 68.782 10.7
      vertex 5.05 68.782 10.7
    endloop
  endfacet
  facet normal 0 1 -0
    outer loop
      vertex 3.2 68.782 13.2
      vertex 2 68.782 14.9
      vertex 3.2 68.782 14.9
    endloop
  endfacet
  facet normal 0 1 0
    outer loop
      vertex 2 68.782 14.9
      vertex 3.2 68.782 13.2
      vertex 2 68.782 13.2
    endloop
  endfacet
  facet normal 0 1 -0
    outer loop
      vertex 35.09 68.782 13.2
      vertex 33.89 68.782 14.9
      vertex 35.09 68.782 14.9
    endloop
  endfacet
  facet normal 0 1 0
    outer loop
      vertex 33.89 68.782 14.9
      vertex 35.09 68.782 13.2
      vertex 33.89 68.782 13.2
    endloop
  endfacet
  facet normal -0.442268 0.896883 0
    outer loop
      vertex 1.23463 68.6298 0
      vertex 1 68.5141 14.9
      vertex 1.23463 68.6298 14.9
    endloop
  endfacet
  facet normal -0.442268 0.896883 0
    outer loop
      vertex 1 68.5141 14.9
      vertex 1.23463 68.6298 0
      vertex 1 68.5141 0
    endloop
  endfacet
  facet normal -0.442293 -0.896871 0
    outer loop
      vertex 1 0.267949 0
      vertex 1.23463 0.152241 13.4
      vertex 1 0.267949 13.4
    endloop
  endfacet
  facet normal -0.442293 -0.896871 -0
    outer loop
      vertex 1.23463 0.152241 13.4
      vertex 1 0.267949 0
      vertex 1.23463 0.152241 0
    endloop
  endfacet
  facet normal 0.659328 -0.751855 0
    outer loop
      vertex 36.3075 0.413293 0
      vertex 36.5042 0.585786 13.4
      vertex 36.3075 0.413293 13.4
    endloop
  endfacet
  facet normal 0.659328 -0.751855 0
    outer loop
      vertex 36.5042 0.585786 13.4
      vertex 36.3075 0.413293 0
      vertex 36.5042 0.585786 0
    endloop
  endfacet
  facet normal -0.195086 -0.980786 0
    outer loop
      vertex 1.48236 0.0681477 0
      vertex 1.73895 0.0171099 13.4
      vertex 1.48236 0.0681477 13.4
    endloop
  endfacet
  facet normal -0.195086 -0.980786 -0
    outer loop
      vertex 1.73895 0.0171099 13.4
      vertex 1.48236 0.0681477 0
      vertex 1.73895 0.0171099 0
    endloop
  endfacet
  facet normal 0.751769 0.659426 -0
    outer loop
      vertex 36.6763 68 11.1
      vertex 36.5042 68.1962 14.9
      vertex 36.6763 68 13.7
    endloop
  endfacet
  facet normal 0.751842 0.659343 2.41122e-05
    outer loop
      vertex 36.6767 67.9995 14.9
      vertex 36.6763 68 13.7
      vertex 36.5042 68.1962 14.9
    endloop
  endfacet
  facet normal 0.780869 0.624695 0
    outer loop
      vertex 36.6763 68 13.7
      vertex 36.6767 67.9995 14.9
      vertex 36.6767 67.9995 13.7
    endloop
  endfacet
  facet normal 0.751769 0.659426 0
    outer loop
      vertex 36.5042 68.1962 14.9
      vertex 36.6763 68 11.1
      vertex 36.5042 68.1962 0
    endloop
  endfacet
  facet normal 0.780869 0.624695 -0
    outer loop
      vertex 36.6767 67.9995 0
      vertex 36.6763 68 11.1
      vertex 36.6767 67.9995 11.1
    endloop
  endfacet
  facet normal 0.751842 0.659343 -2.60673e-06
    outer loop
      vertex 36.6763 68 11.1
      vertex 36.6767 67.9995 0
      vertex 36.5042 68.1962 0
    endloop
  endfacet
  facet normal 0.94695 0.321382 0
    outer loop
      vertex 37.0219 67.2996 14.9
      vertex 36.9378 67.5474 13.7
      vertex 36.9378 67.5474 14.9
    endloop
  endfacet
  facet normal 0.94695 0.321382 0
    outer loop
      vertex 36.9378 67.5474 13.7
      vertex 37.0219 67.2996 14.9
      vertex 37.0219 67.2996 13.7
    endloop
  endfacet
  facet normal 0.94695 0.321382 0
    outer loop
      vertex 37.0219 67.2996 11.1
      vertex 36.9378 67.5474 0
      vertex 36.9378 67.5474 11.1
    endloop
  endfacet
  facet normal 0.94695 0.321382 0
    outer loop
      vertex 36.9378 67.5474 0
      vertex 37.0219 67.2996 11.1
      vertex 37.0219 67.2996 0
    endloop
  endfacet
  facet normal -0.32144 -0.94693 0
    outer loop
      vertex 1.23463 0.152241 0
      vertex 1.48236 0.0681477 13.4
      vertex 1.23463 0.152241 13.4
    endloop
  endfacet
  facet normal -0.32144 -0.94693 -0
    outer loop
      vertex 1.48236 0.0681477 13.4
      vertex 1.23463 0.152241 0
      vertex 1.48236 0.0681477 0
    endloop
  endfacet
  facet normal 0.946922 -0.321463 0
    outer loop
      vertex 36.9378 1.23463 13.4
      vertex 37.0219 1.48236 0
      vertex 37.0219 1.48236 13.4
    endloop
  endfacet
  facet normal 0.946922 -0.321463 0
    outer loop
      vertex 37.0219 1.48236 0
      vertex 36.9378 1.23463 13.4
      vertex 36.9378 1.23463 0
    endloop
  endfacet
  facet normal -0.555716 0.831372 0
    outer loop
      vertex 1 68.5141 0
      vertex 0.782476 68.3687 14.9
      vertex 1 68.5141 14.9
    endloop
  endfacet
  facet normal -0.555716 0.831372 0
    outer loop
      vertex 0.782476 68.3687 14.9
      vertex 1 68.5141 0
      vertex 0.782476 68.3687 0
    endloop
  endfacet
  facet normal -0.896871 -0.442293 0
    outer loop
      vertex 0.267949 1 0
      vertex 0.152241 1.23463 13.4
      vertex 0.152241 1.23463 0
    endloop
  endfacet
  facet normal -0.896871 -0.442293 0
    outer loop
      vertex 0.152241 1.23463 13.4
      vertex 0.267949 1 0
      vertex 0.267949 1 13.4
    endloop
  endfacet
  facet normal 0.997862 -0.0653599 0
    outer loop
      vertex 37.0769 1.8 13.4
      vertex 37.09 2 14.9
      vertex 37.0769 1.8 14.9
    endloop
  endfacet
  facet normal 0.997862 -0.0653599 0
    outer loop
      vertex 37.09 2 14.9
      vertex 37.0769 1.8 13.4
      vertex 37.09 2 0
    endloop
  endfacet
  facet normal 0.99786 -0.0653799 0
    outer loop
      vertex 37.0729 1.73895 0
      vertex 37.0769 1.8 13.4
      vertex 37.0729 1.73895 13.4
    endloop
  endfacet
  facet normal 0.997861 -0.0653646 -6.98888e-08
    outer loop
      vertex 37.0769 1.8 13.4
      vertex 37.0729 1.73895 0
      vertex 37.09 2 0
    endloop
  endfacet
  facet normal -0.555568 -0.831471 0
    outer loop
      vertex 0.782476 0.413293 0
      vertex 1 0.267949 13.4
      vertex 0.782476 0.413293 13.4
    endloop
  endfacet
  facet normal -0.555568 -0.831471 -0
    outer loop
      vertex 1 0.267949 13.4
      vertex 0.782476 0.413293 0
      vertex 1 0.267949 0
    endloop
  endfacet
  facet normal 0.442314 0.89686 -0
    outer loop
      vertex 36.09 68.5141 0
      vertex 35.8554 68.6298 14.9
      vertex 36.09 68.5141 14.9
    endloop
  endfacet
  facet normal 0.442314 0.89686 0
    outer loop
      vertex 35.8554 68.6298 14.9
      vertex 36.09 68.5141 0
      vertex 35.8554 68.6298 0
    endloop
  endfacet
  facet normal 0.980814 -0.194947 0
    outer loop
      vertex 37.0219 1.48236 13.4
      vertex 37.0729 1.73895 0
      vertex 37.0729 1.73895 13.4
    endloop
  endfacet
  facet normal 0.980814 -0.194947 0
    outer loop
      vertex 37.0729 1.73895 0
      vertex 37.0219 1.48236 13.4
      vertex 37.0219 1.48236 0
    endloop
  endfacet
  facet normal -0.194947 0.980814 0
    outer loop
      vertex 1.73895 68.7649 0
      vertex 1.48236 68.7139 14.9
      vertex 1.73895 68.7649 14.9
    endloop
  endfacet
  facet normal -0.194947 0.980814 0
    outer loop
      vertex 1.48236 68.7139 14.9
      vertex 1.73895 68.7649 0
      vertex 1.48236 68.7139 0
    endloop
  endfacet
  facet normal -0.99786 0.0653898 0
    outer loop
      vertex 0 66.782 13.7
      vertex 0.0171099 67.0431 14.9
      vertex 0.0171099 67.0431 13.7
    endloop
  endfacet
  facet normal -0.99786 0.0653898 0
    outer loop
      vertex 0.0171099 67.0431 14.9
      vertex 0 66.782 13.7
      vertex 0 66.782 14.9
    endloop
  endfacet
  facet normal -0.99786 0.0653898 0
    outer loop
      vertex 0 66.782 0
      vertex 0.0171099 67.0431 11.1
      vertex 0.0171099 67.0431 0
    endloop
  endfacet
  facet normal -0.99786 0.0653898 0
    outer loop
      vertex 0.0171099 67.0431 11.1
      vertex 0 66.782 0
      vertex 0 66.782 11.1
    endloop
  endfacet
  facet normal -0.831443 0.55561 0
    outer loop
      vertex 0.267949 67.782 0
      vertex 0.413293 67.9995 11.1
      vertex 0.413293 67.9995 0
    endloop
  endfacet
  facet normal -0.831443 0.55561 0
    outer loop
      vertex 0.413293 67.9995 11.1
      vertex 0.267949 67.782 0
      vertex 0.267949 67.782 11.1
    endloop
  endfacet
  facet normal -0.831443 0.55561 0
    outer loop
      vertex 0.267949 67.782 13.7
      vertex 0.413293 67.9995 14.9
      vertex 0.413293 67.9995 13.7
    endloop
  endfacet
  facet normal -0.831443 0.55561 0
    outer loop
      vertex 0.413293 67.9995 14.9
      vertex 0.267949 67.782 13.7
      vertex 0.267949 67.782 14.9
    endloop
  endfacet
  facet normal 0.55561 -0.831443 0
    outer loop
      vertex 36.09 0.267949 0
      vertex 36.3075 0.413293 13.4
      vertex 36.09 0.267949 13.4
    endloop
  endfacet
  facet normal 0.55561 -0.831443 0
    outer loop
      vertex 36.3075 0.413293 13.4
      vertex 36.09 0.267949 0
      vertex 36.3075 0.413293 0
    endloop
  endfacet
  facet normal -0.321463 0.946922 0
    outer loop
      vertex 1.48236 68.7139 0
      vertex 1.23463 68.6298 14.9
      vertex 1.48236 68.7139 14.9
    endloop
  endfacet
  facet normal -0.321463 0.946922 0
    outer loop
      vertex 1.23463 68.6298 14.9
      vertex 1.48236 68.7139 0
      vertex 1.23463 68.6298 0
    endloop
  endfacet
  facet normal 0 0 -1
    outer loop
      vertex 26.1897 53.8434 0
      vertex 37.09 66.782 0
      vertex 26.1897 48.1566 0
    endloop
  endfacet
  facet normal 0 0 -1
    outer loop
      vertex 37.09 66.782 0
      vertex 26.1897 53.8434 0
      vertex 26.2 54 0
    endloop
  endfacet
  facet normal 0 0 -1
    outer loop
      vertex 26.1591 48.3106 0
      vertex 26.1897 53.8434 0
      vertex 26.1897 48.1566 0
    endloop
  endfacet
  facet normal 0 0 -1
    outer loop
      vertex 26.1591 48.3106 0
      vertex 26.1591 53.6894 0
      vertex 26.1897 53.8434 0
    endloop
  endfacet
  facet normal 0 0 -1
    outer loop
      vertex 26.1087 48.4592 0
      vertex 26.1591 53.6894 0
      vertex 26.1591 48.3106 0
    endloop
  endfacet
  facet normal 0 0 -1
    outer loop
      vertex 26.1087 48.4592 0
      vertex 26.1087 53.5408 0
      vertex 26.1591 53.6894 0
    endloop
  endfacet
  facet normal 0 0 -1
    outer loop
      vertex 26.0392 48.6 0
      vertex 26.1087 53.5408 0
      vertex 26.1087 48.4592 0
    endloop
  endfacet
  facet normal 0 0 -1
    outer loop
      vertex 26.0392 48.6 0
      vertex 26.0392 53.4 0
      vertex 26.1087 53.5408 0
    endloop
  endfacet
  facet normal 0 0 -1
    outer loop
      vertex 25.952 48.7305 0
      vertex 26.0392 53.4 0
      vertex 26.0392 48.6 0
    endloop
  endfacet
  facet normal 0 0 -1
    outer loop
      vertex 25.952 48.7305 0
      vertex 25.952 53.2695 0
      vertex 26.0392 53.4 0
    endloop
  endfacet
  facet normal 0 0 -1
    outer loop
      vertex 25.8485 48.8485 0
      vertex 25.952 53.2695 0
      vertex 25.952 48.7305 0
    endloop
  endfacet
  facet normal 0 0 -1
    outer loop
      vertex 25.8485 48.8485 0
      vertex 25.8485 53.1515 0
      vertex 25.952 53.2695 0
    endloop
  endfacet
  facet normal 0 0 -1
    outer loop
      vertex 25.7305 48.952 0
      vertex 25.8485 53.1515 0
      vertex 25.8485 48.8485 0
    endloop
  endfacet
  facet normal 0 0 -1
    outer loop
      vertex 25.7305 48.952 0
      vertex 25.7305 53.048 0
      vertex 25.8485 53.1515 0
    endloop
  endfacet
  facet normal 0 0 -1
    outer loop
      vertex 25.6 49.0392 0
      vertex 25.7305 53.048 0
      vertex 25.7305 48.952 0
    endloop
  endfacet
  facet normal 0 0 -1
    outer loop
      vertex 25.6 49.0392 0
      vertex 25.6 52.9608 0
      vertex 25.7305 53.048 0
    endloop
  endfacet
  facet normal 0 0 -1
    outer loop
      vertex 25.4592 49.1087 0
      vertex 25.6 52.9608 0
      vertex 25.6 49.0392 0
    endloop
  endfacet
  facet normal 0 0 -1
    outer loop
      vertex 25.4592 49.1087 0
      vertex 25.4592 52.8913 0
      vertex 25.6 52.9608 0
    endloop
  endfacet
  facet normal 0 0 -1
    outer loop
      vertex 25.3106 49.1591 0
      vertex 25.4592 52.8913 0
      vertex 25.4592 49.1087 0
    endloop
  endfacet
  facet normal 0 0 -1
    outer loop
      vertex 25.3106 49.1591 0
      vertex 25.3106 52.8409 0
      vertex 25.4592 52.8913 0
    endloop
  endfacet
  facet normal 0 0 -1
    outer loop
      vertex 25.1566 49.1897 0
      vertex 25.3106 52.8409 0
      vertex 25.3106 49.1591 0
    endloop
  endfacet
  facet normal 0 0 -1
    outer loop
      vertex 25.1566 49.1897 0
      vertex 25.1566 52.8103 0
      vertex 25.3106 52.8409 0
    endloop
  endfacet
  facet normal 0 0 -1
    outer loop
      vertex 25 49.2 0
      vertex 25.1566 52.8103 0
      vertex 25.1566 49.1897 0
    endloop
  endfacet
  facet normal 0 0 -1
    outer loop
      vertex 25 49.2 0
      vertex 25 52.8 0
      vertex 25.1566 52.8103 0
    endloop
  endfacet
  facet normal 0 0 -1
    outer loop
      vertex 12 49.2 0
      vertex 25 52.8 0
      vertex 25 49.2 0
    endloop
  endfacet
  facet normal 0 0 -1
    outer loop
      vertex 12 49.2 0
      vertex 12 52.8 0
      vertex 25 52.8 0
    endloop
  endfacet
  facet normal 0 0 -1
    outer loop
      vertex 11.8434 49.1897 0
      vertex 12 52.8 0
      vertex 12 49.2 0
    endloop
  endfacet
  facet normal 0 0 -1
    outer loop
      vertex 11.8434 49.1897 0
      vertex 11.8434 52.8103 0
      vertex 12 52.8 0
    endloop
  endfacet
  facet normal 0 0 -1
    outer loop
      vertex 11.6894 49.1591 0
      vertex 11.8434 52.8103 0
      vertex 11.8434 49.1897 0
    endloop
  endfacet
  facet normal 0 0 -1
    outer loop
      vertex 11.6894 49.1591 0
      vertex 11.6894 52.8409 0
      vertex 11.8434 52.8103 0
    endloop
  endfacet
  facet normal 0 0 -1
    outer loop
      vertex 11.5408 49.1087 0
      vertex 11.6894 52.8409 0
      vertex 11.6894 49.1591 0
    endloop
  endfacet
  facet normal 0 0 -1
    outer loop
      vertex 11.5408 49.1087 0
      vertex 11.5408 52.8913 0
      vertex 11.6894 52.8409 0
    endloop
  endfacet
  facet normal 0 0 -1
    outer loop
      vertex 11.4 49.0392 0
      vertex 11.5408 52.8913 0
      vertex 11.5408 49.1087 0
    endloop
  endfacet
  facet normal 0 0 -1
    outer loop
      vertex 11.4 49.0392 0
      vertex 11.4 52.9608 0
      vertex 11.5408 52.8913 0
    endloop
  endfacet
  facet normal 0 0 -1
    outer loop
      vertex 11.2695 48.952 0
      vertex 11.4 52.9608 0
      vertex 11.4 49.0392 0
    endloop
  endfacet
  facet normal 0 0 -1
    outer loop
      vertex 11.2695 48.952 0
      vertex 11.2695 53.048 0
      vertex 11.4 52.9608 0
    endloop
  endfacet
  facet normal 0 0 -1
    outer loop
      vertex 11.1515 48.8485 0
      vertex 11.2695 53.048 0
      vertex 11.2695 48.952 0
    endloop
  endfacet
  facet normal 0 0 -1
    outer loop
      vertex 11.1515 48.8485 0
      vertex 11.1515 53.1515 0
      vertex 11.2695 53.048 0
    endloop
  endfacet
  facet normal 0 0 -1
    outer loop
      vertex 11.048 48.7305 0
      vertex 11.1515 53.1515 0
      vertex 11.1515 48.8485 0
    endloop
  endfacet
  facet normal 0 0 -1
    outer loop
      vertex 11.048 48.7305 0
      vertex 11.048 53.2695 0
      vertex 11.1515 53.1515 0
    endloop
  endfacet
  facet normal 0 0 -1
    outer loop
      vertex 10.9608 48.6 0
      vertex 11.048 53.2695 0
      vertex 11.048 48.7305 0
    endloop
  endfacet
  facet normal 0 0 -1
    outer loop
      vertex 10.9608 48.6 0
      vertex 10.9608 53.4 0
      vertex 11.048 53.2695 0
    endloop
  endfacet
  facet normal 0 0 -1
    outer loop
      vertex 10.8913 48.4592 0
      vertex 10.9608 53.4 0
      vertex 10.9608 48.6 0
    endloop
  endfacet
  facet normal 0 0 -1
    outer loop
      vertex 10.8913 48.4592 0
      vertex 10.8913 53.5408 0
      vertex 10.9608 53.4 0
    endloop
  endfacet
  facet normal 0 0 -1
    outer loop
      vertex 10.8409 48.3106 0
      vertex 10.8913 53.5408 0
      vertex 10.8913 48.4592 0
    endloop
  endfacet
  facet normal 0 0 -1
    outer loop
      vertex 10.8409 48.3106 0
      vertex 10.8409 53.6894 0
      vertex 10.8913 53.5408 0
    endloop
  endfacet
  facet normal 0 0 -1
    outer loop
      vertex 10.8103 48.1566 0
      vertex 10.8409 53.6894 0
      vertex 10.8409 48.3106 0
    endloop
  endfacet
  facet normal 0 0 -1
    outer loop
      vertex 10.8103 48.1566 0
      vertex 10.8103 53.8434 0
      vertex 10.8409 53.6894 0
    endloop
  endfacet
  facet normal 0 0 -1
    outer loop
      vertex 0 66.782 0
      vertex 10.8103 48.1566 0
      vertex 10.8 48 0
    endloop
  endfacet
  facet normal 0 0 -1
    outer loop
      vertex 10.8103 48.1566 0
      vertex 0 66.782 0
      vertex 10.8103 53.8434 0
    endloop
  endfacet
  facet normal 0 0 -1
    outer loop
      vertex 26.1897 47.8434 0
      vertex 37.09 66.782 0
      vertex 26.1897 42.1566 0
    endloop
  endfacet
  facet normal 0 0 -1
    outer loop
      vertex 37.09 66.782 0
      vertex 26.1897 47.8434 0
      vertex 26.2 48 0
    endloop
  endfacet
  facet normal 0 0 -1
    outer loop
      vertex 26.1591 42.3106 0
      vertex 26.1897 47.8434 0
      vertex 26.1897 42.1566 0
    endloop
  endfacet
  facet normal 0 0 -1
    outer loop
      vertex 26.1591 42.3106 0
      vertex 26.1591 47.6894 0
      vertex 26.1897 47.8434 0
    endloop
  endfacet
  facet normal 0 0 -1
    outer loop
      vertex 26.1087 42.4592 0
      vertex 26.1591 47.6894 0
      vertex 26.1591 42.3106 0
    endloop
  endfacet
  facet normal 0 0 -1
    outer loop
      vertex 26.1087 42.4592 0
      vertex 26.1087 47.5408 0
      vertex 26.1591 47.6894 0
    endloop
  endfacet
  facet normal 0 0 -1
    outer loop
      vertex 26.0392 42.6 0
      vertex 26.1087 47.5408 0
      vertex 26.1087 42.4592 0
    endloop
  endfacet
  facet normal 0 0 -1
    outer loop
      vertex 26.0392 42.6 0
      vertex 26.0392 47.4 0
      vertex 26.1087 47.5408 0
    endloop
  endfacet
  facet normal 0 0 -1
    outer loop
      vertex 25.952 42.7305 0
      vertex 26.0392 47.4 0
      vertex 26.0392 42.6 0
    endloop
  endfacet
  facet normal 0 0 -1
    outer loop
      vertex 25.952 42.7305 0
      vertex 25.952 47.2695 0
      vertex 26.0392 47.4 0
    endloop
  endfacet
  facet normal 0 0 -1
    outer loop
      vertex 25.8485 42.8485 0
      vertex 25.952 47.2695 0
      vertex 25.952 42.7305 0
    endloop
  endfacet
  facet normal 0 0 -1
    outer loop
      vertex 25.8485 42.8485 0
      vertex 25.8485 47.1515 0
      vertex 25.952 47.2695 0
    endloop
  endfacet
  facet normal 0 0 -1
    outer loop
      vertex 25.7305 42.952 0
      vertex 25.8485 47.1515 0
      vertex 25.8485 42.8485 0
    endloop
  endfacet
  facet normal 0 0 -1
    outer loop
      vertex 25.7305 42.952 0
      vertex 25.7305 47.048 0
      vertex 25.8485 47.1515 0
    endloop
  endfacet
  facet normal 0 0 -1
    outer loop
      vertex 25.6 43.0392 0
      vertex 25.7305 47.048 0
      vertex 25.7305 42.952 0
    endloop
  endfacet
  facet normal 0 0 -1
    outer loop
      vertex 25.6 43.0392 0
      vertex 25.6 46.9608 0
      vertex 25.7305 47.048 0
    endloop
  endfacet
  facet normal 0 0 -1
    outer loop
      vertex 25.4592 43.1087 0
      vertex 25.6 46.9608 0
      vertex 25.6 43.0392 0
    endloop
  endfacet
  facet normal 0 0 -1
    outer loop
      vertex 25.4592 43.1087 0
      vertex 25.4592 46.8913 0
      vertex 25.6 46.9608 0
    endloop
  endfacet
  facet normal 0 0 -1
    outer loop
      vertex 25.3106 43.1591 0
      vertex 25.4592 46.8913 0
      vertex 25.4592 43.1087 0
    endloop
  endfacet
  facet normal 0 0 -1
    outer loop
      vertex 25.3106 43.1591 0
      vertex 25.3106 46.8409 0
      vertex 25.4592 46.8913 0
    endloop
  endfacet
  facet normal 0 0 -1
    outer loop
      vertex 25.1566 43.1897 0
      vertex 25.3106 46.8409 0
      vertex 25.3106 43.1591 0
    endloop
  endfacet
  facet normal 0 0 -1
    outer loop
      vertex 25.1566 43.1897 0
      vertex 25.1566 46.8103 0
      vertex 25.3106 46.8409 0
    endloop
  endfacet
  facet normal 0 0 -1
    outer loop
      vertex 25 43.2 0
      vertex 25.1566 46.8103 0
      vertex 25.1566 43.1897 0
    endloop
  endfacet
  facet normal 0 0 -1
    outer loop
      vertex 25 43.2 0
      vertex 25 46.8 0
      vertex 25.1566 46.8103 0
    endloop
  endfacet
  facet normal 0 0 -1
    outer loop
      vertex 12 43.2 0
      vertex 25 46.8 0
      vertex 25 43.2 0
    endloop
  endfacet
  facet normal 0 0 -1
    outer loop
      vertex 12 43.2 0
      vertex 12 46.8 0
      vertex 25 46.8 0
    endloop
  endfacet
  facet normal 0 0 -1
    outer loop
      vertex 11.8434 43.1897 0
      vertex 12 46.8 0
      vertex 12 43.2 0
    endloop
  endfacet
  facet normal 0 0 -1
    outer loop
      vertex 11.8434 43.1897 0
      vertex 11.8434 46.8103 0
      vertex 12 46.8 0
    endloop
  endfacet
  facet normal 0 0 -1
    outer loop
      vertex 11.6894 43.1591 0
      vertex 11.8434 46.8103 0
      vertex 11.8434 43.1897 0
    endloop
  endfacet
  facet normal 0 0 -1
    outer loop
      vertex 11.6894 43.1591 0
      vertex 11.6894 46.8409 0
      vertex 11.8434 46.8103 0
    endloop
  endfacet
  facet normal 0 0 -1
    outer loop
      vertex 11.5408 43.1087 0
      vertex 11.6894 46.8409 0
      vertex 11.6894 43.1591 0
    endloop
  endfacet
  facet normal 0 0 -1
    outer loop
      vertex 11.5408 43.1087 0
      vertex 11.5408 46.8913 0
      vertex 11.6894 46.8409 0
    endloop
  endfacet
  facet normal 0 0 -1
    outer loop
      vertex 11.4 43.0392 0
      vertex 11.5408 46.8913 0
      vertex 11.5408 43.1087 0
    endloop
  endfacet
  facet normal 0 0 -1
    outer loop
      vertex 11.4 43.0392 0
      vertex 11.4 46.9608 0
      vertex 11.5408 46.8913 0
    endloop
  endfacet
  facet normal 0 0 -1
    outer loop
      vertex 11.2695 42.952 0
      vertex 11.4 46.9608 0
      vertex 11.4 43.0392 0
    endloop
  endfacet
  facet normal 0 0 -1
    outer loop
      vertex 11.2695 42.952 0
      vertex 11.2695 47.048 0
      vertex 11.4 46.9608 0
    endloop
  endfacet
  facet normal 0 0 -1
    outer loop
      vertex 11.1515 42.8485 0
      vertex 11.2695 47.048 0
      vertex 11.2695 42.952 0
    endloop
  endfacet
  facet normal 0 0 -1
    outer loop
      vertex 11.1515 42.8485 0
      vertex 11.1515 47.1515 0
      vertex 11.2695 47.048 0
    endloop
  endfacet
  facet normal 0 0 -1
    outer loop
      vertex 11.048 42.7305 0
      vertex 11.1515 47.1515 0
      vertex 11.1515 42.8485 0
    endloop
  endfacet
  facet normal 0 0 -1
    outer loop
      vertex 11.048 42.7305 0
      vertex 11.048 47.2695 0
      vertex 11.1515 47.1515 0
    endloop
  endfacet
  facet normal 0 0 -1
    outer loop
      vertex 10.9608 42.6 0
      vertex 11.048 47.2695 0
      vertex 11.048 42.7305 0
    endloop
  endfacet
  facet normal 0 0 -1
    outer loop
      vertex 10.9608 42.6 0
      vertex 10.9608 47.4 0
      vertex 11.048 47.2695 0
    endloop
  endfacet
  facet normal 0 0 -1
    outer loop
      vertex 10.8913 42.4592 0
      vertex 10.9608 47.4 0
      vertex 10.9608 42.6 0
    endloop
  endfacet
  facet normal 0 0 -1
    outer loop
      vertex 10.8913 42.4592 0
      vertex 10.8913 47.5408 0
      vertex 10.9608 47.4 0
    endloop
  endfacet
  facet normal 0 0 -1
    outer loop
      vertex 10.8409 42.3106 0
      vertex 10.8913 47.5408 0
      vertex 10.8913 42.4592 0
    endloop
  endfacet
  facet normal 0 0 -1
    outer loop
      vertex 10.8409 42.3106 0
      vertex 10.8409 47.6894 0
      vertex 10.8913 47.5408 0
    endloop
  endfacet
  facet normal 0 0 -1
    outer loop
      vertex 10.8103 42.1566 0
      vertex 10.8409 47.6894 0
      vertex 10.8409 42.3106 0
    endloop
  endfacet
  facet normal 0 0 -1
    outer loop
      vertex 10.8103 42.1566 0
      vertex 10.8103 47.8434 0
      vertex 10.8409 47.6894 0
    endloop
  endfacet
  facet normal 0 0 -1
    outer loop
      vertex 0 66.782 0
      vertex 10.8103 42.1566 0
      vertex 10.8 42 0
    endloop
  endfacet
  facet normal 0 0 -1
    outer loop
      vertex 10.8103 42.1566 0
      vertex 0 66.782 0
      vertex 10.8103 47.8434 0
    endloop
  endfacet
  facet normal 0 0 -1
    outer loop
      vertex 26.1897 36.1566 0
      vertex 26.2 42 0
      vertex 26.2 36 0
    endloop
  endfacet
  facet normal 0 0 -1
    outer loop
      vertex 26.1897 36.1566 0
      vertex 26.1897 41.8434 0
      vertex 26.2 42 0
    endloop
  endfacet
  facet normal 0 0 -1
    outer loop
      vertex 26.1591 36.3106 0
      vertex 26.1897 41.8434 0
      vertex 26.1897 36.1566 0
    endloop
  endfacet
  facet normal 0 0 -1
    outer loop
      vertex 26.1591 36.3106 0
      vertex 26.1591 41.6894 0
      vertex 26.1897 41.8434 0
    endloop
  endfacet
  facet normal 0 0 -1
    outer loop
      vertex 26.1087 36.4592 0
      vertex 26.1591 41.6894 0
      vertex 26.1591 36.3106 0
    endloop
  endfacet
  facet normal 0 0 -1
    outer loop
      vertex 26.1087 36.4592 0
      vertex 26.1087 41.5408 0
      vertex 26.1591 41.6894 0
    endloop
  endfacet
  facet normal 0 0 -1
    outer loop
      vertex 26.0392 36.6 0
      vertex 26.1087 41.5408 0
      vertex 26.1087 36.4592 0
    endloop
  endfacet
  facet normal 0 0 -1
    outer loop
      vertex 26.0392 36.6 0
      vertex 26.0392 41.4 0
      vertex 26.1087 41.5408 0
    endloop
  endfacet
  facet normal 0 0 -1
    outer loop
      vertex 25.952 36.7305 0
      vertex 26.0392 41.4 0
      vertex 26.0392 36.6 0
    endloop
  endfacet
  facet normal 0 0 -1
    outer loop
      vertex 25.952 36.7305 0
      vertex 25.952 41.2695 0
      vertex 26.0392 41.4 0
    endloop
  endfacet
  facet normal 0 0 -1
    outer loop
      vertex 25.8485 36.8485 0
      vertex 25.952 41.2695 0
      vertex 25.952 36.7305 0
    endloop
  endfacet
  facet normal 0 0 -1
    outer loop
      vertex 25.8485 36.8485 0
      vertex 25.8485 41.1515 0
      vertex 25.952 41.2695 0
    endloop
  endfacet
  facet normal 0 0 -1
    outer loop
      vertex 25.7305 36.952 0
      vertex 25.8485 41.1515 0
      vertex 25.8485 36.8485 0
    endloop
  endfacet
  facet normal 0 0 -1
    outer loop
      vertex 25.7305 36.952 0
      vertex 25.7305 41.048 0
      vertex 25.8485 41.1515 0
    endloop
  endfacet
  facet normal 0 0 -1
    outer loop
      vertex 25.6 37.0392 0
      vertex 25.7305 41.048 0
      vertex 25.7305 36.952 0
    endloop
  endfacet
  facet normal 0 0 -1
    outer loop
      vertex 25.6 37.0392 0
      vertex 25.6 40.9608 0
      vertex 25.7305 41.048 0
    endloop
  endfacet
  facet normal 0 0 -1
    outer loop
      vertex 25.4592 37.1087 0
      vertex 25.6 40.9608 0
      vertex 25.6 37.0392 0
    endloop
  endfacet
  facet normal 0 0 -1
    outer loop
      vertex 25.4592 37.1087 0
      vertex 25.4592 40.8913 0
      vertex 25.6 40.9608 0
    endloop
  endfacet
  facet normal 0 0 -1
    outer loop
      vertex 25.3106 37.1591 0
      vertex 25.4592 40.8913 0
      vertex 25.4592 37.1087 0
    endloop
  endfacet
  facet normal 0 0 -1
    outer loop
      vertex 25.3106 37.1591 0
      vertex 25.3106 40.8409 0
      vertex 25.4592 40.8913 0
    endloop
  endfacet
  facet normal 0 0 -1
    outer loop
      vertex 25.1566 37.1897 0
      vertex 25.3106 40.8409 0
      vertex 25.3106 37.1591 0
    endloop
  endfacet
  facet normal 0 0 -1
    outer loop
      vertex 25.1566 37.1897 0
      vertex 25.1566 40.8103 0
      vertex 25.3106 40.8409 0
    endloop
  endfacet
  facet normal 0 0 -1
    outer loop
      vertex 25 37.2 0
      vertex 25.1566 40.8103 0
      vertex 25.1566 37.1897 0
    endloop
  endfacet
  facet normal 0 0 -1
    outer loop
      vertex 25 37.2 0
      vertex 25 40.8 0
      vertex 25.1566 40.8103 0
    endloop
  endfacet
  facet normal 0 0 -1
    outer loop
      vertex 12 37.2 0
      vertex 25 40.8 0
      vertex 25 37.2 0
    endloop
  endfacet
  facet normal 0 0 -1
    outer loop
      vertex 12 37.2 0
      vertex 12 40.8 0
      vertex 25 40.8 0
    endloop
  endfacet
  facet normal 0 0 -1
    outer loop
      vertex 11.8434 37.1897 0
      vertex 12 40.8 0
      vertex 12 37.2 0
    endloop
  endfacet
  facet normal 0 0 -1
    outer loop
      vertex 11.8434 37.1897 0
      vertex 11.8434 40.8103 0
      vertex 12 40.8 0
    endloop
  endfacet
  facet normal 0 0 -1
    outer loop
      vertex 11.6894 37.1591 0
      vertex 11.8434 40.8103 0
      vertex 11.8434 37.1897 0
    endloop
  endfacet
  facet normal 0 0 -1
    outer loop
      vertex 11.6894 37.1591 0
      vertex 11.6894 40.8409 0
      vertex 11.8434 40.8103 0
    endloop
  endfacet
  facet normal 0 0 -1
    outer loop
      vertex 11.5408 37.1087 0
      vertex 11.6894 40.8409 0
      vertex 11.6894 37.1591 0
    endloop
  endfacet
  facet normal 0 0 -1
    outer loop
      vertex 11.5408 37.1087 0
      vertex 11.5408 40.8913 0
      vertex 11.6894 40.8409 0
    endloop
  endfacet
  facet normal 0 0 -1
    outer loop
      vertex 11.4 37.0392 0
      vertex 11.5408 40.8913 0
      vertex 11.5408 37.1087 0
    endloop
  endfacet
  facet normal 0 0 -1
    outer loop
      vertex 11.4 37.0392 0
      vertex 11.4 40.9608 0
      vertex 11.5408 40.8913 0
    endloop
  endfacet
  facet normal 0 0 -1
    outer loop
      vertex 11.2695 36.952 0
      vertex 11.4 40.9608 0
      vertex 11.4 37.0392 0
    endloop
  endfacet
  facet normal 0 0 -1
    outer loop
      vertex 11.2695 36.952 0
      vertex 11.2695 41.048 0
      vertex 11.4 40.9608 0
    endloop
  endfacet
  facet normal 0 0 -1
    outer loop
      vertex 11.1515 36.8485 0
      vertex 11.2695 41.048 0
      vertex 11.2695 36.952 0
    endloop
  endfacet
  facet normal 0 0 -1
    outer loop
      vertex 11.1515 36.8485 0
      vertex 11.1515 41.1515 0
      vertex 11.2695 41.048 0
    endloop
  endfacet
  facet normal 0 0 -1
    outer loop
      vertex 11.048 36.7305 0
      vertex 11.1515 41.1515 0
      vertex 11.1515 36.8485 0
    endloop
  endfacet
  facet normal 0 0 -1
    outer loop
      vertex 11.048 36.7305 0
      vertex 11.048 41.2695 0
      vertex 11.1515 41.1515 0
    endloop
  endfacet
  facet normal 0 0 -1
    outer loop
      vertex 10.9608 36.6 0
      vertex 11.048 41.2695 0
      vertex 11.048 36.7305 0
    endloop
  endfacet
  facet normal 0 0 -1
    outer loop
      vertex 10.9608 36.6 0
      vertex 10.9608 41.4 0
      vertex 11.048 41.2695 0
    endloop
  endfacet
  facet normal 0 0 -1
    outer loop
      vertex 10.8913 36.4592 0
      vertex 10.9608 41.4 0
      vertex 10.9608 36.6 0
    endloop
  endfacet
  facet normal 0 0 -1
    outer loop
      vertex 10.8913 36.4592 0
      vertex 10.8913 41.5408 0
      vertex 10.9608 41.4 0
    endloop
  endfacet
  facet normal 0 0 -1
    outer loop
      vertex 10.8409 36.3106 0
      vertex 10.8913 41.5408 0
      vertex 10.8913 36.4592 0
    endloop
  endfacet
  facet normal 0 0 -1
    outer loop
      vertex 10.8409 36.3106 0
      vertex 10.8409 41.6894 0
      vertex 10.8913 41.5408 0
    endloop
  endfacet
  facet normal 0 0 -1
    outer loop
      vertex 10.8103 36.1566 0
      vertex 10.8409 41.6894 0
      vertex 10.8409 36.3106 0
    endloop
  endfacet
  facet normal 0 0 -1
    outer loop
      vertex 10.8103 36.1566 0
      vertex 10.8103 41.8434 0
      vertex 10.8409 41.6894 0
    endloop
  endfacet
  facet normal 0 0 -1
    outer loop
      vertex 10.8 36 0
      vertex 10.8103 41.8434 0
      vertex 10.8103 36.1566 0
    endloop
  endfacet
  facet normal -0 0 -1
    outer loop
      vertex 10.8103 41.8434 0
      vertex 10.8 36 0
      vertex 10.8 42 0
    endloop
  endfacet
  facet normal 0 0 -1
    outer loop
      vertex 26.1897 30.1566 0
      vertex 26.2 36 0
      vertex 26.2 30 0
    endloop
  endfacet
  facet normal 0 0 -1
    outer loop
      vertex 26.1897 30.1566 0
      vertex 26.1897 35.8434 0
      vertex 26.2 36 0
    endloop
  endfacet
  facet normal 0 0 -1
    outer loop
      vertex 26.1591 30.3106 0
      vertex 26.1897 35.8434 0
      vertex 26.1897 30.1566 0
    endloop
  endfacet
  facet normal 0 0 -1
    outer loop
      vertex 26.1591 30.3106 0
      vertex 26.1591 35.6894 0
      vertex 26.1897 35.8434 0
    endloop
  endfacet
  facet normal 0 0 -1
    outer loop
      vertex 26.1087 30.4592 0
      vertex 26.1591 35.6894 0
      vertex 26.1591 30.3106 0
    endloop
  endfacet
  facet normal 0 0 -1
    outer loop
      vertex 26.1087 30.4592 0
      vertex 26.1087 35.5408 0
      vertex 26.1591 35.6894 0
    endloop
  endfacet
  facet normal 0 0 -1
    outer loop
      vertex 26.0392 30.6 0
      vertex 26.1087 35.5408 0
      vertex 26.1087 30.4592 0
    endloop
  endfacet
  facet normal 0 0 -1
    outer loop
      vertex 26.0392 30.6 0
      vertex 26.0392 35.4 0
      vertex 26.1087 35.5408 0
    endloop
  endfacet
  facet normal 0 0 -1
    outer loop
      vertex 25.952 30.7305 0
      vertex 26.0392 35.4 0
      vertex 26.0392 30.6 0
    endloop
  endfacet
  facet normal 0 0 -1
    outer loop
      vertex 25.952 30.7305 0
      vertex 25.952 35.2695 0
      vertex 26.0392 35.4 0
    endloop
  endfacet
  facet normal 0 0 -1
    outer loop
      vertex 25.8485 30.8485 0
      vertex 25.952 35.2695 0
      vertex 25.952 30.7305 0
    endloop
  endfacet
  facet normal 0 0 -1
    outer loop
      vertex 25.8485 30.8485 0
      vertex 25.8485 35.1515 0
      vertex 25.952 35.2695 0
    endloop
  endfacet
  facet normal 0 0 -1
    outer loop
      vertex 25.7305 30.952 0
      vertex 25.8485 35.1515 0
      vertex 25.8485 30.8485 0
    endloop
  endfacet
  facet normal 0 0 -1
    outer loop
      vertex 25.7305 30.952 0
      vertex 25.7305 35.048 0
      vertex 25.8485 35.1515 0
    endloop
  endfacet
  facet normal 0 0 -1
    outer loop
      vertex 25.6 31.0392 0
      vertex 25.7305 35.048 0
      vertex 25.7305 30.952 0
    endloop
  endfacet
  facet normal 0 0 -1
    outer loop
      vertex 25.6 31.0392 0
      vertex 25.6 34.9608 0
      vertex 25.7305 35.048 0
    endloop
  endfacet
  facet normal 0 0 -1
    outer loop
      vertex 25.4592 31.1087 0
      vertex 25.6 34.9608 0
      vertex 25.6 31.0392 0
    endloop
  endfacet
  facet normal 0 0 -1
    outer loop
      vertex 25.4592 31.1087 0
      vertex 25.4592 34.8913 0
      vertex 25.6 34.9608 0
    endloop
  endfacet
  facet normal 0 0 -1
    outer loop
      vertex 25.3106 31.1591 0
      vertex 25.4592 34.8913 0
      vertex 25.4592 31.1087 0
    endloop
  endfacet
  facet normal 0 0 -1
    outer loop
      vertex 25.3106 31.1591 0
      vertex 25.3106 34.8409 0
      vertex 25.4592 34.8913 0
    endloop
  endfacet
  facet normal 0 0 -1
    outer loop
      vertex 25.1566 31.1897 0
      vertex 25.3106 34.8409 0
      vertex 25.3106 31.1591 0
    endloop
  endfacet
  facet normal 0 0 -1
    outer loop
      vertex 25.1566 31.1897 0
      vertex 25.1566 34.8103 0
      vertex 25.3106 34.8409 0
    endloop
  endfacet
  facet normal 0 0 -1
    outer loop
      vertex 25 31.2 0
      vertex 25.1566 34.8103 0
      vertex 25.1566 31.1897 0
    endloop
  endfacet
  facet normal 0 0 -1
    outer loop
      vertex 25 31.2 0
      vertex 25 34.8 0
      vertex 25.1566 34.8103 0
    endloop
  endfacet
  facet normal 0 0 -1
    outer loop
      vertex 12 31.2 0
      vertex 25 34.8 0
      vertex 25 31.2 0
    endloop
  endfacet
  facet normal 0 0 -1
    outer loop
      vertex 12 31.2 0
      vertex 12 34.8 0
      vertex 25 34.8 0
    endloop
  endfacet
  facet normal 0 0 -1
    outer loop
      vertex 11.8434 31.1897 0
      vertex 12 34.8 0
      vertex 12 31.2 0
    endloop
  endfacet
  facet normal 0 0 -1
    outer loop
      vertex 11.8434 31.1897 0
      vertex 11.8434 34.8103 0
      vertex 12 34.8 0
    endloop
  endfacet
  facet normal 0 0 -1
    outer loop
      vertex 11.6894 31.1591 0
      vertex 11.8434 34.8103 0
      vertex 11.8434 31.1897 0
    endloop
  endfacet
  facet normal 0 0 -1
    outer loop
      vertex 11.6894 31.1591 0
      vertex 11.6894 34.8409 0
      vertex 11.8434 34.8103 0
    endloop
  endfacet
  facet normal 0 0 -1
    outer loop
      vertex 11.5408 31.1087 0
      vertex 11.6894 34.8409 0
      vertex 11.6894 31.1591 0
    endloop
  endfacet
  facet normal 0 0 -1
    outer loop
      vertex 11.5408 31.1087 0
      vertex 11.5408 34.8913 0
      vertex 11.6894 34.8409 0
    endloop
  endfacet
  facet normal 0 0 -1
    outer loop
      vertex 11.4 31.0392 0
      vertex 11.5408 34.8913 0
      vertex 11.5408 31.1087 0
    endloop
  endfacet
  facet normal 0 0 -1
    outer loop
      vertex 11.4 31.0392 0
      vertex 11.4 34.9608 0
      vertex 11.5408 34.8913 0
    endloop
  endfacet
  facet normal 0 0 -1
    outer loop
      vertex 11.2695 30.952 0
      vertex 11.4 34.9608 0
      vertex 11.4 31.0392 0
    endloop
  endfacet
  facet normal 0 0 -1
    outer loop
      vertex 11.2695 30.952 0
      vertex 11.2695 35.048 0
      vertex 11.4 34.9608 0
    endloop
  endfacet
  facet normal 0 0 -1
    outer loop
      vertex 11.1515 30.8485 0
      vertex 11.2695 35.048 0
      vertex 11.2695 30.952 0
    endloop
  endfacet
  facet normal 0 0 -1
    outer loop
      vertex 11.1515 30.8485 0
      vertex 11.1515 35.1515 0
      vertex 11.2695 35.048 0
    endloop
  endfacet
  facet normal 0 0 -1
    outer loop
      vertex 11.048 30.7305 0
      vertex 11.1515 35.1515 0
      vertex 11.1515 30.8485 0
    endloop
  endfacet
  facet normal 0 0 -1
    outer loop
      vertex 11.048 30.7305 0
      vertex 11.048 35.2695 0
      vertex 11.1515 35.1515 0
    endloop
  endfacet
  facet normal 0 0 -1
    outer loop
      vertex 10.9608 30.6 0
      vertex 11.048 35.2695 0
      vertex 11.048 30.7305 0
    endloop
  endfacet
  facet normal 0 0 -1
    outer loop
      vertex 10.9608 30.6 0
      vertex 10.9608 35.4 0
      vertex 11.048 35.2695 0
    endloop
  endfacet
  facet normal 0 0 -1
    outer loop
      vertex 10.8913 30.4592 0
      vertex 10.9608 35.4 0
      vertex 10.9608 30.6 0
    endloop
  endfacet
  facet normal 0 0 -1
    outer loop
      vertex 10.8913 30.4592 0
      vertex 10.8913 35.5408 0
      vertex 10.9608 35.4 0
    endloop
  endfacet
  facet normal 0 0 -1
    outer loop
      vertex 10.8409 30.3106 0
      vertex 10.8913 35.5408 0
      vertex 10.8913 30.4592 0
    endloop
  endfacet
  facet normal 0 0 -1
    outer loop
      vertex 10.8409 30.3106 0
      vertex 10.8409 35.6894 0
      vertex 10.8913 35.5408 0
    endloop
  endfacet
  facet normal 0 0 -1
    outer loop
      vertex 10.8103 30.1566 0
      vertex 10.8409 35.6894 0
      vertex 10.8409 30.3106 0
    endloop
  endfacet
  facet normal 0 0 -1
    outer loop
      vertex 10.8103 30.1566 0
      vertex 10.8103 35.8434 0
      vertex 10.8409 35.6894 0
    endloop
  endfacet
  facet normal 0 0 -1
    outer loop
      vertex 10.8 30 0
      vertex 10.8103 35.8434 0
      vertex 10.8103 30.1566 0
    endloop
  endfacet
  facet normal -0 0 -1
    outer loop
      vertex 10.8103 35.8434 0
      vertex 10.8 30 0
      vertex 10.8 36 0
    endloop
  endfacet
  facet normal 0 0 -1
    outer loop
      vertex 26.1897 29.8434 0
      vertex 37.09 2 0
      vertex 26.1897 24.1566 0
    endloop
  endfacet
  facet normal 0 0 -1
    outer loop
      vertex 37.09 2 0
      vertex 26.1897 29.8434 0
      vertex 26.2 30 0
    endloop
  endfacet
  facet normal 0 0 -1
    outer loop
      vertex 26.1591 24.3106 0
      vertex 26.1897 29.8434 0
      vertex 26.1897 24.1566 0
    endloop
  endfacet
  facet normal 0 0 -1
    outer loop
      vertex 26.1591 24.3106 0
      vertex 26.1591 29.6894 0
      vertex 26.1897 29.8434 0
    endloop
  endfacet
  facet normal 0 0 -1
    outer loop
      vertex 26.1087 24.4592 0
      vertex 26.1591 29.6894 0
      vertex 26.1591 24.3106 0
    endloop
  endfacet
  facet normal 0 0 -1
    outer loop
      vertex 26.1087 24.4592 0
      vertex 26.1087 29.5408 0
      vertex 26.1591 29.6894 0
    endloop
  endfacet
  facet normal 0 0 -1
    outer loop
      vertex 26.0392 24.6 0
      vertex 26.1087 29.5408 0
      vertex 26.1087 24.4592 0
    endloop
  endfacet
  facet normal 0 0 -1
    outer loop
      vertex 26.0392 24.6 0
      vertex 26.0392 29.4 0
      vertex 26.1087 29.5408 0
    endloop
  endfacet
  facet normal 0 0 -1
    outer loop
      vertex 25.952 24.7305 0
      vertex 26.0392 29.4 0
      vertex 26.0392 24.6 0
    endloop
  endfacet
  facet normal 0 0 -1
    outer loop
      vertex 25.952 24.7305 0
      vertex 25.952 29.2695 0
      vertex 26.0392 29.4 0
    endloop
  endfacet
  facet normal 0 0 -1
    outer loop
      vertex 25.8485 24.8485 0
      vertex 25.952 29.2695 0
      vertex 25.952 24.7305 0
    endloop
  endfacet
  facet normal 0 0 -1
    outer loop
      vertex 25.8485 24.8485 0
      vertex 25.8485 29.1515 0
      vertex 25.952 29.2695 0
    endloop
  endfacet
  facet normal 0 0 -1
    outer loop
      vertex 25.7305 24.952 0
      vertex 25.8485 29.1515 0
      vertex 25.8485 24.8485 0
    endloop
  endfacet
  facet normal 0 0 -1
    outer loop
      vertex 25.7305 24.952 0
      vertex 25.7305 29.048 0
      vertex 25.8485 29.1515 0
    endloop
  endfacet
  facet normal 0 0 -1
    outer loop
      vertex 25.6 25.0392 0
      vertex 25.7305 29.048 0
      vertex 25.7305 24.952 0
    endloop
  endfacet
  facet normal 0 0 -1
    outer loop
      vertex 25.6 25.0392 0
      vertex 25.6 28.9608 0
      vertex 25.7305 29.048 0
    endloop
  endfacet
  facet normal 0 0 -1
    outer loop
      vertex 25.4592 25.1087 0
      vertex 25.6 28.9608 0
      vertex 25.6 25.0392 0
    endloop
  endfacet
  facet normal 0 0 -1
    outer loop
      vertex 25.4592 25.1087 0
      vertex 25.4592 28.8913 0
      vertex 25.6 28.9608 0
    endloop
  endfacet
  facet normal 0 0 -1
    outer loop
      vertex 25.3106 25.1591 0
      vertex 25.4592 28.8913 0
      vertex 25.4592 25.1087 0
    endloop
  endfacet
  facet normal 0 0 -1
    outer loop
      vertex 25.3106 25.1591 0
      vertex 25.3106 28.8409 0
      vertex 25.4592 28.8913 0
    endloop
  endfacet
  facet normal 0 0 -1
    outer loop
      vertex 25.1566 25.1897 0
      vertex 25.3106 28.8409 0
      vertex 25.3106 25.1591 0
    endloop
  endfacet
  facet normal 0 0 -1
    outer loop
      vertex 25.1566 25.1897 0
      vertex 25.1566 28.8103 0
      vertex 25.3106 28.8409 0
    endloop
  endfacet
  facet normal 0 0 -1
    outer loop
      vertex 25 25.2 0
      vertex 25.1566 28.8103 0
      vertex 25.1566 25.1897 0
    endloop
  endfacet
  facet normal 0 0 -1
    outer loop
      vertex 25 25.2 0
      vertex 25 28.8 0
      vertex 25.1566 28.8103 0
    endloop
  endfacet
  facet normal 0 0 -1
    outer loop
      vertex 12 25.2 0
      vertex 25 28.8 0
      vertex 25 25.2 0
    endloop
  endfacet
  facet normal 0 0 -1
    outer loop
      vertex 12 25.2 0
      vertex 12 28.8 0
      vertex 25 28.8 0
    endloop
  endfacet
  facet normal 0 0 -1
    outer loop
      vertex 11.8434 25.1897 0
      vertex 12 28.8 0
      vertex 12 25.2 0
    endloop
  endfacet
  facet normal 0 0 -1
    outer loop
      vertex 11.8434 25.1897 0
      vertex 11.8434 28.8103 0
      vertex 12 28.8 0
    endloop
  endfacet
  facet normal 0 0 -1
    outer loop
      vertex 11.6894 25.1591 0
      vertex 11.8434 28.8103 0
      vertex 11.8434 25.1897 0
    endloop
  endfacet
  facet normal 0 0 -1
    outer loop
      vertex 11.6894 25.1591 0
      vertex 11.6894 28.8409 0
      vertex 11.8434 28.8103 0
    endloop
  endfacet
  facet normal 0 0 -1
    outer loop
      vertex 11.5408 25.1087 0
      vertex 11.6894 28.8409 0
      vertex 11.6894 25.1591 0
    endloop
  endfacet
  facet normal 0 0 -1
    outer loop
      vertex 11.5408 25.1087 0
      vertex 11.5408 28.8913 0
      vertex 11.6894 28.8409 0
    endloop
  endfacet
  facet normal 0 0 -1
    outer loop
      vertex 11.4 25.0392 0
      vertex 11.5408 28.8913 0
      vertex 11.5408 25.1087 0
    endloop
  endfacet
  facet normal 0 0 -1
    outer loop
      vertex 11.4 25.0392 0
      vertex 11.4 28.9608 0
      vertex 11.5408 28.8913 0
    endloop
  endfacet
  facet normal 0 0 -1
    outer loop
      vertex 11.2695 24.952 0
      vertex 11.4 28.9608 0
      vertex 11.4 25.0392 0
    endloop
  endfacet
  facet normal 0 0 -1
    outer loop
      vertex 11.2695 24.952 0
      vertex 11.2695 29.048 0
      vertex 11.4 28.9608 0
    endloop
  endfacet
  facet normal 0 0 -1
    outer loop
      vertex 11.1515 24.8485 0
      vertex 11.2695 29.048 0
      vertex 11.2695 24.952 0
    endloop
  endfacet
  facet normal 0 0 -1
    outer loop
      vertex 11.1515 24.8485 0
      vertex 11.1515 29.1515 0
      vertex 11.2695 29.048 0
    endloop
  endfacet
  facet normal 0 0 -1
    outer loop
      vertex 11.048 24.7305 0
      vertex 11.1515 29.1515 0
      vertex 11.1515 24.8485 0
    endloop
  endfacet
  facet normal 0 0 -1
    outer loop
      vertex 11.048 24.7305 0
      vertex 11.048 29.2695 0
      vertex 11.1515 29.1515 0
    endloop
  endfacet
  facet normal 0 0 -1
    outer loop
      vertex 10.9608 24.6 0
      vertex 11.048 29.2695 0
      vertex 11.048 24.7305 0
    endloop
  endfacet
  facet normal 0 0 -1
    outer loop
      vertex 10.9608 24.6 0
      vertex 10.9608 29.4 0
      vertex 11.048 29.2695 0
    endloop
  endfacet
  facet normal 0 0 -1
    outer loop
      vertex 10.8913 24.4592 0
      vertex 10.9608 29.4 0
      vertex 10.9608 24.6 0
    endloop
  endfacet
  facet normal 0 0 -1
    outer loop
      vertex 10.8913 24.4592 0
      vertex 10.8913 29.5408 0
      vertex 10.9608 29.4 0
    endloop
  endfacet
  facet normal 0 0 -1
    outer loop
      vertex 10.8409 24.3106 0
      vertex 10.8913 29.5408 0
      vertex 10.8913 24.4592 0
    endloop
  endfacet
  facet normal 0 0 -1
    outer loop
      vertex 10.8409 24.3106 0
      vertex 10.8409 29.6894 0
      vertex 10.8913 29.5408 0
    endloop
  endfacet
  facet normal 0 0 -1
    outer loop
      vertex 10.8103 24.1566 0
      vertex 10.8409 29.6894 0
      vertex 10.8409 24.3106 0
    endloop
  endfacet
  facet normal 0 0 -1
    outer loop
      vertex 10.8103 24.1566 0
      vertex 10.8103 29.8434 0
      vertex 10.8409 29.6894 0
    endloop
  endfacet
  facet normal 0 0 -1
    outer loop
      vertex 0 2 0
      vertex 10.8103 24.1566 0
      vertex 10.8 24 0
    endloop
  endfacet
  facet normal -0 0 -1
    outer loop
      vertex 10.8103 24.1566 0
      vertex 0 2 0
      vertex 10.8103 29.8434 0
    endloop
  endfacet
  facet normal 0 0 -1
    outer loop
      vertex 26.1897 23.8434 0
      vertex 37.09 2 0
      vertex 26.1897 18.1566 0
    endloop
  endfacet
  facet normal 0 0 -1
    outer loop
      vertex 37.09 2 0
      vertex 26.1897 23.8434 0
      vertex 26.2 24 0
    endloop
  endfacet
  facet normal 0 0 -1
    outer loop
      vertex 26.1591 18.3106 0
      vertex 26.1897 23.8434 0
      vertex 26.1897 18.1566 0
    endloop
  endfacet
  facet normal 0 0 -1
    outer loop
      vertex 26.1591 18.3106 0
      vertex 26.1591 23.6894 0
      vertex 26.1897 23.8434 0
    endloop
  endfacet
  facet normal 0 0 -1
    outer loop
      vertex 26.1087 18.4592 0
      vertex 26.1591 23.6894 0
      vertex 26.1591 18.3106 0
    endloop
  endfacet
  facet normal 0 0 -1
    outer loop
      vertex 26.1087 18.4592 0
      vertex 26.1087 23.5408 0
      vertex 26.1591 23.6894 0
    endloop
  endfacet
  facet normal 0 0 -1
    outer loop
      vertex 26.0392 18.6 0
      vertex 26.1087 23.5408 0
      vertex 26.1087 18.4592 0
    endloop
  endfacet
  facet normal 0 0 -1
    outer loop
      vertex 26.0392 18.6 0
      vertex 26.0392 23.4 0
      vertex 26.1087 23.5408 0
    endloop
  endfacet
  facet normal 0 0 -1
    outer loop
      vertex 25.952 18.7305 0
      vertex 26.0392 23.4 0
      vertex 26.0392 18.6 0
    endloop
  endfacet
  facet normal 0 0 -1
    outer loop
      vertex 25.952 18.7305 0
      vertex 25.952 23.2695 0
      vertex 26.0392 23.4 0
    endloop
  endfacet
  facet normal 0 0 -1
    outer loop
      vertex 25.8485 18.8485 0
      vertex 25.952 23.2695 0
      vertex 25.952 18.7305 0
    endloop
  endfacet
  facet normal 0 0 -1
    outer loop
      vertex 25.8485 18.8485 0
      vertex 25.8485 23.1515 0
      vertex 25.952 23.2695 0
    endloop
  endfacet
  facet normal 0 0 -1
    outer loop
      vertex 25.7305 18.952 0
      vertex 25.8485 23.1515 0
      vertex 25.8485 18.8485 0
    endloop
  endfacet
  facet normal 0 0 -1
    outer loop
      vertex 25.7305 18.952 0
      vertex 25.7305 23.048 0
      vertex 25.8485 23.1515 0
    endloop
  endfacet
  facet normal 0 0 -1
    outer loop
      vertex 25.6 19.0392 0
      vertex 25.7305 23.048 0
      vertex 25.7305 18.952 0
    endloop
  endfacet
  facet normal 0 0 -1
    outer loop
      vertex 25.6 19.0392 0
      vertex 25.6 22.9608 0
      vertex 25.7305 23.048 0
    endloop
  endfacet
  facet normal 0 0 -1
    outer loop
      vertex 25.4592 19.1087 0
      vertex 25.6 22.9608 0
      vertex 25.6 19.0392 0
    endloop
  endfacet
  facet normal 0 0 -1
    outer loop
      vertex 25.4592 19.1087 0
      vertex 25.4592 22.8913 0
      vertex 25.6 22.9608 0
    endloop
  endfacet
  facet normal 0 0 -1
    outer loop
      vertex 25.3106 19.1591 0
      vertex 25.4592 22.8913 0
      vertex 25.4592 19.1087 0
    endloop
  endfacet
  facet normal 0 0 -1
    outer loop
      vertex 25.3106 19.1591 0
      vertex 25.3106 22.8409 0
      vertex 25.4592 22.8913 0
    endloop
  endfacet
  facet normal 0 0 -1
    outer loop
      vertex 25.1566 19.1897 0
      vertex 25.3106 22.8409 0
      vertex 25.3106 19.1591 0
    endloop
  endfacet
  facet normal 0 0 -1
    outer loop
      vertex 25.1566 19.1897 0
      vertex 25.1566 22.8103 0
      vertex 25.3106 22.8409 0
    endloop
  endfacet
  facet normal 0 0 -1
    outer loop
      vertex 25 19.2 0
      vertex 25.1566 22.8103 0
      vertex 25.1566 19.1897 0
    endloop
  endfacet
  facet normal 0 0 -1
    outer loop
      vertex 25 19.2 0
      vertex 25 22.8 0
      vertex 25.1566 22.8103 0
    endloop
  endfacet
  facet normal 0 0 -1
    outer loop
      vertex 12 19.2 0
      vertex 25 22.8 0
      vertex 25 19.2 0
    endloop
  endfacet
  facet normal 0 0 -1
    outer loop
      vertex 12 19.2 0
      vertex 12 22.8 0
      vertex 25 22.8 0
    endloop
  endfacet
  facet normal 0 0 -1
    outer loop
      vertex 11.8434 19.1897 0
      vertex 12 22.8 0
      vertex 12 19.2 0
    endloop
  endfacet
  facet normal 0 0 -1
    outer loop
      vertex 11.8434 19.1897 0
      vertex 11.8434 22.8103 0
      vertex 12 22.8 0
    endloop
  endfacet
  facet normal 0 0 -1
    outer loop
      vertex 11.6894 19.1591 0
      vertex 11.8434 22.8103 0
      vertex 11.8434 19.1897 0
    endloop
  endfacet
  facet normal 0 0 -1
    outer loop
      vertex 11.6894 19.1591 0
      vertex 11.6894 22.8409 0
      vertex 11.8434 22.8103 0
    endloop
  endfacet
  facet normal 0 0 -1
    outer loop
      vertex 11.5408 19.1087 0
      vertex 11.6894 22.8409 0
      vertex 11.6894 19.1591 0
    endloop
  endfacet
  facet normal 0 0 -1
    outer loop
      vertex 11.5408 19.1087 0
      vertex 11.5408 22.8913 0
      vertex 11.6894 22.8409 0
    endloop
  endfacet
  facet normal 0 0 -1
    outer loop
      vertex 11.4 19.0392 0
      vertex 11.5408 22.8913 0
      vertex 11.5408 19.1087 0
    endloop
  endfacet
  facet normal 0 0 -1
    outer loop
      vertex 11.4 19.0392 0
      vertex 11.4 22.9608 0
      vertex 11.5408 22.8913 0
    endloop
  endfacet
  facet normal 0 0 -1
    outer loop
      vertex 11.2695 18.952 0
      vertex 11.4 22.9608 0
      vertex 11.4 19.0392 0
    endloop
  endfacet
  facet normal 0 0 -1
    outer loop
      vertex 11.2695 18.952 0
      vertex 11.2695 23.048 0
      vertex 11.4 22.9608 0
    endloop
  endfacet
  facet normal 0 0 -1
    outer loop
      vertex 11.1515 18.8485 0
      vertex 11.2695 23.048 0
      vertex 11.2695 18.952 0
    endloop
  endfacet
  facet normal 0 0 -1
    outer loop
      vertex 11.1515 18.8485 0
      vertex 11.1515 23.1515 0
      vertex 11.2695 23.048 0
    endloop
  endfacet
  facet normal 0 0 -1
    outer loop
      vertex 11.048 18.7305 0
      vertex 11.1515 23.1515 0
      vertex 11.1515 18.8485 0
    endloop
  endfacet
  facet normal 0 0 -1
    outer loop
      vertex 11.048 18.7305 0
      vertex 11.048 23.2695 0
      vertex 11.1515 23.1515 0
    endloop
  endfacet
  facet normal 0 0 -1
    outer loop
      vertex 10.9608 18.6 0
      vertex 11.048 23.2695 0
      vertex 11.048 18.7305 0
    endloop
  endfacet
  facet normal 0 0 -1
    outer loop
      vertex 10.9608 18.6 0
      vertex 10.9608 23.4 0
      vertex 11.048 23.2695 0
    endloop
  endfacet
  facet normal 0 0 -1
    outer loop
      vertex 10.8913 18.4592 0
      vertex 10.9608 23.4 0
      vertex 10.9608 18.6 0
    endloop
  endfacet
  facet normal 0 0 -1
    outer loop
      vertex 10.8913 18.4592 0
      vertex 10.8913 23.5408 0
      vertex 10.9608 23.4 0
    endloop
  endfacet
  facet normal 0 0 -1
    outer loop
      vertex 10.8409 18.3106 0
      vertex 10.8913 23.5408 0
      vertex 10.8913 18.4592 0
    endloop
  endfacet
  facet normal 0 0 -1
    outer loop
      vertex 10.8409 18.3106 0
      vertex 10.8409 23.6894 0
      vertex 10.8913 23.5408 0
    endloop
  endfacet
  facet normal 0 0 -1
    outer loop
      vertex 10.8103 18.1566 0
      vertex 10.8409 23.6894 0
      vertex 10.8409 18.3106 0
    endloop
  endfacet
  facet normal 0 0 -1
    outer loop
      vertex 10.8103 18.1566 0
      vertex 10.8103 23.8434 0
      vertex 10.8409 23.6894 0
    endloop
  endfacet
  facet normal 0 0 -1
    outer loop
      vertex 0 2 0
      vertex 10.8103 18.1566 0
      vertex 10.8 18 0
    endloop
  endfacet
  facet normal -0 0 -1
    outer loop
      vertex 10.8103 18.1566 0
      vertex 0 2 0
      vertex 10.8103 23.8434 0
    endloop
  endfacet
  facet normal 0 0 -1
    outer loop
      vertex 35.09 0 0
      vertex 37.09 2 0
      vertex 37.0729 1.73895 0
    endloop
  endfacet
  facet normal 0 0 -1
    outer loop
      vertex 37.09 2 0
      vertex 26.2 36 0
      vertex 37.09 66.782 0
    endloop
  endfacet
  facet normal 0 0 -1
    outer loop
      vertex 35.09 0 0
      vertex 37.0729 1.73895 0
      vertex 37.0219 1.48236 0
    endloop
  endfacet
  facet normal 0 0 -1
    outer loop
      vertex 26.2 42 0
      vertex 37.09 66.782 0
      vertex 26.2 36 0
    endloop
  endfacet
  facet normal 0 0 -1
    outer loop
      vertex 35.09 0 0
      vertex 37.0219 1.48236 0
      vertex 36.9378 1.23463 0
    endloop
  endfacet
  facet normal 0 0 -1
    outer loop
      vertex 26.1897 42.1566 0
      vertex 37.09 66.782 0
      vertex 26.2 42 0
    endloop
  endfacet
  facet normal 0 0 -1
    outer loop
      vertex 35.09 0 0
      vertex 36.9378 1.23463 0
      vertex 36.8221 1 0
    endloop
  endfacet
  facet normal 0 0 -1
    outer loop
      vertex 26.1897 48.1566 0
      vertex 37.09 66.782 0
      vertex 26.2 48 0
    endloop
  endfacet
  facet normal 0 0 -1
    outer loop
      vertex 35.09 0 0
      vertex 36.8221 1 0
      vertex 36.6767 0.782476 0
    endloop
  endfacet
  facet normal 0 0 -1
    outer loop
      vertex 26.1897 54.1566 0
      vertex 37.09 66.782 0
      vertex 26.2 54 0
    endloop
  endfacet
  facet normal 0 0 -1
    outer loop
      vertex 35.09 0 0
      vertex 36.6767 0.782476 0
      vertex 36.5042 0.585786 0
    endloop
  endfacet
  facet normal 0 0 -1
    outer loop
      vertex 26.1591 54.3106 0
      vertex 37.09 66.782 0
      vertex 26.1897 54.1566 0
    endloop
  endfacet
  facet normal 0 0 -1
    outer loop
      vertex 35.09 0 0
      vertex 36.5042 0.585786 0
      vertex 36.3075 0.413293 0
    endloop
  endfacet
  facet normal 0 0 -1
    outer loop
      vertex 26.1087 54.4592 0
      vertex 37.09 66.782 0
      vertex 26.1591 54.3106 0
    endloop
  endfacet
  facet normal 0 0 -1
    outer loop
      vertex 35.09 0 0
      vertex 36.3075 0.413293 0
      vertex 36.09 0.267949 0
    endloop
  endfacet
  facet normal 0 0 -1
    outer loop
      vertex 26.0392 54.6 0
      vertex 37.09 66.782 0
      vertex 26.1087 54.4592 0
    endloop
  endfacet
  facet normal 0 0 -1
    outer loop
      vertex 35.09 0 0
      vertex 36.09 0.267949 0
      vertex 35.8554 0.152241 0
    endloop
  endfacet
  facet normal 0 0 -1
    outer loop
      vertex 25.952 54.7305 0
      vertex 37.09 66.782 0
      vertex 26.0392 54.6 0
    endloop
  endfacet
  facet normal 0 0 -1
    outer loop
      vertex 35.09 0 0
      vertex 35.8554 0.152241 0
      vertex 35.6076 0.0681477 0
    endloop
  endfacet
  facet normal 0 0 -1
    outer loop
      vertex 25.8485 54.8485 0
      vertex 37.09 66.782 0
      vertex 25.952 54.7305 0
    endloop
  endfacet
  facet normal 0 0 -1
    outer loop
      vertex 35.09 0 0
      vertex 35.6076 0.0681477 0
      vertex 35.3511 0.0171099 0
    endloop
  endfacet
  facet normal 0 0 -1
    outer loop
      vertex 25.7305 54.952 0
      vertex 37.09 66.782 0
      vertex 25.8485 54.8485 0
    endloop
  endfacet
  facet normal -0 0 -1
    outer loop
      vertex 37.09 2 0
      vertex 35.09 0 0
      vertex 25.4592 16.8913 0
    endloop
  endfacet
  facet normal 0 -0 -1
    outer loop
      vertex 35.09 68.782 0
      vertex 37.09 66.782 0
      vertex 25.7305 54.952 0
    endloop
  endfacet
  facet normal 0 0 -1
    outer loop
      vertex 26.1897 18.1566 0
      vertex 37.09 2 0
      vertex 26.2 18 0
    endloop
  endfacet
  facet normal 0 0 -1
    outer loop
      vertex 37.09 2 0
      vertex 26.1897 17.8434 0
      vertex 26.2 18 0
    endloop
  endfacet
  facet normal 0 0 -1
    outer loop
      vertex 37.09 2 0
      vertex 26.1591 17.6894 0
      vertex 26.1897 17.8434 0
    endloop
  endfacet
  facet normal 0 0 -1
    outer loop
      vertex 37.09 2 0
      vertex 26.1087 17.5408 0
      vertex 26.1591 17.6894 0
    endloop
  endfacet
  facet normal 0 0 -1
    outer loop
      vertex 37.09 2 0
      vertex 26.0392 17.4 0
      vertex 26.1087 17.5408 0
    endloop
  endfacet
  facet normal 0 0 -1
    outer loop
      vertex 37.09 2 0
      vertex 25.952 17.2695 0
      vertex 26.0392 17.4 0
    endloop
  endfacet
  facet normal 0 0 -1
    outer loop
      vertex 37.09 2 0
      vertex 25.8485 17.1515 0
      vertex 25.952 17.2695 0
    endloop
  endfacet
  facet normal 0 0 -1
    outer loop
      vertex 37.09 2 0
      vertex 25.7305 17.048 0
      vertex 25.8485 17.1515 0
    endloop
  endfacet
  facet normal 0 0 -1
    outer loop
      vertex 37.09 2 0
      vertex 25.6 16.9608 0
      vertex 25.7305 17.048 0
    endloop
  endfacet
  facet normal 0 0 -1
    outer loop
      vertex 37.09 2 0
      vertex 25.4592 16.8913 0
      vertex 25.6 16.9608 0
    endloop
  endfacet
  facet normal 0 0 -1
    outer loop
      vertex 35.09 0 0
      vertex 25.3106 16.8409 0
      vertex 25.4592 16.8913 0
    endloop
  endfacet
  facet normal 0 0 -1
    outer loop
      vertex 35.09 0 0
      vertex 25.1566 16.8103 0
      vertex 25.3106 16.8409 0
    endloop
  endfacet
  facet normal 0 0 -1
    outer loop
      vertex 35.09 0 0
      vertex 25 16.8 0
      vertex 25.1566 16.8103 0
    endloop
  endfacet
  facet normal 0 0 -1
    outer loop
      vertex 35.09 0 0
      vertex 12 16.8 0
      vertex 25 16.8 0
    endloop
  endfacet
  facet normal 0 0 -1
    outer loop
      vertex 2 0 0
      vertex 12 16.8 0
      vertex 35.09 0 0
    endloop
  endfacet
  facet normal -0 0 -1
    outer loop
      vertex 12 16.8 0
      vertex 2 0 0
      vertex 11.8434 16.8103 0
    endloop
  endfacet
  facet normal -0 0 -1
    outer loop
      vertex 11.8434 16.8103 0
      vertex 2 0 0
      vertex 11.6894 16.8409 0
    endloop
  endfacet
  facet normal -0 0 -1
    outer loop
      vertex 11.6894 16.8409 0
      vertex 2 0 0
      vertex 11.5408 16.8913 0
    endloop
  endfacet
  facet normal 0 0 -1
    outer loop
      vertex 0 2 0
      vertex 11.5408 16.8913 0
      vertex 2 0 0
    endloop
  endfacet
  facet normal -0 0 -1
    outer loop
      vertex 10.8103 23.8434 0
      vertex 0 2 0
      vertex 10.8 24 0
    endloop
  endfacet
  facet normal -0 0 -1
    outer loop
      vertex 10.8103 29.8434 0
      vertex 0 2 0
      vertex 10.8 30 0
    endloop
  endfacet
  facet normal -0 0 -1
    outer loop
      vertex 10.8 30 0
      vertex 0 2 0
      vertex 10.8 36 0
    endloop
  endfacet
  facet normal 0 0 -1
    outer loop
      vertex 0 66.782 0
      vertex 10.8 36 0
      vertex 0 2 0
    endloop
  endfacet
  facet normal 0 0 -1
    outer loop
      vertex 10.8 36 0
      vertex 0 66.782 0
      vertex 10.8 42 0
    endloop
  endfacet
  facet normal -0 0 -1
    outer loop
      vertex 10.8103 17.8434 0
      vertex 0 2 0
      vertex 10.8 18 0
    endloop
  endfacet
  facet normal -0 0 -1
    outer loop
      vertex 10.8409 17.6894 0
      vertex 0 2 0
      vertex 10.8103 17.8434 0
    endloop
  endfacet
  facet normal -0 0 -1
    outer loop
      vertex 10.8913 17.5408 0
      vertex 0 2 0
      vertex 10.8409 17.6894 0
    endloop
  endfacet
  facet normal -0 0 -1
    outer loop
      vertex 10.9608 17.4 0
      vertex 0 2 0
      vertex 10.8913 17.5408 0
    endloop
  endfacet
  facet normal -0 0 -1
    outer loop
      vertex 11.048 17.2695 0
      vertex 0 2 0
      vertex 10.9608 17.4 0
    endloop
  endfacet
  facet normal -0 0 -1
    outer loop
      vertex 11.1515 17.1515 0
      vertex 0 2 0
      vertex 11.048 17.2695 0
    endloop
  endfacet
  facet normal -0 0 -1
    outer loop
      vertex 11.2695 17.048 0
      vertex 0 2 0
      vertex 11.1515 17.1515 0
    endloop
  endfacet
  facet normal -0 0 -1
    outer loop
      vertex 11.4 16.9608 0
      vertex 0 2 0
      vertex 11.2695 17.048 0
    endloop
  endfacet
  facet normal -0 0 -1
    outer loop
      vertex 11.5408 16.8913 0
      vertex 0 2 0
      vertex 11.4 16.9608 0
    endloop
  endfacet
  facet normal 0 0 -1
    outer loop
      vertex 26.1897 24.1566 0
      vertex 37.09 2 0
      vertex 26.2 24 0
    endloop
  endfacet
  facet normal 0 0 -1
    outer loop
      vertex 37.09 2 0
      vertex 26.2 30 0
      vertex 26.2 36 0
    endloop
  endfacet
  facet normal 0 0 -1
    outer loop
      vertex 37.09 66.782 0
      vertex 35.09 68.782 0
      vertex 37.0729 67.0431 0
    endloop
  endfacet
  facet normal 0 0 -1
    outer loop
      vertex 37.0219 67.2996 0
      vertex 35.09 68.782 0
      vertex 36.9378 67.5474 0
    endloop
  endfacet
  facet normal 0 0 -1
    outer loop
      vertex 36.9378 67.5474 0
      vertex 35.09 68.782 0
      vertex 36.8221 67.782 0
    endloop
  endfacet
  facet normal 0 0 -1
    outer loop
      vertex 36.6767 67.9995 0
      vertex 35.09 68.782 0
      vertex 36.5042 68.1962 0
    endloop
  endfacet
  facet normal 0 0 -1
    outer loop
      vertex 36.5042 68.1962 0
      vertex 35.09 68.782 0
      vertex 36.3075 68.3687 0
    endloop
  endfacet
  facet normal 0 0 -1
    outer loop
      vertex 36.09 68.5141 0
      vertex 35.09 68.782 0
      vertex 35.8554 68.6298 0
    endloop
  endfacet
  facet normal 0 0 -1
    outer loop
      vertex 35.8554 68.6298 0
      vertex 35.09 68.782 0
      vertex 35.6076 68.7139 0
    endloop
  endfacet
  facet normal 0 0 -1
    outer loop
      vertex 35.6076 68.7139 0
      vertex 35.09 68.782 0
      vertex 35.3511 68.7649 0
    endloop
  endfacet
  facet normal 0 0 -1
    outer loop
      vertex 36.3075 68.3687 0
      vertex 35.09 68.782 0
      vertex 36.09 68.5141 0
    endloop
  endfacet
  facet normal 0 0 -1
    outer loop
      vertex 36.8221 67.782 0
      vertex 35.09 68.782 0
      vertex 36.6767 67.9995 0
    endloop
  endfacet
  facet normal 0 0 -1
    outer loop
      vertex 37.0729 67.0431 0
      vertex 35.09 68.782 0
      vertex 37.0219 67.2996 0
    endloop
  endfacet
  facet normal 0 0 -1
    outer loop
      vertex 25.6 55.0392 0
      vertex 35.09 68.782 0
      vertex 25.7305 54.952 0
    endloop
  endfacet
  facet normal 0 0 -1
    outer loop
      vertex 25.4592 55.1087 0
      vertex 35.09 68.782 0
      vertex 25.6 55.0392 0
    endloop
  endfacet
  facet normal 0 0 -1
    outer loop
      vertex 25.3106 55.1591 0
      vertex 35.09 68.782 0
      vertex 25.4592 55.1087 0
    endloop
  endfacet
  facet normal 0 0 -1
    outer loop
      vertex 25.1566 55.1897 0
      vertex 35.09 68.782 0
      vertex 25.3106 55.1591 0
    endloop
  endfacet
  facet normal 0 0 -1
    outer loop
      vertex 25 55.2 0
      vertex 35.09 68.782 0
      vertex 25.1566 55.1897 0
    endloop
  endfacet
  facet normal 0 0 -1
    outer loop
      vertex 12 55.2 0
      vertex 35.09 68.782 0
      vertex 25 55.2 0
    endloop
  endfacet
  facet normal 0 0 -1
    outer loop
      vertex 2 68.782 0
      vertex 12 55.2 0
      vertex 11.8434 55.1897 0
    endloop
  endfacet
  facet normal 0 0 -1
    outer loop
      vertex 2 68.782 0
      vertex 11.8434 55.1897 0
      vertex 11.6894 55.1591 0
    endloop
  endfacet
  facet normal 0 0 -1
    outer loop
      vertex 2 68.782 0
      vertex 11.6894 55.1591 0
      vertex 11.5408 55.1087 0
    endloop
  endfacet
  facet normal 0 0 -1
    outer loop
      vertex 2 68.782 0
      vertex 11.5408 55.1087 0
      vertex 11.4 55.0392 0
    endloop
  endfacet
  facet normal 0 0 -1
    outer loop
      vertex 10.8103 47.8434 0
      vertex 0 66.782 0
      vertex 10.8 48 0
    endloop
  endfacet
  facet normal 0 0 -1
    outer loop
      vertex 12 55.2 0
      vertex 2 68.782 0
      vertex 35.09 68.782 0
    endloop
  endfacet
  facet normal 0 0 -1
    outer loop
      vertex 0 66.782 0
      vertex 11.4 55.0392 0
      vertex 11.2695 54.952 0
    endloop
  endfacet
  facet normal 0 0 -1
    outer loop
      vertex 0 66.782 0
      vertex 11.2695 54.952 0
      vertex 11.1515 54.8485 0
    endloop
  endfacet
  facet normal 0 0 -1
    outer loop
      vertex 0 66.782 0
      vertex 11.1515 54.8485 0
      vertex 11.048 54.7305 0
    endloop
  endfacet
  facet normal 0 0 -1
    outer loop
      vertex 0 66.782 0
      vertex 11.048 54.7305 0
      vertex 10.9608 54.6 0
    endloop
  endfacet
  facet normal 0 0 -1
    outer loop
      vertex 0 66.782 0
      vertex 10.9608 54.6 0
      vertex 10.8913 54.4592 0
    endloop
  endfacet
  facet normal 0 0 -1
    outer loop
      vertex 0 66.782 0
      vertex 10.8913 54.4592 0
      vertex 10.8409 54.3106 0
    endloop
  endfacet
  facet normal 0 0 -1
    outer loop
      vertex 0 66.782 0
      vertex 10.8409 54.3106 0
      vertex 10.8103 54.1566 0
    endloop
  endfacet
  facet normal 0 0 -1
    outer loop
      vertex 10.8103 53.8434 0
      vertex 0 66.782 0
      vertex 10.8 54 0
    endloop
  endfacet
  facet normal 0 0 -1
    outer loop
      vertex 0 2 0
      vertex 2 0 0
      vertex 1.73895 0.0171099 0
    endloop
  endfacet
  facet normal 0 0 -1
    outer loop
      vertex 10.8 54 0
      vertex 0 66.782 0
      vertex 10.8103 54.1566 0
    endloop
  endfacet
  facet normal 0 0 -1
    outer loop
      vertex 0 2 0
      vertex 1.73895 0.0171099 0
      vertex 1.48236 0.0681477 0
    endloop
  endfacet
  facet normal 0 0 -1
    outer loop
      vertex 11.4 55.0392 0
      vertex 0 66.782 0
      vertex 2 68.782 0
    endloop
  endfacet
  facet normal 0 0 -1
    outer loop
      vertex 0 2 0
      vertex 1.48236 0.0681477 0
      vertex 1.23463 0.152241 0
    endloop
  endfacet
  facet normal 0 0 -1
    outer loop
      vertex 2 68.782 0
      vertex 0 66.782 0
      vertex 1.73895 68.7649 0
    endloop
  endfacet
  facet normal 0 0 -1
    outer loop
      vertex 0 2 0
      vertex 1.23463 0.152241 0
      vertex 1 0.267949 0
    endloop
  endfacet
  facet normal 0 0 -1
    outer loop
      vertex 1.73895 68.7649 0
      vertex 0 66.782 0
      vertex 1.48236 68.7139 0
    endloop
  endfacet
  facet normal 0 0 -1
    outer loop
      vertex 0 2 0
      vertex 1 0.267949 0
      vertex 0.782476 0.413293 0
    endloop
  endfacet
  facet normal 0 0 -1
    outer loop
      vertex 1.48236 68.7139 0
      vertex 0 66.782 0
      vertex 1.23463 68.6298 0
    endloop
  endfacet
  facet normal 0 0 -1
    outer loop
      vertex 0 2 0
      vertex 0.782476 0.413293 0
      vertex 0.585786 0.585786 0
    endloop
  endfacet
  facet normal 0 0 -1
    outer loop
      vertex 1.23463 68.6298 0
      vertex 0 66.782 0
      vertex 1 68.5141 0
    endloop
  endfacet
  facet normal 0 0 -1
    outer loop
      vertex 0 2 0
      vertex 0.585786 0.585786 0
      vertex 0.413293 0.782476 0
    endloop
  endfacet
  facet normal 0 0 -1
    outer loop
      vertex 1 68.5141 0
      vertex 0 66.782 0
      vertex 0.782476 68.3687 0
    endloop
  endfacet
  facet normal 0 0 -1
    outer loop
      vertex 0 2 0
      vertex 0.413293 0.782476 0
      vertex 0.267949 1 0
    endloop
  endfacet
  facet normal 0 0 -1
    outer loop
      vertex 0.782476 68.3687 0
      vertex 0 66.782 0
      vertex 0.585786 68.1962 0
    endloop
  endfacet
  facet normal 0 0 -1
    outer loop
      vertex 0 2 0
      vertex 0.267949 1 0
      vertex 0.152241 1.23463 0
    endloop
  endfacet
  facet normal 0 0 -1
    outer loop
      vertex 0.585786 68.1962 0
      vertex 0 66.782 0
      vertex 0.413293 67.9995 0
    endloop
  endfacet
  facet normal 0 0 -1
    outer loop
      vertex 0 2 0
      vertex 0.152241 1.23463 0
      vertex 0.0681477 1.48236 0
    endloop
  endfacet
  facet normal 0 0 -1
    outer loop
      vertex 0.413293 67.9995 0
      vertex 0 66.782 0
      vertex 0.267949 67.782 0
    endloop
  endfacet
  facet normal 0 0 -1
    outer loop
      vertex 0 2 0
      vertex 0.0681477 1.48236 0
      vertex 0.0171099 1.73895 0
    endloop
  endfacet
  facet normal 0 0 -1
    outer loop
      vertex 0.267949 67.782 0
      vertex 0 66.782 0
      vertex 0.152241 67.5474 0
    endloop
  endfacet
  facet normal 0 0 -1
    outer loop
      vertex 0.152241 67.5474 0
      vertex 0 66.782 0
      vertex 0.0681477 67.2996 0
    endloop
  endfacet
  facet normal 0 0 -1
    outer loop
      vertex 0.0681477 67.2996 0
      vertex 0 66.782 0
      vertex 0.0171099 67.0431 0
    endloop
  endfacet
  facet normal 0.555758 0.831344 -0
    outer loop
      vertex 36.3075 68.3687 0
      vertex 36.09 68.5141 14.9
      vertex 36.3075 68.3687 14.9
    endloop
  endfacet
  facet normal 0.555758 0.831344 0
    outer loop
      vertex 36.09 68.5141 14.9
      vertex 36.3075 68.3687 0
      vertex 36.09 68.5141 0
    endloop
  endfacet
  facet normal 0.195152 -0.980773 0
    outer loop
      vertex 35.3511 0.0171099 0
      vertex 35.6076 0.0681477 13.4
      vertex 35.3511 0.0171099 13.4
    endloop
  endfacet
  facet normal 0.195152 -0.980773 0
    outer loop
      vertex 35.6076 0.0681477 13.4
      vertex 35.3511 0.0171099 0
      vertex 35.6076 0.0681477 0
    endloop
  endfacet
  facet normal 0.0654017 -0.997859 0
    outer loop
      vertex 35.09 0 10.7
      vertex 35.09 0 0
      vertex 35.29 0.0131084 10.7
    endloop
  endfacet
  facet normal 0.065351 -0.997862 0
    outer loop
      vertex 35.29 0.0131084 13.2
      vertex 35.3511 0.0171099 13.4
      vertex 35.29 0.0131084 13.4
    endloop
  endfacet
  facet normal 0.065351 -0.997862 0
    outer loop
      vertex 35.29 0.0131084 10.7
      vertex 35.3511 0.0171099 13.4
      vertex 35.29 0.0131084 13.2
    endloop
  endfacet
  facet normal 0.0653898 -0.99786 2.22605e-07
    outer loop
      vertex 35.3511 0.0171099 0
      vertex 35.29 0.0131084 10.7
      vertex 35.09 0 0
    endloop
  endfacet
  facet normal 0.065351 -0.997862 0
    outer loop
      vertex 35.29 0.0131084 10.7
      vertex 35.3511 0.0171099 0
      vertex 35.3511 0.0171099 13.4
    endloop
  endfacet
  facet normal -0.659362 0.751826 0
    outer loop
      vertex 0.782476 68.3687 0
      vertex 0.585786 68.1962 14.9
      vertex 0.782476 68.3687 14.9
    endloop
  endfacet
  facet normal -0.659362 0.751826 0
    outer loop
      vertex 0.585786 68.1962 14.9
      vertex 0.782476 68.3687 0
      vertex 0.585786 68.1962 0
    endloop
  endfacet
  facet normal 0.321382 0.94695 -0
    outer loop
      vertex 35.8554 68.6298 0
      vertex 35.6076 68.7139 14.9
      vertex 35.8554 68.6298 14.9
    endloop
  endfacet
  facet normal 0.321382 0.94695 0
    outer loop
      vertex 35.6076 68.7139 14.9
      vertex 35.8554 68.6298 0
      vertex 35.6076 68.7139 0
    endloop
  endfacet
  facet normal -0.751839 -0.659347 0
    outer loop
      vertex 0.585786 0.585786 0
      vertex 0.413293 0.782476 13.4
      vertex 0.413293 0.782476 0
    endloop
  endfacet
  facet normal -0.751839 -0.659347 0
    outer loop
      vertex 0.413293 0.782476 13.4
      vertex 0.585786 0.585786 0
      vertex 0.585786 0.585786 13.4
    endloop
  endfacet
  facet normal -0.659347 -0.751839 0
    outer loop
      vertex 0.585786 0.585786 0
      vertex 0.782476 0.413293 13.4
      vertex 0.585786 0.585786 13.4
    endloop
  endfacet
  facet normal -0.659347 -0.751839 -0
    outer loop
      vertex 0.782476 0.413293 13.4
      vertex 0.585786 0.585786 0
      vertex 0.782476 0.413293 0
    endloop
  endfacet
  facet normal 0.442338 -0.896848 0
    outer loop
      vertex 35.8554 0.152241 0
      vertex 36.09 0.267949 13.4
      vertex 35.8554 0.152241 13.4
    endloop
  endfacet
  facet normal 0.442338 -0.896848 0
    outer loop
      vertex 36.09 0.267949 13.4
      vertex 35.8554 0.152241 0
      vertex 36.09 0.267949 0
    endloop
  endfacet
  facet normal 0.997862 0.0653521 0
    outer loop
      vertex 37.09 66.782 14.9
      vertex 37.0729 67.0431 13.7
      vertex 37.0729 67.0431 14.9
    endloop
  endfacet
  facet normal 0.997862 0.0653521 0
    outer loop
      vertex 37.0729 67.0431 13.7
      vertex 37.09 66.782 14.9
      vertex 37.09 66.782 13.7
    endloop
  endfacet
  facet normal 0.997862 0.0653521 0
    outer loop
      vertex 37.09 66.782 11.1
      vertex 37.0729 67.0431 0
      vertex 37.0729 67.0431 11.1
    endloop
  endfacet
  facet normal 0.997862 0.0653521 0
    outer loop
      vertex 37.0729 67.0431 0
      vertex 37.09 66.782 11.1
      vertex 37.09 66.782 0
    endloop
  endfacet
  facet normal 0.659343 0.751842 -0
    outer loop
      vertex 36.5042 68.1962 0
      vertex 36.3075 68.3687 14.9
      vertex 36.5042 68.1962 14.9
    endloop
  endfacet
  facet normal 0.659343 0.751842 0
    outer loop
      vertex 36.3075 68.3687 14.9
      vertex 36.5042 68.1962 0
      vertex 36.3075 68.3687 0
    endloop
  endfacet
  facet normal -0.0653599 0.997862 0
    outer loop
      vertex 2 68.782 10.7
      vertex 2 68.782 0
      vertex 1.8 68.7689 10.7
    endloop
  endfacet
  facet normal -0.0653599 0.997862 0
    outer loop
      vertex 1.8 68.7689 13.2
      vertex 2 68.782 14.9
      vertex 2 68.782 13.2
    endloop
  endfacet
  facet normal -0.0653646 0.997861 5.50889e-07
    outer loop
      vertex 2 68.782 14.9
      vertex 1.8 68.7689 13.2
      vertex 1.73895 68.7649 14.9
    endloop
  endfacet
  facet normal -0.0653799 0.99786 0
    outer loop
      vertex 1.8 68.7689 10.7
      vertex 1.73895 68.7649 14.9
      vertex 1.8 68.7689 13.2
    endloop
  endfacet
  facet normal -0.0653799 0.99786 0
    outer loop
      vertex 1.8 68.7689 10.7
      vertex 1.73895 68.7649 0
      vertex 1.73895 68.7649 14.9
    endloop
  endfacet
  facet normal -0.0653646 0.997861 -8.75243e-08
    outer loop
      vertex 1.73895 68.7649 0
      vertex 1.8 68.7689 10.7
      vertex 2 68.782 0
    endloop
  endfacet
  facet normal 0.89686 0.442314 0
    outer loop
      vertex 36.9378 67.5474 14.9
      vertex 36.8221 67.782 13.7
      vertex 36.8221 67.782 14.9
    endloop
  endfacet
  facet normal 0.89686 0.442314 0
    outer loop
      vertex 36.8221 67.782 13.7
      vertex 36.9378 67.5474 14.9
      vertex 36.9378 67.5474 13.7
    endloop
  endfacet
  facet normal 0.89686 0.442314 0
    outer loop
      vertex 36.9378 67.5474 11.1
      vertex 36.8221 67.782 0
      vertex 36.8221 67.782 11.1
    endloop
  endfacet
  facet normal 0.89686 0.442314 0
    outer loop
      vertex 36.8221 67.782 0
      vertex 36.9378 67.5474 11.1
      vertex 36.9378 67.5474 0
    endloop
  endfacet
  facet normal -0.751818 0.65937 0
    outer loop
      vertex 0.585786 68.1962 0
      vertex 0.413712 68 11.1
      vertex 0.585786 68.1962 14.9
    endloop
  endfacet
  facet normal -0.751855 0.659328 -1.31861e-06
    outer loop
      vertex 0.413293 67.9995 0
      vertex 0.413712 68 11.1
      vertex 0.585786 68.1962 0
    endloop
  endfacet
  facet normal -0.766459 0.642293 0
    outer loop
      vertex 0.413712 68 11.1
      vertex 0.413293 67.9995 0
      vertex 0.413293 67.9995 11.1
    endloop
  endfacet
  facet normal -0.751818 0.65937 0
    outer loop
      vertex 0.413712 68 13.7
      vertex 0.585786 68.1962 14.9
      vertex 0.413712 68 11.1
    endloop
  endfacet
  facet normal -0.766459 0.642293 0
    outer loop
      vertex 0.413293 67.9995 14.9
      vertex 0.413712 68 13.7
      vertex 0.413293 67.9995 13.7
    endloop
  endfacet
  facet normal -0.751855 0.659328 1.21971e-05
    outer loop
      vertex 0.413712 68 13.7
      vertex 0.413293 67.9995 14.9
      vertex 0.585786 68.1962 14.9
    endloop
  endfacet
  facet normal -1 0 0
    outer loop
      vertex 35.29 3.5 1.8
      vertex 35.29 1.8 1.8
      vertex 35.29 3.5 7.9
    endloop
  endfacet
  facet normal -1 0 0
    outer loop
      vertex 35.29 21 1.8
      vertex 35.29 7.5 1.8
      vertex 35.29 21 7.9
    endloop
  endfacet
  facet normal -1 0 0
    outer loop
      vertex 35.29 45 1.8
      vertex 35.29 25 1.8
      vertex 35.29 45 7.9
    endloop
  endfacet
  facet normal -1 0 0
    outer loop
      vertex 35.29 56.782 1.8
      vertex 35.29 49 1.8
      vertex 35.29 56.782 7.9
    endloop
  endfacet
  facet normal -1 0 0
    outer loop
      vertex 35.29 60.782 7.9
      vertex 35.29 66.982 1.8
      vertex 35.29 60.782 1.8
    endloop
  endfacet
  facet normal -1 0 0
    outer loop
      vertex 35.29 66.982 1.8
      vertex 35.29 60.782 7.9
      vertex 35.29 66.982 10.7
    endloop
  endfacet
  facet normal -1 0 0
    outer loop
      vertex 35.29 56.782 7.9
      vertex 35.29 66.982 10.7
      vertex 35.29 60.782 7.9
    endloop
  endfacet
  facet normal -1 0 0
    outer loop
      vertex 35.29 49 7.9
      vertex 35.29 56.782 7.9
      vertex 35.29 49 1.8
    endloop
  endfacet
  facet normal -1 0 0
    outer loop
      vertex 35.29 49 7.9
      vertex 35.29 66.982 10.7
      vertex 35.29 56.782 7.9
    endloop
  endfacet
  facet normal -1 0 0
    outer loop
      vertex 35.29 45 7.9
      vertex 35.29 66.982 10.7
      vertex 35.29 49 7.9
    endloop
  endfacet
  facet normal -1 0 0
    outer loop
      vertex 35.29 25 7.9
      vertex 35.29 45 7.9
      vertex 35.29 25 1.8
    endloop
  endfacet
  facet normal -1 0 0
    outer loop
      vertex 35.29 25 7.9
      vertex 35.29 66.982 10.7
      vertex 35.29 45 7.9
    endloop
  endfacet
  facet normal -1 0 0
    outer loop
      vertex 35.29 1.8 10.7
      vertex 35.29 25 7.9
      vertex 35.29 21 7.9
    endloop
  endfacet
  facet normal -1 0 0
    outer loop
      vertex 35.29 7.5 7.9
      vertex 35.29 21 7.9
      vertex 35.29 7.5 1.8
    endloop
  endfacet
  facet normal -1 0 0
    outer loop
      vertex 35.29 1.8 10.7
      vertex 35.29 21 7.9
      vertex 35.29 7.5 7.9
    endloop
  endfacet
  facet normal -1 0 0
    outer loop
      vertex 35.29 1.8 10.7
      vertex 35.29 7.5 7.9
      vertex 35.29 3.5 7.9
    endloop
  endfacet
  facet normal -1 0 0
    outer loop
      vertex 35.29 25 7.9
      vertex 35.29 1.8 10.7
      vertex 35.29 66.982 10.7
    endloop
  endfacet
  facet normal -1 0 0
    outer loop
      vertex 35.29 1.8 10.7
      vertex 35.29 3.5 7.9
      vertex 35.29 1.8 1.8
    endloop
  endfacet
  facet normal -0 0 1
    outer loop
      vertex 1.8 21 1.8
      vertex 6.6 7.5 1.8
      vertex 6.6 21 1.8
    endloop
  endfacet
  facet normal 0 0 1
    outer loop
      vertex 6.6 7.5 1.8
      vertex 1.8 21 1.8
      vertex 1.8 7.5 1.8
    endloop
  endfacet
  facet normal 0 0 1
    outer loop
      vertex 1.8 25 1.8
      vertex 10.8103 35.8434 1.8
      vertex 1.8 45 1.8
    endloop
  endfacet
  facet normal 0 0 1
    outer loop
      vertex 10.8103 35.8434 1.8
      vertex 1.8 25 1.8
      vertex 6.6 25 1.8
    endloop
  endfacet
  facet normal -0 0 1
    outer loop
      vertex 1.8 56.782 1.8
      vertex 6.6 49 1.8
      vertex 6.6 56.782 1.8
    endloop
  endfacet
  facet normal 0 0 1
    outer loop
      vertex 6.6 49 1.8
      vertex 1.8 56.782 1.8
      vertex 1.8 49 1.8
    endloop
  endfacet
  facet normal 0 0 1
    outer loop
      vertex 10.8 36 1.8
      vertex 1.8 45 1.8
      vertex 10.8103 35.8434 1.8
    endloop
  endfacet
  facet normal 0 0 1
    outer loop
      vertex 10.8103 35.8434 1.8
      vertex 6.6 25 1.8
      vertex 10.8103 30.1566 1.8
    endloop
  endfacet
  facet normal 0 0 1
    outer loop
      vertex 10.8103 30.1566 1.8
      vertex 6.6 25 1.8
      vertex 10.8 30 1.8
    endloop
  endfacet
  facet normal 0 0 1
    outer loop
      vertex 6.6 21 1.8
      vertex 10.8 30 1.8
      vertex 6.6 25 1.8
    endloop
  endfacet
  facet normal 0 0 1
    outer loop
      vertex 6.6 7.5 1.8
      vertex 10.8 30 1.8
      vertex 6.6 21 1.8
    endloop
  endfacet
  facet normal 0 0 1
    outer loop
      vertex 10.8 30 1.8
      vertex 6.6 7.5 1.8
      vertex 6.8 2.85 1.8
    endloop
  endfacet
  facet normal -0 0 1
    outer loop
      vertex 6.6 3.5 1.8
      vertex 6.8 2.85 1.8
      vertex 6.6 7.5 1.8
    endloop
  endfacet
  facet normal 0 0 1
    outer loop
      vertex 6.6 3.5 1.8
      vertex 5.8 2.85 1.8
      vertex 6.8 2.85 1.8
    endloop
  endfacet
  facet normal 0 0 1
    outer loop
      vertex 1.8 1.8 1.8
      vertex 5.8 2.85 1.8
      vertex 1.8 3.5 1.8
    endloop
  endfacet
  facet normal -0 0 1
    outer loop
      vertex 1.8 3.5 1.8
      vertex 5.8 2.85 1.8
      vertex 6.6 3.5 1.8
    endloop
  endfacet
  facet normal 0 0 1
    outer loop
      vertex 30.49 25 1.8
      vertex 26.1591 23.6894 1.8
      vertex 30.49 21 1.8
    endloop
  endfacet
  facet normal 0 0 1
    outer loop
      vertex 30.49 21 1.8
      vertex 26.1897 18.1566 1.8
      vertex 26.2 18 1.8
    endloop
  endfacet
  facet normal -0 0 1
    outer loop
      vertex 26.1087 23.5408 1.8
      vertex 30.49 21 1.8
      vertex 26.1591 23.6894 1.8
    endloop
  endfacet
  facet normal 0 0 1
    outer loop
      vertex 30.49 21 1.8
      vertex 26.1591 18.3106 1.8
      vertex 26.1897 18.1566 1.8
    endloop
  endfacet
  facet normal -0 0 1
    outer loop
      vertex 26.0392 23.4 1.8
      vertex 30.49 21 1.8
      vertex 26.1087 23.5408 1.8
    endloop
  endfacet
  facet normal 0 0 1
    outer loop
      vertex 30.49 21 1.8
      vertex 26.1087 18.4592 1.8
      vertex 26.1591 18.3106 1.8
    endloop
  endfacet
  facet normal -0 0 1
    outer loop
      vertex 25.952 23.2695 1.8
      vertex 30.49 21 1.8
      vertex 26.0392 23.4 1.8
    endloop
  endfacet
  facet normal 0 0 1
    outer loop
      vertex 30.49 21 1.8
      vertex 26.0392 18.6 1.8
      vertex 26.1087 18.4592 1.8
    endloop
  endfacet
  facet normal -0 0 1
    outer loop
      vertex 25.8485 23.1515 1.8
      vertex 30.49 21 1.8
      vertex 25.952 23.2695 1.8
    endloop
  endfacet
  facet normal 0 0 1
    outer loop
      vertex 30.49 21 1.8
      vertex 25.952 18.7305 1.8
      vertex 26.0392 18.6 1.8
    endloop
  endfacet
  facet normal 0 0 1
    outer loop
      vertex 25.8485 18.8485 1.8
      vertex 30.49 21 1.8
      vertex 25.8485 23.1515 1.8
    endloop
  endfacet
  facet normal 0 0 1
    outer loop
      vertex 30.49 21 1.8
      vertex 25.8485 18.8485 1.8
      vertex 25.952 18.7305 1.8
    endloop
  endfacet
  facet normal -0 0 1
    outer loop
      vertex 25.7305 23.048 1.8
      vertex 25.8485 18.8485 1.8
      vertex 25.8485 23.1515 1.8
    endloop
  endfacet
  facet normal 0 0 1
    outer loop
      vertex 25.7305 23.048 1.8
      vertex 25.7305 18.952 1.8
      vertex 25.8485 18.8485 1.8
    endloop
  endfacet
  facet normal -0 0 1
    outer loop
      vertex 25.6 22.9608 1.8
      vertex 25.7305 18.952 1.8
      vertex 25.7305 23.048 1.8
    endloop
  endfacet
  facet normal 0 0 1
    outer loop
      vertex 25.6 22.9608 1.8
      vertex 25.6 19.0392 1.8
      vertex 25.7305 18.952 1.8
    endloop
  endfacet
  facet normal -0 0 1
    outer loop
      vertex 25.4592 22.8913 1.8
      vertex 25.6 19.0392 1.8
      vertex 25.6 22.9608 1.8
    endloop
  endfacet
  facet normal 0 0 1
    outer loop
      vertex 25.4592 22.8913 1.8
      vertex 25.4592 19.1087 1.8
      vertex 25.6 19.0392 1.8
    endloop
  endfacet
  facet normal -0 0 1
    outer loop
      vertex 25.3106 22.8409 1.8
      vertex 25.4592 19.1087 1.8
      vertex 25.4592 22.8913 1.8
    endloop
  endfacet
  facet normal 0 0 1
    outer loop
      vertex 25.3106 22.8409 1.8
      vertex 25.3106 19.1591 1.8
      vertex 25.4592 19.1087 1.8
    endloop
  endfacet
  facet normal -0 0 1
    outer loop
      vertex 25.1566 22.8103 1.8
      vertex 25.3106 19.1591 1.8
      vertex 25.3106 22.8409 1.8
    endloop
  endfacet
  facet normal 0 0 1
    outer loop
      vertex 25.1566 22.8103 1.8
      vertex 25.1566 19.1897 1.8
      vertex 25.3106 19.1591 1.8
    endloop
  endfacet
  facet normal -0 0 1
    outer loop
      vertex 25 22.8 1.8
      vertex 25.1566 19.1897 1.8
      vertex 25.1566 22.8103 1.8
    endloop
  endfacet
  facet normal 0 0 1
    outer loop
      vertex 25 22.8 1.8
      vertex 25 19.2 1.8
      vertex 25.1566 19.1897 1.8
    endloop
  endfacet
  facet normal -0 0 1
    outer loop
      vertex 12 22.8 1.8
      vertex 25 19.2 1.8
      vertex 25 22.8 1.8
    endloop
  endfacet
  facet normal 0 0 1
    outer loop
      vertex 12 22.8 1.8
      vertex 12 19.2 1.8
      vertex 25 19.2 1.8
    endloop
  endfacet
  facet normal 0 0 1
    outer loop
      vertex 11.8434 22.8103 1.8
      vertex 12 19.2 1.8
      vertex 12 22.8 1.8
    endloop
  endfacet
  facet normal 0 0 1
    outer loop
      vertex 11.8434 22.8103 1.8
      vertex 11.8434 19.1897 1.8
      vertex 12 19.2 1.8
    endloop
  endfacet
  facet normal 0 0 1
    outer loop
      vertex 11.6894 22.8409 1.8
      vertex 11.8434 19.1897 1.8
      vertex 11.8434 22.8103 1.8
    endloop
  endfacet
  facet normal 0 0 1
    outer loop
      vertex 11.6894 22.8409 1.8
      vertex 11.6894 19.1591 1.8
      vertex 11.8434 19.1897 1.8
    endloop
  endfacet
  facet normal 0 0 1
    outer loop
      vertex 11.5408 22.8913 1.8
      vertex 11.6894 19.1591 1.8
      vertex 11.6894 22.8409 1.8
    endloop
  endfacet
  facet normal 0 0 1
    outer loop
      vertex 11.5408 22.8913 1.8
      vertex 11.5408 19.1087 1.8
      vertex 11.6894 19.1591 1.8
    endloop
  endfacet
  facet normal 0 0 1
    outer loop
      vertex 11.4 22.9608 1.8
      vertex 11.5408 19.1087 1.8
      vertex 11.5408 22.8913 1.8
    endloop
  endfacet
  facet normal 0 0 1
    outer loop
      vertex 11.4 22.9608 1.8
      vertex 11.4 19.0392 1.8
      vertex 11.5408 19.1087 1.8
    endloop
  endfacet
  facet normal 0 0 1
    outer loop
      vertex 11.2695 23.048 1.8
      vertex 11.4 19.0392 1.8
      vertex 11.4 22.9608 1.8
    endloop
  endfacet
  facet normal 0 0 1
    outer loop
      vertex 11.2695 23.048 1.8
      vertex 11.2695 18.952 1.8
      vertex 11.4 19.0392 1.8
    endloop
  endfacet
  facet normal 0 0 1
    outer loop
      vertex 11.1515 23.1515 1.8
      vertex 11.2695 18.952 1.8
      vertex 11.2695 23.048 1.8
    endloop
  endfacet
  facet normal 0 0 1
    outer loop
      vertex 11.1515 23.1515 1.8
      vertex 11.1515 18.8485 1.8
      vertex 11.2695 18.952 1.8
    endloop
  endfacet
  facet normal 0 0 1
    outer loop
      vertex 11.048 23.2695 1.8
      vertex 11.1515 18.8485 1.8
      vertex 11.1515 23.1515 1.8
    endloop
  endfacet
  facet normal 0 0 1
    outer loop
      vertex 11.048 23.2695 1.8
      vertex 11.048 18.7305 1.8
      vertex 11.1515 18.8485 1.8
    endloop
  endfacet
  facet normal 0 0 1
    outer loop
      vertex 10.9608 23.4 1.8
      vertex 11.048 18.7305 1.8
      vertex 11.048 23.2695 1.8
    endloop
  endfacet
  facet normal 0 0 1
    outer loop
      vertex 10.9608 23.4 1.8
      vertex 10.9608 18.6 1.8
      vertex 11.048 18.7305 1.8
    endloop
  endfacet
  facet normal 0 0 1
    outer loop
      vertex 10.8913 23.5408 1.8
      vertex 10.9608 18.6 1.8
      vertex 10.9608 23.4 1.8
    endloop
  endfacet
  facet normal 0 0 1
    outer loop
      vertex 10.8913 23.5408 1.8
      vertex 10.8913 18.4592 1.8
      vertex 10.9608 18.6 1.8
    endloop
  endfacet
  facet normal 0 0 1
    outer loop
      vertex 10.8409 23.6894 1.8
      vertex 10.8913 18.4592 1.8
      vertex 10.8913 23.5408 1.8
    endloop
  endfacet
  facet normal 0 0 1
    outer loop
      vertex 10.8409 23.6894 1.8
      vertex 10.8409 18.3106 1.8
      vertex 10.8913 18.4592 1.8
    endloop
  endfacet
  facet normal 0 0 1
    outer loop
      vertex 10.8103 23.8434 1.8
      vertex 10.8409 18.3106 1.8
      vertex 10.8409 23.6894 1.8
    endloop
  endfacet
  facet normal 0 0 1
    outer loop
      vertex 10.8103 23.8434 1.8
      vertex 10.8103 18.1566 1.8
      vertex 10.8409 18.3106 1.8
    endloop
  endfacet
  facet normal 0 0 1
    outer loop
      vertex 10.8 24 1.8
      vertex 10.8103 18.1566 1.8
      vertex 10.8103 23.8434 1.8
    endloop
  endfacet
  facet normal 0 0 1
    outer loop
      vertex 10.8103 18.1566 1.8
      vertex 10.8 24 1.8
      vertex 10.8 18 1.8
    endloop
  endfacet
  facet normal -0 0 1
    outer loop
      vertex 26.1591 29.6894 1.8
      vertex 30.49 25 1.8
      vertex 26.1897 29.8434 1.8
    endloop
  endfacet
  facet normal 0 0 1
    outer loop
      vertex 30.49 25 1.8
      vertex 26.1897 24.1566 1.8
      vertex 26.2 24 1.8
    endloop
  endfacet
  facet normal -0 0 1
    outer loop
      vertex 26.1087 29.5408 1.8
      vertex 30.49 25 1.8
      vertex 26.1591 29.6894 1.8
    endloop
  endfacet
  facet normal 0 0 1
    outer loop
      vertex 30.49 25 1.8
      vertex 26.1591 24.3106 1.8
      vertex 26.1897 24.1566 1.8
    endloop
  endfacet
  facet normal -0 0 1
    outer loop
      vertex 26.0392 29.4 1.8
      vertex 30.49 25 1.8
      vertex 26.1087 29.5408 1.8
    endloop
  endfacet
  facet normal 0 0 1
    outer loop
      vertex 30.49 25 1.8
      vertex 26.1087 24.4592 1.8
      vertex 26.1591 24.3106 1.8
    endloop
  endfacet
  facet normal -0 0 1
    outer loop
      vertex 25.952 29.2695 1.8
      vertex 30.49 25 1.8
      vertex 26.0392 29.4 1.8
    endloop
  endfacet
  facet normal 0 0 1
    outer loop
      vertex 30.49 25 1.8
      vertex 26.0392 24.6 1.8
      vertex 26.1087 24.4592 1.8
    endloop
  endfacet
  facet normal -0 0 1
    outer loop
      vertex 25.8485 29.1515 1.8
      vertex 30.49 25 1.8
      vertex 25.952 29.2695 1.8
    endloop
  endfacet
  facet normal 0 0 1
    outer loop
      vertex 30.49 25 1.8
      vertex 25.952 24.7305 1.8
      vertex 26.0392 24.6 1.8
    endloop
  endfacet
  facet normal 0 0 1
    outer loop
      vertex 25.8485 24.8485 1.8
      vertex 30.49 25 1.8
      vertex 25.8485 29.1515 1.8
    endloop
  endfacet
  facet normal 0 0 1
    outer loop
      vertex 30.49 25 1.8
      vertex 25.8485 24.8485 1.8
      vertex 25.952 24.7305 1.8
    endloop
  endfacet
  facet normal -0 0 1
    outer loop
      vertex 25.7305 29.048 1.8
      vertex 25.8485 24.8485 1.8
      vertex 25.8485 29.1515 1.8
    endloop
  endfacet
  facet normal 0 0 1
    outer loop
      vertex 25.7305 29.048 1.8
      vertex 25.7305 24.952 1.8
      vertex 25.8485 24.8485 1.8
    endloop
  endfacet
  facet normal -0 0 1
    outer loop
      vertex 25.6 28.9608 1.8
      vertex 25.7305 24.952 1.8
      vertex 25.7305 29.048 1.8
    endloop
  endfacet
  facet normal 0 0 1
    outer loop
      vertex 25.6 28.9608 1.8
      vertex 25.6 25.0392 1.8
      vertex 25.7305 24.952 1.8
    endloop
  endfacet
  facet normal -0 0 1
    outer loop
      vertex 25.4592 28.8913 1.8
      vertex 25.6 25.0392 1.8
      vertex 25.6 28.9608 1.8
    endloop
  endfacet
  facet normal 0 0 1
    outer loop
      vertex 25.4592 28.8913 1.8
      vertex 25.4592 25.1087 1.8
      vertex 25.6 25.0392 1.8
    endloop
  endfacet
  facet normal -0 0 1
    outer loop
      vertex 25.3106 28.8409 1.8
      vertex 25.4592 25.1087 1.8
      vertex 25.4592 28.8913 1.8
    endloop
  endfacet
  facet normal 0 0 1
    outer loop
      vertex 25.3106 28.8409 1.8
      vertex 25.3106 25.1591 1.8
      vertex 25.4592 25.1087 1.8
    endloop
  endfacet
  facet normal -0 0 1
    outer loop
      vertex 25.1566 28.8103 1.8
      vertex 25.3106 25.1591 1.8
      vertex 25.3106 28.8409 1.8
    endloop
  endfacet
  facet normal 0 0 1
    outer loop
      vertex 25.1566 28.8103 1.8
      vertex 25.1566 25.1897 1.8
      vertex 25.3106 25.1591 1.8
    endloop
  endfacet
  facet normal -0 0 1
    outer loop
      vertex 25 28.8 1.8
      vertex 25.1566 25.1897 1.8
      vertex 25.1566 28.8103 1.8
    endloop
  endfacet
  facet normal 0 0 1
    outer loop
      vertex 25 28.8 1.8
      vertex 25 25.2 1.8
      vertex 25.1566 25.1897 1.8
    endloop
  endfacet
  facet normal -0 0 1
    outer loop
      vertex 12 28.8 1.8
      vertex 25 25.2 1.8
      vertex 25 28.8 1.8
    endloop
  endfacet
  facet normal 0 0 1
    outer loop
      vertex 12 28.8 1.8
      vertex 12 25.2 1.8
      vertex 25 25.2 1.8
    endloop
  endfacet
  facet normal 0 0 1
    outer loop
      vertex 11.8434 28.8103 1.8
      vertex 12 25.2 1.8
      vertex 12 28.8 1.8
    endloop
  endfacet
  facet normal 0 0 1
    outer loop
      vertex 11.8434 28.8103 1.8
      vertex 11.8434 25.1897 1.8
      vertex 12 25.2 1.8
    endloop
  endfacet
  facet normal 0 0 1
    outer loop
      vertex 11.6894 28.8409 1.8
      vertex 11.8434 25.1897 1.8
      vertex 11.8434 28.8103 1.8
    endloop
  endfacet
  facet normal 0 0 1
    outer loop
      vertex 11.6894 28.8409 1.8
      vertex 11.6894 25.1591 1.8
      vertex 11.8434 25.1897 1.8
    endloop
  endfacet
  facet normal 0 0 1
    outer loop
      vertex 11.5408 28.8913 1.8
      vertex 11.6894 25.1591 1.8
      vertex 11.6894 28.8409 1.8
    endloop
  endfacet
  facet normal 0 0 1
    outer loop
      vertex 11.5408 28.8913 1.8
      vertex 11.5408 25.1087 1.8
      vertex 11.6894 25.1591 1.8
    endloop
  endfacet
  facet normal 0 0 1
    outer loop
      vertex 11.4 28.9608 1.8
      vertex 11.5408 25.1087 1.8
      vertex 11.5408 28.8913 1.8
    endloop
  endfacet
  facet normal 0 0 1
    outer loop
      vertex 11.4 28.9608 1.8
      vertex 11.4 25.0392 1.8
      vertex 11.5408 25.1087 1.8
    endloop
  endfacet
  facet normal 0 0 1
    outer loop
      vertex 11.2695 29.048 1.8
      vertex 11.4 25.0392 1.8
      vertex 11.4 28.9608 1.8
    endloop
  endfacet
  facet normal 0 0 1
    outer loop
      vertex 11.2695 29.048 1.8
      vertex 11.2695 24.952 1.8
      vertex 11.4 25.0392 1.8
    endloop
  endfacet
  facet normal 0 0 1
    outer loop
      vertex 11.1515 29.1515 1.8
      vertex 11.2695 24.952 1.8
      vertex 11.2695 29.048 1.8
    endloop
  endfacet
  facet normal 0 0 1
    outer loop
      vertex 11.1515 29.1515 1.8
      vertex 11.1515 24.8485 1.8
      vertex 11.2695 24.952 1.8
    endloop
  endfacet
  facet normal 0 0 1
    outer loop
      vertex 11.048 29.2695 1.8
      vertex 11.1515 24.8485 1.8
      vertex 11.1515 29.1515 1.8
    endloop
  endfacet
  facet normal 0 0 1
    outer loop
      vertex 11.048 29.2695 1.8
      vertex 11.048 24.7305 1.8
      vertex 11.1515 24.8485 1.8
    endloop
  endfacet
  facet normal 0 0 1
    outer loop
      vertex 10.9608 29.4 1.8
      vertex 11.048 24.7305 1.8
      vertex 11.048 29.2695 1.8
    endloop
  endfacet
  facet normal 0 0 1
    outer loop
      vertex 10.9608 29.4 1.8
      vertex 10.9608 24.6 1.8
      vertex 11.048 24.7305 1.8
    endloop
  endfacet
  facet normal 0 0 1
    outer loop
      vertex 10.8913 29.5408 1.8
      vertex 10.9608 24.6 1.8
      vertex 10.9608 29.4 1.8
    endloop
  endfacet
  facet normal 0 0 1
    outer loop
      vertex 10.8913 29.5408 1.8
      vertex 10.8913 24.4592 1.8
      vertex 10.9608 24.6 1.8
    endloop
  endfacet
  facet normal 0 0 1
    outer loop
      vertex 10.8409 29.6894 1.8
      vertex 10.8913 24.4592 1.8
      vertex 10.8913 29.5408 1.8
    endloop
  endfacet
  facet normal 0 0 1
    outer loop
      vertex 10.8409 29.6894 1.8
      vertex 10.8409 24.3106 1.8
      vertex 10.8913 24.4592 1.8
    endloop
  endfacet
  facet normal 0 0 1
    outer loop
      vertex 10.8103 29.8434 1.8
      vertex 10.8409 24.3106 1.8
      vertex 10.8409 29.6894 1.8
    endloop
  endfacet
  facet normal 0 0 1
    outer loop
      vertex 10.8103 29.8434 1.8
      vertex 10.8103 24.1566 1.8
      vertex 10.8409 24.3106 1.8
    endloop
  endfacet
  facet normal 0 0 1
    outer loop
      vertex 10.8 30 1.8
      vertex 10.8103 24.1566 1.8
      vertex 10.8103 29.8434 1.8
    endloop
  endfacet
  facet normal 0 0 1
    outer loop
      vertex 10.8103 24.1566 1.8
      vertex 10.8 30 1.8
      vertex 10.8 24 1.8
    endloop
  endfacet
  facet normal -0 0 1
    outer loop
      vertex 26.1591 35.6894 1.8
      vertex 30.49 25 1.8
      vertex 26.1897 35.8434 1.8
    endloop
  endfacet
  facet normal 0 0 1
    outer loop
      vertex 30.49 25 1.8
      vertex 26.1897 30.1566 1.8
      vertex 26.2 30 1.8
    endloop
  endfacet
  facet normal -0 0 1
    outer loop
      vertex 26.1591 30.3106 1.8
      vertex 30.49 25 1.8
      vertex 26.1591 35.6894 1.8
    endloop
  endfacet
  facet normal 0 0 1
    outer loop
      vertex 30.49 25 1.8
      vertex 26.1591 30.3106 1.8
      vertex 26.1897 30.1566 1.8
    endloop
  endfacet
  facet normal -0 0 1
    outer loop
      vertex 26.1087 35.5408 1.8
      vertex 26.1591 30.3106 1.8
      vertex 26.1591 35.6894 1.8
    endloop
  endfacet
  facet normal 0 0 1
    outer loop
      vertex 26.1087 35.5408 1.8
      vertex 26.1087 30.4592 1.8
      vertex 26.1591 30.3106 1.8
    endloop
  endfacet
  facet normal -0 0 1
    outer loop
      vertex 26.0392 35.4 1.8
      vertex 26.1087 30.4592 1.8
      vertex 26.1087 35.5408 1.8
    endloop
  endfacet
  facet normal 0 0 1
    outer loop
      vertex 26.0392 35.4 1.8
      vertex 26.0392 30.6 1.8
      vertex 26.1087 30.4592 1.8
    endloop
  endfacet
  facet normal -0 0 1
    outer loop
      vertex 25.952 35.2695 1.8
      vertex 26.0392 30.6 1.8
      vertex 26.0392 35.4 1.8
    endloop
  endfacet
  facet normal 0 0 1
    outer loop
      vertex 25.952 35.2695 1.8
      vertex 25.952 30.7305 1.8
      vertex 26.0392 30.6 1.8
    endloop
  endfacet
  facet normal -0 0 1
    outer loop
      vertex 25.8485 35.1515 1.8
      vertex 25.952 30.7305 1.8
      vertex 25.952 35.2695 1.8
    endloop
  endfacet
  facet normal 0 0 1
    outer loop
      vertex 25.8485 35.1515 1.8
      vertex 25.8485 30.8485 1.8
      vertex 25.952 30.7305 1.8
    endloop
  endfacet
  facet normal -0 0 1
    outer loop
      vertex 25.7305 35.048 1.8
      vertex 25.8485 30.8485 1.8
      vertex 25.8485 35.1515 1.8
    endloop
  endfacet
  facet normal 0 0 1
    outer loop
      vertex 25.7305 35.048 1.8
      vertex 25.7305 30.952 1.8
      vertex 25.8485 30.8485 1.8
    endloop
  endfacet
  facet normal -0 0 1
    outer loop
      vertex 25.6 34.9608 1.8
      vertex 25.7305 30.952 1.8
      vertex 25.7305 35.048 1.8
    endloop
  endfacet
  facet normal 0 0 1
    outer loop
      vertex 25.6 34.9608 1.8
      vertex 25.6 31.0392 1.8
      vertex 25.7305 30.952 1.8
    endloop
  endfacet
  facet normal -0 0 1
    outer loop
      vertex 25.4592 34.8913 1.8
      vertex 25.6 31.0392 1.8
      vertex 25.6 34.9608 1.8
    endloop
  endfacet
  facet normal 0 0 1
    outer loop
      vertex 25.4592 34.8913 1.8
      vertex 25.4592 31.1087 1.8
      vertex 25.6 31.0392 1.8
    endloop
  endfacet
  facet normal -0 0 1
    outer loop
      vertex 25.3106 34.8409 1.8
      vertex 25.4592 31.1087 1.8
      vertex 25.4592 34.8913 1.8
    endloop
  endfacet
  facet normal 0 0 1
    outer loop
      vertex 25.3106 34.8409 1.8
      vertex 25.3106 31.1591 1.8
      vertex 25.4592 31.1087 1.8
    endloop
  endfacet
  facet normal -0 0 1
    outer loop
      vertex 25.1566 34.8103 1.8
      vertex 25.3106 31.1591 1.8
      vertex 25.3106 34.8409 1.8
    endloop
  endfacet
  facet normal 0 0 1
    outer loop
      vertex 25.1566 34.8103 1.8
      vertex 25.1566 31.1897 1.8
      vertex 25.3106 31.1591 1.8
    endloop
  endfacet
  facet normal -0 0 1
    outer loop
      vertex 25 34.8 1.8
      vertex 25.1566 31.1897 1.8
      vertex 25.1566 34.8103 1.8
    endloop
  endfacet
  facet normal 0 0 1
    outer loop
      vertex 25 34.8 1.8
      vertex 25 31.2 1.8
      vertex 25.1566 31.1897 1.8
    endloop
  endfacet
  facet normal -0 0 1
    outer loop
      vertex 12 34.8 1.8
      vertex 25 31.2 1.8
      vertex 25 34.8 1.8
    endloop
  endfacet
  facet normal 0 0 1
    outer loop
      vertex 12 34.8 1.8
      vertex 12 31.2 1.8
      vertex 25 31.2 1.8
    endloop
  endfacet
  facet normal 0 0 1
    outer loop
      vertex 11.8434 34.8103 1.8
      vertex 12 31.2 1.8
      vertex 12 34.8 1.8
    endloop
  endfacet
  facet normal 0 0 1
    outer loop
      vertex 11.8434 34.8103 1.8
      vertex 11.8434 31.1897 1.8
      vertex 12 31.2 1.8
    endloop
  endfacet
  facet normal 0 0 1
    outer loop
      vertex 11.6894 34.8409 1.8
      vertex 11.8434 31.1897 1.8
      vertex 11.8434 34.8103 1.8
    endloop
  endfacet
  facet normal 0 0 1
    outer loop
      vertex 11.6894 34.8409 1.8
      vertex 11.6894 31.1591 1.8
      vertex 11.8434 31.1897 1.8
    endloop
  endfacet
  facet normal 0 0 1
    outer loop
      vertex 11.5408 34.8913 1.8
      vertex 11.6894 31.1591 1.8
      vertex 11.6894 34.8409 1.8
    endloop
  endfacet
  facet normal 0 0 1
    outer loop
      vertex 11.5408 34.8913 1.8
      vertex 11.5408 31.1087 1.8
      vertex 11.6894 31.1591 1.8
    endloop
  endfacet
  facet normal 0 0 1
    outer loop
      vertex 11.4 34.9608 1.8
      vertex 11.5408 31.1087 1.8
      vertex 11.5408 34.8913 1.8
    endloop
  endfacet
  facet normal 0 0 1
    outer loop
      vertex 11.4 34.9608 1.8
      vertex 11.4 31.0392 1.8
      vertex 11.5408 31.1087 1.8
    endloop
  endfacet
  facet normal 0 0 1
    outer loop
      vertex 11.2695 35.048 1.8
      vertex 11.4 31.0392 1.8
      vertex 11.4 34.9608 1.8
    endloop
  endfacet
  facet normal 0 0 1
    outer loop
      vertex 11.2695 35.048 1.8
      vertex 11.2695 30.952 1.8
      vertex 11.4 31.0392 1.8
    endloop
  endfacet
  facet normal 0 0 1
    outer loop
      vertex 11.1515 35.1515 1.8
      vertex 11.2695 30.952 1.8
      vertex 11.2695 35.048 1.8
    endloop
  endfacet
  facet normal 0 0 1
    outer loop
      vertex 11.1515 35.1515 1.8
      vertex 11.1515 30.8485 1.8
      vertex 11.2695 30.952 1.8
    endloop
  endfacet
  facet normal 0 0 1
    outer loop
      vertex 11.048 35.2695 1.8
      vertex 11.1515 30.8485 1.8
      vertex 11.1515 35.1515 1.8
    endloop
  endfacet
  facet normal 0 0 1
    outer loop
      vertex 11.048 35.2695 1.8
      vertex 11.048 30.7305 1.8
      vertex 11.1515 30.8485 1.8
    endloop
  endfacet
  facet normal 0 0 1
    outer loop
      vertex 10.9608 35.4 1.8
      vertex 11.048 30.7305 1.8
      vertex 11.048 35.2695 1.8
    endloop
  endfacet
  facet normal 0 0 1
    outer loop
      vertex 10.9608 35.4 1.8
      vertex 10.9608 30.6 1.8
      vertex 11.048 30.7305 1.8
    endloop
  endfacet
  facet normal 0 0 1
    outer loop
      vertex 10.8913 35.5408 1.8
      vertex 10.9608 30.6 1.8
      vertex 10.9608 35.4 1.8
    endloop
  endfacet
  facet normal 0 0 1
    outer loop
      vertex 10.8913 35.5408 1.8
      vertex 10.8913 30.4592 1.8
      vertex 10.9608 30.6 1.8
    endloop
  endfacet
  facet normal 0 0 1
    outer loop
      vertex 10.8409 35.6894 1.8
      vertex 10.8913 30.4592 1.8
      vertex 10.8913 35.5408 1.8
    endloop
  endfacet
  facet normal 0 0 1
    outer loop
      vertex 10.8409 35.6894 1.8
      vertex 10.8409 30.3106 1.8
      vertex 10.8913 30.4592 1.8
    endloop
  endfacet
  facet normal 0 0 1
    outer loop
      vertex 10.8103 35.8434 1.8
      vertex 10.8409 30.3106 1.8
      vertex 10.8409 35.6894 1.8
    endloop
  endfacet
  facet normal 0 0 1
    outer loop
      vertex 10.8103 35.8434 1.8
      vertex 10.8103 30.1566 1.8
      vertex 10.8409 30.3106 1.8
    endloop
  endfacet
  facet normal 0 0 1
    outer loop
      vertex 10.8409 36.3106 1.8
      vertex 1.8 45 1.8
      vertex 10.8103 36.1566 1.8
    endloop
  endfacet
  facet normal 0 0 1
    outer loop
      vertex 10.8103 36.1566 1.8
      vertex 1.8 45 1.8
      vertex 10.8 36 1.8
    endloop
  endfacet
  facet normal 0 0 1
    outer loop
      vertex 26.1591 41.6894 1.8
      vertex 30.49 45 1.8
      vertex 26.1897 41.8434 1.8
    endloop
  endfacet
  facet normal 0 0 1
    outer loop
      vertex 30.49 45 1.8
      vertex 26.1897 36.1566 1.8
      vertex 26.2 36 1.8
    endloop
  endfacet
  facet normal 0 0 1
    outer loop
      vertex 26.1087 41.5408 1.8
      vertex 30.49 45 1.8
      vertex 26.1591 41.6894 1.8
    endloop
  endfacet
  facet normal 0 0 1
    outer loop
      vertex 30.49 45 1.8
      vertex 26.1591 36.3106 1.8
      vertex 26.1897 36.1566 1.8
    endloop
  endfacet
  facet normal 0 0 1
    outer loop
      vertex 26.1087 36.4592 1.8
      vertex 30.49 45 1.8
      vertex 26.1087 41.5408 1.8
    endloop
  endfacet
  facet normal 0 0 1
    outer loop
      vertex 30.49 45 1.8
      vertex 26.1087 36.4592 1.8
      vertex 26.1591 36.3106 1.8
    endloop
  endfacet
  facet normal -0 0 1
    outer loop
      vertex 26.0392 41.4 1.8
      vertex 26.1087 36.4592 1.8
      vertex 26.1087 41.5408 1.8
    endloop
  endfacet
  facet normal 0 0 1
    outer loop
      vertex 26.0392 41.4 1.8
      vertex 26.0392 36.6 1.8
      vertex 26.1087 36.4592 1.8
    endloop
  endfacet
  facet normal -0 0 1
    outer loop
      vertex 25.952 41.2695 1.8
      vertex 26.0392 36.6 1.8
      vertex 26.0392 41.4 1.8
    endloop
  endfacet
  facet normal 0 0 1
    outer loop
      vertex 25.952 41.2695 1.8
      vertex 25.952 36.7305 1.8
      vertex 26.0392 36.6 1.8
    endloop
  endfacet
  facet normal -0 0 1
    outer loop
      vertex 25.8485 41.1515 1.8
      vertex 25.952 36.7305 1.8
      vertex 25.952 41.2695 1.8
    endloop
  endfacet
  facet normal 0 0 1
    outer loop
      vertex 25.8485 41.1515 1.8
      vertex 25.8485 36.8485 1.8
      vertex 25.952 36.7305 1.8
    endloop
  endfacet
  facet normal -0 0 1
    outer loop
      vertex 25.7305 41.048 1.8
      vertex 25.8485 36.8485 1.8
      vertex 25.8485 41.1515 1.8
    endloop
  endfacet
  facet normal 0 0 1
    outer loop
      vertex 25.7305 41.048 1.8
      vertex 25.7305 36.952 1.8
      vertex 25.8485 36.8485 1.8
    endloop
  endfacet
  facet normal -0 0 1
    outer loop
      vertex 25.6 40.9608 1.8
      vertex 25.7305 36.952 1.8
      vertex 25.7305 41.048 1.8
    endloop
  endfacet
  facet normal 0 0 1
    outer loop
      vertex 25.6 40.9608 1.8
      vertex 25.6 37.0392 1.8
      vertex 25.7305 36.952 1.8
    endloop
  endfacet
  facet normal -0 0 1
    outer loop
      vertex 25.4592 40.8913 1.8
      vertex 25.6 37.0392 1.8
      vertex 25.6 40.9608 1.8
    endloop
  endfacet
  facet normal 0 0 1
    outer loop
      vertex 25.4592 40.8913 1.8
      vertex 25.4592 37.1087 1.8
      vertex 25.6 37.0392 1.8
    endloop
  endfacet
  facet normal -0 0 1
    outer loop
      vertex 25.3106 40.8409 1.8
      vertex 25.4592 37.1087 1.8
      vertex 25.4592 40.8913 1.8
    endloop
  endfacet
  facet normal 0 0 1
    outer loop
      vertex 25.3106 40.8409 1.8
      vertex 25.3106 37.1591 1.8
      vertex 25.4592 37.1087 1.8
    endloop
  endfacet
  facet normal -0 0 1
    outer loop
      vertex 25.1566 40.8103 1.8
      vertex 25.3106 37.1591 1.8
      vertex 25.3106 40.8409 1.8
    endloop
  endfacet
  facet normal 0 0 1
    outer loop
      vertex 25.1566 40.8103 1.8
      vertex 25.1566 37.1897 1.8
      vertex 25.3106 37.1591 1.8
    endloop
  endfacet
  facet normal -0 0 1
    outer loop
      vertex 25 40.8 1.8
      vertex 25.1566 37.1897 1.8
      vertex 25.1566 40.8103 1.8
    endloop
  endfacet
  facet normal 0 0 1
    outer loop
      vertex 25 40.8 1.8
      vertex 25 37.2 1.8
      vertex 25.1566 37.1897 1.8
    endloop
  endfacet
  facet normal -0 0 1
    outer loop
      vertex 12 40.8 1.8
      vertex 25 37.2 1.8
      vertex 25 40.8 1.8
    endloop
  endfacet
  facet normal 0 0 1
    outer loop
      vertex 12 40.8 1.8
      vertex 12 37.2 1.8
      vertex 25 37.2 1.8
    endloop
  endfacet
  facet normal 0 0 1
    outer loop
      vertex 11.8434 40.8103 1.8
      vertex 12 37.2 1.8
      vertex 12 40.8 1.8
    endloop
  endfacet
  facet normal 0 0 1
    outer loop
      vertex 11.8434 40.8103 1.8
      vertex 11.8434 37.1897 1.8
      vertex 12 37.2 1.8
    endloop
  endfacet
  facet normal 0 0 1
    outer loop
      vertex 11.6894 40.8409 1.8
      vertex 11.8434 37.1897 1.8
      vertex 11.8434 40.8103 1.8
    endloop
  endfacet
  facet normal 0 0 1
    outer loop
      vertex 11.6894 40.8409 1.8
      vertex 11.6894 37.1591 1.8
      vertex 11.8434 37.1897 1.8
    endloop
  endfacet
  facet normal 0 0 1
    outer loop
      vertex 11.5408 40.8913 1.8
      vertex 11.6894 37.1591 1.8
      vertex 11.6894 40.8409 1.8
    endloop
  endfacet
  facet normal 0 0 1
    outer loop
      vertex 11.5408 40.8913 1.8
      vertex 11.5408 37.1087 1.8
      vertex 11.6894 37.1591 1.8
    endloop
  endfacet
  facet normal 0 0 1
    outer loop
      vertex 11.4 40.9608 1.8
      vertex 11.5408 37.1087 1.8
      vertex 11.5408 40.8913 1.8
    endloop
  endfacet
  facet normal 0 0 1
    outer loop
      vertex 11.4 40.9608 1.8
      vertex 11.4 37.0392 1.8
      vertex 11.5408 37.1087 1.8
    endloop
  endfacet
  facet normal 0 0 1
    outer loop
      vertex 11.2695 41.048 1.8
      vertex 11.4 37.0392 1.8
      vertex 11.4 40.9608 1.8
    endloop
  endfacet
  facet normal 0 0 1
    outer loop
      vertex 11.2695 41.048 1.8
      vertex 11.2695 36.952 1.8
      vertex 11.4 37.0392 1.8
    endloop
  endfacet
  facet normal 0 0 1
    outer loop
      vertex 11.1515 41.1515 1.8
      vertex 11.2695 36.952 1.8
      vertex 11.2695 41.048 1.8
    endloop
  endfacet
  facet normal 0 0 1
    outer loop
      vertex 11.1515 41.1515 1.8
      vertex 11.1515 36.8485 1.8
      vertex 11.2695 36.952 1.8
    endloop
  endfacet
  facet normal 0 0 1
    outer loop
      vertex 11.048 41.2695 1.8
      vertex 11.1515 36.8485 1.8
      vertex 11.1515 41.1515 1.8
    endloop
  endfacet
  facet normal 0 0 1
    outer loop
      vertex 11.048 41.2695 1.8
      vertex 11.048 36.7305 1.8
      vertex 11.1515 36.8485 1.8
    endloop
  endfacet
  facet normal 0 0 1
    outer loop
      vertex 10.9608 41.4 1.8
      vertex 11.048 36.7305 1.8
      vertex 11.048 41.2695 1.8
    endloop
  endfacet
  facet normal 0 0 1
    outer loop
      vertex 10.9608 41.4 1.8
      vertex 10.9608 36.6 1.8
      vertex 11.048 36.7305 1.8
    endloop
  endfacet
  facet normal 0 0 1
    outer loop
      vertex 10.8913 41.5408 1.8
      vertex 10.9608 36.6 1.8
      vertex 10.9608 41.4 1.8
    endloop
  endfacet
  facet normal 0 0 1
    outer loop
      vertex 10.8913 41.5408 1.8
      vertex 10.8913 36.4592 1.8
      vertex 10.9608 36.6 1.8
    endloop
  endfacet
  facet normal 0 0 1
    outer loop
      vertex 6.6 45 1.8
      vertex 10.8913 41.5408 1.8
      vertex 10.8409 41.6894 1.8
    endloop
  endfacet
  facet normal 0 0 1
    outer loop
      vertex 10.8913 41.5408 1.8
      vertex 6.6 45 1.8
      vertex 10.8913 36.4592 1.8
    endloop
  endfacet
  facet normal 0 0 1
    outer loop
      vertex 10.8 42 1.8
      vertex 6.6 45 1.8
      vertex 10.8103 41.8434 1.8
    endloop
  endfacet
  facet normal 0 0 1
    outer loop
      vertex 10.8103 41.8434 1.8
      vertex 6.6 45 1.8
      vertex 10.8409 41.6894 1.8
    endloop
  endfacet
  facet normal 0 0 1
    outer loop
      vertex 10.8409 42.3106 1.8
      vertex 6.6 45 1.8
      vertex 10.8103 42.1566 1.8
    endloop
  endfacet
  facet normal 0 0 1
    outer loop
      vertex 10.8103 42.1566 1.8
      vertex 6.6 45 1.8
      vertex 10.8 42 1.8
    endloop
  endfacet
  facet normal 0 0 1
    outer loop
      vertex 30.49 49 1.8
      vertex 26.1591 47.6894 1.8
      vertex 30.49 45 1.8
    endloop
  endfacet
  facet normal 0 0 1
    outer loop
      vertex 30.49 45 1.8
      vertex 26.1897 42.1566 1.8
      vertex 26.2 42 1.8
    endloop
  endfacet
  facet normal -0 0 1
    outer loop
      vertex 26.1087 47.5408 1.8
      vertex 30.49 45 1.8
      vertex 26.1591 47.6894 1.8
    endloop
  endfacet
  facet normal 0 0 1
    outer loop
      vertex 30.49 45 1.8
      vertex 26.1591 42.3106 1.8
      vertex 26.1897 42.1566 1.8
    endloop
  endfacet
  facet normal -0 0 1
    outer loop
      vertex 26.0392 47.4 1.8
      vertex 30.49 45 1.8
      vertex 26.1087 47.5408 1.8
    endloop
  endfacet
  facet normal 0 0 1
    outer loop
      vertex 30.49 45 1.8
      vertex 26.1087 42.4592 1.8
      vertex 26.1591 42.3106 1.8
    endloop
  endfacet
  facet normal -0 0 1
    outer loop
      vertex 25.952 47.2695 1.8
      vertex 30.49 45 1.8
      vertex 26.0392 47.4 1.8
    endloop
  endfacet
  facet normal 0 0 1
    outer loop
      vertex 30.49 45 1.8
      vertex 26.0392 42.6 1.8
      vertex 26.1087 42.4592 1.8
    endloop
  endfacet
  facet normal -0 0 1
    outer loop
      vertex 25.8485 47.1515 1.8
      vertex 30.49 45 1.8
      vertex 25.952 47.2695 1.8
    endloop
  endfacet
  facet normal 0 0 1
    outer loop
      vertex 30.49 45 1.8
      vertex 25.952 42.7305 1.8
      vertex 26.0392 42.6 1.8
    endloop
  endfacet
  facet normal 0 0 1
    outer loop
      vertex 25.8485 42.8485 1.8
      vertex 30.49 45 1.8
      vertex 25.8485 47.1515 1.8
    endloop
  endfacet
  facet normal 0 0 1
    outer loop
      vertex 30.49 45 1.8
      vertex 25.8485 42.8485 1.8
      vertex 25.952 42.7305 1.8
    endloop
  endfacet
  facet normal -0 0 1
    outer loop
      vertex 25.7305 47.048 1.8
      vertex 25.8485 42.8485 1.8
      vertex 25.8485 47.1515 1.8
    endloop
  endfacet
  facet normal 0 0 1
    outer loop
      vertex 25.7305 47.048 1.8
      vertex 25.7305 42.952 1.8
      vertex 25.8485 42.8485 1.8
    endloop
  endfacet
  facet normal -0 0 1
    outer loop
      vertex 25.6 46.9608 1.8
      vertex 25.7305 42.952 1.8
      vertex 25.7305 47.048 1.8
    endloop
  endfacet
  facet normal 0 0 1
    outer loop
      vertex 25.6 46.9608 1.8
      vertex 25.6 43.0392 1.8
      vertex 25.7305 42.952 1.8
    endloop
  endfacet
  facet normal -0 0 1
    outer loop
      vertex 25.4592 46.8913 1.8
      vertex 25.6 43.0392 1.8
      vertex 25.6 46.9608 1.8
    endloop
  endfacet
  facet normal 0 0 1
    outer loop
      vertex 25.4592 46.8913 1.8
      vertex 25.4592 43.1087 1.8
      vertex 25.6 43.0392 1.8
    endloop
  endfacet
  facet normal -0 0 1
    outer loop
      vertex 25.3106 46.8409 1.8
      vertex 25.4592 43.1087 1.8
      vertex 25.4592 46.8913 1.8
    endloop
  endfacet
  facet normal 0 0 1
    outer loop
      vertex 25.3106 46.8409 1.8
      vertex 25.3106 43.1591 1.8
      vertex 25.4592 43.1087 1.8
    endloop
  endfacet
  facet normal -0 0 1
    outer loop
      vertex 25.1566 46.8103 1.8
      vertex 25.3106 43.1591 1.8
      vertex 25.3106 46.8409 1.8
    endloop
  endfacet
  facet normal 0 0 1
    outer loop
      vertex 25.1566 46.8103 1.8
      vertex 25.1566 43.1897 1.8
      vertex 25.3106 43.1591 1.8
    endloop
  endfacet
  facet normal -0 0 1
    outer loop
      vertex 25 46.8 1.8
      vertex 25.1566 43.1897 1.8
      vertex 25.1566 46.8103 1.8
    endloop
  endfacet
  facet normal 0 0 1
    outer loop
      vertex 25 46.8 1.8
      vertex 25 43.2 1.8
      vertex 25.1566 43.1897 1.8
    endloop
  endfacet
  facet normal -0 0 1
    outer loop
      vertex 12 46.8 1.8
      vertex 25 43.2 1.8
      vertex 25 46.8 1.8
    endloop
  endfacet
  facet normal 0 0 1
    outer loop
      vertex 12 46.8 1.8
      vertex 12 43.2 1.8
      vertex 25 43.2 1.8
    endloop
  endfacet
  facet normal 0 0 1
    outer loop
      vertex 11.8434 46.8103 1.8
      vertex 12 43.2 1.8
      vertex 12 46.8 1.8
    endloop
  endfacet
  facet normal 0 0 1
    outer loop
      vertex 11.8434 46.8103 1.8
      vertex 11.8434 43.1897 1.8
      vertex 12 43.2 1.8
    endloop
  endfacet
  facet normal 0 0 1
    outer loop
      vertex 11.6894 46.8409 1.8
      vertex 11.8434 43.1897 1.8
      vertex 11.8434 46.8103 1.8
    endloop
  endfacet
  facet normal 0 0 1
    outer loop
      vertex 11.6894 46.8409 1.8
      vertex 11.6894 43.1591 1.8
      vertex 11.8434 43.1897 1.8
    endloop
  endfacet
  facet normal 0 0 1
    outer loop
      vertex 11.5408 46.8913 1.8
      vertex 11.6894 43.1591 1.8
      vertex 11.6894 46.8409 1.8
    endloop
  endfacet
  facet normal 0 0 1
    outer loop
      vertex 11.5408 46.8913 1.8
      vertex 11.5408 43.1087 1.8
      vertex 11.6894 43.1591 1.8
    endloop
  endfacet
  facet normal 0 0 1
    outer loop
      vertex 11.4 46.9608 1.8
      vertex 11.5408 43.1087 1.8
      vertex 11.5408 46.8913 1.8
    endloop
  endfacet
  facet normal 0 0 1
    outer loop
      vertex 11.4 46.9608 1.8
      vertex 11.4 43.0392 1.8
      vertex 11.5408 43.1087 1.8
    endloop
  endfacet
  facet normal 0 0 1
    outer loop
      vertex 11.2695 47.048 1.8
      vertex 11.4 43.0392 1.8
      vertex 11.4 46.9608 1.8
    endloop
  endfacet
  facet normal 0 0 1
    outer loop
      vertex 11.2695 47.048 1.8
      vertex 11.2695 42.952 1.8
      vertex 11.4 43.0392 1.8
    endloop
  endfacet
  facet normal 0 0 1
    outer loop
      vertex 11.1515 47.1515 1.8
      vertex 11.2695 42.952 1.8
      vertex 11.2695 47.048 1.8
    endloop
  endfacet
  facet normal 0 0 1
    outer loop
      vertex 11.1515 47.1515 1.8
      vertex 11.1515 42.8485 1.8
      vertex 11.2695 42.952 1.8
    endloop
  endfacet
  facet normal 0 0 1
    outer loop
      vertex 6.6 45 1.8
      vertex 11.1515 47.1515 1.8
      vertex 11.048 47.2695 1.8
    endloop
  endfacet
  facet normal 0 0 1
    outer loop
      vertex 11.1515 47.1515 1.8
      vertex 6.6 45 1.8
      vertex 11.1515 42.8485 1.8
    endloop
  endfacet
  facet normal 0 0 1
    outer loop
      vertex 10.8913 47.5408 1.8
      vertex 6.6 45 1.8
      vertex 10.9608 47.4 1.8
    endloop
  endfacet
  facet normal 0 0 1
    outer loop
      vertex 10.9608 47.4 1.8
      vertex 6.6 45 1.8
      vertex 11.048 47.2695 1.8
    endloop
  endfacet
  facet normal 0 0 1
    outer loop
      vertex 10.8409 47.6894 1.8
      vertex 6.6 45 1.8
      vertex 10.8913 47.5408 1.8
    endloop
  endfacet
  facet normal 0 0 1
    outer loop
      vertex 11.1515 42.8485 1.8
      vertex 6.6 45 1.8
      vertex 11.048 42.7305 1.8
    endloop
  endfacet
  facet normal 0 0 1
    outer loop
      vertex 6.6 45 1.8
      vertex 10.8409 47.6894 1.8
      vertex 6.6 49 1.8
    endloop
  endfacet
  facet normal 0 0 1
    outer loop
      vertex 11.048 42.7305 1.8
      vertex 6.6 45 1.8
      vertex 10.9608 42.6 1.8
    endloop
  endfacet
  facet normal 0 0 1
    outer loop
      vertex 6.6 49 1.8
      vertex 10.8409 47.6894 1.8
      vertex 10.8103 47.8434 1.8
    endloop
  endfacet
  facet normal 0 0 1
    outer loop
      vertex 10.9608 42.6 1.8
      vertex 6.6 45 1.8
      vertex 10.8913 42.4592 1.8
    endloop
  endfacet
  facet normal 0 0 1
    outer loop
      vertex 10.8409 48.3106 1.8
      vertex 6.6 49 1.8
      vertex 10.8103 48.1566 1.8
    endloop
  endfacet
  facet normal 0 0 1
    outer loop
      vertex 10.8103 48.1566 1.8
      vertex 6.6 49 1.8
      vertex 10.8 48 1.8
    endloop
  endfacet
  facet normal 0 0 1
    outer loop
      vertex 30.49 56.782 1.8
      vertex 26.1591 53.6894 1.8
      vertex 30.49 49 1.8
    endloop
  endfacet
  facet normal 0 0 1
    outer loop
      vertex 30.49 49 1.8
      vertex 26.1897 48.1566 1.8
      vertex 26.2 48 1.8
    endloop
  endfacet
  facet normal -0 0 1
    outer loop
      vertex 26.1087 53.5408 1.8
      vertex 30.49 49 1.8
      vertex 26.1591 53.6894 1.8
    endloop
  endfacet
  facet normal 0 0 1
    outer loop
      vertex 30.49 49 1.8
      vertex 26.1591 48.3106 1.8
      vertex 26.1897 48.1566 1.8
    endloop
  endfacet
  facet normal -0 0 1
    outer loop
      vertex 26.0392 53.4 1.8
      vertex 30.49 49 1.8
      vertex 26.1087 53.5408 1.8
    endloop
  endfacet
  facet normal 0 0 1
    outer loop
      vertex 30.49 49 1.8
      vertex 26.1087 48.4592 1.8
      vertex 26.1591 48.3106 1.8
    endloop
  endfacet
  facet normal -0 0 1
    outer loop
      vertex 25.952 53.2695 1.8
      vertex 30.49 49 1.8
      vertex 26.0392 53.4 1.8
    endloop
  endfacet
  facet normal 0 0 1
    outer loop
      vertex 30.49 49 1.8
      vertex 26.0392 48.6 1.8
      vertex 26.1087 48.4592 1.8
    endloop
  endfacet
  facet normal -0 0 1
    outer loop
      vertex 25.8485 53.1515 1.8
      vertex 30.49 49 1.8
      vertex 25.952 53.2695 1.8
    endloop
  endfacet
  facet normal 0 0 1
    outer loop
      vertex 30.49 49 1.8
      vertex 25.952 48.7305 1.8
      vertex 26.0392 48.6 1.8
    endloop
  endfacet
  facet normal 0 0 1
    outer loop
      vertex 25.8485 48.8485 1.8
      vertex 30.49 49 1.8
      vertex 25.8485 53.1515 1.8
    endloop
  endfacet
  facet normal 0 0 1
    outer loop
      vertex 30.49 49 1.8
      vertex 25.8485 48.8485 1.8
      vertex 25.952 48.7305 1.8
    endloop
  endfacet
  facet normal -0 0 1
    outer loop
      vertex 25.7305 53.048 1.8
      vertex 25.8485 48.8485 1.8
      vertex 25.8485 53.1515 1.8
    endloop
  endfacet
  facet normal 0 0 1
    outer loop
      vertex 25.7305 53.048 1.8
      vertex 25.7305 48.952 1.8
      vertex 25.8485 48.8485 1.8
    endloop
  endfacet
  facet normal -0 0 1
    outer loop
      vertex 25.6 52.9608 1.8
      vertex 25.7305 48.952 1.8
      vertex 25.7305 53.048 1.8
    endloop
  endfacet
  facet normal 0 0 1
    outer loop
      vertex 25.6 52.9608 1.8
      vertex 25.6 49.0392 1.8
      vertex 25.7305 48.952 1.8
    endloop
  endfacet
  facet normal -0 0 1
    outer loop
      vertex 25.4592 52.8913 1.8
      vertex 25.6 49.0392 1.8
      vertex 25.6 52.9608 1.8
    endloop
  endfacet
  facet normal 0 0 1
    outer loop
      vertex 25.4592 52.8913 1.8
      vertex 25.4592 49.1087 1.8
      vertex 25.6 49.0392 1.8
    endloop
  endfacet
  facet normal -0 0 1
    outer loop
      vertex 25.3106 52.8409 1.8
      vertex 25.4592 49.1087 1.8
      vertex 25.4592 52.8913 1.8
    endloop
  endfacet
  facet normal 0 0 1
    outer loop
      vertex 25.3106 52.8409 1.8
      vertex 25.3106 49.1591 1.8
      vertex 25.4592 49.1087 1.8
    endloop
  endfacet
  facet normal -0 0 1
    outer loop
      vertex 25.1566 52.8103 1.8
      vertex 25.3106 49.1591 1.8
      vertex 25.3106 52.8409 1.8
    endloop
  endfacet
  facet normal 0 0 1
    outer loop
      vertex 25.1566 52.8103 1.8
      vertex 25.1566 49.1897 1.8
      vertex 25.3106 49.1591 1.8
    endloop
  endfacet
  facet normal -0 0 1
    outer loop
      vertex 25 52.8 1.8
      vertex 25.1566 49.1897 1.8
      vertex 25.1566 52.8103 1.8
    endloop
  endfacet
  facet normal 0 0 1
    outer loop
      vertex 25 52.8 1.8
      vertex 25 49.2 1.8
      vertex 25.1566 49.1897 1.8
    endloop
  endfacet
  facet normal -0 0 1
    outer loop
      vertex 12 52.8 1.8
      vertex 25 49.2 1.8
      vertex 25 52.8 1.8
    endloop
  endfacet
  facet normal 0 0 1
    outer loop
      vertex 12 52.8 1.8
      vertex 12 49.2 1.8
      vertex 25 49.2 1.8
    endloop
  endfacet
  facet normal 0 0 1
    outer loop
      vertex 11.8434 52.8103 1.8
      vertex 12 49.2 1.8
      vertex 12 52.8 1.8
    endloop
  endfacet
  facet normal 0 0 1
    outer loop
      vertex 11.8434 52.8103 1.8
      vertex 11.8434 49.1897 1.8
      vertex 12 49.2 1.8
    endloop
  endfacet
  facet normal 0 0 1
    outer loop
      vertex 11.6894 52.8409 1.8
      vertex 11.8434 49.1897 1.8
      vertex 11.8434 52.8103 1.8
    endloop
  endfacet
  facet normal 0 0 1
    outer loop
      vertex 11.6894 52.8409 1.8
      vertex 11.6894 49.1591 1.8
      vertex 11.8434 49.1897 1.8
    endloop
  endfacet
  facet normal 0 0 1
    outer loop
      vertex 11.5408 52.8913 1.8
      vertex 11.6894 49.1591 1.8
      vertex 11.6894 52.8409 1.8
    endloop
  endfacet
  facet normal 0 0 1
    outer loop
      vertex 11.5408 52.8913 1.8
      vertex 11.5408 49.1087 1.8
      vertex 11.6894 49.1591 1.8
    endloop
  endfacet
  facet normal 0 0 1
    outer loop
      vertex 11.4 52.9608 1.8
      vertex 11.5408 49.1087 1.8
      vertex 11.5408 52.8913 1.8
    endloop
  endfacet
  facet normal 0 0 1
    outer loop
      vertex 11.4 52.9608 1.8
      vertex 11.4 49.0392 1.8
      vertex 11.5408 49.1087 1.8
    endloop
  endfacet
  facet normal 0 0 1
    outer loop
      vertex 11.2695 53.048 1.8
      vertex 11.4 49.0392 1.8
      vertex 11.4 52.9608 1.8
    endloop
  endfacet
  facet normal 0 0 1
    outer loop
      vertex 11.2695 53.048 1.8
      vertex 11.2695 48.952 1.8
      vertex 11.4 49.0392 1.8
    endloop
  endfacet
  facet normal 0 0 1
    outer loop
      vertex 11.1515 53.1515 1.8
      vertex 11.2695 48.952 1.8
      vertex 11.2695 53.048 1.8
    endloop
  endfacet
  facet normal 0 0 1
    outer loop
      vertex 11.1515 53.1515 1.8
      vertex 11.1515 48.8485 1.8
      vertex 11.2695 48.952 1.8
    endloop
  endfacet
  facet normal 0 0 1
    outer loop
      vertex 6.6 49 1.8
      vertex 11.1515 53.1515 1.8
      vertex 11.048 53.2695 1.8
    endloop
  endfacet
  facet normal 0 0 1
    outer loop
      vertex 11.1515 53.1515 1.8
      vertex 6.6 49 1.8
      vertex 11.1515 48.8485 1.8
    endloop
  endfacet
  facet normal 0 0 1
    outer loop
      vertex 6.6 49 1.8
      vertex 11.048 53.2695 1.8
      vertex 10.9608 53.4 1.8
    endloop
  endfacet
  facet normal 0 0 1
    outer loop
      vertex 11.1515 48.8485 1.8
      vertex 6.6 49 1.8
      vertex 11.048 48.7305 1.8
    endloop
  endfacet
  facet normal 0 0 1
    outer loop
      vertex 6.6 49 1.8
      vertex 10.9608 53.4 1.8
      vertex 10.8913 53.5408 1.8
    endloop
  endfacet
  facet normal 0 0 1
    outer loop
      vertex 11.048 48.7305 1.8
      vertex 6.6 49 1.8
      vertex 10.9608 48.6 1.8
    endloop
  endfacet
  facet normal 0 0 1
    outer loop
      vertex 6.6 49 1.8
      vertex 10.8409 53.6894 1.8
      vertex 6.6 56.782 1.8
    endloop
  endfacet
  facet normal 0 0 1
    outer loop
      vertex 10.8409 53.6894 1.8
      vertex 6.6 49 1.8
      vertex 10.8913 53.5408 1.8
    endloop
  endfacet
  facet normal 0 0 1
    outer loop
      vertex 10.8 54 1.8
      vertex 6.6 56.782 1.8
      vertex 10.8103 53.8434 1.8
    endloop
  endfacet
  facet normal 0 0 1
    outer loop
      vertex 10.8103 53.8434 1.8
      vertex 6.6 56.782 1.8
      vertex 10.8409 53.6894 1.8
    endloop
  endfacet
  facet normal 0 0 1
    outer loop
      vertex 10.8103 54.1566 1.8
      vertex 6.6 56.782 1.8
      vertex 10.8 54 1.8
    endloop
  endfacet
  facet normal 0 0 1
    outer loop
      vertex 10.9608 48.6 1.8
      vertex 6.6 49 1.8
      vertex 10.8913 48.4592 1.8
    endloop
  endfacet
  facet normal 0 0 1
    outer loop
      vertex 30.49 56.782 1.8
      vertex 26.1897 54.1566 1.8
      vertex 26.2 54 1.8
    endloop
  endfacet
  facet normal 0 0 1
    outer loop
      vertex 30.49 56.782 1.8
      vertex 26.1591 54.3106 1.8
      vertex 26.1897 54.1566 1.8
    endloop
  endfacet
  facet normal 0 0 1
    outer loop
      vertex 30.49 56.782 1.8
      vertex 26.1087 54.4592 1.8
      vertex 26.1591 54.3106 1.8
    endloop
  endfacet
  facet normal 0 0 1
    outer loop
      vertex 30.49 56.782 1.8
      vertex 26.0392 54.6 1.8
      vertex 26.1087 54.4592 1.8
    endloop
  endfacet
  facet normal 0 0 1
    outer loop
      vertex 30.49 56.782 1.8
      vertex 25.952 54.7305 1.8
      vertex 26.0392 54.6 1.8
    endloop
  endfacet
  facet normal 0 0 1
    outer loop
      vertex 30.49 56.782 1.8
      vertex 25.8485 54.8485 1.8
      vertex 25.952 54.7305 1.8
    endloop
  endfacet
  facet normal 0 0 1
    outer loop
      vertex 30.49 56.782 1.8
      vertex 25.7305 54.952 1.8
      vertex 25.8485 54.8485 1.8
    endloop
  endfacet
  facet normal 0 0 1
    outer loop
      vertex 30.49 56.782 1.8
      vertex 25.6 55.0392 1.8
      vertex 25.7305 54.952 1.8
    endloop
  endfacet
  facet normal 0 0 1
    outer loop
      vertex 30.49 56.782 1.8
      vertex 25.4592 55.1087 1.8
      vertex 25.6 55.0392 1.8
    endloop
  endfacet
  facet normal 0 0 1
    outer loop
      vertex 29.29 61.932 1.8
      vertex 25.3106 55.1591 1.8
      vertex 25.4592 55.1087 1.8
    endloop
  endfacet
  facet normal 0 0 1
    outer loop
      vertex 29.29 61.932 1.8
      vertex 25.1566 55.1897 1.8
      vertex 25.3106 55.1591 1.8
    endloop
  endfacet
  facet normal 0 0 1
    outer loop
      vertex 29.29 61.932 1.8
      vertex 25 55.2 1.8
      vertex 25.1566 55.1897 1.8
    endloop
  endfacet
  facet normal 0 0 1
    outer loop
      vertex 29.29 61.932 1.8
      vertex 12 55.2 1.8
      vertex 25 55.2 1.8
    endloop
  endfacet
  facet normal -0 0 1
    outer loop
      vertex 7.8 61.932 1.8
      vertex 12 55.2 1.8
      vertex 29.29 61.932 1.8
    endloop
  endfacet
  facet normal 0 0 1
    outer loop
      vertex 12 55.2 1.8
      vertex 7.8 61.932 1.8
      vertex 11.8434 55.1897 1.8
    endloop
  endfacet
  facet normal 0 0 1
    outer loop
      vertex 11.8434 55.1897 1.8
      vertex 7.8 61.932 1.8
      vertex 11.6894 55.1591 1.8
    endloop
  endfacet
  facet normal 0 0 1
    outer loop
      vertex 10.8913 48.4592 1.8
      vertex 6.6 49 1.8
      vertex 10.8409 48.3106 1.8
    endloop
  endfacet
  facet normal 0 0 1
    outer loop
      vertex 10.8 48 1.8
      vertex 6.6 49 1.8
      vertex 10.8103 47.8434 1.8
    endloop
  endfacet
  facet normal 0 0 1
    outer loop
      vertex 10.8913 42.4592 1.8
      vertex 6.6 45 1.8
      vertex 10.8409 42.3106 1.8
    endloop
  endfacet
  facet normal 0 0 1
    outer loop
      vertex 10.8913 36.4592 1.8
      vertex 6.6 45 1.8
      vertex 10.8409 36.3106 1.8
    endloop
  endfacet
  facet normal 0 0 1
    outer loop
      vertex 10.8409 54.3106 1.8
      vertex 6.6 56.782 1.8
      vertex 10.8103 54.1566 1.8
    endloop
  endfacet
  facet normal -0 0 1
    outer loop
      vertex 1.8 45 1.8
      vertex 10.8409 36.3106 1.8
      vertex 6.6 45 1.8
    endloop
  endfacet
  facet normal 0 0 1
    outer loop
      vertex 10.8913 54.4592 1.8
      vertex 6.6 56.782 1.8
      vertex 10.8409 54.3106 1.8
    endloop
  endfacet
  facet normal 0 0 1
    outer loop
      vertex 10.9608 54.6 1.8
      vertex 6.6 56.782 1.8
      vertex 10.8913 54.4592 1.8
    endloop
  endfacet
  facet normal 0 0 1
    outer loop
      vertex 11.048 54.7305 1.8
      vertex 6.6 56.782 1.8
      vertex 10.9608 54.6 1.8
    endloop
  endfacet
  facet normal 0 0 1
    outer loop
      vertex 11.1515 54.8485 1.8
      vertex 6.6 56.782 1.8
      vertex 11.048 54.7305 1.8
    endloop
  endfacet
  facet normal 0 0 1
    outer loop
      vertex 11.2695 54.952 1.8
      vertex 6.6 56.782 1.8
      vertex 11.1515 54.8485 1.8
    endloop
  endfacet
  facet normal 0 0 1
    outer loop
      vertex 11.4 55.0392 1.8
      vertex 6.6 56.782 1.8
      vertex 11.2695 54.952 1.8
    endloop
  endfacet
  facet normal 0 0 1
    outer loop
      vertex 11.5408 55.1087 1.8
      vertex 6.6 56.782 1.8
      vertex 11.4 55.0392 1.8
    endloop
  endfacet
  facet normal 0 0 1
    outer loop
      vertex 7.8 61.932 1.8
      vertex 6.6 56.782 1.8
      vertex 11.5408 55.1087 1.8
    endloop
  endfacet
  facet normal 0 0 1
    outer loop
      vertex 6.6 56.782 1.8
      vertex 7.8 61.932 1.8
      vertex 6.6 60.782 1.8
    endloop
  endfacet
  facet normal 0 0 1
    outer loop
      vertex 11.6894 55.1591 1.8
      vertex 7.8 61.932 1.8
      vertex 11.5408 55.1087 1.8
    endloop
  endfacet
  facet normal -0 0 1
    outer loop
      vertex 29.29 63.132 1.8
      vertex 35.29 60.782 1.8
      vertex 35.29 66.982 1.8
    endloop
  endfacet
  facet normal 0 0 1
    outer loop
      vertex 29.29 61.932 1.8
      vertex 30.49 56.782 1.8
      vertex 30.49 60.782 1.8
    endloop
  endfacet
  facet normal 0 0 1
    outer loop
      vertex 26.1897 53.8434 1.8
      vertex 30.49 56.782 1.8
      vertex 26.2 54 1.8
    endloop
  endfacet
  facet normal 0 0 1
    outer loop
      vertex 26.1591 53.6894 1.8
      vertex 30.49 56.782 1.8
      vertex 26.1897 53.8434 1.8
    endloop
  endfacet
  facet normal 0 0 1
    outer loop
      vertex 26.1897 41.8434 1.8
      vertex 30.49 45 1.8
      vertex 26.2 42 1.8
    endloop
  endfacet
  facet normal 0 0 1
    outer loop
      vertex 30.49 45 1.8
      vertex 26.2 36 1.8
      vertex 30.49 25 1.8
    endloop
  endfacet
  facet normal -0 0 1
    outer loop
      vertex 26.1897 29.8434 1.8
      vertex 30.49 25 1.8
      vertex 26.2 30 1.8
    endloop
  endfacet
  facet normal 0 0 1
    outer loop
      vertex 26.1591 23.6894 1.8
      vertex 30.49 25 1.8
      vertex 26.1897 23.8434 1.8
    endloop
  endfacet
  facet normal 0 0 1
    outer loop
      vertex 25.4592 55.1087 1.8
      vertex 30.49 56.782 1.8
      vertex 29.29 61.932 1.8
    endloop
  endfacet
  facet normal -0 0 1
    outer loop
      vertex 29.29 61.932 1.8
      vertex 30.49 60.782 1.8
      vertex 29.29 63.132 1.8
    endloop
  endfacet
  facet normal 0 0 1
    outer loop
      vertex 35.29 60.782 1.8
      vertex 29.29 63.132 1.8
      vertex 30.49 60.782 1.8
    endloop
  endfacet
  facet normal 0 0 1
    outer loop
      vertex 35.29 66.982 1.8
      vertex 7.8 63.132 1.8
      vertex 29.29 63.132 1.8
    endloop
  endfacet
  facet normal 0 0 1
    outer loop
      vertex 6.6 60.782 1.8
      vertex 7.8 61.932 1.8
      vertex 7.8 63.132 1.8
    endloop
  endfacet
  facet normal 0 0 1
    outer loop
      vertex 10.8 30 1.8
      vertex 6.8 2.85 1.8
      vertex 10.8 24 1.8
    endloop
  endfacet
  facet normal -0 0 1
    outer loop
      vertex 1.8 66.982 1.8
      vertex 7.8 63.132 1.8
      vertex 35.29 66.982 1.8
    endloop
  endfacet
  facet normal 0 0 1
    outer loop
      vertex 1.8 60.782 1.8
      vertex 7.8 63.132 1.8
      vertex 1.8 66.982 1.8
    endloop
  endfacet
  facet normal 0 0 1
    outer loop
      vertex 7.8 63.132 1.8
      vertex 1.8 60.782 1.8
      vertex 6.6 60.782 1.8
    endloop
  endfacet
  facet normal -0 0 1
    outer loop
      vertex 30.49 56.782 1.8
      vertex 35.29 49 1.8
      vertex 35.29 56.782 1.8
    endloop
  endfacet
  facet normal 0 0 1
    outer loop
      vertex 35.29 49 1.8
      vertex 30.49 56.782 1.8
      vertex 30.49 49 1.8
    endloop
  endfacet
  facet normal -0 0 1
    outer loop
      vertex 30.49 45 1.8
      vertex 35.29 25 1.8
      vertex 35.29 45 1.8
    endloop
  endfacet
  facet normal 0 0 1
    outer loop
      vertex 35.29 25 1.8
      vertex 30.49 45 1.8
      vertex 30.49 25 1.8
    endloop
  endfacet
  facet normal -0 0 1
    outer loop
      vertex 30.49 21 1.8
      vertex 35.29 7.5 1.8
      vertex 35.29 21 1.8
    endloop
  endfacet
  facet normal 0 0 1
    outer loop
      vertex 35.29 7.5 1.8
      vertex 30.49 21 1.8
      vertex 30.49 7.5 1.8
    endloop
  endfacet
  facet normal 0 0 1
    outer loop
      vertex 35.29 3.5 1.8
      vertex 31.29 2.85 1.8
      vertex 35.29 1.8 1.8
    endloop
  endfacet
  facet normal -0 0 1
    outer loop
      vertex 30.49 3.5 1.8
      vertex 31.29 2.85 1.8
      vertex 35.29 3.5 1.8
    endloop
  endfacet
  facet normal 0 0 1
    outer loop
      vertex 31.29 2.85 1.8
      vertex 30.49 3.5 1.8
      vertex 30.29 2.85 1.8
    endloop
  endfacet
  facet normal -0 0 1
    outer loop
      vertex 31.29 1.85 1.8
      vertex 35.29 1.8 1.8
      vertex 31.29 2.85 1.8
    endloop
  endfacet
  facet normal -0 0 1
    outer loop
      vertex 30.29 1.85 1.8
      vertex 35.29 1.8 1.8
      vertex 31.29 1.85 1.8
    endloop
  endfacet
  facet normal 0 0 1
    outer loop
      vertex 26.1897 23.8434 1.8
      vertex 30.49 25 1.8
      vertex 26.2 24 1.8
    endloop
  endfacet
  facet normal 0 0 1
    outer loop
      vertex 26.1897 47.8434 1.8
      vertex 30.49 49 1.8
      vertex 26.2 48 1.8
    endloop
  endfacet
  facet normal 0 0 1
    outer loop
      vertex 26.1591 47.6894 1.8
      vertex 30.49 49 1.8
      vertex 26.1897 47.8434 1.8
    endloop
  endfacet
  facet normal -0 0 1
    outer loop
      vertex 26.1897 35.8434 1.8
      vertex 30.49 25 1.8
      vertex 26.2 36 1.8
    endloop
  endfacet
  facet normal 0 0 1
    outer loop
      vertex 26.1897 17.8434 1.8
      vertex 30.49 21 1.8
      vertex 26.2 18 1.8
    endloop
  endfacet
  facet normal 0 0 1
    outer loop
      vertex 26.1591 17.6894 1.8
      vertex 30.49 21 1.8
      vertex 26.1897 17.8434 1.8
    endloop
  endfacet
  facet normal 0 0 1
    outer loop
      vertex 26.1087 17.5408 1.8
      vertex 30.49 21 1.8
      vertex 26.1591 17.6894 1.8
    endloop
  endfacet
  facet normal 0 0 1
    outer loop
      vertex 26.0392 17.4 1.8
      vertex 30.49 21 1.8
      vertex 26.1087 17.5408 1.8
    endloop
  endfacet
  facet normal 0 0 1
    outer loop
      vertex 30.49 21 1.8
      vertex 26.0392 17.4 1.8
      vertex 30.49 7.5 1.8
    endloop
  endfacet
  facet normal -0 0 1
    outer loop
      vertex 25.952 17.2695 1.8
      vertex 30.49 7.5 1.8
      vertex 26.0392 17.4 1.8
    endloop
  endfacet
  facet normal -0 0 1
    outer loop
      vertex 25.8485 17.1515 1.8
      vertex 30.49 7.5 1.8
      vertex 25.952 17.2695 1.8
    endloop
  endfacet
  facet normal -0 0 1
    outer loop
      vertex 25.7305 17.048 1.8
      vertex 30.49 7.5 1.8
      vertex 25.8485 17.1515 1.8
    endloop
  endfacet
  facet normal -0 0 1
    outer loop
      vertex 25.6 16.9608 1.8
      vertex 30.49 7.5 1.8
      vertex 25.7305 17.048 1.8
    endloop
  endfacet
  facet normal -0 0 1
    outer loop
      vertex 25.4592 16.8913 1.8
      vertex 30.49 7.5 1.8
      vertex 25.6 16.9608 1.8
    endloop
  endfacet
  facet normal -0 0 1
    outer loop
      vertex 25.3106 16.8409 1.8
      vertex 30.49 7.5 1.8
      vertex 25.4592 16.8913 1.8
    endloop
  endfacet
  facet normal -0 0 1
    outer loop
      vertex 25.1566 16.8103 1.8
      vertex 30.49 7.5 1.8
      vertex 25.3106 16.8409 1.8
    endloop
  endfacet
  facet normal -0 0 1
    outer loop
      vertex 25 16.8 1.8
      vertex 30.49 7.5 1.8
      vertex 25.1566 16.8103 1.8
    endloop
  endfacet
  facet normal -0 0 1
    outer loop
      vertex 12 16.8 1.8
      vertex 30.49 7.5 1.8
      vertex 25 16.8 1.8
    endloop
  endfacet
  facet normal 0 0 1
    outer loop
      vertex 30.49 7.5 1.8
      vertex 30.29 2.85 1.8
      vertex 30.49 3.5 1.8
    endloop
  endfacet
  facet normal 0 0 1
    outer loop
      vertex 30.49 7.5 1.8
      vertex 6.8 2.85 1.8
      vertex 30.29 2.85 1.8
    endloop
  endfacet
  facet normal 0 0 1
    outer loop
      vertex 30.49 7.5 1.8
      vertex 12 16.8 1.8
      vertex 6.8 2.85 1.8
    endloop
  endfacet
  facet normal 0 0 1
    outer loop
      vertex 6.8 2.85 1.8
      vertex 12 16.8 1.8
      vertex 11.8434 16.8103 1.8
    endloop
  endfacet
  facet normal 0 0 1
    outer loop
      vertex 6.8 2.85 1.8
      vertex 11.8434 16.8103 1.8
      vertex 11.6894 16.8409 1.8
    endloop
  endfacet
  facet normal 0 0 1
    outer loop
      vertex 6.8 2.85 1.8
      vertex 11.6894 16.8409 1.8
      vertex 11.5408 16.8913 1.8
    endloop
  endfacet
  facet normal 0 0 1
    outer loop
      vertex 6.8 2.85 1.8
      vertex 11.5408 16.8913 1.8
      vertex 11.4 16.9608 1.8
    endloop
  endfacet
  facet normal 0 0 1
    outer loop
      vertex 6.8 2.85 1.8
      vertex 11.4 16.9608 1.8
      vertex 11.2695 17.048 1.8
    endloop
  endfacet
  facet normal 0 0 1
    outer loop
      vertex 10.8 24 1.8
      vertex 6.8 2.85 1.8
      vertex 10.8 18 1.8
    endloop
  endfacet
  facet normal 0 0 1
    outer loop
      vertex 10.8 18 1.8
      vertex 6.8 2.85 1.8
      vertex 10.8103 17.8434 1.8
    endloop
  endfacet
  facet normal 0 0 1
    outer loop
      vertex 6.8 2.85 1.8
      vertex 10.8409 17.6894 1.8
      vertex 10.8103 17.8434 1.8
    endloop
  endfacet
  facet normal 0 0 1
    outer loop
      vertex 6.8 2.85 1.8
      vertex 10.8913 17.5408 1.8
      vertex 10.8409 17.6894 1.8
    endloop
  endfacet
  facet normal 0 0 1
    outer loop
      vertex 6.8 2.85 1.8
      vertex 10.9608 17.4 1.8
      vertex 10.8913 17.5408 1.8
    endloop
  endfacet
  facet normal 0 0 1
    outer loop
      vertex 6.8 2.85 1.8
      vertex 11.048 17.2695 1.8
      vertex 10.9608 17.4 1.8
    endloop
  endfacet
  facet normal 0 0 1
    outer loop
      vertex 6.8 2.85 1.8
      vertex 11.1515 17.1515 1.8
      vertex 11.048 17.2695 1.8
    endloop
  endfacet
  facet normal 0 0 1
    outer loop
      vertex 6.8 2.85 1.8
      vertex 11.2695 17.048 1.8
      vertex 11.1515 17.1515 1.8
    endloop
  endfacet
  facet normal 0 0 1
    outer loop
      vertex 30.29 2.85 1.8
      vertex 6.8 2.85 1.8
      vertex 30.29 1.85 1.8
    endloop
  endfacet
  facet normal 0 0 1
    outer loop
      vertex 6.8 1.85 1.8
      vertex 30.29 1.85 1.8
      vertex 6.8 2.85 1.8
    endloop
  endfacet
  facet normal -0 0 1
    outer loop
      vertex 6.8 1.85 1.8
      vertex 35.29 1.8 1.8
      vertex 30.29 1.85 1.8
    endloop
  endfacet
  facet normal 0 0 1
    outer loop
      vertex 1.8 1.8 1.8
      vertex 6.8 1.85 1.8
      vertex 5.8 1.85 1.8
    endloop
  endfacet
  facet normal 0 0 1
    outer loop
      vertex 6.8 1.85 1.8
      vertex 1.8 1.8 1.8
      vertex 35.29 1.8 1.8
    endloop
  endfacet
  facet normal 0 0 1
    outer loop
      vertex 5.8 2.85 1.8
      vertex 1.8 1.8 1.8
      vertex 5.8 1.85 1.8
    endloop
  endfacet
  facet normal 1 0 0
    outer loop
      vertex 1.8 65.4 13.2
      vertex 1.8 60.782 7.9
      vertex 1.8 65.4 11.1
    endloop
  endfacet
  facet normal 1 0 0
    outer loop
      vertex 1.8 65.4 13.2
      vertex 1.8 56.782 7.9
      vertex 1.8 60.782 7.9
    endloop
  endfacet
  facet normal 1 0 0
    outer loop
      vertex 1.8 56.782 7.9
      vertex 1.8 49 7.9
      vertex 1.8 56.782 1.8
    endloop
  endfacet
  facet normal 1 0 0
    outer loop
      vertex 1.8 65.4 13.2
      vertex 1.8 49 7.9
      vertex 1.8 56.782 7.9
    endloop
  endfacet
  facet normal 1 0 0
    outer loop
      vertex 1.8 65.4 13.2
      vertex 1.8 45 7.9
      vertex 1.8 49 7.9
    endloop
  endfacet
  facet normal 1 0 0
    outer loop
      vertex 1.8 45 7.9
      vertex 1.8 25 7.9
      vertex 1.8 45 1.8
    endloop
  endfacet
  facet normal 1 0 0
    outer loop
      vertex 1.8 65.4 13.2
      vertex 1.8 25 7.9
      vertex 1.8 45 7.9
    endloop
  endfacet
  facet normal 1 -0 0
    outer loop
      vertex 1.8 1.8 13.2
      vertex 1.8 25 7.9
      vertex 1.8 65.4 13.2
    endloop
  endfacet
  facet normal 1 0 0
    outer loop
      vertex 1.8 21 7.9
      vertex 1.8 7.5 7.9
      vertex 1.8 21 1.8
    endloop
  endfacet
  facet normal 1 0 0
    outer loop
      vertex 1.8 25 7.9
      vertex 1.8 1.8 13.2
      vertex 1.8 21 7.9
    endloop
  endfacet
  facet normal 1 0 0
    outer loop
      vertex 1.8 21 7.9
      vertex 1.8 1.8 13.2
      vertex 1.8 7.5 7.9
    endloop
  endfacet
  facet normal 1 -0 0
    outer loop
      vertex 1.8 1.8 10.7
      vertex 1.8 7.5 7.9
      vertex 1.8 1.8 13.2
    endloop
  endfacet
  facet normal 1 0 0
    outer loop
      vertex 1.8 7.5 7.9
      vertex 1.8 1.8 10.7
      vertex 1.8 3.5 7.9
    endloop
  endfacet
  facet normal 1 0 0
    outer loop
      vertex 1.8 1.8 1.8
      vertex 1.8 3.5 7.9
      vertex 1.8 1.8 10.7
    endloop
  endfacet
  facet normal 1 0 0
    outer loop
      vertex 1.8 3.5 7.9
      vertex 1.8 1.8 1.8
      vertex 1.8 3.5 1.8
    endloop
  endfacet
  facet normal 1 0 0
    outer loop
      vertex 1.8 68 11.1
      vertex 1.8 68.7689 13.2
      vertex 1.8 68 13.2
    endloop
  endfacet
  facet normal 1 0 0
    outer loop
      vertex 1.8 68.7689 13.2
      vertex 1.8 68 11.1
      vertex 1.8 68.7689 10.7
    endloop
  endfacet
  facet normal 1 0 0
    outer loop
      vertex 1.8 68 11.1
      vertex 1.8 66.982 10.7
      vertex 1.8 68.7689 10.7
    endloop
  endfacet
  facet normal 1 -0 0
    outer loop
      vertex 1.8 65.4 11.1
      vertex 1.8 66.982 10.7
      vertex 1.8 68 11.1
    endloop
  endfacet
  facet normal 1 0 0
    outer loop
      vertex 1.8 60.782 7.9
      vertex 1.8 66.982 10.7
      vertex 1.8 65.4 11.1
    endloop
  endfacet
  facet normal 1 0 0
    outer loop
      vertex 1.8 66.982 10.7
      vertex 1.8 60.782 7.9
      vertex 1.8 66.982 1.8
    endloop
  endfacet
  facet normal 1 0 0
    outer loop
      vertex 1.8 66.982 1.8
      vertex 1.8 60.782 7.9
      vertex 1.8 60.782 1.8
    endloop
  endfacet
  facet normal 1 0 0
    outer loop
      vertex 1.8 56.782 1.8
      vertex 1.8 49 7.9
      vertex 1.8 49 1.8
    endloop
  endfacet
  facet normal 1 0 0
    outer loop
      vertex 1.8 45 1.8
      vertex 1.8 25 7.9
      vertex 1.8 25 1.8
    endloop
  endfacet
  facet normal 1 0 0
    outer loop
      vertex 1.8 21 1.8
      vertex 1.8 7.5 7.9
      vertex 1.8 7.5 1.8
    endloop
  endfacet
  facet normal 1 -0 0
    outer loop
      vertex 1.8 0.0131084 13.4
      vertex 1.8 1.8 13.2
      vertex 1.8 1.8 13.4
    endloop
  endfacet
  facet normal 1 0 0
    outer loop
      vertex 1.8 0.0131084 10.7
      vertex 1.8 1.8 13.2
      vertex 1.8 0.0131084 13.4
    endloop
  endfacet
  facet normal 1 0 0
    outer loop
      vertex 1.8 1.8 13.2
      vertex 1.8 0.0131084 10.7
      vertex 1.8 1.8 10.7
    endloop
  endfacet
  facet normal 0 -1 0
    outer loop
      vertex 1.8 66.982 1.8
      vertex 5.05 66.982 10.7
      vertex 1.8 66.982 10.7
    endloop
  endfacet
  facet normal 0 -1 -0
    outer loop
      vertex 5.05 66.982 10.7
      vertex 1.8 66.982 1.8
      vertex 32.04 66.982 10.7
    endloop
  endfacet
  facet normal 0 -1 0
    outer loop
      vertex 35.29 66.982 1.8
      vertex 32.04 66.982 10.7
      vertex 1.8 66.982 1.8
    endloop
  endfacet
  facet normal 0 -1 0
    outer loop
      vertex 32.04 66.982 10.7
      vertex 35.29 66.982 1.8
      vertex 35.29 66.982 10.7
    endloop
  endfacet
  facet normal 0 -1 0
    outer loop
      vertex 5.05 66.982 10.7
      vertex 32.04 66.982 11.1
      vertex 5.05 66.982 11.1
    endloop
  endfacet
  facet normal 0 -1 -0
    outer loop
      vertex 32.04 66.982 11.1
      vertex 5.05 66.982 10.7
      vertex 32.04 66.982 10.7
    endloop
  endfacet
  facet normal 0 -1 0
    outer loop
      vertex 5.05 66.982 13.7
      vertex 32.04 66.982 14.9
      vertex 5.05 66.982 14.9
    endloop
  endfacet
  facet normal 0 -1 -0
    outer loop
      vertex 32.04 66.982 14.9
      vertex 5.05 66.982 13.7
      vertex 32.04 66.982 13.7
    endloop
  endfacet
  facet normal 0 -1 0
    outer loop
      vertex 1.4 1.8 13.4
      vertex 1.8 1.8 14.9
      vertex 1.4 1.8 14.9
    endloop
  endfacet
  facet normal 0 -1 -0
    outer loop
      vertex 1.8 1.8 14.9
      vertex 1.4 1.8 13.4
      vertex 1.8 1.8 13.4
    endloop
  endfacet
  facet normal 0 -1 0
    outer loop
      vertex 0.0131084 1.8 13.4
      vertex 1.4 1.8 14.9
      vertex 0.0131084 1.8 14.9
    endloop
  endfacet
  facet normal 0 -1 -0
    outer loop
      vertex 1.4 1.8 14.9
      vertex 0.0131084 1.8 13.4
      vertex 1.4 1.8 13.4
    endloop
  endfacet
  facet normal 0 -1 0
    outer loop
      vertex 35.69 1.8 13.4
      vertex 37.0769 1.8 14.9
      vertex 35.69 1.8 14.9
    endloop
  endfacet
  facet normal 0 -1 -0
    outer loop
      vertex 37.0769 1.8 14.9
      vertex 35.69 1.8 13.4
      vertex 37.0769 1.8 13.4
    endloop
  endfacet
  facet normal 0 -1 0
    outer loop
      vertex 35.29 1.8 13.4
      vertex 35.69 1.8 14.9
      vertex 35.29 1.8 14.9
    endloop
  endfacet
  facet normal 0 -1 -0
    outer loop
      vertex 35.69 1.8 14.9
      vertex 35.29 1.8 13.4
      vertex 35.69 1.8 13.4
    endloop
  endfacet
  facet normal 0 1 -0
    outer loop
      vertex 35.29 1.8 1.8
      vertex 32.04 1.8 10.7
      vertex 35.29 1.8 10.7
    endloop
  endfacet
  facet normal 0 1 0
    outer loop
      vertex 26.545 1.8 6.2
      vertex 35.29 1.8 1.8
      vertex 10.545 1.8 6.2
    endloop
  endfacet
  facet normal 0 1 0
    outer loop
      vertex 32.04 1.8 10.7
      vertex 35.29 1.8 1.8
      vertex 26.545 1.8 6.2
    endloop
  endfacet
  facet normal 0 1 -0
    outer loop
      vertex 32.04 1.8 13.2
      vertex 26.545 1.8 13.4
      vertex 32.04 1.8 13.4
    endloop
  endfacet
  facet normal 0 1 -0
    outer loop
      vertex 32.04 1.8 10.7
      vertex 26.545 1.8 13.4
      vertex 32.04 1.8 13.2
    endloop
  endfacet
  facet normal 0 1 0
    outer loop
      vertex 26.545 1.8 13.4
      vertex 32.04 1.8 10.7
      vertex 26.545 1.8 6.2
    endloop
  endfacet
  facet normal 0 1 0
    outer loop
      vertex 10.545 1.8 13.4
      vertex 5.05 1.8 10.7
      vertex 5.05 1.8 13.4
    endloop
  endfacet
  facet normal 0 1 -0
    outer loop
      vertex 10.545 1.8 6.2
      vertex 5.05 1.8 10.7
      vertex 10.545 1.8 13.4
    endloop
  endfacet
  facet normal 0 1 0
    outer loop
      vertex 1.8 1.8 1.8
      vertex 5.05 1.8 10.7
      vertex 10.545 1.8 6.2
    endloop
  endfacet
  facet normal 0 1 0
    outer loop
      vertex 5.05 1.8 10.7
      vertex 1.8 1.8 1.8
      vertex 1.8 1.8 10.7
    endloop
  endfacet
  facet normal 0 1 0
    outer loop
      vertex 1.8 1.8 1.8
      vertex 10.545 1.8 6.2
      vertex 35.29 1.8 1.8
    endloop
  endfacet
  facet normal 0 -1 0
    outer loop
      vertex 1.8 1.8 13.4
      vertex 3.2 1.8 14.9
      vertex 1.8 1.8 14.9
    endloop
  endfacet
  facet normal 0 -1 0
    outer loop
      vertex 3.2 1.8 13.2
      vertex 1.8 1.8 13.4
      vertex 1.8 1.8 13.2
    endloop
  endfacet
  facet normal 0 -1 0
    outer loop
      vertex 1.8 1.8 13.4
      vertex 3.2 1.8 13.2
      vertex 3.2 1.8 14.9
    endloop
  endfacet
  facet normal 0 -1 0
    outer loop
      vertex 33.89 1.8 14.9
      vertex 35.29 1.8 13.4
      vertex 35.29 1.8 14.9
    endloop
  endfacet
  facet normal 0 -1 0
    outer loop
      vertex 33.89 1.8 13.2
      vertex 35.29 1.8 13.4
      vertex 33.89 1.8 14.9
    endloop
  endfacet
  facet normal 0 -1 -0
    outer loop
      vertex 35.29 1.8 13.4
      vertex 33.89 1.8 13.2
      vertex 35.29 1.8 13.2
    endloop
  endfacet
  facet normal -1 0 0
    outer loop
      vertex 26.545 0 6.2
      vertex 26.545 1.8 13.4
      vertex 26.545 1.8 6.2
    endloop
  endfacet
  facet normal -1 -0 0
    outer loop
      vertex 26.545 1.8 13.4
      vertex 26.545 0 6.2
      vertex 26.545 0 13.4
    endloop
  endfacet
  facet normal -0 0 1
    outer loop
      vertex 10.545 1.8 6.2
      vertex 26.545 0 6.2
      vertex 26.545 1.8 6.2
    endloop
  endfacet
  facet normal 0 0 1
    outer loop
      vertex 26.545 0 6.2
      vertex 10.545 1.8 6.2
      vertex 10.545 0 6.2
    endloop
  endfacet
  facet normal 1 -0 0
    outer loop
      vertex 10.545 0 13.4
      vertex 10.545 1.8 6.2
      vertex 10.545 1.8 13.4
    endloop
  endfacet
  facet normal 1 0 0
    outer loop
      vertex 10.545 1.8 6.2
      vertex 10.545 0 13.4
      vertex 10.545 0 6.2
    endloop
  endfacet
  facet normal -0 0 1
    outer loop
      vertex 5.05 1.8 13.4
      vertex 10.545 0 13.4
      vertex 10.545 1.8 13.4
    endloop
  endfacet
  facet normal 0 0 1
    outer loop
      vertex 10.545 0 13.4
      vertex 5.05 1.8 13.4
      vertex 5.05 0 13.4
    endloop
  endfacet
  facet normal -0 0 1
    outer loop
      vertex 26.545 1.8 13.4
      vertex 32.04 0 13.4
      vertex 32.04 1.8 13.4
    endloop
  endfacet
  facet normal 0 0 1
    outer loop
      vertex 32.04 0 13.4
      vertex 26.545 1.8 13.4
      vertex 26.545 0 13.4
    endloop
  endfacet
  facet normal 0 0 1
    outer loop
      vertex 1.8 1.8 13.4
      vertex 1.73895 0.0171099 13.4
      vertex 1.8 0.0131084 13.4
    endloop
  endfacet
  facet normal 0 0 1
    outer loop
      vertex 1.8 1.8 13.4
      vertex 1.48236 0.0681477 13.4
      vertex 1.73895 0.0171099 13.4
    endloop
  endfacet
  facet normal 0 0 1
    outer loop
      vertex 1.23463 0.152241 13.4
      vertex 1.8 1.8 13.4
      vertex 1.4 1.8 13.4
    endloop
  endfacet
  facet normal 0 0 1
    outer loop
      vertex 1.8 1.8 13.4
      vertex 1.23463 0.152241 13.4
      vertex 1.48236 0.0681477 13.4
    endloop
  endfacet
  facet normal 0 0 1
    outer loop
      vertex 1.4 1.8 13.4
      vertex 1 0.267949 13.4
      vertex 1.23463 0.152241 13.4
    endloop
  endfacet
  facet normal 0 0 1
    outer loop
      vertex 1.4 1.8 13.4
      vertex 0.782476 0.413293 13.4
      vertex 1 0.267949 13.4
    endloop
  endfacet
  facet normal 0 0 1
    outer loop
      vertex 1.4 1.8 13.4
      vertex 0.585786 0.585786 13.4
      vertex 0.782476 0.413293 13.4
    endloop
  endfacet
  facet normal 0 0 1
    outer loop
      vertex 1.4 1.8 13.4
      vertex 0.413293 0.782476 13.4
      vertex 0.585786 0.585786 13.4
    endloop
  endfacet
  facet normal 0 0 1
    outer loop
      vertex 1.4 1.8 13.4
      vertex 0.267949 1 13.4
      vertex 0.413293 0.782476 13.4
    endloop
  endfacet
  facet normal 0 0 1
    outer loop
      vertex 1.4 1.8 13.4
      vertex 0.152241 1.23463 13.4
      vertex 0.267949 1 13.4
    endloop
  endfacet
  facet normal 0 0 1
    outer loop
      vertex 1.4 1.8 13.4
      vertex 0.0681477 1.48236 13.4
      vertex 0.152241 1.23463 13.4
    endloop
  endfacet
  facet normal 0 0 1
    outer loop
      vertex 1.4 1.8 13.4
      vertex 0.0171099 1.73895 13.4
      vertex 0.0681477 1.48236 13.4
    endloop
  endfacet
  facet normal 0 -0 1
    outer loop
      vertex 0.0171099 1.73895 13.4
      vertex 1.4 1.8 13.4
      vertex 0.0131084 1.8 13.4
    endloop
  endfacet
  facet normal -0 0 1
    outer loop
      vertex 35.69 1.8 13.4
      vertex 37.0729 1.73895 13.4
      vertex 37.0769 1.8 13.4
    endloop
  endfacet
  facet normal 0 0 1
    outer loop
      vertex 37.0729 1.73895 13.4
      vertex 35.69 1.8 13.4
      vertex 37.0219 1.48236 13.4
    endloop
  endfacet
  facet normal 0 0 1
    outer loop
      vertex 37.0219 1.48236 13.4
      vertex 35.69 1.8 13.4
      vertex 36.9378 1.23463 13.4
    endloop
  endfacet
  facet normal 0 0 1
    outer loop
      vertex 36.9378 1.23463 13.4
      vertex 35.69 1.8 13.4
      vertex 36.8221 1 13.4
    endloop
  endfacet
  facet normal 0 0 1
    outer loop
      vertex 36.8221 1 13.4
      vertex 35.69 1.8 13.4
      vertex 36.6767 0.782476 13.4
    endloop
  endfacet
  facet normal 0 0 1
    outer loop
      vertex 36.6767 0.782476 13.4
      vertex 35.69 1.8 13.4
      vertex 36.5042 0.585786 13.4
    endloop
  endfacet
  facet normal 0 0 1
    outer loop
      vertex 36.5042 0.585786 13.4
      vertex 35.69 1.8 13.4
      vertex 36.3075 0.413293 13.4
    endloop
  endfacet
  facet normal 0 0 1
    outer loop
      vertex 36.3075 0.413293 13.4
      vertex 35.69 1.8 13.4
      vertex 36.09 0.267949 13.4
    endloop
  endfacet
  facet normal 0 0 1
    outer loop
      vertex 36.09 0.267949 13.4
      vertex 35.69 1.8 13.4
      vertex 35.8554 0.152241 13.4
    endloop
  endfacet
  facet normal -0 0 1
    outer loop
      vertex 35.29 1.8 13.4
      vertex 35.8554 0.152241 13.4
      vertex 35.69 1.8 13.4
    endloop
  endfacet
  facet normal 0 0 1
    outer loop
      vertex 35.8554 0.152241 13.4
      vertex 35.29 1.8 13.4
      vertex 35.6076 0.0681477 13.4
    endloop
  endfacet
  facet normal 0 0 1
    outer loop
      vertex 35.6076 0.0681477 13.4
      vertex 35.29 1.8 13.4
      vertex 35.3511 0.0171099 13.4
    endloop
  endfacet
  facet normal 0 0 1
    outer loop
      vertex 35.3511 0.0171099 13.4
      vertex 35.29 1.8 13.4
      vertex 35.29 0.0131084 13.4
    endloop
  endfacet
  facet normal -0 0 1
    outer loop
      vertex 2 68.782 10.7
      vertex 5.05 66.982 10.7
      vertex 5.05 68.782 10.7
    endloop
  endfacet
  facet normal 0 0 1
    outer loop
      vertex 1.8 66.982 10.7
      vertex 2 68.782 10.7
      vertex 1.8 68.7689 10.7
    endloop
  endfacet
  facet normal 0 0 1
    outer loop
      vertex 2 68.782 10.7
      vertex 1.8 66.982 10.7
      vertex 5.05 66.982 10.7
    endloop
  endfacet
  facet normal 0 0 1
    outer loop
      vertex 5.05 1.8 10.7
      vertex 2 0 10.7
      vertex 5.05 0 10.7
    endloop
  endfacet
  facet normal -0 0 1
    outer loop
      vertex 1.8 1.8 10.7
      vertex 2 0 10.7
      vertex 5.05 1.8 10.7
    endloop
  endfacet
  facet normal 0 0 1
    outer loop
      vertex 2 0 10.7
      vertex 1.8 1.8 10.7
      vertex 1.8 0.0131084 10.7
    endloop
  endfacet
  facet normal -0 0 1
    outer loop
      vertex 4.65 7.5 10.7
      vertex 5.05 3.5 10.7
      vertex 5.05 7.5 10.7
    endloop
  endfacet
  facet normal 0 0 1
    outer loop
      vertex 5.05 3.5 10.7
      vertex 4.65 7.5 10.7
      vertex 4.65 3.5 10.7
    endloop
  endfacet
  facet normal -0 0 1
    outer loop
      vertex 4.65 49 10.7
      vertex 5.05 45 10.7
      vertex 5.05 49 10.7
    endloop
  endfacet
  facet normal 0 0 1
    outer loop
      vertex 5.05 45 10.7
      vertex 4.65 49 10.7
      vertex 4.65 45 10.7
    endloop
  endfacet
  facet normal -0 0 1
    outer loop
      vertex 4.65 25 10.7
      vertex 5.05 21 10.7
      vertex 5.05 25 10.7
    endloop
  endfacet
  facet normal 0 0 1
    outer loop
      vertex 5.05 21 10.7
      vertex 4.65 25 10.7
      vertex 4.65 21 10.7
    endloop
  endfacet
  facet normal -0 0 1
    outer loop
      vertex 4.65 60.782 10.7
      vertex 5.05 56.782 10.7
      vertex 5.05 60.782 10.7
    endloop
  endfacet
  facet normal 0 0 1
    outer loop
      vertex 5.05 56.782 10.7
      vertex 4.65 60.782 10.7
      vertex 4.65 56.782 10.7
    endloop
  endfacet
  facet normal 0 0 1
    outer loop
      vertex 35.09 68.782 10.7
      vertex 35.29 66.982 10.7
      vertex 35.29 68.7689 10.7
    endloop
  endfacet
  facet normal 0 0 1
    outer loop
      vertex 32.04 66.982 10.7
      vertex 35.09 68.782 10.7
      vertex 32.04 68.782 10.7
    endloop
  endfacet
  facet normal 0 0 1
    outer loop
      vertex 35.09 68.782 10.7
      vertex 32.04 66.982 10.7
      vertex 35.29 66.982 10.7
    endloop
  endfacet
  facet normal 0 0 1
    outer loop
      vertex 35.29 1.8 10.7
      vertex 35.09 0 10.7
      vertex 35.29 0.0131084 10.7
    endloop
  endfacet
  facet normal -0 0 1
    outer loop
      vertex 32.04 1.8 10.7
      vertex 35.09 0 10.7
      vertex 35.29 1.8 10.7
    endloop
  endfacet
  facet normal 0 0 1
    outer loop
      vertex 35.09 0 10.7
      vertex 32.04 1.8 10.7
      vertex 32.04 0 10.7
    endloop
  endfacet
  facet normal -0 0 0
    outer loop
      vertex 35.29 1.8 10.7
      vertex 35.29 0.0131084 10.7
      vertex 35.29 68.7689 10.7
    endloop
  endfacet
  facet normal 0 0 0
    outer loop
      vertex 35.29 1.8 10.7
      vertex 35.29 68.7689 10.7
      vertex 35.29 66.982 10.7
    endloop
  endfacet
  facet normal -0 0 1
    outer loop
      vertex 32.04 7.5 10.7
      vertex 32.44 3.5 10.7
      vertex 32.44 7.5 10.7
    endloop
  endfacet
  facet normal 0 0 1
    outer loop
      vertex 32.44 3.5 10.7
      vertex 32.04 7.5 10.7
      vertex 32.04 3.5 10.7
    endloop
  endfacet
  facet normal -0 0 1
    outer loop
      vertex 32.04 49 10.7
      vertex 32.44 45 10.7
      vertex 32.44 49 10.7
    endloop
  endfacet
  facet normal 0 0 1
    outer loop
      vertex 32.44 45 10.7
      vertex 32.04 49 10.7
      vertex 32.04 45 10.7
    endloop
  endfacet
  facet normal -0 0 1
    outer loop
      vertex 32.04 25 10.7
      vertex 32.44 21 10.7
      vertex 32.44 25 10.7
    endloop
  endfacet
  facet normal 0 0 1
    outer loop
      vertex 32.44 21 10.7
      vertex 32.04 25 10.7
      vertex 32.04 21 10.7
    endloop
  endfacet
  facet normal -0 0 1
    outer loop
      vertex 32.04 60.782 10.7
      vertex 32.44 56.782 10.7
      vertex 32.44 60.782 10.7
    endloop
  endfacet
  facet normal 0 0 1
    outer loop
      vertex 32.44 56.782 10.7
      vertex 32.04 60.782 10.7
      vertex 32.04 56.782 10.7
    endloop
  endfacet
  facet normal 1 -0 0
    outer loop
      vertex 6.6 3.5 7.9
      vertex 6.6 7.5 1.8
      vertex 6.6 7.5 7.9
    endloop
  endfacet
  facet normal 1 0 0
    outer loop
      vertex 6.6 7.5 1.8
      vertex 6.6 3.5 7.9
      vertex 6.6 3.5 1.8
    endloop
  endfacet
  facet normal -0 0 1
    outer loop
      vertex 5.65 7.5 7.9
      vertex 6.6 3.5 7.9
      vertex 6.6 7.5 7.9
    endloop
  endfacet
  facet normal 0 0 1
    outer loop
      vertex 6.6 3.5 7.9
      vertex 5.65 7.5 7.9
      vertex 5.65 3.5 7.9
    endloop
  endfacet
  facet normal -0 0 1
    outer loop
      vertex 1.8 7.5 7.9
      vertex 4.65 3.5 7.9
      vertex 4.65 7.5 7.9
    endloop
  endfacet
  facet normal 0 0 1
    outer loop
      vertex 4.65 3.5 7.9
      vertex 1.8 7.5 7.9
      vertex 1.8 3.5 7.9
    endloop
  endfacet
  facet normal 0 1 -0
    outer loop
      vertex 6.6 7.5 1.8
      vertex 5.65 7.5 7.9
      vertex 6.6 7.5 7.9
    endloop
  endfacet
  facet normal 0 1 0
    outer loop
      vertex 5.65 7.5 7.9
      vertex 6.6 7.5 1.8
      vertex 4.65 7.5 7.9
    endloop
  endfacet
  facet normal 0 1 0
    outer loop
      vertex 1.8 7.5 1.8
      vertex 4.65 7.5 7.9
      vertex 6.6 7.5 1.8
    endloop
  endfacet
  facet normal 0 1 0
    outer loop
      vertex 4.65 7.5 7.9
      vertex 1.8 7.5 1.8
      vertex 1.8 7.5 7.9
    endloop
  endfacet
  facet normal 0 1 0
    outer loop
      vertex 5.65 7.5 12.9
      vertex 5.05 7.5 10.7
      vertex 5.05 7.5 12.9
    endloop
  endfacet
  facet normal 0 1 -0
    outer loop
      vertex 5.65 7.5 7.9
      vertex 5.05 7.5 10.7
      vertex 5.65 7.5 12.9
    endloop
  endfacet
  facet normal 0 1 0
    outer loop
      vertex 4.65 7.5 7.9
      vertex 5.05 7.5 10.7
      vertex 5.65 7.5 7.9
    endloop
  endfacet
  facet normal 0 1 0
    outer loop
      vertex 5.05 7.5 10.7
      vertex 4.65 7.5 7.9
      vertex 4.65 7.5 10.7
    endloop
  endfacet
  facet normal 0 -1 0
    outer loop
      vertex 4.65 3.5 10.7
      vertex 4.65 3.5 7.9
      vertex 5.05 3.5 10.7
    endloop
  endfacet
  facet normal 0 -1 0
    outer loop
      vertex 5.05 3.5 10.7
      vertex 5.65 3.5 12.9
      vertex 5.05 3.5 12.9
    endloop
  endfacet
  facet normal 0 -1 0
    outer loop
      vertex 5.65 3.5 7.9
      vertex 5.05 3.5 10.7
      vertex 4.65 3.5 7.9
    endloop
  endfacet
  facet normal 0 -1 0
    outer loop
      vertex 5.05 3.5 10.7
      vertex 5.65 3.5 7.9
      vertex 5.65 3.5 12.9
    endloop
  endfacet
  facet normal 0 -1 0
    outer loop
      vertex 1.8 3.5 1.8
      vertex 4.65 3.5 7.9
      vertex 1.8 3.5 7.9
    endloop
  endfacet
  facet normal 0 -1 0
    outer loop
      vertex 6.6 3.5 1.8
      vertex 4.65 3.5 7.9
      vertex 1.8 3.5 1.8
    endloop
  endfacet
  facet normal 0 -1 0
    outer loop
      vertex 4.65 3.5 7.9
      vertex 6.6 3.5 1.8
      vertex 5.65 3.5 7.9
    endloop
  endfacet
  facet normal 0 -1 0
    outer loop
      vertex 5.65 3.5 7.9
      vertex 6.6 3.5 1.8
      vertex 6.6 3.5 7.9
    endloop
  endfacet
  facet normal 1 -0 0
    outer loop
      vertex 5.65 3.5 12.9
      vertex 5.65 7.5 7.9
      vertex 5.65 7.5 12.9
    endloop
  endfacet
  facet normal 1 0 0
    outer loop
      vertex 5.65 7.5 7.9
      vertex 5.65 3.5 12.9
      vertex 5.65 3.5 7.9
    endloop
  endfacet
  facet normal -0 0 1
    outer loop
      vertex 5.05 7.5 12.9
      vertex 5.65 3.5 12.9
      vertex 5.65 7.5 12.9
    endloop
  endfacet
  facet normal 0 0 1
    outer loop
      vertex 5.65 3.5 12.9
      vertex 5.05 7.5 12.9
      vertex 5.05 3.5 12.9
    endloop
  endfacet
  facet normal -1 0 0
    outer loop
      vertex 4.65 3.5 7.9
      vertex 4.65 7.5 10.7
      vertex 4.65 7.5 7.9
    endloop
  endfacet
  facet normal -1 -0 0
    outer loop
      vertex 4.65 7.5 10.7
      vertex 4.65 3.5 7.9
      vertex 4.65 3.5 10.7
    endloop
  endfacet
  facet normal -1 0 0
    outer loop
      vertex 30.49 3.5 1.8
      vertex 30.49 7.5 7.9
      vertex 30.49 7.5 1.8
    endloop
  endfacet
  facet normal -1 -0 0
    outer loop
      vertex 30.49 7.5 7.9
      vertex 30.49 3.5 1.8
      vertex 30.49 3.5 7.9
    endloop
  endfacet
  facet normal -0 0 1
    outer loop
      vertex 32.44 7.5 7.9
      vertex 35.29 3.5 7.9
      vertex 35.29 7.5 7.9
    endloop
  endfacet
  facet normal 0 0 1
    outer loop
      vertex 35.29 3.5 7.9
      vertex 32.44 7.5 7.9
      vertex 32.44 3.5 7.9
    endloop
  endfacet
  facet normal -0 0 1
    outer loop
      vertex 30.49 7.5 7.9
      vertex 31.44 3.5 7.9
      vertex 31.44 7.5 7.9
    endloop
  endfacet
  facet normal 0 0 1
    outer loop
      vertex 31.44 3.5 7.9
      vertex 30.49 7.5 7.9
      vertex 30.49 3.5 7.9
    endloop
  endfacet
  facet normal 0 1 0
    outer loop
      vertex 32.44 7.5 10.7
      vertex 32.44 7.5 7.9
      vertex 32.04 7.5 10.7
    endloop
  endfacet
  facet normal 0 1 -0
    outer loop
      vertex 32.04 7.5 10.7
      vertex 31.44 7.5 12.9
      vertex 32.04 7.5 12.9
    endloop
  endfacet
  facet normal 0 1 0
    outer loop
      vertex 31.44 7.5 7.9
      vertex 32.04 7.5 10.7
      vertex 32.44 7.5 7.9
    endloop
  endfacet
  facet normal 0 1 0
    outer loop
      vertex 32.04 7.5 10.7
      vertex 31.44 7.5 7.9
      vertex 31.44 7.5 12.9
    endloop
  endfacet
  facet normal 0 1 -0
    outer loop
      vertex 35.29 7.5 1.8
      vertex 32.44 7.5 7.9
      vertex 35.29 7.5 7.9
    endloop
  endfacet
  facet normal 0 1 0
    outer loop
      vertex 30.49 7.5 1.8
      vertex 32.44 7.5 7.9
      vertex 35.29 7.5 1.8
    endloop
  endfacet
  facet normal 0 1 0
    outer loop
      vertex 32.44 7.5 7.9
      vertex 30.49 7.5 1.8
      vertex 31.44 7.5 7.9
    endloop
  endfacet
  facet normal 0 1 0
    outer loop
      vertex 31.44 7.5 7.9
      vertex 30.49 7.5 1.8
      vertex 30.49 7.5 7.9
    endloop
  endfacet
  facet normal 0 -1 0
    outer loop
      vertex 30.49 3.5 1.8
      vertex 31.44 3.5 7.9
      vertex 30.49 3.5 7.9
    endloop
  endfacet
  facet normal 0 -1 -0
    outer loop
      vertex 31.44 3.5 7.9
      vertex 30.49 3.5 1.8
      vertex 32.44 3.5 7.9
    endloop
  endfacet
  facet normal 0 -1 0
    outer loop
      vertex 35.29 3.5 1.8
      vertex 32.44 3.5 7.9
      vertex 30.49 3.5 1.8
    endloop
  endfacet
  facet normal 0 -1 0
    outer loop
      vertex 32.44 3.5 7.9
      vertex 35.29 3.5 1.8
      vertex 35.29 3.5 7.9
    endloop
  endfacet
  facet normal 0 -1 0
    outer loop
      vertex 31.44 3.5 12.9
      vertex 32.04 3.5 10.7
      vertex 32.04 3.5 12.9
    endloop
  endfacet
  facet normal 0 -1 0
    outer loop
      vertex 31.44 3.5 7.9
      vertex 32.04 3.5 10.7
      vertex 31.44 3.5 12.9
    endloop
  endfacet
  facet normal 0 -1 0
    outer loop
      vertex 32.44 3.5 7.9
      vertex 32.04 3.5 10.7
      vertex 31.44 3.5 7.9
    endloop
  endfacet
  facet normal 0 -1 0
    outer loop
      vertex 32.04 3.5 10.7
      vertex 32.44 3.5 7.9
      vertex 32.44 3.5 10.7
    endloop
  endfacet
  facet normal -1 0 0
    outer loop
      vertex 31.44 3.5 7.9
      vertex 31.44 7.5 12.9
      vertex 31.44 7.5 7.9
    endloop
  endfacet
  facet normal -1 -0 0
    outer loop
      vertex 31.44 7.5 12.9
      vertex 31.44 3.5 7.9
      vertex 31.44 3.5 12.9
    endloop
  endfacet
  facet normal -0 0 1
    outer loop
      vertex 31.44 7.5 12.9
      vertex 32.04 3.5 12.9
      vertex 32.04 7.5 12.9
    endloop
  endfacet
  facet normal 0 0 1
    outer loop
      vertex 32.04 3.5 12.9
      vertex 31.44 7.5 12.9
      vertex 31.44 3.5 12.9
    endloop
  endfacet
  facet normal 1 -0 0
    outer loop
      vertex 32.44 3.5 10.7
      vertex 32.44 7.5 7.9
      vertex 32.44 7.5 10.7
    endloop
  endfacet
  facet normal 1 0 0
    outer loop
      vertex 32.44 7.5 7.9
      vertex 32.44 3.5 10.7
      vertex 32.44 3.5 7.9
    endloop
  endfacet
  facet normal 1 -0 0
    outer loop
      vertex 6.6 21 7.9
      vertex 6.6 25 1.8
      vertex 6.6 25 7.9
    endloop
  endfacet
  facet normal 1 0 0
    outer loop
      vertex 6.6 25 1.8
      vertex 6.6 21 7.9
      vertex 6.6 21 1.8
    endloop
  endfacet
  facet normal -0 0 1
    outer loop
      vertex 5.65 25 7.9
      vertex 6.6 21 7.9
      vertex 6.6 25 7.9
    endloop
  endfacet
  facet normal 0 0 1
    outer loop
      vertex 6.6 21 7.9
      vertex 5.65 25 7.9
      vertex 5.65 21 7.9
    endloop
  endfacet
  facet normal -0 0 1
    outer loop
      vertex 1.8 25 7.9
      vertex 4.65 21 7.9
      vertex 4.65 25 7.9
    endloop
  endfacet
  facet normal 0 0 1
    outer loop
      vertex 4.65 21 7.9
      vertex 1.8 25 7.9
      vertex 1.8 21 7.9
    endloop
  endfacet
  facet normal 0 1 -0
    outer loop
      vertex 6.6 25 1.8
      vertex 5.65 25 7.9
      vertex 6.6 25 7.9
    endloop
  endfacet
  facet normal 0 1 0
    outer loop
      vertex 5.65 25 7.9
      vertex 6.6 25 1.8
      vertex 4.65 25 7.9
    endloop
  endfacet
  facet normal 0 1 0
    outer loop
      vertex 1.8 25 1.8
      vertex 4.65 25 7.9
      vertex 6.6 25 1.8
    endloop
  endfacet
  facet normal 0 1 0
    outer loop
      vertex 4.65 25 7.9
      vertex 1.8 25 1.8
      vertex 1.8 25 7.9
    endloop
  endfacet
  facet normal 0 1 0
    outer loop
      vertex 5.65 25 12.9
      vertex 5.05 25 10.7
      vertex 5.05 25 12.9
    endloop
  endfacet
  facet normal 0 1 -0
    outer loop
      vertex 5.65 25 7.9
      vertex 5.05 25 10.7
      vertex 5.65 25 12.9
    endloop
  endfacet
  facet normal 0 1 0
    outer loop
      vertex 4.65 25 7.9
      vertex 5.05 25 10.7
      vertex 5.65 25 7.9
    endloop
  endfacet
  facet normal 0 1 0
    outer loop
      vertex 5.05 25 10.7
      vertex 4.65 25 7.9
      vertex 4.65 25 10.7
    endloop
  endfacet
  facet normal 0 -1 0
    outer loop
      vertex 4.65 21 10.7
      vertex 4.65 21 7.9
      vertex 5.05 21 10.7
    endloop
  endfacet
  facet normal 0 -1 0
    outer loop
      vertex 5.05 21 10.7
      vertex 5.65 21 12.9
      vertex 5.05 21 12.9
    endloop
  endfacet
  facet normal 0 -1 0
    outer loop
      vertex 5.65 21 7.9
      vertex 5.05 21 10.7
      vertex 4.65 21 7.9
    endloop
  endfacet
  facet normal 0 -1 0
    outer loop
      vertex 5.05 21 10.7
      vertex 5.65 21 7.9
      vertex 5.65 21 12.9
    endloop
  endfacet
  facet normal 0 -1 0
    outer loop
      vertex 1.8 21 1.8
      vertex 4.65 21 7.9
      vertex 1.8 21 7.9
    endloop
  endfacet
  facet normal 0 -1 0
    outer loop
      vertex 6.6 21 1.8
      vertex 4.65 21 7.9
      vertex 1.8 21 1.8
    endloop
  endfacet
  facet normal 0 -1 0
    outer loop
      vertex 4.65 21 7.9
      vertex 6.6 21 1.8
      vertex 5.65 21 7.9
    endloop
  endfacet
  facet normal 0 -1 0
    outer loop
      vertex 5.65 21 7.9
      vertex 6.6 21 1.8
      vertex 6.6 21 7.9
    endloop
  endfacet
  facet normal 1 -0 0
    outer loop
      vertex 5.65 21 12.9
      vertex 5.65 25 7.9
      vertex 5.65 25 12.9
    endloop
  endfacet
  facet normal 1 0 0
    outer loop
      vertex 5.65 25 7.9
      vertex 5.65 21 12.9
      vertex 5.65 21 7.9
    endloop
  endfacet
  facet normal -0 0 1
    outer loop
      vertex 5.05 25 12.9
      vertex 5.65 21 12.9
      vertex 5.65 25 12.9
    endloop
  endfacet
  facet normal 0 0 1
    outer loop
      vertex 5.65 21 12.9
      vertex 5.05 25 12.9
      vertex 5.05 21 12.9
    endloop
  endfacet
  facet normal -1 0 0
    outer loop
      vertex 4.65 21 7.9
      vertex 4.65 25 10.7
      vertex 4.65 25 7.9
    endloop
  endfacet
  facet normal -1 -0 0
    outer loop
      vertex 4.65 25 10.7
      vertex 4.65 21 7.9
      vertex 4.65 21 10.7
    endloop
  endfacet
  facet normal -1 0 0
    outer loop
      vertex 30.49 21 1.8
      vertex 30.49 25 7.9
      vertex 30.49 25 1.8
    endloop
  endfacet
  facet normal -1 -0 0
    outer loop
      vertex 30.49 25 7.9
      vertex 30.49 21 1.8
      vertex 30.49 21 7.9
    endloop
  endfacet
  facet normal -0 0 1
    outer loop
      vertex 32.44 25 7.9
      vertex 35.29 21 7.9
      vertex 35.29 25 7.9
    endloop
  endfacet
  facet normal 0 0 1
    outer loop
      vertex 35.29 21 7.9
      vertex 32.44 25 7.9
      vertex 32.44 21 7.9
    endloop
  endfacet
  facet normal -0 0 1
    outer loop
      vertex 30.49 25 7.9
      vertex 31.44 21 7.9
      vertex 31.44 25 7.9
    endloop
  endfacet
  facet normal 0 0 1
    outer loop
      vertex 31.44 21 7.9
      vertex 30.49 25 7.9
      vertex 30.49 21 7.9
    endloop
  endfacet
  facet normal 0 1 0
    outer loop
      vertex 32.44 25 10.7
      vertex 32.44 25 7.9
      vertex 32.04 25 10.7
    endloop
  endfacet
  facet normal 0 1 -0
    outer loop
      vertex 32.04 25 10.7
      vertex 31.44 25 12.9
      vertex 32.04 25 12.9
    endloop
  endfacet
  facet normal 0 1 0
    outer loop
      vertex 31.44 25 7.9
      vertex 32.04 25 10.7
      vertex 32.44 25 7.9
    endloop
  endfacet
  facet normal 0 1 0
    outer loop
      vertex 32.04 25 10.7
      vertex 31.44 25 7.9
      vertex 31.44 25 12.9
    endloop
  endfacet
  facet normal 0 1 -0
    outer loop
      vertex 35.29 25 1.8
      vertex 32.44 25 7.9
      vertex 35.29 25 7.9
    endloop
  endfacet
  facet normal 0 1 0
    outer loop
      vertex 30.49 25 1.8
      vertex 32.44 25 7.9
      vertex 35.29 25 1.8
    endloop
  endfacet
  facet normal 0 1 0
    outer loop
      vertex 32.44 25 7.9
      vertex 30.49 25 1.8
      vertex 31.44 25 7.9
    endloop
  endfacet
  facet normal 0 1 0
    outer loop
      vertex 31.44 25 7.9
      vertex 30.49 25 1.8
      vertex 30.49 25 7.9
    endloop
  endfacet
  facet normal 0 -1 0
    outer loop
      vertex 30.49 21 1.8
      vertex 31.44 21 7.9
      vertex 30.49 21 7.9
    endloop
  endfacet
  facet normal 0 -1 -0
    outer loop
      vertex 31.44 21 7.9
      vertex 30.49 21 1.8
      vertex 32.44 21 7.9
    endloop
  endfacet
  facet normal 0 -1 0
    outer loop
      vertex 35.29 21 1.8
      vertex 32.44 21 7.9
      vertex 30.49 21 1.8
    endloop
  endfacet
  facet normal 0 -1 0
    outer loop
      vertex 32.44 21 7.9
      vertex 35.29 21 1.8
      vertex 35.29 21 7.9
    endloop
  endfacet
  facet normal 0 -1 0
    outer loop
      vertex 31.44 21 12.9
      vertex 32.04 21 10.7
      vertex 32.04 21 12.9
    endloop
  endfacet
  facet normal 0 -1 0
    outer loop
      vertex 31.44 21 7.9
      vertex 32.04 21 10.7
      vertex 31.44 21 12.9
    endloop
  endfacet
  facet normal 0 -1 0
    outer loop
      vertex 32.44 21 7.9
      vertex 32.04 21 10.7
      vertex 31.44 21 7.9
    endloop
  endfacet
  facet normal 0 -1 0
    outer loop
      vertex 32.04 21 10.7
      vertex 32.44 21 7.9
      vertex 32.44 21 10.7
    endloop
  endfacet
  facet normal -1 0 0
    outer loop
      vertex 31.44 21 7.9
      vertex 31.44 25 12.9
      vertex 31.44 25 7.9
    endloop
  endfacet
  facet normal -1 -0 0
    outer loop
      vertex 31.44 25 12.9
      vertex 31.44 21 7.9
      vertex 31.44 21 12.9
    endloop
  endfacet
  facet normal -0 0 1
    outer loop
      vertex 31.44 25 12.9
      vertex 32.04 21 12.9
      vertex 32.04 25 12.9
    endloop
  endfacet
  facet normal 0 0 1
    outer loop
      vertex 32.04 21 12.9
      vertex 31.44 25 12.9
      vertex 31.44 21 12.9
    endloop
  endfacet
  facet normal 1 -0 0
    outer loop
      vertex 32.44 21 10.7
      vertex 32.44 25 7.9
      vertex 32.44 25 10.7
    endloop
  endfacet
  facet normal 1 0 0
    outer loop
      vertex 32.44 25 7.9
      vertex 32.44 21 10.7
      vertex 32.44 21 7.9
    endloop
  endfacet
  facet normal 1 -0 0
    outer loop
      vertex 6.6 45 7.9
      vertex 6.6 49 1.8
      vertex 6.6 49 7.9
    endloop
  endfacet
  facet normal 1 0 0
    outer loop
      vertex 6.6 49 1.8
      vertex 6.6 45 7.9
      vertex 6.6 45 1.8
    endloop
  endfacet
  facet normal -0 0 1
    outer loop
      vertex 5.65 49 7.9
      vertex 6.6 45 7.9
      vertex 6.6 49 7.9
    endloop
  endfacet
  facet normal 0 0 1
    outer loop
      vertex 6.6 45 7.9
      vertex 5.65 49 7.9
      vertex 5.65 45 7.9
    endloop
  endfacet
  facet normal -0 0 1
    outer loop
      vertex 1.8 49 7.9
      vertex 4.65 45 7.9
      vertex 4.65 49 7.9
    endloop
  endfacet
  facet normal 0 0 1
    outer loop
      vertex 4.65 45 7.9
      vertex 1.8 49 7.9
      vertex 1.8 45 7.9
    endloop
  endfacet
  facet normal 0 1 -0
    outer loop
      vertex 6.6 49 1.8
      vertex 5.65 49 7.9
      vertex 6.6 49 7.9
    endloop
  endfacet
  facet normal 0 1 0
    outer loop
      vertex 5.65 49 7.9
      vertex 6.6 49 1.8
      vertex 4.65 49 7.9
    endloop
  endfacet
  facet normal 0 1 0
    outer loop
      vertex 1.8 49 1.8
      vertex 4.65 49 7.9
      vertex 6.6 49 1.8
    endloop
  endfacet
  facet normal 0 1 0
    outer loop
      vertex 4.65 49 7.9
      vertex 1.8 49 1.8
      vertex 1.8 49 7.9
    endloop
  endfacet
  facet normal 0 1 0
    outer loop
      vertex 5.65 49 12.9
      vertex 5.05 49 10.7
      vertex 5.05 49 12.9
    endloop
  endfacet
  facet normal 0 1 -0
    outer loop
      vertex 5.65 49 7.9
      vertex 5.05 49 10.7
      vertex 5.65 49 12.9
    endloop
  endfacet
  facet normal 0 1 0
    outer loop
      vertex 4.65 49 7.9
      vertex 5.05 49 10.7
      vertex 5.65 49 7.9
    endloop
  endfacet
  facet normal 0 1 0
    outer loop
      vertex 5.05 49 10.7
      vertex 4.65 49 7.9
      vertex 4.65 49 10.7
    endloop
  endfacet
  facet normal 0 -1 0
    outer loop
      vertex 4.65 45 10.7
      vertex 4.65 45 7.9
      vertex 5.05 45 10.7
    endloop
  endfacet
  facet normal 0 -1 0
    outer loop
      vertex 5.05 45 10.7
      vertex 5.65 45 12.9
      vertex 5.05 45 12.9
    endloop
  endfacet
  facet normal 0 -1 0
    outer loop
      vertex 5.65 45 7.9
      vertex 5.05 45 10.7
      vertex 4.65 45 7.9
    endloop
  endfacet
  facet normal 0 -1 0
    outer loop
      vertex 5.05 45 10.7
      vertex 5.65 45 7.9
      vertex 5.65 45 12.9
    endloop
  endfacet
  facet normal 0 -1 0
    outer loop
      vertex 1.8 45 1.8
      vertex 4.65 45 7.9
      vertex 1.8 45 7.9
    endloop
  endfacet
  facet normal 0 -1 0
    outer loop
      vertex 6.6 45 1.8
      vertex 4.65 45 7.9
      vertex 1.8 45 1.8
    endloop
  endfacet
  facet normal 0 -1 0
    outer loop
      vertex 4.65 45 7.9
      vertex 6.6 45 1.8
      vertex 5.65 45 7.9
    endloop
  endfacet
  facet normal 0 -1 0
    outer loop
      vertex 5.65 45 7.9
      vertex 6.6 45 1.8
      vertex 6.6 45 7.9
    endloop
  endfacet
  facet normal 1 -0 0
    outer loop
      vertex 5.65 45 12.9
      vertex 5.65 49 7.9
      vertex 5.65 49 12.9
    endloop
  endfacet
  facet normal 1 0 0
    outer loop
      vertex 5.65 49 7.9
      vertex 5.65 45 12.9
      vertex 5.65 45 7.9
    endloop
  endfacet
  facet normal -0 0 1
    outer loop
      vertex 5.05 49 12.9
      vertex 5.65 45 12.9
      vertex 5.65 49 12.9
    endloop
  endfacet
  facet normal 0 0 1
    outer loop
      vertex 5.65 45 12.9
      vertex 5.05 49 12.9
      vertex 5.05 45 12.9
    endloop
  endfacet
  facet normal -1 0 0
    outer loop
      vertex 4.65 45 7.9
      vertex 4.65 49 10.7
      vertex 4.65 49 7.9
    endloop
  endfacet
  facet normal -1 -0 0
    outer loop
      vertex 4.65 49 10.7
      vertex 4.65 45 7.9
      vertex 4.65 45 10.7
    endloop
  endfacet
  facet normal -1 0 0
    outer loop
      vertex 30.49 45 1.8
      vertex 30.49 49 7.9
      vertex 30.49 49 1.8
    endloop
  endfacet
  facet normal -1 -0 0
    outer loop
      vertex 30.49 49 7.9
      vertex 30.49 45 1.8
      vertex 30.49 45 7.9
    endloop
  endfacet
  facet normal -0 0 1
    outer loop
      vertex 32.44 49 7.9
      vertex 35.29 45 7.9
      vertex 35.29 49 7.9
    endloop
  endfacet
  facet normal 0 0 1
    outer loop
      vertex 35.29 45 7.9
      vertex 32.44 49 7.9
      vertex 32.44 45 7.9
    endloop
  endfacet
  facet normal -0 0 1
    outer loop
      vertex 30.49 49 7.9
      vertex 31.44 45 7.9
      vertex 31.44 49 7.9
    endloop
  endfacet
  facet normal 0 0 1
    outer loop
      vertex 31.44 45 7.9
      vertex 30.49 49 7.9
      vertex 30.49 45 7.9
    endloop
  endfacet
  facet normal 0 1 0
    outer loop
      vertex 32.44 49 10.7
      vertex 32.44 49 7.9
      vertex 32.04 49 10.7
    endloop
  endfacet
  facet normal 0 1 -0
    outer loop
      vertex 32.04 49 10.7
      vertex 31.44 49 12.9
      vertex 32.04 49 12.9
    endloop
  endfacet
  facet normal 0 1 0
    outer loop
      vertex 31.44 49 7.9
      vertex 32.04 49 10.7
      vertex 32.44 49 7.9
    endloop
  endfacet
  facet normal 0 1 0
    outer loop
      vertex 32.04 49 10.7
      vertex 31.44 49 7.9
      vertex 31.44 49 12.9
    endloop
  endfacet
  facet normal 0 1 -0
    outer loop
      vertex 35.29 49 1.8
      vertex 32.44 49 7.9
      vertex 35.29 49 7.9
    endloop
  endfacet
  facet normal 0 1 0
    outer loop
      vertex 30.49 49 1.8
      vertex 32.44 49 7.9
      vertex 35.29 49 1.8
    endloop
  endfacet
  facet normal 0 1 0
    outer loop
      vertex 32.44 49 7.9
      vertex 30.49 49 1.8
      vertex 31.44 49 7.9
    endloop
  endfacet
  facet normal 0 1 0
    outer loop
      vertex 31.44 49 7.9
      vertex 30.49 49 1.8
      vertex 30.49 49 7.9
    endloop
  endfacet
  facet normal 0 -1 0
    outer loop
      vertex 30.49 45 1.8
      vertex 31.44 45 7.9
      vertex 30.49 45 7.9
    endloop
  endfacet
  facet normal 0 -1 -0
    outer loop
      vertex 31.44 45 7.9
      vertex 30.49 45 1.8
      vertex 32.44 45 7.9
    endloop
  endfacet
  facet normal 0 -1 0
    outer loop
      vertex 35.29 45 1.8
      vertex 32.44 45 7.9
      vertex 30.49 45 1.8
    endloop
  endfacet
  facet normal 0 -1 0
    outer loop
      vertex 32.44 45 7.9
      vertex 35.29 45 1.8
      vertex 35.29 45 7.9
    endloop
  endfacet
  facet normal 0 -1 0
    outer loop
      vertex 31.44 45 12.9
      vertex 32.04 45 10.7
      vertex 32.04 45 12.9
    endloop
  endfacet
  facet normal 0 -1 0
    outer loop
      vertex 31.44 45 7.9
      vertex 32.04 45 10.7
      vertex 31.44 45 12.9
    endloop
  endfacet
  facet normal 0 -1 0
    outer loop
      vertex 32.44 45 7.9
      vertex 32.04 45 10.7
      vertex 31.44 45 7.9
    endloop
  endfacet
  facet normal 0 -1 0
    outer loop
      vertex 32.04 45 10.7
      vertex 32.44 45 7.9
      vertex 32.44 45 10.7
    endloop
  endfacet
  facet normal -1 0 0
    outer loop
      vertex 31.44 45 7.9
      vertex 31.44 49 12.9
      vertex 31.44 49 7.9
    endloop
  endfacet
  facet normal -1 -0 0
    outer loop
      vertex 31.44 49 12.9
      vertex 31.44 45 7.9
      vertex 31.44 45 12.9
    endloop
  endfacet
  facet normal -0 0 1
    outer loop
      vertex 31.44 49 12.9
      vertex 32.04 45 12.9
      vertex 32.04 49 12.9
    endloop
  endfacet
  facet normal 0 0 1
    outer loop
      vertex 32.04 45 12.9
      vertex 31.44 49 12.9
      vertex 31.44 45 12.9
    endloop
  endfacet
  facet normal 1 -0 0
    outer loop
      vertex 32.44 45 10.7
      vertex 32.44 49 7.9
      vertex 32.44 49 10.7
    endloop
  endfacet
  facet normal 1 0 0
    outer loop
      vertex 32.44 49 7.9
      vertex 32.44 45 10.7
      vertex 32.44 45 7.9
    endloop
  endfacet
  facet normal 1 -0 0
    outer loop
      vertex 6.6 56.782 7.9
      vertex 6.6 60.782 1.8
      vertex 6.6 60.782 7.9
    endloop
  endfacet
  facet normal 1 0 0
    outer loop
      vertex 6.6 60.782 1.8
      vertex 6.6 56.782 7.9
      vertex 6.6 56.782 1.8
    endloop
  endfacet
  facet normal -0 0 1
    outer loop
      vertex 5.65 60.782 7.9
      vertex 6.6 56.782 7.9
      vertex 6.6 60.782 7.9
    endloop
  endfacet
  facet normal 0 0 1
    outer loop
      vertex 6.6 56.782 7.9
      vertex 5.65 60.782 7.9
      vertex 5.65 56.782 7.9
    endloop
  endfacet
  facet normal -0 0 1
    outer loop
      vertex 1.8 60.782 7.9
      vertex 4.65 56.782 7.9
      vertex 4.65 60.782 7.9
    endloop
  endfacet
  facet normal 0 0 1
    outer loop
      vertex 4.65 56.782 7.9
      vertex 1.8 60.782 7.9
      vertex 1.8 56.782 7.9
    endloop
  endfacet
  facet normal 0 1 -0
    outer loop
      vertex 6.6 60.782 1.8
      vertex 5.65 60.782 7.9
      vertex 6.6 60.782 7.9
    endloop
  endfacet
  facet normal 0 1 0
    outer loop
      vertex 5.65 60.782 7.9
      vertex 6.6 60.782 1.8
      vertex 4.65 60.782 7.9
    endloop
  endfacet
  facet normal 0 1 0
    outer loop
      vertex 1.8 60.782 1.8
      vertex 4.65 60.782 7.9
      vertex 6.6 60.782 1.8
    endloop
  endfacet
  facet normal 0 1 0
    outer loop
      vertex 4.65 60.782 7.9
      vertex 1.8 60.782 1.8
      vertex 1.8 60.782 7.9
    endloop
  endfacet
  facet normal 0 1 0
    outer loop
      vertex 5.65 60.782 12.9
      vertex 5.05 60.782 10.7
      vertex 5.05 60.782 12.9
    endloop
  endfacet
  facet normal 0 1 -0
    outer loop
      vertex 5.65 60.782 7.9
      vertex 5.05 60.782 10.7
      vertex 5.65 60.782 12.9
    endloop
  endfacet
  facet normal 0 1 0
    outer loop
      vertex 4.65 60.782 7.9
      vertex 5.05 60.782 10.7
      vertex 5.65 60.782 7.9
    endloop
  endfacet
  facet normal 0 1 0
    outer loop
      vertex 5.05 60.782 10.7
      vertex 4.65 60.782 7.9
      vertex 4.65 60.782 10.7
    endloop
  endfacet
  facet normal 0 -1 0
    outer loop
      vertex 4.65 56.782 10.7
      vertex 4.65 56.782 7.9
      vertex 5.05 56.782 10.7
    endloop
  endfacet
  facet normal 0 -1 0
    outer loop
      vertex 5.05 56.782 10.7
      vertex 5.65 56.782 12.9
      vertex 5.05 56.782 12.9
    endloop
  endfacet
  facet normal 0 -1 0
    outer loop
      vertex 5.65 56.782 7.9
      vertex 5.05 56.782 10.7
      vertex 4.65 56.782 7.9
    endloop
  endfacet
  facet normal 0 -1 0
    outer loop
      vertex 5.05 56.782 10.7
      vertex 5.65 56.782 7.9
      vertex 5.65 56.782 12.9
    endloop
  endfacet
  facet normal 0 -1 0
    outer loop
      vertex 1.8 56.782 1.8
      vertex 4.65 56.782 7.9
      vertex 1.8 56.782 7.9
    endloop
  endfacet
  facet normal 0 -1 0
    outer loop
      vertex 6.6 56.782 1.8
      vertex 4.65 56.782 7.9
      vertex 1.8 56.782 1.8
    endloop
  endfacet
  facet normal 0 -1 0
    outer loop
      vertex 4.65 56.782 7.9
      vertex 6.6 56.782 1.8
      vertex 5.65 56.782 7.9
    endloop
  endfacet
  facet normal 0 -1 0
    outer loop
      vertex 5.65 56.782 7.9
      vertex 6.6 56.782 1.8
      vertex 6.6 56.782 7.9
    endloop
  endfacet
  facet normal 1 -0 0
    outer loop
      vertex 5.65 56.782 12.9
      vertex 5.65 60.782 7.9
      vertex 5.65 60.782 12.9
    endloop
  endfacet
  facet normal 1 0 0
    outer loop
      vertex 5.65 60.782 7.9
      vertex 5.65 56.782 12.9
      vertex 5.65 56.782 7.9
    endloop
  endfacet
  facet normal -0 0 1
    outer loop
      vertex 5.05 60.782 12.9
      vertex 5.65 56.782 12.9
      vertex 5.65 60.782 12.9
    endloop
  endfacet
  facet normal 0 0 1
    outer loop
      vertex 5.65 56.782 12.9
      vertex 5.05 60.782 12.9
      vertex 5.05 56.782 12.9
    endloop
  endfacet
  facet normal -1 0 0
    outer loop
      vertex 4.65 56.782 7.9
      vertex 4.65 60.782 10.7
      vertex 4.65 60.782 7.9
    endloop
  endfacet
  facet normal -1 -0 0
    outer loop
      vertex 4.65 60.782 10.7
      vertex 4.65 56.782 7.9
      vertex 4.65 56.782 10.7
    endloop
  endfacet
  facet normal -1 0 0
    outer loop
      vertex 30.49 56.782 1.8
      vertex 30.49 60.782 7.9
      vertex 30.49 60.782 1.8
    endloop
  endfacet
  facet normal -1 -0 0
    outer loop
      vertex 30.49 60.782 7.9
      vertex 30.49 56.782 1.8
      vertex 30.49 56.782 7.9
    endloop
  endfacet
  facet normal -0 0 1
    outer loop
      vertex 32.44 60.782 7.9
      vertex 35.29 56.782 7.9
      vertex 35.29 60.782 7.9
    endloop
  endfacet
  facet normal 0 0 1
    outer loop
      vertex 35.29 56.782 7.9
      vertex 32.44 60.782 7.9
      vertex 32.44 56.782 7.9
    endloop
  endfacet
  facet normal -0 0 1
    outer loop
      vertex 30.49 60.782 7.9
      vertex 31.44 56.782 7.9
      vertex 31.44 60.782 7.9
    endloop
  endfacet
  facet normal 0 0 1
    outer loop
      vertex 31.44 56.782 7.9
      vertex 30.49 60.782 7.9
      vertex 30.49 56.782 7.9
    endloop
  endfacet
  facet normal 0 1 0
    outer loop
      vertex 32.44 60.782 10.7
      vertex 32.44 60.782 7.9
      vertex 32.04 60.782 10.7
    endloop
  endfacet
  facet normal 0 1 -0
    outer loop
      vertex 32.04 60.782 10.7
      vertex 31.44 60.782 12.9
      vertex 32.04 60.782 12.9
    endloop
  endfacet
  facet normal 0 1 0
    outer loop
      vertex 31.44 60.782 7.9
      vertex 32.04 60.782 10.7
      vertex 32.44 60.782 7.9
    endloop
  endfacet
  facet normal 0 1 0
    outer loop
      vertex 32.04 60.782 10.7
      vertex 31.44 60.782 7.9
      vertex 31.44 60.782 12.9
    endloop
  endfacet
  facet normal 0 1 -0
    outer loop
      vertex 35.29 60.782 1.8
      vertex 32.44 60.782 7.9
      vertex 35.29 60.782 7.9
    endloop
  endfacet
  facet normal 0 1 0
    outer loop
      vertex 30.49 60.782 1.8
      vertex 32.44 60.782 7.9
      vertex 35.29 60.782 1.8
    endloop
  endfacet
  facet normal 0 1 0
    outer loop
      vertex 32.44 60.782 7.9
      vertex 30.49 60.782 1.8
      vertex 31.44 60.782 7.9
    endloop
  endfacet
  facet normal 0 1 0
    outer loop
      vertex 31.44 60.782 7.9
      vertex 30.49 60.782 1.8
      vertex 30.49 60.782 7.9
    endloop
  endfacet
  facet normal 0 -1 0
    outer loop
      vertex 30.49 56.782 1.8
      vertex 31.44 56.782 7.9
      vertex 30.49 56.782 7.9
    endloop
  endfacet
  facet normal 0 -1 -0
    outer loop
      vertex 31.44 56.782 7.9
      vertex 30.49 56.782 1.8
      vertex 32.44 56.782 7.9
    endloop
  endfacet
  facet normal 0 -1 0
    outer loop
      vertex 35.29 56.782 1.8
      vertex 32.44 56.782 7.9
      vertex 30.49 56.782 1.8
    endloop
  endfacet
  facet normal 0 -1 0
    outer loop
      vertex 32.44 56.782 7.9
      vertex 35.29 56.782 1.8
      vertex 35.29 56.782 7.9
    endloop
  endfacet
  facet normal 0 -1 0
    outer loop
      vertex 31.44 56.782 12.9
      vertex 32.04 56.782 10.7
      vertex 32.04 56.782 12.9
    endloop
  endfacet
  facet normal 0 -1 0
    outer loop
      vertex 31.44 56.782 7.9
      vertex 32.04 56.782 10.7
      vertex 31.44 56.782 12.9
    endloop
  endfacet
  facet normal 0 -1 0
    outer loop
      vertex 32.44 56.782 7.9
      vertex 32.04 56.782 10.7
      vertex 31.44 56.782 7.9
    endloop
  endfacet
  facet normal 0 -1 0
    outer loop
      vertex 32.04 56.782 10.7
      vertex 32.44 56.782 7.9
      vertex 32.44 56.782 10.7
    endloop
  endfacet
  facet normal -1 0 0
    outer loop
      vertex 31.44 56.782 7.9
      vertex 31.44 60.782 12.9
      vertex 31.44 60.782 7.9
    endloop
  endfacet
  facet normal -1 -0 0
    outer loop
      vertex 31.44 60.782 12.9
      vertex 31.44 56.782 7.9
      vertex 31.44 56.782 12.9
    endloop
  endfacet
  facet normal -0 0 1
    outer loop
      vertex 31.44 60.782 12.9
      vertex 32.04 56.782 12.9
      vertex 32.04 60.782 12.9
    endloop
  endfacet
  facet normal 0 0 1
    outer loop
      vertex 32.04 56.782 12.9
      vertex 31.44 60.782 12.9
      vertex 31.44 56.782 12.9
    endloop
  endfacet
  facet normal 1 -0 0
    outer loop
      vertex 32.44 56.782 10.7
      vertex 32.44 60.782 7.9
      vertex 32.44 60.782 10.7
    endloop
  endfacet
  facet normal 1 0 0
    outer loop
      vertex 32.44 60.782 7.9
      vertex 32.44 56.782 10.7
      vertex 32.44 56.782 7.9
    endloop
  endfacet
  facet normal 1 -0 0
    outer loop
      vertex 6.8 1.85 9.8
      vertex 6.8 2.85 1.8
      vertex 6.8 2.85 9.8
    endloop
  endfacet
  facet normal 1 0 0
    outer loop
      vertex 6.8 2.85 1.8
      vertex 6.8 1.85 9.8
      vertex 6.8 1.85 1.8
    endloop
  endfacet
  facet normal -0 0 1
    outer loop
      vertex 5.8 2.85 9.8
      vertex 6.8 1.85 9.8
      vertex 6.8 2.85 9.8
    endloop
  endfacet
  facet normal 0 0 1
    outer loop
      vertex 6.8 1.85 9.8
      vertex 5.8 2.85 9.8
      vertex 5.8 1.85 9.8
    endloop
  endfacet
  facet normal -1 0 0
    outer loop
      vertex 5.8 1.85 1.8
      vertex 5.8 2.85 9.8
      vertex 5.8 2.85 1.8
    endloop
  endfacet
  facet normal -1 -0 0
    outer loop
      vertex 5.8 2.85 9.8
      vertex 5.8 1.85 1.8
      vertex 5.8 1.85 9.8
    endloop
  endfacet
  facet normal 0 1 -0
    outer loop
      vertex 6.8 2.85 1.8
      vertex 5.8 2.85 9.8
      vertex 6.8 2.85 9.8
    endloop
  endfacet
  facet normal 0 1 0
    outer loop
      vertex 5.8 2.85 9.8
      vertex 6.8 2.85 1.8
      vertex 5.8 2.85 1.8
    endloop
  endfacet
  facet normal 0 -1 0
    outer loop
      vertex 5.8 1.85 1.8
      vertex 6.8 1.85 9.8
      vertex 5.8 1.85 9.8
    endloop
  endfacet
  facet normal 0 -1 -0
    outer loop
      vertex 6.8 1.85 9.8
      vertex 5.8 1.85 1.8
      vertex 6.8 1.85 1.8
    endloop
  endfacet
  facet normal 1 -0 0
    outer loop
      vertex 31.29 1.85 9.8
      vertex 31.29 2.85 1.8
      vertex 31.29 2.85 9.8
    endloop
  endfacet
  facet normal 1 0 0
    outer loop
      vertex 31.29 2.85 1.8
      vertex 31.29 1.85 9.8
      vertex 31.29 1.85 1.8
    endloop
  endfacet
  facet normal -0 0 1
    outer loop
      vertex 30.29 2.85 9.8
      vertex 31.29 1.85 9.8
      vertex 31.29 2.85 9.8
    endloop
  endfacet
  facet normal 0 0 1
    outer loop
      vertex 31.29 1.85 9.8
      vertex 30.29 2.85 9.8
      vertex 30.29 1.85 9.8
    endloop
  endfacet
  facet normal -1 0 0
    outer loop
      vertex 30.29 1.85 1.8
      vertex 30.29 2.85 9.8
      vertex 30.29 2.85 1.8
    endloop
  endfacet
  facet normal -1 -0 0
    outer loop
      vertex 30.29 2.85 9.8
      vertex 30.29 1.85 1.8
      vertex 30.29 1.85 9.8
    endloop
  endfacet
  facet normal 0 1 -0
    outer loop
      vertex 31.29 2.85 1.8
      vertex 30.29 2.85 9.8
      vertex 31.29 2.85 9.8
    endloop
  endfacet
  facet normal 0 1 0
    outer loop
      vertex 30.29 2.85 9.8
      vertex 31.29 2.85 1.8
      vertex 30.29 2.85 1.8
    endloop
  endfacet
  facet normal 0 -1 0
    outer loop
      vertex 30.29 1.85 1.8
      vertex 31.29 1.85 9.8
      vertex 30.29 1.85 9.8
    endloop
  endfacet
  facet normal 0 -1 -0
    outer loop
      vertex 31.29 1.85 9.8
      vertex 30.29 1.85 1.8
      vertex 31.29 1.85 1.8
    endloop
  endfacet
  facet normal 1 -0 0
    outer loop
      vertex 29.29 61.932 10
      vertex 29.29 63.132 1.8
      vertex 29.29 63.132 10
    endloop
  endfacet
  facet normal 1 0 0
    outer loop
      vertex 29.29 63.132 1.8
      vertex 29.29 61.932 10
      vertex 29.29 61.932 1.8
    endloop
  endfacet
  facet normal -0 0 1
    outer loop
      vertex 7.8 63.132 10
      vertex 29.29 61.932 10
      vertex 29.29 63.132 10
    endloop
  endfacet
  facet normal 0 0 1
    outer loop
      vertex 29.29 61.932 10
      vertex 7.8 63.132 10
      vertex 7.8 61.932 10
    endloop
  endfacet
  facet normal -1 0 0
    outer loop
      vertex 7.8 61.932 1.8
      vertex 7.8 63.132 10
      vertex 7.8 63.132 1.8
    endloop
  endfacet
  facet normal -1 -0 0
    outer loop
      vertex 7.8 63.132 10
      vertex 7.8 61.932 1.8
      vertex 7.8 61.932 10
    endloop
  endfacet
  facet normal 0 1 -0
    outer loop
      vertex 29.29 63.132 1.8
      vertex 7.8 63.132 10
      vertex 29.29 63.132 10
    endloop
  endfacet
  facet normal 0 1 0
    outer loop
      vertex 7.8 63.132 10
      vertex 29.29 63.132 1.8
      vertex 7.8 63.132 1.8
    endloop
  endfacet
  facet normal 0 -1 0
    outer loop
      vertex 7.8 61.932 1.8
      vertex 29.29 61.932 10
      vertex 7.8 61.932 10
    endloop
  endfacet
  facet normal 0 -1 -0
    outer loop
      vertex 29.29 61.932 10
      vertex 7.8 61.932 1.8
      vertex 29.29 61.932 1.8
    endloop
  endfacet
  facet normal -1 0 0
    outer loop
      vertex 5.05 68 13.7
      vertex 5.05 68.782 10.7
      vertex 5.05 68 11.1
    endloop
  endfacet
  facet normal -1 0 0
    outer loop
      vertex 5.05 66.982 10.7
      vertex 5.05 68 11.1
      vertex 5.05 68.782 10.7
    endloop
  endfacet
  facet normal -1 -0 0
    outer loop
      vertex 5.05 68 11.1
      vertex 5.05 66.982 10.7
      vertex 5.05 66.982 11.1
    endloop
  endfacet
  facet normal -1 0 0
    outer loop
      vertex 5.05 68.782 10.7
      vertex 5.05 68 13.7
      vertex 5.05 68.782 14.9
    endloop
  endfacet
  facet normal -1 0 0
    outer loop
      vertex 5.05 66.982 14.9
      vertex 5.05 68 13.7
      vertex 5.05 66.982 13.7
    endloop
  endfacet
  facet normal -1 0 0
    outer loop
      vertex 5.05 68 13.7
      vertex 5.05 66.982 14.9
      vertex 5.05 68.782 14.9
    endloop
  endfacet
  facet normal -1 0 0
    outer loop
      vertex 5.05 0 10.7
      vertex 5.05 1.8 13.4
      vertex 5.05 1.8 10.7
    endloop
  endfacet
  facet normal -1 -0 0
    outer loop
      vertex 5.05 1.8 13.4
      vertex 5.05 0 10.7
      vertex 5.05 0 13.4
    endloop
  endfacet
  facet normal -1 0 0
    outer loop
      vertex 5.05 3.5 10.7
      vertex 5.05 7.5 12.9
      vertex 5.05 7.5 10.7
    endloop
  endfacet
  facet normal -1 -0 0
    outer loop
      vertex 5.05 7.5 12.9
      vertex 5.05 3.5 10.7
      vertex 5.05 3.5 12.9
    endloop
  endfacet
  facet normal -1 0 0
    outer loop
      vertex 5.05 45 10.7
      vertex 5.05 49 12.9
      vertex 5.05 49 10.7
    endloop
  endfacet
  facet normal -1 -0 0
    outer loop
      vertex 5.05 49 12.9
      vertex 5.05 45 10.7
      vertex 5.05 45 12.9
    endloop
  endfacet
  facet normal -1 0 0
    outer loop
      vertex 5.05 21 10.7
      vertex 5.05 25 12.9
      vertex 5.05 25 10.7
    endloop
  endfacet
  facet normal -1 -0 0
    outer loop
      vertex 5.05 25 12.9
      vertex 5.05 21 10.7
      vertex 5.05 21 12.9
    endloop
  endfacet
  facet normal -1 0 0
    outer loop
      vertex 5.05 56.782 10.7
      vertex 5.05 60.782 12.9
      vertex 5.05 60.782 10.7
    endloop
  endfacet
  facet normal -1 -0 0
    outer loop
      vertex 5.05 60.782 12.9
      vertex 5.05 56.782 10.7
      vertex 5.05 56.782 12.9
    endloop
  endfacet
  facet normal 0 0 -1
    outer loop
      vertex 3.2 68 13.2
      vertex 2 68.782 13.2
      vertex 3.2 68.782 13.2
    endloop
  endfacet
  facet normal 0 0 -1
    outer loop
      vertex 1.8 68 13.2
      vertex 2 68.782 13.2
      vertex 3.2 68 13.2
    endloop
  endfacet
  facet normal 0 0 -1
    outer loop
      vertex 2 68.782 13.2
      vertex 1.8 68 13.2
      vertex 1.8 68.7689 13.2
    endloop
  endfacet
  facet normal 0 0 -1
    outer loop
      vertex 1.8 1.8 13.2
      vertex 3.2 65.4 13.2
      vertex 3.2 1.8 13.2
    endloop
  endfacet
  facet normal -0 0 -1
    outer loop
      vertex 3.2 65.4 13.2
      vertex 1.8 1.8 13.2
      vertex 1.8 65.4 13.2
    endloop
  endfacet
  facet normal 1 0 0
    outer loop
      vertex 3.2 68.782 14.9
      vertex 3.2 68 13.7
      vertex 3.2 68.782 13.2
    endloop
  endfacet
  facet normal 1 0 0
    outer loop
      vertex 3.2 68.782 14.9
      vertex 3.2 65.4 13.7
      vertex 3.2 68 13.7
    endloop
  endfacet
  facet normal 1 -0 0
    outer loop
      vertex 3.2 1.8 14.9
      vertex 3.2 65.4 13.7
      vertex 3.2 68.782 14.9
    endloop
  endfacet
  facet normal 1 0 0
    outer loop
      vertex 3.2 1.8 13.2
      vertex 3.2 65.4 13.7
      vertex 3.2 1.8 14.9
    endloop
  endfacet
  facet normal 1 0 0
    outer loop
      vertex 3.2 65.4 13.7
      vertex 3.2 1.8 13.2
      vertex 3.2 65.4 13.2
    endloop
  endfacet
  facet normal 1 0 0
    outer loop
      vertex 3.2 68.782 13.2
      vertex 3.2 68 13.7
      vertex 3.2 68 13.2
    endloop
  endfacet
  facet normal 1 0 0
    outer loop
      vertex 32.04 68.782 14.9
      vertex 32.04 68 13.7
      vertex 32.04 68.782 10.7
    endloop
  endfacet
  facet normal 1 -0 0
    outer loop
      vertex 32.04 66.982 14.9
      vertex 32.04 68 13.7
      vertex 32.04 68.782 14.9
    endloop
  endfacet
  facet normal 1 0 0
    outer loop
      vertex 32.04 68 13.7
      vertex 32.04 66.982 14.9
      vertex 32.04 66.982 13.7
    endloop
  endfacet
  facet normal 1 -0 0
    outer loop
      vertex 32.04 68 11.1
      vertex 32.04 68.782 10.7
      vertex 32.04 68 13.7
    endloop
  endfacet
  facet normal 1 0 0
    outer loop
      vertex 32.04 66.982 10.7
      vertex 32.04 68 11.1
      vertex 32.04 66.982 11.1
    endloop
  endfacet
  facet normal 1 0 0
    outer loop
      vertex 32.04 68 11.1
      vertex 32.04 66.982 10.7
      vertex 32.04 68.782 10.7
    endloop
  endfacet
  facet normal 1 -0 0
    outer loop
      vertex 32.04 3.5 12.9
      vertex 32.04 7.5 10.7
      vertex 32.04 7.5 12.9
    endloop
  endfacet
  facet normal 1 0 0
    outer loop
      vertex 32.04 7.5 10.7
      vertex 32.04 3.5 12.9
      vertex 32.04 3.5 10.7
    endloop
  endfacet
  facet normal 1 -0 0
    outer loop
      vertex 32.04 45 12.9
      vertex 32.04 49 10.7
      vertex 32.04 49 12.9
    endloop
  endfacet
  facet normal 1 0 0
    outer loop
      vertex 32.04 49 10.7
      vertex 32.04 45 12.9
      vertex 32.04 45 10.7
    endloop
  endfacet
  facet normal 1 -0 0
    outer loop
      vertex 32.04 21 12.9
      vertex 32.04 25 10.7
      vertex 32.04 25 12.9
    endloop
  endfacet
  facet normal 1 0 0
    outer loop
      vertex 32.04 25 10.7
      vertex 32.04 21 12.9
      vertex 32.04 21 10.7
    endloop
  endfacet
  facet normal 1 -0 0
    outer loop
      vertex 32.04 56.782 12.9
      vertex 32.04 60.782 10.7
      vertex 32.04 60.782 12.9
    endloop
  endfacet
  facet normal 1 0 0
    outer loop
      vertex 32.04 60.782 10.7
      vertex 32.04 56.782 12.9
      vertex 32.04 56.782 10.7
    endloop
  endfacet
  facet normal 1 -0 0
    outer loop
      vertex 32.04 0 13.2
      vertex 32.04 1.8 10.7
      vertex 32.04 1.8 13.2
    endloop
  endfacet
  facet normal 1 0 0
    outer loop
      vertex 32.04 1.8 10.7
      vertex 32.04 0 13.2
      vertex 32.04 0 10.7
    endloop
  endfacet
  facet normal 0 0 -1
    outer loop
      vertex 35.29 68 13.2
      vertex 35.09 68.782 13.2
      vertex 35.29 68.7689 13.2
    endloop
  endfacet
  facet normal 0 0 -1
    outer loop
      vertex 33.89 68 13.2
      vertex 35.09 68.782 13.2
      vertex 35.29 68 13.2
    endloop
  endfacet
  facet normal -0 0 -1
    outer loop
      vertex 35.09 68.782 13.2
      vertex 33.89 68 13.2
      vertex 33.89 68.782 13.2
    endloop
  endfacet
  facet normal 0 0 -1
    outer loop
      vertex 33.89 1.8 13.2
      vertex 35.29 65.4 13.2
      vertex 35.29 1.8 13.2
    endloop
  endfacet
  facet normal -0 0 -1
    outer loop
      vertex 35.29 65.4 13.2
      vertex 33.89 1.8 13.2
      vertex 33.89 65.4 13.2
    endloop
  endfacet
  facet normal 0 0 -0
    outer loop
      vertex 35.29 1.8 13.2
      vertex 35.29 65.4 13.2
      vertex 35.29 0.0131084 13.2
    endloop
  endfacet
  facet normal -1 0 0
    outer loop
      vertex 35.29 68.7689 10.7
      vertex 35.29 68 11.1
      vertex 35.29 68.7689 13.2
    endloop
  endfacet
  facet normal -1 0 0
    outer loop
      vertex 35.29 68.7689 10.7
      vertex 35.29 65.4 11.1
      vertex 35.29 68 11.1
    endloop
  endfacet
  facet normal -1 0 0
    outer loop
      vertex 35.29 0.0131084 10.7
      vertex 35.29 65.4 11.1
      vertex 35.29 68.7689 10.7
    endloop
  endfacet
  facet normal -1 0 0
    outer loop
      vertex 35.29 0.0131084 10.7
      vertex 35.29 65.4 13.2
      vertex 35.29 65.4 11.1
    endloop
  endfacet
  facet normal -1 -0 0
    outer loop
      vertex 35.29 65.4 13.2
      vertex 35.29 0.0131084 10.7
      vertex 35.29 0.0131084 13.2
    endloop
  endfacet
  facet normal -1 -0 0
    outer loop
      vertex 35.29 68.7689 13.2
      vertex 35.29 68 11.1
      vertex 35.29 68 13.2
    endloop
  endfacet
  facet normal -1 0 0
    outer loop
      vertex 33.89 65.4 13.2
      vertex 33.89 1.8 13.2
      vertex 33.89 65.4 13.7
    endloop
  endfacet
  facet normal -1 0 0
    outer loop
      vertex 33.89 68 13.7
      vertex 33.89 68.782 13.2
      vertex 33.89 68 13.2
    endloop
  endfacet
  facet normal -1 0 0
    outer loop
      vertex 33.89 68.782 13.2
      vertex 33.89 68 13.7
      vertex 33.89 68.782 14.9
    endloop
  endfacet
  facet normal -1 0 0
    outer loop
      vertex 33.89 65.4 13.7
      vertex 33.89 68.782 14.9
      vertex 33.89 68 13.7
    endloop
  endfacet
  facet normal -1 0 0
    outer loop
      vertex 33.89 1.8 14.9
      vertex 33.89 65.4 13.7
      vertex 33.89 1.8 13.2
    endloop
  endfacet
  facet normal -1 0 0
    outer loop
      vertex 33.89 65.4 13.7
      vertex 33.89 1.8 14.9
      vertex 33.89 68.782 14.9
    endloop
  endfacet
  facet normal -1 0 0
    outer loop
      vertex 35.29 0.0131084 13.2
      vertex 35.29 1.8 13.4
      vertex 35.29 1.8 13.2
    endloop
  endfacet
  facet normal -1 -0 0
    outer loop
      vertex 35.29 1.8 13.4
      vertex 35.29 0.0131084 13.2
      vertex 35.29 0.0131084 13.4
    endloop
  endfacet
  facet normal 1 -0 0
    outer loop
      vertex 32.04 0 13.4
      vertex 32.04 1.8 13.2
      vertex 32.04 1.8 13.4
    endloop
  endfacet
  facet normal 1 0 0
    outer loop
      vertex 32.04 1.8 13.2
      vertex 32.04 0 13.4
      vertex 32.04 0 13.2
    endloop
  endfacet
  facet normal 0 -1 0
    outer loop
      vertex 12 19.2 0
      vertex 25 19.2 1.8
      vertex 12 19.2 1.8
    endloop
  endfacet
  facet normal 0 -1 -0
    outer loop
      vertex 25 19.2 1.8
      vertex 12 19.2 0
      vertex 25 19.2 0
    endloop
  endfacet
  facet normal -0.831462 -0.555582 0
    outer loop
      vertex 26.0392 18.6 0
      vertex 25.952 18.7305 1.8
      vertex 25.952 18.7305 0
    endloop
  endfacet
  facet normal -0.831462 -0.555582 0
    outer loop
      vertex 25.952 18.7305 1.8
      vertex 26.0392 18.6 0
      vertex 26.0392 18.6 1.8
    endloop
  endfacet
  facet normal 0.997844 0.0656309 0
    outer loop
      vertex 10.8103 17.8434 1.8
      vertex 10.8 18 0
      vertex 10.8 18 1.8
    endloop
  endfacet
  facet normal 0.997844 0.0656309 0
    outer loop
      vertex 10.8 18 0
      vertex 10.8103 17.8434 1.8
      vertex 10.8103 17.8434 0
    endloop
  endfacet
  facet normal 0.0656309 0.997844 -0
    outer loop
      vertex 12 16.8 0
      vertex 11.8434 16.8103 1.8
      vertex 12 16.8 1.8
    endloop
  endfacet
  facet normal 0.0656309 0.997844 0
    outer loop
      vertex 11.8434 16.8103 1.8
      vertex 12 16.8 0
      vertex 11.8434 16.8103 0
    endloop
  endfacet
  facet normal 0 1 -0
    outer loop
      vertex 25 16.8 0
      vertex 12 16.8 1.8
      vertex 25 16.8 1.8
    endloop
  endfacet
  facet normal 0 1 0
    outer loop
      vertex 12 16.8 1.8
      vertex 25 16.8 0
      vertex 12 16.8 0
    endloop
  endfacet
  facet normal -0.442622 0.896708 0
    outer loop
      vertex 25.6 16.9608 0
      vertex 25.4592 16.8913 1.8
      vertex 25.6 16.9608 1.8
    endloop
  endfacet
  facet normal -0.442622 0.896708 0
    outer loop
      vertex 25.4592 16.8913 1.8
      vertex 25.6 16.9608 0
      vertex 25.4592 16.8913 0
    endloop
  endfacet
  facet normal 0.896708 0.442622 0
    outer loop
      vertex 10.9608 17.4 1.8
      vertex 10.8913 17.5408 0
      vertex 10.8913 17.5408 1.8
    endloop
  endfacet
  facet normal 0.896708 0.442622 0
    outer loop
      vertex 10.8913 17.5408 0
      vertex 10.9608 17.4 1.8
      vertex 10.9608 17.4 0
    endloop
  endfacet
  facet normal 0.0656309 -0.997844 0
    outer loop
      vertex 11.8434 19.1897 0
      vertex 12 19.2 1.8
      vertex 11.8434 19.1897 1.8
    endloop
  endfacet
  facet normal 0.0656309 -0.997844 0
    outer loop
      vertex 12 19.2 1.8
      vertex 11.8434 19.1897 0
      vertex 12 19.2 0
    endloop
  endfacet
  facet normal -0.555582 0.831462 0
    outer loop
      vertex 25.7305 17.048 0
      vertex 25.6 16.9608 1.8
      vertex 25.7305 17.048 1.8
    endloop
  endfacet
  facet normal -0.555582 0.831462 0
    outer loop
      vertex 25.6 16.9608 1.8
      vertex 25.7305 17.048 0
      vertex 25.6 16.9608 0
    endloop
  endfacet
  facet normal -0.442622 -0.896708 0
    outer loop
      vertex 25.4592 19.1087 0
      vertex 25.6 19.0392 1.8
      vertex 25.4592 19.1087 1.8
    endloop
  endfacet
  facet normal -0.442622 -0.896708 -0
    outer loop
      vertex 25.6 19.0392 1.8
      vertex 25.4592 19.1087 0
      vertex 25.6 19.0392 0
    endloop
  endfacet
  facet normal 0.194891 -0.980825 0
    outer loop
      vertex 11.6894 19.1591 0
      vertex 11.8434 19.1897 1.8
      vertex 11.6894 19.1591 1.8
    endloop
  endfacet
  facet normal 0.194891 -0.980825 0
    outer loop
      vertex 11.8434 19.1897 1.8
      vertex 11.6894 19.1591 0
      vertex 11.8434 19.1897 0
    endloop
  endfacet
  facet normal -0.0656309 0.997844 0
    outer loop
      vertex 25.1566 16.8103 0
      vertex 25 16.8 1.8
      vertex 25.1566 16.8103 1.8
    endloop
  endfacet
  facet normal -0.0656309 0.997844 0
    outer loop
      vertex 25 16.8 1.8
      vertex 25.1566 16.8103 0
      vertex 25 16.8 0
    endloop
  endfacet
  facet normal 0.751787 0.659406 0
    outer loop
      vertex 11.1515 17.1515 1.8
      vertex 11.048 17.2695 0
      vertex 11.048 17.2695 1.8
    endloop
  endfacet
  facet normal 0.751787 0.659406 0
    outer loop
      vertex 11.048 17.2695 0
      vertex 11.1515 17.1515 1.8
      vertex 11.1515 17.1515 0
    endloop
  endfacet
  facet normal 0.896708 -0.442622 0
    outer loop
      vertex 10.8913 18.4592 1.8
      vertex 10.9608 18.6 0
      vertex 10.9608 18.6 1.8
    endloop
  endfacet
  facet normal 0.896708 -0.442622 0
    outer loop
      vertex 10.9608 18.6 0
      vertex 10.8913 18.4592 1.8
      vertex 10.8913 18.4592 0
    endloop
  endfacet
  facet normal -0.997844 0.0656309 0
    outer loop
      vertex 26.1897 17.8434 0
      vertex 26.2 18 1.8
      vertex 26.2 18 0
    endloop
  endfacet
  facet normal -0.997844 0.0656309 0
    outer loop
      vertex 26.2 18 1.8
      vertex 26.1897 17.8434 0
      vertex 26.1897 17.8434 1.8
    endloop
  endfacet
  facet normal 0.947013 -0.321194 0
    outer loop
      vertex 10.8409 18.3106 1.8
      vertex 10.8913 18.4592 0
      vertex 10.8913 18.4592 1.8
    endloop
  endfacet
  facet normal 0.947013 -0.321194 0
    outer loop
      vertex 10.8913 18.4592 0
      vertex 10.8409 18.3106 1.8
      vertex 10.8409 18.3106 0
    endloop
  endfacet
  facet normal 0.659406 0.751787 -0
    outer loop
      vertex 11.2695 17.048 0
      vertex 11.1515 17.1515 1.8
      vertex 11.2695 17.048 1.8
    endloop
  endfacet
  facet normal 0.659406 0.751787 0
    outer loop
      vertex 11.1515 17.1515 1.8
      vertex 11.2695 17.048 0
      vertex 11.1515 17.1515 0
    endloop
  endfacet
  facet normal 0.831462 -0.555582 0
    outer loop
      vertex 10.9608 18.6 1.8
      vertex 11.048 18.7305 0
      vertex 11.048 18.7305 1.8
    endloop
  endfacet
  facet normal 0.831462 -0.555582 0
    outer loop
      vertex 11.048 18.7305 0
      vertex 10.9608 18.6 1.8
      vertex 10.9608 18.6 0
    endloop
  endfacet
  facet normal 0.659406 -0.751787 0
    outer loop
      vertex 11.1515 18.8485 0
      vertex 11.2695 18.952 1.8
      vertex 11.1515 18.8485 1.8
    endloop
  endfacet
  facet normal 0.659406 -0.751787 0
    outer loop
      vertex 11.2695 18.952 1.8
      vertex 11.1515 18.8485 0
      vertex 11.2695 18.952 0
    endloop
  endfacet
  facet normal -0.194891 0.980825 0
    outer loop
      vertex 25.3106 16.8409 0
      vertex 25.1566 16.8103 1.8
      vertex 25.3106 16.8409 1.8
    endloop
  endfacet
  facet normal -0.194891 0.980825 0
    outer loop
      vertex 25.1566 16.8103 1.8
      vertex 25.3106 16.8409 0
      vertex 25.1566 16.8103 0
    endloop
  endfacet
  facet normal -0.0656309 -0.997844 0
    outer loop
      vertex 25 19.2 0
      vertex 25.1566 19.1897 1.8
      vertex 25 19.2 1.8
    endloop
  endfacet
  facet normal -0.0656309 -0.997844 -0
    outer loop
      vertex 25.1566 19.1897 1.8
      vertex 25 19.2 0
      vertex 25.1566 19.1897 0
    endloop
  endfacet
  facet normal -0.980825 0.194891 0
    outer loop
      vertex 26.1591 17.6894 0
      vertex 26.1897 17.8434 1.8
      vertex 26.1897 17.8434 0
    endloop
  endfacet
  facet normal -0.980825 0.194891 0
    outer loop
      vertex 26.1897 17.8434 1.8
      vertex 26.1591 17.6894 0
      vertex 26.1591 17.6894 1.8
    endloop
  endfacet
  facet normal -0.659406 0.751787 0
    outer loop
      vertex 25.8485 17.1515 0
      vertex 25.7305 17.048 1.8
      vertex 25.8485 17.1515 1.8
    endloop
  endfacet
  facet normal -0.659406 0.751787 0
    outer loop
      vertex 25.7305 17.048 1.8
      vertex 25.8485 17.1515 0
      vertex 25.7305 17.048 0
    endloop
  endfacet
  facet normal 0.751787 -0.659406 0
    outer loop
      vertex 11.048 18.7305 1.8
      vertex 11.1515 18.8485 0
      vertex 11.1515 18.8485 1.8
    endloop
  endfacet
  facet normal 0.751787 -0.659406 0
    outer loop
      vertex 11.1515 18.8485 0
      vertex 11.048 18.7305 1.8
      vertex 11.048 18.7305 0
    endloop
  endfacet
  facet normal 0.997844 -0.0656309 0
    outer loop
      vertex 10.8 18 1.8
      vertex 10.8103 18.1566 0
      vertex 10.8103 18.1566 1.8
    endloop
  endfacet
  facet normal 0.997844 -0.0656309 0
    outer loop
      vertex 10.8103 18.1566 0
      vertex 10.8 18 1.8
      vertex 10.8 18 0
    endloop
  endfacet
  facet normal 0.321194 -0.947013 0
    outer loop
      vertex 11.5408 19.1087 0
      vertex 11.6894 19.1591 1.8
      vertex 11.5408 19.1087 1.8
    endloop
  endfacet
  facet normal 0.321194 -0.947013 0
    outer loop
      vertex 11.6894 19.1591 1.8
      vertex 11.5408 19.1087 0
      vertex 11.6894 19.1591 0
    endloop
  endfacet
  facet normal 0.442622 -0.896708 0
    outer loop
      vertex 11.4 19.0392 0
      vertex 11.5408 19.1087 1.8
      vertex 11.4 19.0392 1.8
    endloop
  endfacet
  facet normal 0.442622 -0.896708 0
    outer loop
      vertex 11.5408 19.1087 1.8
      vertex 11.4 19.0392 0
      vertex 11.5408 19.1087 0
    endloop
  endfacet
  facet normal -0.659406 -0.751787 0
    outer loop
      vertex 25.7305 18.952 0
      vertex 25.8485 18.8485 1.8
      vertex 25.7305 18.952 1.8
    endloop
  endfacet
  facet normal -0.659406 -0.751787 -0
    outer loop
      vertex 25.8485 18.8485 1.8
      vertex 25.7305 18.952 0
      vertex 25.8485 18.8485 0
    endloop
  endfacet
  facet normal 0.442622 0.896708 -0
    outer loop
      vertex 11.5408 16.8913 0
      vertex 11.4 16.9608 1.8
      vertex 11.5408 16.8913 1.8
    endloop
  endfacet
  facet normal 0.442622 0.896708 0
    outer loop
      vertex 11.4 16.9608 1.8
      vertex 11.5408 16.8913 0
      vertex 11.4 16.9608 0
    endloop
  endfacet
  facet normal 0.555582 0.831462 -0
    outer loop
      vertex 11.4 16.9608 0
      vertex 11.2695 17.048 1.8
      vertex 11.4 16.9608 1.8
    endloop
  endfacet
  facet normal 0.555582 0.831462 0
    outer loop
      vertex 11.2695 17.048 1.8
      vertex 11.4 16.9608 0
      vertex 11.2695 17.048 0
    endloop
  endfacet
  facet normal -0.947013 0.321194 0
    outer loop
      vertex 26.1087 17.5408 0
      vertex 26.1591 17.6894 1.8
      vertex 26.1591 17.6894 0
    endloop
  endfacet
  facet normal -0.947013 0.321194 0
    outer loop
      vertex 26.1591 17.6894 1.8
      vertex 26.1087 17.5408 0
      vertex 26.1087 17.5408 1.8
    endloop
  endfacet
  facet normal 0.980825 -0.194891 0
    outer loop
      vertex 10.8103 18.1566 1.8
      vertex 10.8409 18.3106 0
      vertex 10.8409 18.3106 1.8
    endloop
  endfacet
  facet normal 0.980825 -0.194891 0
    outer loop
      vertex 10.8409 18.3106 0
      vertex 10.8103 18.1566 1.8
      vertex 10.8103 18.1566 0
    endloop
  endfacet
  facet normal 0.947013 0.321194 0
    outer loop
      vertex 10.8913 17.5408 1.8
      vertex 10.8409 17.6894 0
      vertex 10.8409 17.6894 1.8
    endloop
  endfacet
  facet normal 0.947013 0.321194 0
    outer loop
      vertex 10.8409 17.6894 0
      vertex 10.8913 17.5408 1.8
      vertex 10.8913 17.5408 0
    endloop
  endfacet
  facet normal 0.194891 0.980825 -0
    outer loop
      vertex 11.8434 16.8103 0
      vertex 11.6894 16.8409 1.8
      vertex 11.8434 16.8103 1.8
    endloop
  endfacet
  facet normal 0.194891 0.980825 0
    outer loop
      vertex 11.6894 16.8409 1.8
      vertex 11.8434 16.8103 0
      vertex 11.6894 16.8409 0
    endloop
  endfacet
  facet normal -0.997844 -0.0656309 0
    outer loop
      vertex 26.2 18 0
      vertex 26.1897 18.1566 1.8
      vertex 26.1897 18.1566 0
    endloop
  endfacet
  facet normal -0.997844 -0.0656309 0
    outer loop
      vertex 26.1897 18.1566 1.8
      vertex 26.2 18 0
      vertex 26.2 18 1.8
    endloop
  endfacet
  facet normal -0.831462 0.555582 0
    outer loop
      vertex 25.952 17.2695 0
      vertex 26.0392 17.4 1.8
      vertex 26.0392 17.4 0
    endloop
  endfacet
  facet normal -0.831462 0.555582 0
    outer loop
      vertex 26.0392 17.4 1.8
      vertex 25.952 17.2695 0
      vertex 25.952 17.2695 1.8
    endloop
  endfacet
  facet normal -0.321194 -0.947013 0
    outer loop
      vertex 25.3106 19.1591 0
      vertex 25.4592 19.1087 1.8
      vertex 25.3106 19.1591 1.8
    endloop
  endfacet
  facet normal -0.321194 -0.947013 -0
    outer loop
      vertex 25.4592 19.1087 1.8
      vertex 25.3106 19.1591 0
      vertex 25.4592 19.1087 0
    endloop
  endfacet
  facet normal 0.831462 0.555582 0
    outer loop
      vertex 11.048 17.2695 1.8
      vertex 10.9608 17.4 0
      vertex 10.9608 17.4 1.8
    endloop
  endfacet
  facet normal 0.831462 0.555582 0
    outer loop
      vertex 10.9608 17.4 0
      vertex 11.048 17.2695 1.8
      vertex 11.048 17.2695 0
    endloop
  endfacet
  facet normal -0.896708 -0.442622 0
    outer loop
      vertex 26.1087 18.4592 0
      vertex 26.0392 18.6 1.8
      vertex 26.0392 18.6 0
    endloop
  endfacet
  facet normal -0.896708 -0.442622 0
    outer loop
      vertex 26.0392 18.6 1.8
      vertex 26.1087 18.4592 0
      vertex 26.1087 18.4592 1.8
    endloop
  endfacet
  facet normal 0.980825 0.194891 0
    outer loop
      vertex 10.8409 17.6894 1.8
      vertex 10.8103 17.8434 0
      vertex 10.8103 17.8434 1.8
    endloop
  endfacet
  facet normal 0.980825 0.194891 0
    outer loop
      vertex 10.8103 17.8434 0
      vertex 10.8409 17.6894 1.8
      vertex 10.8409 17.6894 0
    endloop
  endfacet
  facet normal -0.947013 -0.321194 0
    outer loop
      vertex 26.1591 18.3106 0
      vertex 26.1087 18.4592 1.8
      vertex 26.1087 18.4592 0
    endloop
  endfacet
  facet normal -0.947013 -0.321194 0
    outer loop
      vertex 26.1087 18.4592 1.8
      vertex 26.1591 18.3106 0
      vertex 26.1591 18.3106 1.8
    endloop
  endfacet
  facet normal -0.980825 -0.194891 0
    outer loop
      vertex 26.1897 18.1566 0
      vertex 26.1591 18.3106 1.8
      vertex 26.1591 18.3106 0
    endloop
  endfacet
  facet normal -0.980825 -0.194891 0
    outer loop
      vertex 26.1591 18.3106 1.8
      vertex 26.1897 18.1566 0
      vertex 26.1897 18.1566 1.8
    endloop
  endfacet
  facet normal -0.751787 -0.659406 0
    outer loop
      vertex 25.952 18.7305 0
      vertex 25.8485 18.8485 1.8
      vertex 25.8485 18.8485 0
    endloop
  endfacet
  facet normal -0.751787 -0.659406 0
    outer loop
      vertex 25.8485 18.8485 1.8
      vertex 25.952 18.7305 0
      vertex 25.952 18.7305 1.8
    endloop
  endfacet
  facet normal -0.194891 -0.980825 0
    outer loop
      vertex 25.1566 19.1897 0
      vertex 25.3106 19.1591 1.8
      vertex 25.1566 19.1897 1.8
    endloop
  endfacet
  facet normal -0.194891 -0.980825 -0
    outer loop
      vertex 25.3106 19.1591 1.8
      vertex 25.1566 19.1897 0
      vertex 25.3106 19.1591 0
    endloop
  endfacet
  facet normal -0.555582 -0.831462 0
    outer loop
      vertex 25.6 19.0392 0
      vertex 25.7305 18.952 1.8
      vertex 25.6 19.0392 1.8
    endloop
  endfacet
  facet normal -0.555582 -0.831462 -0
    outer loop
      vertex 25.7305 18.952 1.8
      vertex 25.6 19.0392 0
      vertex 25.7305 18.952 0
    endloop
  endfacet
  facet normal 0.321194 0.947013 -0
    outer loop
      vertex 11.6894 16.8409 0
      vertex 11.5408 16.8913 1.8
      vertex 11.6894 16.8409 1.8
    endloop
  endfacet
  facet normal 0.321194 0.947013 0
    outer loop
      vertex 11.5408 16.8913 1.8
      vertex 11.6894 16.8409 0
      vertex 11.5408 16.8913 0
    endloop
  endfacet
  facet normal 0.555582 -0.831462 0
    outer loop
      vertex 11.2695 18.952 0
      vertex 11.4 19.0392 1.8
      vertex 11.2695 18.952 1.8
    endloop
  endfacet
  facet normal 0.555582 -0.831462 0
    outer loop
      vertex 11.4 19.0392 1.8
      vertex 11.2695 18.952 0
      vertex 11.4 19.0392 0
    endloop
  endfacet
  facet normal -0.321194 0.947013 0
    outer loop
      vertex 25.4592 16.8913 0
      vertex 25.3106 16.8409 1.8
      vertex 25.4592 16.8913 1.8
    endloop
  endfacet
  facet normal -0.321194 0.947013 0
    outer loop
      vertex 25.3106 16.8409 1.8
      vertex 25.4592 16.8913 0
      vertex 25.3106 16.8409 0
    endloop
  endfacet
  facet normal -0.751787 0.659406 0
    outer loop
      vertex 25.8485 17.1515 0
      vertex 25.952 17.2695 1.8
      vertex 25.952 17.2695 0
    endloop
  endfacet
  facet normal -0.751787 0.659406 0
    outer loop
      vertex 25.952 17.2695 1.8
      vertex 25.8485 17.1515 0
      vertex 25.8485 17.1515 1.8
    endloop
  endfacet
  facet normal -0.896708 0.442622 0
    outer loop
      vertex 26.0392 17.4 0
      vertex 26.1087 17.5408 1.8
      vertex 26.1087 17.5408 0
    endloop
  endfacet
  facet normal -0.896708 0.442622 0
    outer loop
      vertex 26.1087 17.5408 1.8
      vertex 26.0392 17.4 0
      vertex 26.0392 17.4 1.8
    endloop
  endfacet
  facet normal 0.0656309 -0.997844 0
    outer loop
      vertex 11.8434 25.1897 0
      vertex 12 25.2 1.8
      vertex 11.8434 25.1897 1.8
    endloop
  endfacet
  facet normal 0.0656309 -0.997844 0
    outer loop
      vertex 12 25.2 1.8
      vertex 11.8434 25.1897 0
      vertex 12 25.2 0
    endloop
  endfacet
  facet normal -0.997844 -0.0656309 0
    outer loop
      vertex 26.2 24 0
      vertex 26.1897 24.1566 1.8
      vertex 26.1897 24.1566 0
    endloop
  endfacet
  facet normal -0.997844 -0.0656309 0
    outer loop
      vertex 26.1897 24.1566 1.8
      vertex 26.2 24 0
      vertex 26.2 24 1.8
    endloop
  endfacet
  facet normal -0.751787 -0.659406 0
    outer loop
      vertex 25.952 24.7305 0
      vertex 25.8485 24.8485 1.8
      vertex 25.8485 24.8485 0
    endloop
  endfacet
  facet normal -0.751787 -0.659406 0
    outer loop
      vertex 25.8485 24.8485 1.8
      vertex 25.952 24.7305 0
      vertex 25.952 24.7305 1.8
    endloop
  endfacet
  facet normal 0.442622 0.896708 -0
    outer loop
      vertex 11.5408 22.8913 0
      vertex 11.4 22.9608 1.8
      vertex 11.5408 22.8913 1.8
    endloop
  endfacet
  facet normal 0.442622 0.896708 0
    outer loop
      vertex 11.4 22.9608 1.8
      vertex 11.5408 22.8913 0
      vertex 11.4 22.9608 0
    endloop
  endfacet
  facet normal -0.831462 -0.555582 0
    outer loop
      vertex 26.0392 24.6 0
      vertex 25.952 24.7305 1.8
      vertex 25.952 24.7305 0
    endloop
  endfacet
  facet normal -0.831462 -0.555582 0
    outer loop
      vertex 25.952 24.7305 1.8
      vertex 26.0392 24.6 0
      vertex 26.0392 24.6 1.8
    endloop
  endfacet
  facet normal 0.980825 -0.194891 0
    outer loop
      vertex 10.8103 24.1566 1.8
      vertex 10.8409 24.3106 0
      vertex 10.8409 24.3106 1.8
    endloop
  endfacet
  facet normal 0.980825 -0.194891 0
    outer loop
      vertex 10.8409 24.3106 0
      vertex 10.8103 24.1566 1.8
      vertex 10.8103 24.1566 0
    endloop
  endfacet
  facet normal -0.896708 0.442622 0
    outer loop
      vertex 26.0392 23.4 0
      vertex 26.1087 23.5408 1.8
      vertex 26.1087 23.5408 0
    endloop
  endfacet
  facet normal -0.896708 0.442622 0
    outer loop
      vertex 26.1087 23.5408 1.8
      vertex 26.0392 23.4 0
      vertex 26.0392 23.4 1.8
    endloop
  endfacet
  facet normal -0.751787 0.659406 0
    outer loop
      vertex 25.8485 23.1515 0
      vertex 25.952 23.2695 1.8
      vertex 25.952 23.2695 0
    endloop
  endfacet
  facet normal -0.751787 0.659406 0
    outer loop
      vertex 25.952 23.2695 1.8
      vertex 25.8485 23.1515 0
      vertex 25.8485 23.1515 1.8
    endloop
  endfacet
  facet normal -0.555582 0.831462 0
    outer loop
      vertex 25.7305 23.048 0
      vertex 25.6 22.9608 1.8
      vertex 25.7305 23.048 1.8
    endloop
  endfacet
  facet normal -0.555582 0.831462 0
    outer loop
      vertex 25.6 22.9608 1.8
      vertex 25.7305 23.048 0
      vertex 25.6 22.9608 0
    endloop
  endfacet
  facet normal 0.947013 -0.321194 0
    outer loop
      vertex 10.8409 24.3106 1.8
      vertex 10.8913 24.4592 0
      vertex 10.8913 24.4592 1.8
    endloop
  endfacet
  facet normal 0.947013 -0.321194 0
    outer loop
      vertex 10.8913 24.4592 0
      vertex 10.8409 24.3106 1.8
      vertex 10.8409 24.3106 0
    endloop
  endfacet
  facet normal -0.442622 -0.896708 0
    outer loop
      vertex 25.4592 25.1087 0
      vertex 25.6 25.0392 1.8
      vertex 25.4592 25.1087 1.8
    endloop
  endfacet
  facet normal -0.442622 -0.896708 -0
    outer loop
      vertex 25.6 25.0392 1.8
      vertex 25.4592 25.1087 0
      vertex 25.6 25.0392 0
    endloop
  endfacet
  facet normal 0.442622 -0.896708 0
    outer loop
      vertex 11.4 25.0392 0
      vertex 11.5408 25.1087 1.8
      vertex 11.4 25.0392 1.8
    endloop
  endfacet
  facet normal 0.442622 -0.896708 0
    outer loop
      vertex 11.5408 25.1087 1.8
      vertex 11.4 25.0392 0
      vertex 11.5408 25.1087 0
    endloop
  endfacet
  facet normal -0.831462 0.555582 0
    outer loop
      vertex 25.952 23.2695 0
      vertex 26.0392 23.4 1.8
      vertex 26.0392 23.4 0
    endloop
  endfacet
  facet normal -0.831462 0.555582 0
    outer loop
      vertex 26.0392 23.4 1.8
      vertex 25.952 23.2695 0
      vertex 25.952 23.2695 1.8
    endloop
  endfacet
  facet normal 0.896708 0.442622 0
    outer loop
      vertex 10.9608 23.4 1.8
      vertex 10.8913 23.5408 0
      vertex 10.8913 23.5408 1.8
    endloop
  endfacet
  facet normal 0.896708 0.442622 0
    outer loop
      vertex 10.8913 23.5408 0
      vertex 10.9608 23.4 1.8
      vertex 10.9608 23.4 0
    endloop
  endfacet
  facet normal 0 1 -0
    outer loop
      vertex 25 22.8 0
      vertex 12 22.8 1.8
      vertex 25 22.8 1.8
    endloop
  endfacet
  facet normal 0 1 0
    outer loop
      vertex 12 22.8 1.8
      vertex 25 22.8 0
      vertex 12 22.8 0
    endloop
  endfacet
  facet normal 0.0656309 0.997844 -0
    outer loop
      vertex 12 22.8 0
      vertex 11.8434 22.8103 1.8
      vertex 12 22.8 1.8
    endloop
  endfacet
  facet normal 0.0656309 0.997844 0
    outer loop
      vertex 11.8434 22.8103 1.8
      vertex 12 22.8 0
      vertex 11.8434 22.8103 0
    endloop
  endfacet
  facet normal -0.997844 0.0656309 0
    outer loop
      vertex 26.1897 23.8434 0
      vertex 26.2 24 1.8
      vertex 26.2 24 0
    endloop
  endfacet
  facet normal -0.997844 0.0656309 0
    outer loop
      vertex 26.2 24 1.8
      vertex 26.1897 23.8434 0
      vertex 26.1897 23.8434 1.8
    endloop
  endfacet
  facet normal -0.947013 0.321194 0
    outer loop
      vertex 26.1087 23.5408 0
      vertex 26.1591 23.6894 1.8
      vertex 26.1591 23.6894 0
    endloop
  endfacet
  facet normal -0.947013 0.321194 0
    outer loop
      vertex 26.1591 23.6894 1.8
      vertex 26.1087 23.5408 0
      vertex 26.1087 23.5408 1.8
    endloop
  endfacet
  facet normal 0.831462 0.555582 0
    outer loop
      vertex 11.048 23.2695 1.8
      vertex 10.9608 23.4 0
      vertex 10.9608 23.4 1.8
    endloop
  endfacet
  facet normal 0.831462 0.555582 0
    outer loop
      vertex 10.9608 23.4 0
      vertex 11.048 23.2695 1.8
      vertex 11.048 23.2695 0
    endloop
  endfacet
  facet normal -0.659406 0.751787 0
    outer loop
      vertex 25.8485 23.1515 0
      vertex 25.7305 23.048 1.8
      vertex 25.8485 23.1515 1.8
    endloop
  endfacet
  facet normal -0.659406 0.751787 0
    outer loop
      vertex 25.7305 23.048 1.8
      vertex 25.8485 23.1515 0
      vertex 25.7305 23.048 0
    endloop
  endfacet
  facet normal 0 -1 0
    outer loop
      vertex 12 25.2 0
      vertex 25 25.2 1.8
      vertex 12 25.2 1.8
    endloop
  endfacet
  facet normal 0 -1 -0
    outer loop
      vertex 25 25.2 1.8
      vertex 12 25.2 0
      vertex 25 25.2 0
    endloop
  endfacet
  facet normal -0.442622 0.896708 0
    outer loop
      vertex 25.6 22.9608 0
      vertex 25.4592 22.8913 1.8
      vertex 25.6 22.9608 1.8
    endloop
  endfacet
  facet normal -0.442622 0.896708 0
    outer loop
      vertex 25.4592 22.8913 1.8
      vertex 25.6 22.9608 0
      vertex 25.4592 22.8913 0
    endloop
  endfacet
  facet normal 0.997844 0.0656309 0
    outer loop
      vertex 10.8103 23.8434 1.8
      vertex 10.8 24 0
      vertex 10.8 24 1.8
    endloop
  endfacet
  facet normal 0.997844 0.0656309 0
    outer loop
      vertex 10.8 24 0
      vertex 10.8103 23.8434 1.8
      vertex 10.8103 23.8434 0
    endloop
  endfacet
  facet normal 0.997844 -0.0656309 0
    outer loop
      vertex 10.8 24 1.8
      vertex 10.8103 24.1566 0
      vertex 10.8103 24.1566 1.8
    endloop
  endfacet
  facet normal 0.997844 -0.0656309 0
    outer loop
      vertex 10.8103 24.1566 0
      vertex 10.8 24 1.8
      vertex 10.8 24 0
    endloop
  endfacet
  facet normal -0.194891 -0.980825 0
    outer loop
      vertex 25.1566 25.1897 0
      vertex 25.3106 25.1591 1.8
      vertex 25.1566 25.1897 1.8
    endloop
  endfacet
  facet normal -0.194891 -0.980825 -0
    outer loop
      vertex 25.3106 25.1591 1.8
      vertex 25.1566 25.1897 0
      vertex 25.3106 25.1591 0
    endloop
  endfacet
  facet normal -0.659406 -0.751787 0
    outer loop
      vertex 25.7305 24.952 0
      vertex 25.8485 24.8485 1.8
      vertex 25.7305 24.952 1.8
    endloop
  endfacet
  facet normal -0.659406 -0.751787 -0
    outer loop
      vertex 25.8485 24.8485 1.8
      vertex 25.7305 24.952 0
      vertex 25.8485 24.8485 0
    endloop
  endfacet
  facet normal 0.751787 0.659406 0
    outer loop
      vertex 11.1515 23.1515 1.8
      vertex 11.048 23.2695 0
      vertex 11.048 23.2695 1.8
    endloop
  endfacet
  facet normal 0.751787 0.659406 0
    outer loop
      vertex 11.048 23.2695 0
      vertex 11.1515 23.1515 1.8
      vertex 11.1515 23.1515 0
    endloop
  endfacet
  facet normal 0.659406 -0.751787 0
    outer loop
      vertex 11.1515 24.8485 0
      vertex 11.2695 24.952 1.8
      vertex 11.1515 24.8485 1.8
    endloop
  endfacet
  facet normal 0.659406 -0.751787 0
    outer loop
      vertex 11.2695 24.952 1.8
      vertex 11.1515 24.8485 0
      vertex 11.2695 24.952 0
    endloop
  endfacet
  facet normal 0.194891 0.980825 -0
    outer loop
      vertex 11.8434 22.8103 0
      vertex 11.6894 22.8409 1.8
      vertex 11.8434 22.8103 1.8
    endloop
  endfacet
  facet normal 0.194891 0.980825 0
    outer loop
      vertex 11.6894 22.8409 1.8
      vertex 11.8434 22.8103 0
      vertex 11.6894 22.8409 0
    endloop
  endfacet
  facet normal -0.0656309 0.997844 0
    outer loop
      vertex 25.1566 22.8103 0
      vertex 25 22.8 1.8
      vertex 25.1566 22.8103 1.8
    endloop
  endfacet
  facet normal -0.0656309 0.997844 0
    outer loop
      vertex 25 22.8 1.8
      vertex 25.1566 22.8103 0
      vertex 25 22.8 0
    endloop
  endfacet
  facet normal 0.831462 -0.555582 0
    outer loop
      vertex 10.9608 24.6 1.8
      vertex 11.048 24.7305 0
      vertex 11.048 24.7305 1.8
    endloop
  endfacet
  facet normal 0.831462 -0.555582 0
    outer loop
      vertex 11.048 24.7305 0
      vertex 10.9608 24.6 1.8
      vertex 10.9608 24.6 0
    endloop
  endfacet
  facet normal -0.896708 -0.442622 0
    outer loop
      vertex 26.1087 24.4592 0
      vertex 26.0392 24.6 1.8
      vertex 26.0392 24.6 0
    endloop
  endfacet
  facet normal -0.896708 -0.442622 0
    outer loop
      vertex 26.0392 24.6 1.8
      vertex 26.1087 24.4592 0
      vertex 26.1087 24.4592 1.8
    endloop
  endfacet
  facet normal 0.947013 0.321194 0
    outer loop
      vertex 10.8913 23.5408 1.8
      vertex 10.8409 23.6894 0
      vertex 10.8409 23.6894 1.8
    endloop
  endfacet
  facet normal 0.947013 0.321194 0
    outer loop
      vertex 10.8409 23.6894 0
      vertex 10.8913 23.5408 1.8
      vertex 10.8913 23.5408 0
    endloop
  endfacet
  facet normal -0.321194 -0.947013 0
    outer loop
      vertex 25.3106 25.1591 0
      vertex 25.4592 25.1087 1.8
      vertex 25.3106 25.1591 1.8
    endloop
  endfacet
  facet normal -0.321194 -0.947013 -0
    outer loop
      vertex 25.4592 25.1087 1.8
      vertex 25.3106 25.1591 0
      vertex 25.4592 25.1087 0
    endloop
  endfacet
  facet normal 0.751787 -0.659406 0
    outer loop
      vertex 11.048 24.7305 1.8
      vertex 11.1515 24.8485 0
      vertex 11.1515 24.8485 1.8
    endloop
  endfacet
  facet normal 0.751787 -0.659406 0
    outer loop
      vertex 11.1515 24.8485 0
      vertex 11.048 24.7305 1.8
      vertex 11.048 24.7305 0
    endloop
  endfacet
  facet normal -0.555582 -0.831462 0
    outer loop
      vertex 25.6 25.0392 0
      vertex 25.7305 24.952 1.8
      vertex 25.6 25.0392 1.8
    endloop
  endfacet
  facet normal -0.555582 -0.831462 -0
    outer loop
      vertex 25.7305 24.952 1.8
      vertex 25.6 25.0392 0
      vertex 25.7305 24.952 0
    endloop
  endfacet
  facet normal -0.194891 0.980825 0
    outer loop
      vertex 25.3106 22.8409 0
      vertex 25.1566 22.8103 1.8
      vertex 25.3106 22.8409 1.8
    endloop
  endfacet
  facet normal -0.194891 0.980825 0
    outer loop
      vertex 25.1566 22.8103 1.8
      vertex 25.3106 22.8409 0
      vertex 25.1566 22.8103 0
    endloop
  endfacet
  facet normal -0.980825 0.194891 0
    outer loop
      vertex 26.1591 23.6894 0
      vertex 26.1897 23.8434 1.8
      vertex 26.1897 23.8434 0
    endloop
  endfacet
  facet normal -0.980825 0.194891 0
    outer loop
      vertex 26.1897 23.8434 1.8
      vertex 26.1591 23.6894 0
      vertex 26.1591 23.6894 1.8
    endloop
  endfacet
  facet normal 0.980825 0.194891 0
    outer loop
      vertex 10.8409 23.6894 1.8
      vertex 10.8103 23.8434 0
      vertex 10.8103 23.8434 1.8
    endloop
  endfacet
  facet normal 0.980825 0.194891 0
    outer loop
      vertex 10.8103 23.8434 0
      vertex 10.8409 23.6894 1.8
      vertex 10.8409 23.6894 0
    endloop
  endfacet
  facet normal -0.980825 -0.194891 0
    outer loop
      vertex 26.1897 24.1566 0
      vertex 26.1591 24.3106 1.8
      vertex 26.1591 24.3106 0
    endloop
  endfacet
  facet normal -0.980825 -0.194891 0
    outer loop
      vertex 26.1591 24.3106 1.8
      vertex 26.1897 24.1566 0
      vertex 26.1897 24.1566 1.8
    endloop
  endfacet
  facet normal -0.947013 -0.321194 0
    outer loop
      vertex 26.1591 24.3106 0
      vertex 26.1087 24.4592 1.8
      vertex 26.1087 24.4592 0
    endloop
  endfacet
  facet normal -0.947013 -0.321194 0
    outer loop
      vertex 26.1087 24.4592 1.8
      vertex 26.1591 24.3106 0
      vertex 26.1591 24.3106 1.8
    endloop
  endfacet
  facet normal 0.896708 -0.442622 0
    outer loop
      vertex 10.8913 24.4592 1.8
      vertex 10.9608 24.6 0
      vertex 10.9608 24.6 1.8
    endloop
  endfacet
  facet normal 0.896708 -0.442622 0
    outer loop
      vertex 10.9608 24.6 0
      vertex 10.8913 24.4592 1.8
      vertex 10.8913 24.4592 0
    endloop
  endfacet
  facet normal -0.321194 0.947013 0
    outer loop
      vertex 25.4592 22.8913 0
      vertex 25.3106 22.8409 1.8
      vertex 25.4592 22.8913 1.8
    endloop
  endfacet
  facet normal -0.321194 0.947013 0
    outer loop
      vertex 25.3106 22.8409 1.8
      vertex 25.4592 22.8913 0
      vertex 25.3106 22.8409 0
    endloop
  endfacet
  facet normal 0.555582 0.831462 -0
    outer loop
      vertex 11.4 22.9608 0
      vertex 11.2695 23.048 1.8
      vertex 11.4 22.9608 1.8
    endloop
  endfacet
  facet normal 0.555582 0.831462 0
    outer loop
      vertex 11.2695 23.048 1.8
      vertex 11.4 22.9608 0
      vertex 11.2695 23.048 0
    endloop
  endfacet
  facet normal -0.0656309 -0.997844 0
    outer loop
      vertex 25 25.2 0
      vertex 25.1566 25.1897 1.8
      vertex 25 25.2 1.8
    endloop
  endfacet
  facet normal -0.0656309 -0.997844 -0
    outer loop
      vertex 25.1566 25.1897 1.8
      vertex 25 25.2 0
      vertex 25.1566 25.1897 0
    endloop
  endfacet
  facet normal 0.321194 0.947013 -0
    outer loop
      vertex 11.6894 22.8409 0
      vertex 11.5408 22.8913 1.8
      vertex 11.6894 22.8409 1.8
    endloop
  endfacet
  facet normal 0.321194 0.947013 0
    outer loop
      vertex 11.5408 22.8913 1.8
      vertex 11.6894 22.8409 0
      vertex 11.5408 22.8913 0
    endloop
  endfacet
  facet normal 0.194891 -0.980825 0
    outer loop
      vertex 11.6894 25.1591 0
      vertex 11.8434 25.1897 1.8
      vertex 11.6894 25.1591 1.8
    endloop
  endfacet
  facet normal 0.194891 -0.980825 0
    outer loop
      vertex 11.8434 25.1897 1.8
      vertex 11.6894 25.1591 0
      vertex 11.8434 25.1897 0
    endloop
  endfacet
  facet normal 0.555582 -0.831462 0
    outer loop
      vertex 11.2695 24.952 0
      vertex 11.4 25.0392 1.8
      vertex 11.2695 24.952 1.8
    endloop
  endfacet
  facet normal 0.555582 -0.831462 0
    outer loop
      vertex 11.4 25.0392 1.8
      vertex 11.2695 24.952 0
      vertex 11.4 25.0392 0
    endloop
  endfacet
  facet normal 0.659406 0.751787 -0
    outer loop
      vertex 11.2695 23.048 0
      vertex 11.1515 23.1515 1.8
      vertex 11.2695 23.048 1.8
    endloop
  endfacet
  facet normal 0.659406 0.751787 0
    outer loop
      vertex 11.1515 23.1515 1.8
      vertex 11.2695 23.048 0
      vertex 11.1515 23.1515 0
    endloop
  endfacet
  facet normal 0.321194 -0.947013 0
    outer loop
      vertex 11.5408 25.1087 0
      vertex 11.6894 25.1591 1.8
      vertex 11.5408 25.1087 1.8
    endloop
  endfacet
  facet normal 0.321194 -0.947013 0
    outer loop
      vertex 11.6894 25.1591 1.8
      vertex 11.5408 25.1087 0
      vertex 11.6894 25.1591 0
    endloop
  endfacet
  facet normal 0.659406 -0.751787 0
    outer loop
      vertex 11.1515 30.8485 0
      vertex 11.2695 30.952 1.8
      vertex 11.1515 30.8485 1.8
    endloop
  endfacet
  facet normal 0.659406 -0.751787 0
    outer loop
      vertex 11.2695 30.952 1.8
      vertex 11.1515 30.8485 0
      vertex 11.2695 30.952 0
    endloop
  endfacet
  facet normal 0 1 -0
    outer loop
      vertex 25 28.8 0
      vertex 12 28.8 1.8
      vertex 25 28.8 1.8
    endloop
  endfacet
  facet normal 0 1 0
    outer loop
      vertex 12 28.8 1.8
      vertex 25 28.8 0
      vertex 12 28.8 0
    endloop
  endfacet
  facet normal 0.751787 -0.659406 0
    outer loop
      vertex 11.048 30.7305 1.8
      vertex 11.1515 30.8485 0
      vertex 11.1515 30.8485 1.8
    endloop
  endfacet
  facet normal 0.751787 -0.659406 0
    outer loop
      vertex 11.1515 30.8485 0
      vertex 11.048 30.7305 1.8
      vertex 11.048 30.7305 0
    endloop
  endfacet
  facet normal 0 -1 0
    outer loop
      vertex 12 31.2 0
      vertex 25 31.2 1.8
      vertex 12 31.2 1.8
    endloop
  endfacet
  facet normal 0 -1 -0
    outer loop
      vertex 25 31.2 1.8
      vertex 12 31.2 0
      vertex 25 31.2 0
    endloop
  endfacet
  facet normal 0.442622 -0.896708 0
    outer loop
      vertex 11.4 31.0392 0
      vertex 11.5408 31.1087 1.8
      vertex 11.4 31.0392 1.8
    endloop
  endfacet
  facet normal 0.442622 -0.896708 0
    outer loop
      vertex 11.5408 31.1087 1.8
      vertex 11.4 31.0392 0
      vertex 11.5408 31.1087 0
    endloop
  endfacet
  facet normal -0.442622 0.896708 0
    outer loop
      vertex 25.6 28.9608 0
      vertex 25.4592 28.8913 1.8
      vertex 25.6 28.9608 1.8
    endloop
  endfacet
  facet normal -0.442622 0.896708 0
    outer loop
      vertex 25.4592 28.8913 1.8
      vertex 25.6 28.9608 0
      vertex 25.4592 28.8913 0
    endloop
  endfacet
  facet normal -0.0656309 -0.997844 0
    outer loop
      vertex 25 31.2 0
      vertex 25.1566 31.1897 1.8
      vertex 25 31.2 1.8
    endloop
  endfacet
  facet normal -0.0656309 -0.997844 -0
    outer loop
      vertex 25.1566 31.1897 1.8
      vertex 25 31.2 0
      vertex 25.1566 31.1897 0
    endloop
  endfacet
  facet normal -0.659406 0.751787 0
    outer loop
      vertex 25.8485 29.1515 0
      vertex 25.7305 29.048 1.8
      vertex 25.8485 29.1515 1.8
    endloop
  endfacet
  facet normal -0.659406 0.751787 0
    outer loop
      vertex 25.7305 29.048 1.8
      vertex 25.8485 29.1515 0
      vertex 25.7305 29.048 0
    endloop
  endfacet
  facet normal 0.194891 -0.980825 0
    outer loop
      vertex 11.6894 31.1591 0
      vertex 11.8434 31.1897 1.8
      vertex 11.6894 31.1591 1.8
    endloop
  endfacet
  facet normal 0.194891 -0.980825 0
    outer loop
      vertex 11.8434 31.1897 1.8
      vertex 11.6894 31.1591 0
      vertex 11.8434 31.1897 0
    endloop
  endfacet
  facet normal 0.896708 -0.442622 0
    outer loop
      vertex 10.8913 30.4592 1.8
      vertex 10.9608 30.6 0
      vertex 10.9608 30.6 1.8
    endloop
  endfacet
  facet normal 0.896708 -0.442622 0
    outer loop
      vertex 10.9608 30.6 0
      vertex 10.8913 30.4592 1.8
      vertex 10.8913 30.4592 0
    endloop
  endfacet
  facet normal -0.321194 0.947013 0
    outer loop
      vertex 25.4592 28.8913 0
      vertex 25.3106 28.8409 1.8
      vertex 25.4592 28.8913 1.8
    endloop
  endfacet
  facet normal -0.321194 0.947013 0
    outer loop
      vertex 25.3106 28.8409 1.8
      vertex 25.4592 28.8913 0
      vertex 25.3106 28.8409 0
    endloop
  endfacet
  facet normal -0.997844 0.0656309 0
    outer loop
      vertex 26.1897 29.8434 0
      vertex 26.2 30 1.8
      vertex 26.2 30 0
    endloop
  endfacet
  facet normal -0.997844 0.0656309 0
    outer loop
      vertex 26.2 30 1.8
      vertex 26.1897 29.8434 0
      vertex 26.1897 29.8434 1.8
    endloop
  endfacet
  facet normal 0.947013 0.321194 0
    outer loop
      vertex 10.8913 29.5408 1.8
      vertex 10.8409 29.6894 0
      vertex 10.8409 29.6894 1.8
    endloop
  endfacet
  facet normal 0.947013 0.321194 0
    outer loop
      vertex 10.8409 29.6894 0
      vertex 10.8913 29.5408 1.8
      vertex 10.8913 29.5408 0
    endloop
  endfacet
  facet normal 0.896708 0.442622 0
    outer loop
      vertex 10.9608 29.4 1.8
      vertex 10.8913 29.5408 0
      vertex 10.8913 29.5408 1.8
    endloop
  endfacet
  facet normal 0.896708 0.442622 0
    outer loop
      vertex 10.8913 29.5408 0
      vertex 10.9608 29.4 1.8
      vertex 10.9608 29.4 0
    endloop
  endfacet
  facet normal 0.0656309 0.997844 -0
    outer loop
      vertex 12 28.8 0
      vertex 11.8434 28.8103 1.8
      vertex 12 28.8 1.8
    endloop
  endfacet
  facet normal 0.0656309 0.997844 0
    outer loop
      vertex 11.8434 28.8103 1.8
      vertex 12 28.8 0
      vertex 11.8434 28.8103 0
    endloop
  endfacet
  facet normal 0.980825 -0.194891 0
    outer loop
      vertex 10.8103 30.1566 1.8
      vertex 10.8409 30.3106 0
      vertex 10.8409 30.3106 1.8
    endloop
  endfacet
  facet normal 0.980825 -0.194891 0
    outer loop
      vertex 10.8409 30.3106 0
      vertex 10.8103 30.1566 1.8
      vertex 10.8103 30.1566 0
    endloop
  endfacet
  facet normal -0.896708 0.442622 0
    outer loop
      vertex 26.0392 29.4 0
      vertex 26.1087 29.5408 1.8
      vertex 26.1087 29.5408 0
    endloop
  endfacet
  facet normal -0.896708 0.442622 0
    outer loop
      vertex 26.1087 29.5408 1.8
      vertex 26.0392 29.4 0
      vertex 26.0392 29.4 1.8
    endloop
  endfacet
  facet normal 0.831462 -0.555582 0
    outer loop
      vertex 10.9608 30.6 1.8
      vertex 11.048 30.7305 0
      vertex 11.048 30.7305 1.8
    endloop
  endfacet
  facet normal 0.831462 -0.555582 0
    outer loop
      vertex 11.048 30.7305 0
      vertex 10.9608 30.6 1.8
      vertex 10.9608 30.6 0
    endloop
  endfacet
  facet normal 0.555582 -0.831462 0
    outer loop
      vertex 11.2695 30.952 0
      vertex 11.4 31.0392 1.8
      vertex 11.2695 30.952 1.8
    endloop
  endfacet
  facet normal 0.555582 -0.831462 0
    outer loop
      vertex 11.4 31.0392 1.8
      vertex 11.2695 30.952 0
      vertex 11.4 31.0392 0
    endloop
  endfacet
  facet normal 0.555582 0.831462 -0
    outer loop
      vertex 11.4 28.9608 0
      vertex 11.2695 29.048 1.8
      vertex 11.4 28.9608 1.8
    endloop
  endfacet
  facet normal 0.555582 0.831462 0
    outer loop
      vertex 11.2695 29.048 1.8
      vertex 11.4 28.9608 0
      vertex 11.2695 29.048 0
    endloop
  endfacet
  facet normal 0.980825 0.194891 0
    outer loop
      vertex 10.8409 29.6894 1.8
      vertex 10.8103 29.8434 0
      vertex 10.8103 29.8434 1.8
    endloop
  endfacet
  facet normal 0.980825 0.194891 0
    outer loop
      vertex 10.8103 29.8434 0
      vertex 10.8409 29.6894 1.8
      vertex 10.8409 29.6894 0
    endloop
  endfacet
  facet normal -0.947013 0.321194 0
    outer loop
      vertex 26.1087 29.5408 0
      vertex 26.1591 29.6894 1.8
      vertex 26.1591 29.6894 0
    endloop
  endfacet
  facet normal -0.947013 0.321194 0
    outer loop
      vertex 26.1591 29.6894 1.8
      vertex 26.1087 29.5408 0
      vertex 26.1087 29.5408 1.8
    endloop
  endfacet
  facet normal 0.659406 0.751787 -0
    outer loop
      vertex 11.2695 29.048 0
      vertex 11.1515 29.1515 1.8
      vertex 11.2695 29.048 1.8
    endloop
  endfacet
  facet normal 0.659406 0.751787 0
    outer loop
      vertex 11.1515 29.1515 1.8
      vertex 11.2695 29.048 0
      vertex 11.1515 29.1515 0
    endloop
  endfacet
  facet normal -0.194891 0.980825 0
    outer loop
      vertex 25.3106 28.8409 0
      vertex 25.1566 28.8103 1.8
      vertex 25.3106 28.8409 1.8
    endloop
  endfacet
  facet normal -0.194891 0.980825 0
    outer loop
      vertex 25.1566 28.8103 1.8
      vertex 25.3106 28.8409 0
      vertex 25.1566 28.8103 0
    endloop
  endfacet
  facet normal -0.0656309 0.997844 0
    outer loop
      vertex 25.1566 28.8103 0
      vertex 25 28.8 1.8
      vertex 25.1566 28.8103 1.8
    endloop
  endfacet
  facet normal -0.0656309 0.997844 0
    outer loop
      vertex 25 28.8 1.8
      vertex 25.1566 28.8103 0
      vertex 25 28.8 0
    endloop
  endfacet
  facet normal -0.831462 0.555582 0
    outer loop
      vertex 25.952 29.2695 0
      vertex 26.0392 29.4 1.8
      vertex 26.0392 29.4 0
    endloop
  endfacet
  facet normal -0.831462 0.555582 0
    outer loop
      vertex 26.0392 29.4 1.8
      vertex 25.952 29.2695 0
      vertex 25.952 29.2695 1.8
    endloop
  endfacet
  facet normal -0.555582 0.831462 0
    outer loop
      vertex 25.7305 29.048 0
      vertex 25.6 28.9608 1.8
      vertex 25.7305 29.048 1.8
    endloop
  endfacet
  facet normal -0.555582 0.831462 0
    outer loop
      vertex 25.6 28.9608 1.8
      vertex 25.7305 29.048 0
      vertex 25.6 28.9608 0
    endloop
  endfacet
  facet normal 0.321194 -0.947013 0
    outer loop
      vertex 11.5408 31.1087 0
      vertex 11.6894 31.1591 1.8
      vertex 11.5408 31.1087 1.8
    endloop
  endfacet
  facet normal 0.321194 -0.947013 0
    outer loop
      vertex 11.6894 31.1591 1.8
      vertex 11.5408 31.1087 0
      vertex 11.6894 31.1591 0
    endloop
  endfacet
  facet normal 0.997844 -0.0656309 0
    outer loop
      vertex 10.8 30 1.8
      vertex 10.8103 30.1566 0
      vertex 10.8103 30.1566 1.8
    endloop
  endfacet
  facet normal 0.997844 -0.0656309 0
    outer loop
      vertex 10.8103 30.1566 0
      vertex 10.8 30 1.8
      vertex 10.8 30 0
    endloop
  endfacet
  facet normal 0.0656309 -0.997844 0
    outer loop
      vertex 11.8434 31.1897 0
      vertex 12 31.2 1.8
      vertex 11.8434 31.1897 1.8
    endloop
  endfacet
  facet normal 0.0656309 -0.997844 0
    outer loop
      vertex 12 31.2 1.8
      vertex 11.8434 31.1897 0
      vertex 12 31.2 0
    endloop
  endfacet
  facet normal -0.321194 -0.947013 0
    outer loop
      vertex 25.3106 31.1591 0
      vertex 25.4592 31.1087 1.8
      vertex 25.3106 31.1591 1.8
    endloop
  endfacet
  facet normal -0.321194 -0.947013 -0
    outer loop
      vertex 25.4592 31.1087 1.8
      vertex 25.3106 31.1591 0
      vertex 25.4592 31.1087 0
    endloop
  endfacet
  facet normal -0.831462 -0.555582 0
    outer loop
      vertex 26.0392 30.6 0
      vertex 25.952 30.7305 1.8
      vertex 25.952 30.7305 0
    endloop
  endfacet
  facet normal -0.831462 -0.555582 0
    outer loop
      vertex 25.952 30.7305 1.8
      vertex 26.0392 30.6 0
      vertex 26.0392 30.6 1.8
    endloop
  endfacet
  facet normal 0.194891 0.980825 -0
    outer loop
      vertex 11.8434 28.8103 0
      vertex 11.6894 28.8409 1.8
      vertex 11.8434 28.8103 1.8
    endloop
  endfacet
  facet normal 0.194891 0.980825 0
    outer loop
      vertex 11.6894 28.8409 1.8
      vertex 11.8434 28.8103 0
      vertex 11.6894 28.8409 0
    endloop
  endfacet
  facet normal 0.997844 0.0656309 0
    outer loop
      vertex 10.8103 29.8434 1.8
      vertex 10.8 30 0
      vertex 10.8 30 1.8
    endloop
  endfacet
  facet normal 0.997844 0.0656309 0
    outer loop
      vertex 10.8 30 0
      vertex 10.8103 29.8434 1.8
      vertex 10.8103 29.8434 0
    endloop
  endfacet
  facet normal -0.896708 -0.442622 0
    outer loop
      vertex 26.1087 30.4592 0
      vertex 26.0392 30.6 1.8
      vertex 26.0392 30.6 0
    endloop
  endfacet
  facet normal -0.896708 -0.442622 0
    outer loop
      vertex 26.0392 30.6 1.8
      vertex 26.1087 30.4592 0
      vertex 26.1087 30.4592 1.8
    endloop
  endfacet
  facet normal 0.947013 -0.321194 0
    outer loop
      vertex 10.8409 30.3106 1.8
      vertex 10.8913 30.4592 0
      vertex 10.8913 30.4592 1.8
    endloop
  endfacet
  facet normal 0.947013 -0.321194 0
    outer loop
      vertex 10.8913 30.4592 0
      vertex 10.8409 30.3106 1.8
      vertex 10.8409 30.3106 0
    endloop
  endfacet
  facet normal 0.321194 0.947013 -0
    outer loop
      vertex 11.6894 28.8409 0
      vertex 11.5408 28.8913 1.8
      vertex 11.6894 28.8409 1.8
    endloop
  endfacet
  facet normal 0.321194 0.947013 0
    outer loop
      vertex 11.5408 28.8913 1.8
      vertex 11.6894 28.8409 0
      vertex 11.5408 28.8913 0
    endloop
  endfacet
  facet normal -0.997844 -0.0656309 0
    outer loop
      vertex 26.2 30 0
      vertex 26.1897 30.1566 1.8
      vertex 26.1897 30.1566 0
    endloop
  endfacet
  facet normal -0.997844 -0.0656309 0
    outer loop
      vertex 26.1897 30.1566 1.8
      vertex 26.2 30 0
      vertex 26.2 30 1.8
    endloop
  endfacet
  facet normal -0.947013 -0.321194 0
    outer loop
      vertex 26.1591 30.3106 0
      vertex 26.1087 30.4592 1.8
      vertex 26.1087 30.4592 0
    endloop
  endfacet
  facet normal -0.947013 -0.321194 0
    outer loop
      vertex 26.1087 30.4592 1.8
      vertex 26.1591 30.3106 0
      vertex 26.1591 30.3106 1.8
    endloop
  endfacet
  facet normal 0.751787 0.659406 0
    outer loop
      vertex 11.1515 29.1515 1.8
      vertex 11.048 29.2695 0
      vertex 11.048 29.2695 1.8
    endloop
  endfacet
  facet normal 0.751787 0.659406 0
    outer loop
      vertex 11.048 29.2695 0
      vertex 11.1515 29.1515 1.8
      vertex 11.1515 29.1515 0
    endloop
  endfacet
  facet normal 0.831462 0.555582 0
    outer loop
      vertex 11.048 29.2695 1.8
      vertex 10.9608 29.4 0
      vertex 10.9608 29.4 1.8
    endloop
  endfacet
  facet normal 0.831462 0.555582 0
    outer loop
      vertex 10.9608 29.4 0
      vertex 11.048 29.2695 1.8
      vertex 11.048 29.2695 0
    endloop
  endfacet
  facet normal 0.442622 0.896708 -0
    outer loop
      vertex 11.5408 28.8913 0
      vertex 11.4 28.9608 1.8
      vertex 11.5408 28.8913 1.8
    endloop
  endfacet
  facet normal 0.442622 0.896708 0
    outer loop
      vertex 11.4 28.9608 1.8
      vertex 11.5408 28.8913 0
      vertex 11.4 28.9608 0
    endloop
  endfacet
  facet normal -0.659406 -0.751787 0
    outer loop
      vertex 25.7305 30.952 0
      vertex 25.8485 30.8485 1.8
      vertex 25.7305 30.952 1.8
    endloop
  endfacet
  facet normal -0.659406 -0.751787 -0
    outer loop
      vertex 25.8485 30.8485 1.8
      vertex 25.7305 30.952 0
      vertex 25.8485 30.8485 0
    endloop
  endfacet
  facet normal -0.555582 -0.831462 0
    outer loop
      vertex 25.6 31.0392 0
      vertex 25.7305 30.952 1.8
      vertex 25.6 31.0392 1.8
    endloop
  endfacet
  facet normal -0.555582 -0.831462 -0
    outer loop
      vertex 25.7305 30.952 1.8
      vertex 25.6 31.0392 0
      vertex 25.7305 30.952 0
    endloop
  endfacet
  facet normal -0.442622 -0.896708 0
    outer loop
      vertex 25.4592 31.1087 0
      vertex 25.6 31.0392 1.8
      vertex 25.4592 31.1087 1.8
    endloop
  endfacet
  facet normal -0.442622 -0.896708 -0
    outer loop
      vertex 25.6 31.0392 1.8
      vertex 25.4592 31.1087 0
      vertex 25.6 31.0392 0
    endloop
  endfacet
  facet normal -0.751787 0.659406 0
    outer loop
      vertex 25.8485 29.1515 0
      vertex 25.952 29.2695 1.8
      vertex 25.952 29.2695 0
    endloop
  endfacet
  facet normal -0.751787 0.659406 0
    outer loop
      vertex 25.952 29.2695 1.8
      vertex 25.8485 29.1515 0
      vertex 25.8485 29.1515 1.8
    endloop
  endfacet
  facet normal -0.751787 -0.659406 0
    outer loop
      vertex 25.952 30.7305 0
      vertex 25.8485 30.8485 1.8
      vertex 25.8485 30.8485 0
    endloop
  endfacet
  facet normal -0.751787 -0.659406 0
    outer loop
      vertex 25.8485 30.8485 1.8
      vertex 25.952 30.7305 0
      vertex 25.952 30.7305 1.8
    endloop
  endfacet
  facet normal -0.980825 -0.194891 0
    outer loop
      vertex 26.1897 30.1566 0
      vertex 26.1591 30.3106 1.8
      vertex 26.1591 30.3106 0
    endloop
  endfacet
  facet normal -0.980825 -0.194891 0
    outer loop
      vertex 26.1591 30.3106 1.8
      vertex 26.1897 30.1566 0
      vertex 26.1897 30.1566 1.8
    endloop
  endfacet
  facet normal -0.194891 -0.980825 0
    outer loop
      vertex 25.1566 31.1897 0
      vertex 25.3106 31.1591 1.8
      vertex 25.1566 31.1897 1.8
    endloop
  endfacet
  facet normal -0.194891 -0.980825 -0
    outer loop
      vertex 25.3106 31.1591 1.8
      vertex 25.1566 31.1897 0
      vertex 25.3106 31.1591 0
    endloop
  endfacet
  facet normal -0.980825 0.194891 0
    outer loop
      vertex 26.1591 29.6894 0
      vertex 26.1897 29.8434 1.8
      vertex 26.1897 29.8434 0
    endloop
  endfacet
  facet normal -0.980825 0.194891 0
    outer loop
      vertex 26.1897 29.8434 1.8
      vertex 26.1591 29.6894 0
      vertex 26.1591 29.6894 1.8
    endloop
  endfacet
  facet normal 0 1 -0
    outer loop
      vertex 25 34.8 0
      vertex 12 34.8 1.8
      vertex 25 34.8 1.8
    endloop
  endfacet
  facet normal 0 1 0
    outer loop
      vertex 12 34.8 1.8
      vertex 25 34.8 0
      vertex 12 34.8 0
    endloop
  endfacet
  facet normal 0.751787 -0.659406 0
    outer loop
      vertex 11.048 36.7305 1.8
      vertex 11.1515 36.8485 0
      vertex 11.1515 36.8485 1.8
    endloop
  endfacet
  facet normal 0.751787 -0.659406 0
    outer loop
      vertex 11.1515 36.8485 0
      vertex 11.048 36.7305 1.8
      vertex 11.048 36.7305 0
    endloop
  endfacet
  facet normal -0.321194 -0.947013 0
    outer loop
      vertex 25.3106 37.1591 0
      vertex 25.4592 37.1087 1.8
      vertex 25.3106 37.1591 1.8
    endloop
  endfacet
  facet normal -0.321194 -0.947013 -0
    outer loop
      vertex 25.4592 37.1087 1.8
      vertex 25.3106 37.1591 0
      vertex 25.4592 37.1087 0
    endloop
  endfacet
  facet normal -0.980825 0.194891 0
    outer loop
      vertex 26.1591 35.6894 0
      vertex 26.1897 35.8434 1.8
      vertex 26.1897 35.8434 0
    endloop
  endfacet
  facet normal -0.980825 0.194891 0
    outer loop
      vertex 26.1897 35.8434 1.8
      vertex 26.1591 35.6894 0
      vertex 26.1591 35.6894 1.8
    endloop
  endfacet
  facet normal 0.321194 -0.947013 0
    outer loop
      vertex 11.5408 37.1087 0
      vertex 11.6894 37.1591 1.8
      vertex 11.5408 37.1087 1.8
    endloop
  endfacet
  facet normal 0.321194 -0.947013 0
    outer loop
      vertex 11.6894 37.1591 1.8
      vertex 11.5408 37.1087 0
      vertex 11.6894 37.1591 0
    endloop
  endfacet
  facet normal 0.997844 0.0656309 0
    outer loop
      vertex 10.8103 35.8434 1.8
      vertex 10.8 36 0
      vertex 10.8 36 1.8
    endloop
  endfacet
  facet normal 0.997844 0.0656309 0
    outer loop
      vertex 10.8 36 0
      vertex 10.8103 35.8434 1.8
      vertex 10.8103 35.8434 0
    endloop
  endfacet
  facet normal -0.947013 -0.321194 0
    outer loop
      vertex 26.1591 36.3106 0
      vertex 26.1087 36.4592 1.8
      vertex 26.1087 36.4592 0
    endloop
  endfacet
  facet normal -0.947013 -0.321194 0
    outer loop
      vertex 26.1087 36.4592 1.8
      vertex 26.1591 36.3106 0
      vertex 26.1591 36.3106 1.8
    endloop
  endfacet
  facet normal 0 -1 0
    outer loop
      vertex 12 37.2 0
      vertex 25 37.2 1.8
      vertex 12 37.2 1.8
    endloop
  endfacet
  facet normal 0 -1 -0
    outer loop
      vertex 25 37.2 1.8
      vertex 12 37.2 0
      vertex 25 37.2 0
    endloop
  endfacet
  facet normal 0.194891 0.980825 -0
    outer loop
      vertex 11.8434 34.8103 0
      vertex 11.6894 34.8409 1.8
      vertex 11.8434 34.8103 1.8
    endloop
  endfacet
  facet normal 0.194891 0.980825 0
    outer loop
      vertex 11.6894 34.8409 1.8
      vertex 11.8434 34.8103 0
      vertex 11.6894 34.8409 0
    endloop
  endfacet
  facet normal 0.194891 -0.980825 0
    outer loop
      vertex 11.6894 37.1591 0
      vertex 11.8434 37.1897 1.8
      vertex 11.6894 37.1591 1.8
    endloop
  endfacet
  facet normal 0.194891 -0.980825 0
    outer loop
      vertex 11.8434 37.1897 1.8
      vertex 11.6894 37.1591 0
      vertex 11.8434 37.1897 0
    endloop
  endfacet
  facet normal -0.947013 0.321194 0
    outer loop
      vertex 26.1087 35.5408 0
      vertex 26.1591 35.6894 1.8
      vertex 26.1591 35.6894 0
    endloop
  endfacet
  facet normal -0.947013 0.321194 0
    outer loop
      vertex 26.1591 35.6894 1.8
      vertex 26.1087 35.5408 0
      vertex 26.1087 35.5408 1.8
    endloop
  endfacet
  facet normal 0.321194 0.947013 -0
    outer loop
      vertex 11.6894 34.8409 0
      vertex 11.5408 34.8913 1.8
      vertex 11.6894 34.8409 1.8
    endloop
  endfacet
  facet normal 0.321194 0.947013 0
    outer loop
      vertex 11.5408 34.8913 1.8
      vertex 11.6894 34.8409 0
      vertex 11.5408 34.8913 0
    endloop
  endfacet
  facet normal 0.0656309 -0.997844 0
    outer loop
      vertex 11.8434 37.1897 0
      vertex 12 37.2 1.8
      vertex 11.8434 37.1897 1.8
    endloop
  endfacet
  facet normal 0.0656309 -0.997844 0
    outer loop
      vertex 12 37.2 1.8
      vertex 11.8434 37.1897 0
      vertex 12 37.2 0
    endloop
  endfacet
  facet normal -0.980825 -0.194891 0
    outer loop
      vertex 26.1897 36.1566 0
      vertex 26.1591 36.3106 1.8
      vertex 26.1591 36.3106 0
    endloop
  endfacet
  facet normal -0.980825 -0.194891 0
    outer loop
      vertex 26.1591 36.3106 1.8
      vertex 26.1897 36.1566 0
      vertex 26.1897 36.1566 1.8
    endloop
  endfacet
  facet normal 0.947013 -0.321194 0
    outer loop
      vertex 10.8409 36.3106 1.8
      vertex 10.8913 36.4592 0
      vertex 10.8913 36.4592 1.8
    endloop
  endfacet
  facet normal 0.947013 -0.321194 0
    outer loop
      vertex 10.8913 36.4592 0
      vertex 10.8409 36.3106 1.8
      vertex 10.8409 36.3106 0
    endloop
  endfacet
  facet normal 0.442622 -0.896708 0
    outer loop
      vertex 11.4 37.0392 0
      vertex 11.5408 37.1087 1.8
      vertex 11.4 37.0392 1.8
    endloop
  endfacet
  facet normal 0.442622 -0.896708 0
    outer loop
      vertex 11.5408 37.1087 1.8
      vertex 11.4 37.0392 0
      vertex 11.5408 37.1087 0
    endloop
  endfacet
  facet normal 0.896708 -0.442622 0
    outer loop
      vertex 10.8913 36.4592 1.8
      vertex 10.9608 36.6 0
      vertex 10.9608 36.6 1.8
    endloop
  endfacet
  facet normal 0.896708 -0.442622 0
    outer loop
      vertex 10.9608 36.6 0
      vertex 10.8913 36.4592 1.8
      vertex 10.8913 36.4592 0
    endloop
  endfacet
  facet normal 0.997844 -0.0656309 0
    outer loop
      vertex 10.8 36 1.8
      vertex 10.8103 36.1566 0
      vertex 10.8103 36.1566 1.8
    endloop
  endfacet
  facet normal 0.997844 -0.0656309 0
    outer loop
      vertex 10.8103 36.1566 0
      vertex 10.8 36 1.8
      vertex 10.8 36 0
    endloop
  endfacet
  facet normal -0.997844 0.0656309 0
    outer loop
      vertex 26.1897 35.8434 0
      vertex 26.2 36 1.8
      vertex 26.2 36 0
    endloop
  endfacet
  facet normal -0.997844 0.0656309 0
    outer loop
      vertex 26.2 36 1.8
      vertex 26.1897 35.8434 0
      vertex 26.1897 35.8434 1.8
    endloop
  endfacet
  facet normal 0.980825 -0.194891 0
    outer loop
      vertex 10.8103 36.1566 1.8
      vertex 10.8409 36.3106 0
      vertex 10.8409 36.3106 1.8
    endloop
  endfacet
  facet normal 0.980825 -0.194891 0
    outer loop
      vertex 10.8409 36.3106 0
      vertex 10.8103 36.1566 1.8
      vertex 10.8103 36.1566 0
    endloop
  endfacet
  facet normal 0.659406 -0.751787 0
    outer loop
      vertex 11.1515 36.8485 0
      vertex 11.2695 36.952 1.8
      vertex 11.1515 36.8485 1.8
    endloop
  endfacet
  facet normal 0.659406 -0.751787 0
    outer loop
      vertex 11.2695 36.952 1.8
      vertex 11.1515 36.8485 0
      vertex 11.2695 36.952 0
    endloop
  endfacet
  facet normal -0.751787 0.659406 0
    outer loop
      vertex 25.8485 35.1515 0
      vertex 25.952 35.2695 1.8
      vertex 25.952 35.2695 0
    endloop
  endfacet
  facet normal -0.751787 0.659406 0
    outer loop
      vertex 25.952 35.2695 1.8
      vertex 25.8485 35.1515 0
      vertex 25.8485 35.1515 1.8
    endloop
  endfacet
  facet normal 0.831462 -0.555582 0
    outer loop
      vertex 10.9608 36.6 1.8
      vertex 11.048 36.7305 0
      vertex 11.048 36.7305 1.8
    endloop
  endfacet
  facet normal 0.831462 -0.555582 0
    outer loop
      vertex 11.048 36.7305 0
      vertex 10.9608 36.6 1.8
      vertex 10.9608 36.6 0
    endloop
  endfacet
  facet normal -0.321194 0.947013 0
    outer loop
      vertex 25.4592 34.8913 0
      vertex 25.3106 34.8409 1.8
      vertex 25.4592 34.8913 1.8
    endloop
  endfacet
  facet normal -0.321194 0.947013 0
    outer loop
      vertex 25.3106 34.8409 1.8
      vertex 25.4592 34.8913 0
      vertex 25.3106 34.8409 0
    endloop
  endfacet
  facet normal -0.0656309 -0.997844 0
    outer loop
      vertex 25 37.2 0
      vertex 25.1566 37.1897 1.8
      vertex 25 37.2 1.8
    endloop
  endfacet
  facet normal -0.0656309 -0.997844 -0
    outer loop
      vertex 25.1566 37.1897 1.8
      vertex 25 37.2 0
      vertex 25.1566 37.1897 0
    endloop
  endfacet
  facet normal 0.0656309 0.997844 -0
    outer loop
      vertex 12 34.8 0
      vertex 11.8434 34.8103 1.8
      vertex 12 34.8 1.8
    endloop
  endfacet
  facet normal 0.0656309 0.997844 0
    outer loop
      vertex 11.8434 34.8103 1.8
      vertex 12 34.8 0
      vertex 11.8434 34.8103 0
    endloop
  endfacet
  facet normal 0.555582 -0.831462 0
    outer loop
      vertex 11.2695 36.952 0
      vertex 11.4 37.0392 1.8
      vertex 11.2695 36.952 1.8
    endloop
  endfacet
  facet normal 0.555582 -0.831462 0
    outer loop
      vertex 11.4 37.0392 1.8
      vertex 11.2695 36.952 0
      vertex 11.4 37.0392 0
    endloop
  endfacet
  facet normal -0.0656309 0.997844 0
    outer loop
      vertex 25.1566 34.8103 0
      vertex 25 34.8 1.8
      vertex 25.1566 34.8103 1.8
    endloop
  endfacet
  facet normal -0.0656309 0.997844 0
    outer loop
      vertex 25 34.8 1.8
      vertex 25.1566 34.8103 0
      vertex 25 34.8 0
    endloop
  endfacet
  facet normal -0.194891 -0.980825 0
    outer loop
      vertex 25.1566 37.1897 0
      vertex 25.3106 37.1591 1.8
      vertex 25.1566 37.1897 1.8
    endloop
  endfacet
  facet normal -0.194891 -0.980825 -0
    outer loop
      vertex 25.3106 37.1591 1.8
      vertex 25.1566 37.1897 0
      vertex 25.3106 37.1591 0
    endloop
  endfacet
  facet normal -0.659406 0.751787 0
    outer loop
      vertex 25.8485 35.1515 0
      vertex 25.7305 35.048 1.8
      vertex 25.8485 35.1515 1.8
    endloop
  endfacet
  facet normal -0.659406 0.751787 0
    outer loop
      vertex 25.7305 35.048 1.8
      vertex 25.8485 35.1515 0
      vertex 25.7305 35.048 0
    endloop
  endfacet
  facet normal -0.831462 0.555582 0
    outer loop
      vertex 25.952 35.2695 0
      vertex 26.0392 35.4 1.8
      vertex 26.0392 35.4 0
    endloop
  endfacet
  facet normal -0.831462 0.555582 0
    outer loop
      vertex 26.0392 35.4 1.8
      vertex 25.952 35.2695 0
      vertex 25.952 35.2695 1.8
    endloop
  endfacet
  facet normal -0.751787 -0.659406 0
    outer loop
      vertex 25.952 36.7305 0
      vertex 25.8485 36.8485 1.8
      vertex 25.8485 36.8485 0
    endloop
  endfacet
  facet normal -0.751787 -0.659406 0
    outer loop
      vertex 25.8485 36.8485 1.8
      vertex 25.952 36.7305 0
      vertex 25.952 36.7305 1.8
    endloop
  endfacet
  facet normal -0.997844 -0.0656309 0
    outer loop
      vertex 26.2 36 0
      vertex 26.1897 36.1566 1.8
      vertex 26.1897 36.1566 0
    endloop
  endfacet
  facet normal -0.997844 -0.0656309 0
    outer loop
      vertex 26.1897 36.1566 1.8
      vertex 26.2 36 0
      vertex 26.2 36 1.8
    endloop
  endfacet
  facet normal -0.831462 -0.555582 0
    outer loop
      vertex 26.0392 36.6 0
      vertex 25.952 36.7305 1.8
      vertex 25.952 36.7305 0
    endloop
  endfacet
  facet normal -0.831462 -0.555582 0
    outer loop
      vertex 25.952 36.7305 1.8
      vertex 26.0392 36.6 0
      vertex 26.0392 36.6 1.8
    endloop
  endfacet
  facet normal -0.442622 0.896708 0
    outer loop
      vertex 25.6 34.9608 0
      vertex 25.4592 34.8913 1.8
      vertex 25.6 34.9608 1.8
    endloop
  endfacet
  facet normal -0.442622 0.896708 0
    outer loop
      vertex 25.4592 34.8913 1.8
      vertex 25.6 34.9608 0
      vertex 25.4592 34.8913 0
    endloop
  endfacet
  facet normal -0.896708 -0.442622 0
    outer loop
      vertex 26.1087 36.4592 0
      vertex 26.0392 36.6 1.8
      vertex 26.0392 36.6 0
    endloop
  endfacet
  facet normal -0.896708 -0.442622 0
    outer loop
      vertex 26.0392 36.6 1.8
      vertex 26.1087 36.4592 0
      vertex 26.1087 36.4592 1.8
    endloop
  endfacet
  facet normal -0.555582 0.831462 0
    outer loop
      vertex 25.7305 35.048 0
      vertex 25.6 34.9608 1.8
      vertex 25.7305 35.048 1.8
    endloop
  endfacet
  facet normal -0.555582 0.831462 0
    outer loop
      vertex 25.6 34.9608 1.8
      vertex 25.7305 35.048 0
      vertex 25.6 34.9608 0
    endloop
  endfacet
  facet normal -0.442622 -0.896708 0
    outer loop
      vertex 25.4592 37.1087 0
      vertex 25.6 37.0392 1.8
      vertex 25.4592 37.1087 1.8
    endloop
  endfacet
  facet normal -0.442622 -0.896708 -0
    outer loop
      vertex 25.6 37.0392 1.8
      vertex 25.4592 37.1087 0
      vertex 25.6 37.0392 0
    endloop
  endfacet
  facet normal 0.831462 0.555582 0
    outer loop
      vertex 11.048 35.2695 1.8
      vertex 10.9608 35.4 0
      vertex 10.9608 35.4 1.8
    endloop
  endfacet
  facet normal 0.831462 0.555582 0
    outer loop
      vertex 10.9608 35.4 0
      vertex 11.048 35.2695 1.8
      vertex 11.048 35.2695 0
    endloop
  endfacet
  facet normal -0.896708 0.442622 0
    outer loop
      vertex 26.0392 35.4 0
      vertex 26.1087 35.5408 1.8
      vertex 26.1087 35.5408 0
    endloop
  endfacet
  facet normal -0.896708 0.442622 0
    outer loop
      vertex 26.1087 35.5408 1.8
      vertex 26.0392 35.4 0
      vertex 26.0392 35.4 1.8
    endloop
  endfacet
  facet normal 0.442622 0.896708 -0
    outer loop
      vertex 11.5408 34.8913 0
      vertex 11.4 34.9608 1.8
      vertex 11.5408 34.8913 1.8
    endloop
  endfacet
  facet normal 0.442622 0.896708 0
    outer loop
      vertex 11.4 34.9608 1.8
      vertex 11.5408 34.8913 0
      vertex 11.4 34.9608 0
    endloop
  endfacet
  facet normal 0.751787 0.659406 0
    outer loop
      vertex 11.1515 35.1515 1.8
      vertex 11.048 35.2695 0
      vertex 11.048 35.2695 1.8
    endloop
  endfacet
  facet normal 0.751787 0.659406 0
    outer loop
      vertex 11.048 35.2695 0
      vertex 11.1515 35.1515 1.8
      vertex 11.1515 35.1515 0
    endloop
  endfacet
  facet normal 0.555582 0.831462 -0
    outer loop
      vertex 11.4 34.9608 0
      vertex 11.2695 35.048 1.8
      vertex 11.4 34.9608 1.8
    endloop
  endfacet
  facet normal 0.555582 0.831462 0
    outer loop
      vertex 11.2695 35.048 1.8
      vertex 11.4 34.9608 0
      vertex 11.2695 35.048 0
    endloop
  endfacet
  facet normal 0.896708 0.442622 0
    outer loop
      vertex 10.9608 35.4 1.8
      vertex 10.8913 35.5408 0
      vertex 10.8913 35.5408 1.8
    endloop
  endfacet
  facet normal 0.896708 0.442622 0
    outer loop
      vertex 10.8913 35.5408 0
      vertex 10.9608 35.4 1.8
      vertex 10.9608 35.4 0
    endloop
  endfacet
  facet normal -0.194891 0.980825 0
    outer loop
      vertex 25.3106 34.8409 0
      vertex 25.1566 34.8103 1.8
      vertex 25.3106 34.8409 1.8
    endloop
  endfacet
  facet normal -0.194891 0.980825 0
    outer loop
      vertex 25.1566 34.8103 1.8
      vertex 25.3106 34.8409 0
      vertex 25.1566 34.8103 0
    endloop
  endfacet
  facet normal -0.659406 -0.751787 0
    outer loop
      vertex 25.7305 36.952 0
      vertex 25.8485 36.8485 1.8
      vertex 25.7305 36.952 1.8
    endloop
  endfacet
  facet normal -0.659406 -0.751787 -0
    outer loop
      vertex 25.8485 36.8485 1.8
      vertex 25.7305 36.952 0
      vertex 25.8485 36.8485 0
    endloop
  endfacet
  facet normal -0.555582 -0.831462 0
    outer loop
      vertex 25.6 37.0392 0
      vertex 25.7305 36.952 1.8
      vertex 25.6 37.0392 1.8
    endloop
  endfacet
  facet normal -0.555582 -0.831462 -0
    outer loop
      vertex 25.7305 36.952 1.8
      vertex 25.6 37.0392 0
      vertex 25.7305 36.952 0
    endloop
  endfacet
  facet normal 0.659406 0.751787 -0
    outer loop
      vertex 11.2695 35.048 0
      vertex 11.1515 35.1515 1.8
      vertex 11.2695 35.048 1.8
    endloop
  endfacet
  facet normal 0.659406 0.751787 0
    outer loop
      vertex 11.1515 35.1515 1.8
      vertex 11.2695 35.048 0
      vertex 11.1515 35.1515 0
    endloop
  endfacet
  facet normal 0.947013 0.321194 0
    outer loop
      vertex 10.8913 35.5408 1.8
      vertex 10.8409 35.6894 0
      vertex 10.8409 35.6894 1.8
    endloop
  endfacet
  facet normal 0.947013 0.321194 0
    outer loop
      vertex 10.8409 35.6894 0
      vertex 10.8913 35.5408 1.8
      vertex 10.8913 35.5408 0
    endloop
  endfacet
  facet normal 0.980825 0.194891 0
    outer loop
      vertex 10.8409 35.6894 1.8
      vertex 10.8103 35.8434 0
      vertex 10.8103 35.8434 1.8
    endloop
  endfacet
  facet normal 0.980825 0.194891 0
    outer loop
      vertex 10.8103 35.8434 0
      vertex 10.8409 35.6894 1.8
      vertex 10.8409 35.6894 0
    endloop
  endfacet
  facet normal -0.947013 0.321194 0
    outer loop
      vertex 26.1087 41.5408 0
      vertex 26.1591 41.6894 1.8
      vertex 26.1591 41.6894 0
    endloop
  endfacet
  facet normal -0.947013 0.321194 0
    outer loop
      vertex 26.1591 41.6894 1.8
      vertex 26.1087 41.5408 0
      vertex 26.1087 41.5408 1.8
    endloop
  endfacet
  facet normal 0 -1 0
    outer loop
      vertex 12 43.2 0
      vertex 25 43.2 1.8
      vertex 12 43.2 1.8
    endloop
  endfacet
  facet normal 0 -1 -0
    outer loop
      vertex 25 43.2 1.8
      vertex 12 43.2 0
      vertex 25 43.2 0
    endloop
  endfacet
  facet normal -0.980825 -0.194891 0
    outer loop
      vertex 26.1897 42.1566 0
      vertex 26.1591 42.3106 1.8
      vertex 26.1591 42.3106 0
    endloop
  endfacet
  facet normal -0.980825 -0.194891 0
    outer loop
      vertex 26.1591 42.3106 1.8
      vertex 26.1897 42.1566 0
      vertex 26.1897 42.1566 1.8
    endloop
  endfacet
  facet normal -0.997844 0.0656309 0
    outer loop
      vertex 26.1897 41.8434 0
      vertex 26.2 42 1.8
      vertex 26.2 42 0
    endloop
  endfacet
  facet normal -0.997844 0.0656309 0
    outer loop
      vertex 26.2 42 1.8
      vertex 26.1897 41.8434 0
      vertex 26.1897 41.8434 1.8
    endloop
  endfacet
  facet normal -0.896708 -0.442622 0
    outer loop
      vertex 26.1087 42.4592 0
      vertex 26.0392 42.6 1.8
      vertex 26.0392 42.6 0
    endloop
  endfacet
  facet normal -0.896708 -0.442622 0
    outer loop
      vertex 26.0392 42.6 1.8
      vertex 26.1087 42.4592 0
      vertex 26.1087 42.4592 1.8
    endloop
  endfacet
  facet normal 0.831462 -0.555582 0
    outer loop
      vertex 10.9608 42.6 1.8
      vertex 11.048 42.7305 0
      vertex 11.048 42.7305 1.8
    endloop
  endfacet
  facet normal 0.831462 -0.555582 0
    outer loop
      vertex 11.048 42.7305 0
      vertex 10.9608 42.6 1.8
      vertex 10.9608 42.6 0
    endloop
  endfacet
  facet normal -0.321194 0.947013 0
    outer loop
      vertex 25.4592 40.8913 0
      vertex 25.3106 40.8409 1.8
      vertex 25.4592 40.8913 1.8
    endloop
  endfacet
  facet normal -0.321194 0.947013 0
    outer loop
      vertex 25.3106 40.8409 1.8
      vertex 25.4592 40.8913 0
      vertex 25.3106 40.8409 0
    endloop
  endfacet
  facet normal -0.896708 0.442622 0
    outer loop
      vertex 26.0392 41.4 0
      vertex 26.1087 41.5408 1.8
      vertex 26.1087 41.5408 0
    endloop
  endfacet
  facet normal -0.896708 0.442622 0
    outer loop
      vertex 26.1087 41.5408 1.8
      vertex 26.0392 41.4 0
      vertex 26.0392 41.4 1.8
    endloop
  endfacet
  facet normal -0.997844 -0.0656309 0
    outer loop
      vertex 26.2 42 0
      vertex 26.1897 42.1566 1.8
      vertex 26.1897 42.1566 0
    endloop
  endfacet
  facet normal -0.997844 -0.0656309 0
    outer loop
      vertex 26.1897 42.1566 1.8
      vertex 26.2 42 0
      vertex 26.2 42 1.8
    endloop
  endfacet
  facet normal 0 1 -0
    outer loop
      vertex 25 40.8 0
      vertex 12 40.8 1.8
      vertex 25 40.8 1.8
    endloop
  endfacet
  facet normal 0 1 0
    outer loop
      vertex 12 40.8 1.8
      vertex 25 40.8 0
      vertex 12 40.8 0
    endloop
  endfacet
  facet normal -0.442622 -0.896708 0
    outer loop
      vertex 25.4592 43.1087 0
      vertex 25.6 43.0392 1.8
      vertex 25.4592 43.1087 1.8
    endloop
  endfacet
  facet normal -0.442622 -0.896708 -0
    outer loop
      vertex 25.6 43.0392 1.8
      vertex 25.4592 43.1087 0
      vertex 25.6 43.0392 0
    endloop
  endfacet
  facet normal 0.751787 -0.659406 0
    outer loop
      vertex 11.048 42.7305 1.8
      vertex 11.1515 42.8485 0
      vertex 11.1515 42.8485 1.8
    endloop
  endfacet
  facet normal 0.751787 -0.659406 0
    outer loop
      vertex 11.1515 42.8485 0
      vertex 11.048 42.7305 1.8
      vertex 11.048 42.7305 0
    endloop
  endfacet
  facet normal -0.0656309 0.997844 0
    outer loop
      vertex 25.1566 40.8103 0
      vertex 25 40.8 1.8
      vertex 25.1566 40.8103 1.8
    endloop
  endfacet
  facet normal -0.0656309 0.997844 0
    outer loop
      vertex 25 40.8 1.8
      vertex 25.1566 40.8103 0
      vertex 25 40.8 0
    endloop
  endfacet
  facet normal -0.831462 0.555582 0
    outer loop
      vertex 25.952 41.2695 0
      vertex 26.0392 41.4 1.8
      vertex 26.0392 41.4 0
    endloop
  endfacet
  facet normal -0.831462 0.555582 0
    outer loop
      vertex 26.0392 41.4 1.8
      vertex 25.952 41.2695 0
      vertex 25.952 41.2695 1.8
    endloop
  endfacet
  facet normal 0.751787 0.659406 0
    outer loop
      vertex 11.1515 41.1515 1.8
      vertex 11.048 41.2695 0
      vertex 11.048 41.2695 1.8
    endloop
  endfacet
  facet normal 0.751787 0.659406 0
    outer loop
      vertex 11.048 41.2695 0
      vertex 11.1515 41.1515 1.8
      vertex 11.1515 41.1515 0
    endloop
  endfacet
  facet normal 0.997844 -0.0656309 0
    outer loop
      vertex 10.8 42 1.8
      vertex 10.8103 42.1566 0
      vertex 10.8103 42.1566 1.8
    endloop
  endfacet
  facet normal 0.997844 -0.0656309 0
    outer loop
      vertex 10.8103 42.1566 0
      vertex 10.8 42 1.8
      vertex 10.8 42 0
    endloop
  endfacet
  facet normal -0.831462 -0.555582 0
    outer loop
      vertex 26.0392 42.6 0
      vertex 25.952 42.7305 1.8
      vertex 25.952 42.7305 0
    endloop
  endfacet
  facet normal -0.831462 -0.555582 0
    outer loop
      vertex 25.952 42.7305 1.8
      vertex 26.0392 42.6 0
      vertex 26.0392 42.6 1.8
    endloop
  endfacet
  facet normal -0.194891 0.980825 0
    outer loop
      vertex 25.3106 40.8409 0
      vertex 25.1566 40.8103 1.8
      vertex 25.3106 40.8409 1.8
    endloop
  endfacet
  facet normal -0.194891 0.980825 0
    outer loop
      vertex 25.1566 40.8103 1.8
      vertex 25.3106 40.8409 0
      vertex 25.1566 40.8103 0
    endloop
  endfacet
  facet normal 0.194891 0.980825 -0
    outer loop
      vertex 11.8434 40.8103 0
      vertex 11.6894 40.8409 1.8
      vertex 11.8434 40.8103 1.8
    endloop
  endfacet
  facet normal 0.194891 0.980825 0
    outer loop
      vertex 11.6894 40.8409 1.8
      vertex 11.8434 40.8103 0
      vertex 11.6894 40.8409 0
    endloop
  endfacet
  facet normal -0.980825 0.194891 0
    outer loop
      vertex 26.1591 41.6894 0
      vertex 26.1897 41.8434 1.8
      vertex 26.1897 41.8434 0
    endloop
  endfacet
  facet normal -0.980825 0.194891 0
    outer loop
      vertex 26.1897 41.8434 1.8
      vertex 26.1591 41.6894 0
      vertex 26.1591 41.6894 1.8
    endloop
  endfacet
  facet normal 0.659406 -0.751787 0
    outer loop
      vertex 11.1515 42.8485 0
      vertex 11.2695 42.952 1.8
      vertex 11.1515 42.8485 1.8
    endloop
  endfacet
  facet normal 0.659406 -0.751787 0
    outer loop
      vertex 11.2695 42.952 1.8
      vertex 11.1515 42.8485 0
      vertex 11.2695 42.952 0
    endloop
  endfacet
  facet normal -0.947013 -0.321194 0
    outer loop
      vertex 26.1591 42.3106 0
      vertex 26.1087 42.4592 1.8
      vertex 26.1087 42.4592 0
    endloop
  endfacet
  facet normal -0.947013 -0.321194 0
    outer loop
      vertex 26.1087 42.4592 1.8
      vertex 26.1591 42.3106 0
      vertex 26.1591 42.3106 1.8
    endloop
  endfacet
  facet normal 0.442622 -0.896708 0
    outer loop
      vertex 11.4 43.0392 0
      vertex 11.5408 43.1087 1.8
      vertex 11.4 43.0392 1.8
    endloop
  endfacet
  facet normal 0.442622 -0.896708 0
    outer loop
      vertex 11.5408 43.1087 1.8
      vertex 11.4 43.0392 0
      vertex 11.5408 43.1087 0
    endloop
  endfacet
  facet normal 0.997844 0.0656309 0
    outer loop
      vertex 10.8103 41.8434 1.8
      vertex 10.8 42 0
      vertex 10.8 42 1.8
    endloop
  endfacet
  facet normal 0.997844 0.0656309 0
    outer loop
      vertex 10.8 42 0
      vertex 10.8103 41.8434 1.8
      vertex 10.8103 41.8434 0
    endloop
  endfacet
  facet normal 0.555582 -0.831462 0
    outer loop
      vertex 11.2695 42.952 0
      vertex 11.4 43.0392 1.8
      vertex 11.2695 42.952 1.8
    endloop
  endfacet
  facet normal 0.555582 -0.831462 0
    outer loop
      vertex 11.4 43.0392 1.8
      vertex 11.2695 42.952 0
      vertex 11.4 43.0392 0
    endloop
  endfacet
  facet normal 0.194891 -0.980825 0
    outer loop
      vertex 11.6894 43.1591 0
      vertex 11.8434 43.1897 1.8
      vertex 11.6894 43.1591 1.8
    endloop
  endfacet
  facet normal 0.194891 -0.980825 0
    outer loop
      vertex 11.8434 43.1897 1.8
      vertex 11.6894 43.1591 0
      vertex 11.8434 43.1897 0
    endloop
  endfacet
  facet normal -0.442622 0.896708 0
    outer loop
      vertex 25.6 40.9608 0
      vertex 25.4592 40.8913 1.8
      vertex 25.6 40.9608 1.8
    endloop
  endfacet
  facet normal -0.442622 0.896708 0
    outer loop
      vertex 25.4592 40.8913 1.8
      vertex 25.6 40.9608 0
      vertex 25.4592 40.8913 0
    endloop
  endfacet
  facet normal 0.980825 0.194891 0
    outer loop
      vertex 10.8409 41.6894 1.8
      vertex 10.8103 41.8434 0
      vertex 10.8103 41.8434 1.8
    endloop
  endfacet
  facet normal 0.980825 0.194891 0
    outer loop
      vertex 10.8103 41.8434 0
      vertex 10.8409 41.6894 1.8
      vertex 10.8409 41.6894 0
    endloop
  endfacet
  facet normal 0.896708 0.442622 0
    outer loop
      vertex 10.9608 41.4 1.8
      vertex 10.8913 41.5408 0
      vertex 10.8913 41.5408 1.8
    endloop
  endfacet
  facet normal 0.896708 0.442622 0
    outer loop
      vertex 10.8913 41.5408 0
      vertex 10.9608 41.4 1.8
      vertex 10.9608 41.4 0
    endloop
  endfacet
  facet normal -0.659406 -0.751787 0
    outer loop
      vertex 25.7305 42.952 0
      vertex 25.8485 42.8485 1.8
      vertex 25.7305 42.952 1.8
    endloop
  endfacet
  facet normal -0.659406 -0.751787 -0
    outer loop
      vertex 25.8485 42.8485 1.8
      vertex 25.7305 42.952 0
      vertex 25.8485 42.8485 0
    endloop
  endfacet
  facet normal 0.0656309 -0.997844 0
    outer loop
      vertex 11.8434 43.1897 0
      vertex 12 43.2 1.8
      vertex 11.8434 43.1897 1.8
    endloop
  endfacet
  facet normal 0.0656309 -0.997844 0
    outer loop
      vertex 12 43.2 1.8
      vertex 11.8434 43.1897 0
      vertex 12 43.2 0
    endloop
  endfacet
  facet normal 0.831462 0.555582 0
    outer loop
      vertex 11.048 41.2695 1.8
      vertex 10.9608 41.4 0
      vertex 10.9608 41.4 1.8
    endloop
  endfacet
  facet normal 0.831462 0.555582 0
    outer loop
      vertex 10.9608 41.4 0
      vertex 11.048 41.2695 1.8
      vertex 11.048 41.2695 0
    endloop
  endfacet
  facet normal 0.555582 0.831462 -0
    outer loop
      vertex 11.4 40.9608 0
      vertex 11.2695 41.048 1.8
      vertex 11.4 40.9608 1.8
    endloop
  endfacet
  facet normal 0.555582 0.831462 0
    outer loop
      vertex 11.2695 41.048 1.8
      vertex 11.4 40.9608 0
      vertex 11.2695 41.048 0
    endloop
  endfacet
  facet normal -0.659406 0.751787 0
    outer loop
      vertex 25.8485 41.1515 0
      vertex 25.7305 41.048 1.8
      vertex 25.8485 41.1515 1.8
    endloop
  endfacet
  facet normal -0.659406 0.751787 0
    outer loop
      vertex 25.7305 41.048 1.8
      vertex 25.8485 41.1515 0
      vertex 25.7305 41.048 0
    endloop
  endfacet
  facet normal -0.751787 0.659406 0
    outer loop
      vertex 25.8485 41.1515 0
      vertex 25.952 41.2695 1.8
      vertex 25.952 41.2695 0
    endloop
  endfacet
  facet normal -0.751787 0.659406 0
    outer loop
      vertex 25.952 41.2695 1.8
      vertex 25.8485 41.1515 0
      vertex 25.8485 41.1515 1.8
    endloop
  endfacet
  facet normal -0.555582 0.831462 0
    outer loop
      vertex 25.7305 41.048 0
      vertex 25.6 40.9608 1.8
      vertex 25.7305 41.048 1.8
    endloop
  endfacet
  facet normal -0.555582 0.831462 0
    outer loop
      vertex 25.6 40.9608 1.8
      vertex 25.7305 41.048 0
      vertex 25.6 40.9608 0
    endloop
  endfacet
  facet normal 0.896708 -0.442622 0
    outer loop
      vertex 10.8913 42.4592 1.8
      vertex 10.9608 42.6 0
      vertex 10.9608 42.6 1.8
    endloop
  endfacet
  facet normal 0.896708 -0.442622 0
    outer loop
      vertex 10.9608 42.6 0
      vertex 10.8913 42.4592 1.8
      vertex 10.8913 42.4592 0
    endloop
  endfacet
  facet normal 0.947013 -0.321194 0
    outer loop
      vertex 10.8409 42.3106 1.8
      vertex 10.8913 42.4592 0
      vertex 10.8913 42.4592 1.8
    endloop
  endfacet
  facet normal 0.947013 -0.321194 0
    outer loop
      vertex 10.8913 42.4592 0
      vertex 10.8409 42.3106 1.8
      vertex 10.8409 42.3106 0
    endloop
  endfacet
  facet normal 0.321194 0.947013 -0
    outer loop
      vertex 11.6894 40.8409 0
      vertex 11.5408 40.8913 1.8
      vertex 11.6894 40.8409 1.8
    endloop
  endfacet
  facet normal 0.321194 0.947013 0
    outer loop
      vertex 11.5408 40.8913 1.8
      vertex 11.6894 40.8409 0
      vertex 11.5408 40.8913 0
    endloop
  endfacet
  facet normal -0.321194 -0.947013 0
    outer loop
      vertex 25.3106 43.1591 0
      vertex 25.4592 43.1087 1.8
      vertex 25.3106 43.1591 1.8
    endloop
  endfacet
  facet normal -0.321194 -0.947013 -0
    outer loop
      vertex 25.4592 43.1087 1.8
      vertex 25.3106 43.1591 0
      vertex 25.4592 43.1087 0
    endloop
  endfacet
  facet normal 0.442622 0.896708 -0
    outer loop
      vertex 11.5408 40.8913 0
      vertex 11.4 40.9608 1.8
      vertex 11.5408 40.8913 1.8
    endloop
  endfacet
  facet normal 0.442622 0.896708 0
    outer loop
      vertex 11.4 40.9608 1.8
      vertex 11.5408 40.8913 0
      vertex 11.4 40.9608 0
    endloop
  endfacet
  facet normal -0.555582 -0.831462 0
    outer loop
      vertex 25.6 43.0392 0
      vertex 25.7305 42.952 1.8
      vertex 25.6 43.0392 1.8
    endloop
  endfacet
  facet normal -0.555582 -0.831462 -0
    outer loop
      vertex 25.7305 42.952 1.8
      vertex 25.6 43.0392 0
      vertex 25.7305 42.952 0
    endloop
  endfacet
  facet normal 0.980825 -0.194891 0
    outer loop
      vertex 10.8103 42.1566 1.8
      vertex 10.8409 42.3106 0
      vertex 10.8409 42.3106 1.8
    endloop
  endfacet
  facet normal 0.980825 -0.194891 0
    outer loop
      vertex 10.8409 42.3106 0
      vertex 10.8103 42.1566 1.8
      vertex 10.8103 42.1566 0
    endloop
  endfacet
  facet normal -0.0656309 -0.997844 0
    outer loop
      vertex 25 43.2 0
      vertex 25.1566 43.1897 1.8
      vertex 25 43.2 1.8
    endloop
  endfacet
  facet normal -0.0656309 -0.997844 -0
    outer loop
      vertex 25.1566 43.1897 1.8
      vertex 25 43.2 0
      vertex 25.1566 43.1897 0
    endloop
  endfacet
  facet normal 0.0656309 0.997844 -0
    outer loop
      vertex 12 40.8 0
      vertex 11.8434 40.8103 1.8
      vertex 12 40.8 1.8
    endloop
  endfacet
  facet normal 0.0656309 0.997844 0
    outer loop
      vertex 11.8434 40.8103 1.8
      vertex 12 40.8 0
      vertex 11.8434 40.8103 0
    endloop
  endfacet
  facet normal 0.659406 0.751787 -0
    outer loop
      vertex 11.2695 41.048 0
      vertex 11.1515 41.1515 1.8
      vertex 11.2695 41.048 1.8
    endloop
  endfacet
  facet normal 0.659406 0.751787 0
    outer loop
      vertex 11.1515 41.1515 1.8
      vertex 11.2695 41.048 0
      vertex 11.1515 41.1515 0
    endloop
  endfacet
  facet normal -0.751787 -0.659406 0
    outer loop
      vertex 25.952 42.7305 0
      vertex 25.8485 42.8485 1.8
      vertex 25.8485 42.8485 0
    endloop
  endfacet
  facet normal -0.751787 -0.659406 0
    outer loop
      vertex 25.8485 42.8485 1.8
      vertex 25.952 42.7305 0
      vertex 25.952 42.7305 1.8
    endloop
  endfacet
  facet normal -0.194891 -0.980825 0
    outer loop
      vertex 25.1566 43.1897 0
      vertex 25.3106 43.1591 1.8
      vertex 25.1566 43.1897 1.8
    endloop
  endfacet
  facet normal -0.194891 -0.980825 -0
    outer loop
      vertex 25.3106 43.1591 1.8
      vertex 25.1566 43.1897 0
      vertex 25.3106 43.1591 0
    endloop
  endfacet
  facet normal 0.321194 -0.947013 0
    outer loop
      vertex 11.5408 43.1087 0
      vertex 11.6894 43.1591 1.8
      vertex 11.5408 43.1087 1.8
    endloop
  endfacet
  facet normal 0.321194 -0.947013 0
    outer loop
      vertex 11.6894 43.1591 1.8
      vertex 11.5408 43.1087 0
      vertex 11.6894 43.1591 0
    endloop
  endfacet
  facet normal 0.947013 0.321194 0
    outer loop
      vertex 10.8913 41.5408 1.8
      vertex 10.8409 41.6894 0
      vertex 10.8409 41.6894 1.8
    endloop
  endfacet
  facet normal 0.947013 0.321194 0
    outer loop
      vertex 10.8409 41.6894 0
      vertex 10.8913 41.5408 1.8
      vertex 10.8913 41.5408 0
    endloop
  endfacet
  facet normal 0.0656309 -0.997844 0
    outer loop
      vertex 11.8434 49.1897 0
      vertex 12 49.2 1.8
      vertex 11.8434 49.1897 1.8
    endloop
  endfacet
  facet normal 0.0656309 -0.997844 0
    outer loop
      vertex 12 49.2 1.8
      vertex 11.8434 49.1897 0
      vertex 12 49.2 0
    endloop
  endfacet
  facet normal -0.997844 -0.0656309 0
    outer loop
      vertex 26.2 48 0
      vertex 26.1897 48.1566 1.8
      vertex 26.1897 48.1566 0
    endloop
  endfacet
  facet normal -0.997844 -0.0656309 0
    outer loop
      vertex 26.1897 48.1566 1.8
      vertex 26.2 48 0
      vertex 26.2 48 1.8
    endloop
  endfacet
  facet normal -0.751787 -0.659406 0
    outer loop
      vertex 25.952 48.7305 0
      vertex 25.8485 48.8485 1.8
      vertex 25.8485 48.8485 0
    endloop
  endfacet
  facet normal -0.751787 -0.659406 0
    outer loop
      vertex 25.8485 48.8485 1.8
      vertex 25.952 48.7305 0
      vertex 25.952 48.7305 1.8
    endloop
  endfacet
  facet normal 0.442622 0.896708 -0
    outer loop
      vertex 11.5408 46.8913 0
      vertex 11.4 46.9608 1.8
      vertex 11.5408 46.8913 1.8
    endloop
  endfacet
  facet normal 0.442622 0.896708 0
    outer loop
      vertex 11.4 46.9608 1.8
      vertex 11.5408 46.8913 0
      vertex 11.4 46.9608 0
    endloop
  endfacet
  facet normal 0.980825 -0.194891 0
    outer loop
      vertex 10.8103 48.1566 1.8
      vertex 10.8409 48.3106 0
      vertex 10.8409 48.3106 1.8
    endloop
  endfacet
  facet normal 0.980825 -0.194891 0
    outer loop
      vertex 10.8409 48.3106 0
      vertex 10.8103 48.1566 1.8
      vertex 10.8103 48.1566 0
    endloop
  endfacet
  facet normal -0.896708 0.442622 0
    outer loop
      vertex 26.0392 47.4 0
      vertex 26.1087 47.5408 1.8
      vertex 26.1087 47.5408 0
    endloop
  endfacet
  facet normal -0.896708 0.442622 0
    outer loop
      vertex 26.1087 47.5408 1.8
      vertex 26.0392 47.4 0
      vertex 26.0392 47.4 1.8
    endloop
  endfacet
  facet normal -0.751787 0.659406 0
    outer loop
      vertex 25.8485 47.1515 0
      vertex 25.952 47.2695 1.8
      vertex 25.952 47.2695 0
    endloop
  endfacet
  facet normal -0.751787 0.659406 0
    outer loop
      vertex 25.952 47.2695 1.8
      vertex 25.8485 47.1515 0
      vertex 25.8485 47.1515 1.8
    endloop
  endfacet
  facet normal -0.555582 0.831462 0
    outer loop
      vertex 25.7305 47.048 0
      vertex 25.6 46.9608 1.8
      vertex 25.7305 47.048 1.8
    endloop
  endfacet
  facet normal -0.555582 0.831462 0
    outer loop
      vertex 25.6 46.9608 1.8
      vertex 25.7305 47.048 0
      vertex 25.6 46.9608 0
    endloop
  endfacet
  facet normal 0.947013 -0.321194 0
    outer loop
      vertex 10.8409 48.3106 1.8
      vertex 10.8913 48.4592 0
      vertex 10.8913 48.4592 1.8
    endloop
  endfacet
  facet normal 0.947013 -0.321194 0
    outer loop
      vertex 10.8913 48.4592 0
      vertex 10.8409 48.3106 1.8
      vertex 10.8409 48.3106 0
    endloop
  endfacet
  facet normal -0.442622 -0.896708 0
    outer loop
      vertex 25.4592 49.1087 0
      vertex 25.6 49.0392 1.8
      vertex 25.4592 49.1087 1.8
    endloop
  endfacet
  facet normal -0.442622 -0.896708 -0
    outer loop
      vertex 25.6 49.0392 1.8
      vertex 25.4592 49.1087 0
      vertex 25.6 49.0392 0
    endloop
  endfacet
  facet normal 0.442622 -0.896708 0
    outer loop
      vertex 11.4 49.0392 0
      vertex 11.5408 49.1087 1.8
      vertex 11.4 49.0392 1.8
    endloop
  endfacet
  facet normal 0.442622 -0.896708 0
    outer loop
      vertex 11.5408 49.1087 1.8
      vertex 11.4 49.0392 0
      vertex 11.5408 49.1087 0
    endloop
  endfacet
  facet normal -0.831462 0.555582 0
    outer loop
      vertex 25.952 47.2695 0
      vertex 26.0392 47.4 1.8
      vertex 26.0392 47.4 0
    endloop
  endfacet
  facet normal -0.831462 0.555582 0
    outer loop
      vertex 26.0392 47.4 1.8
      vertex 25.952 47.2695 0
      vertex 25.952 47.2695 1.8
    endloop
  endfacet
  facet normal 0.896708 0.442622 0
    outer loop
      vertex 10.9608 47.4 1.8
      vertex 10.8913 47.5408 0
      vertex 10.8913 47.5408 1.8
    endloop
  endfacet
  facet normal 0.896708 0.442622 0
    outer loop
      vertex 10.8913 47.5408 0
      vertex 10.9608 47.4 1.8
      vertex 10.9608 47.4 0
    endloop
  endfacet
  facet normal 0 1 -0
    outer loop
      vertex 25 46.8 0
      vertex 12 46.8 1.8
      vertex 25 46.8 1.8
    endloop
  endfacet
  facet normal 0 1 0
    outer loop
      vertex 12 46.8 1.8
      vertex 25 46.8 0
      vertex 12 46.8 0
    endloop
  endfacet
  facet normal 0.0656309 0.997844 -0
    outer loop
      vertex 12 46.8 0
      vertex 11.8434 46.8103 1.8
      vertex 12 46.8 1.8
    endloop
  endfacet
  facet normal 0.0656309 0.997844 0
    outer loop
      vertex 11.8434 46.8103 1.8
      vertex 12 46.8 0
      vertex 11.8434 46.8103 0
    endloop
  endfacet
  facet normal -0.997844 0.0656309 0
    outer loop
      vertex 26.1897 47.8434 0
      vertex 26.2 48 1.8
      vertex 26.2 48 0
    endloop
  endfacet
  facet normal -0.997844 0.0656309 0
    outer loop
      vertex 26.2 48 1.8
      vertex 26.1897 47.8434 0
      vertex 26.1897 47.8434 1.8
    endloop
  endfacet
  facet normal -0.947013 0.321194 0
    outer loop
      vertex 26.1087 47.5408 0
      vertex 26.1591 47.6894 1.8
      vertex 26.1591 47.6894 0
    endloop
  endfacet
  facet normal -0.947013 0.321194 0
    outer loop
      vertex 26.1591 47.6894 1.8
      vertex 26.1087 47.5408 0
      vertex 26.1087 47.5408 1.8
    endloop
  endfacet
  facet normal 0.831462 0.555582 0
    outer loop
      vertex 11.048 47.2695 1.8
      vertex 10.9608 47.4 0
      vertex 10.9608 47.4 1.8
    endloop
  endfacet
  facet normal 0.831462 0.555582 0
    outer loop
      vertex 10.9608 47.4 0
      vertex 11.048 47.2695 1.8
      vertex 11.048 47.2695 0
    endloop
  endfacet
  facet normal -0.659406 0.751787 0
    outer loop
      vertex 25.8485 47.1515 0
      vertex 25.7305 47.048 1.8
      vertex 25.8485 47.1515 1.8
    endloop
  endfacet
  facet normal -0.659406 0.751787 0
    outer loop
      vertex 25.7305 47.048 1.8
      vertex 25.8485 47.1515 0
      vertex 25.7305 47.048 0
    endloop
  endfacet
  facet normal 0 -1 0
    outer loop
      vertex 12 49.2 0
      vertex 25 49.2 1.8
      vertex 12 49.2 1.8
    endloop
  endfacet
  facet normal 0 -1 -0
    outer loop
      vertex 25 49.2 1.8
      vertex 12 49.2 0
      vertex 25 49.2 0
    endloop
  endfacet
  facet normal -0.442622 0.896708 0
    outer loop
      vertex 25.6 46.9608 0
      vertex 25.4592 46.8913 1.8
      vertex 25.6 46.9608 1.8
    endloop
  endfacet
  facet normal -0.442622 0.896708 0
    outer loop
      vertex 25.4592 46.8913 1.8
      vertex 25.6 46.9608 0
      vertex 25.4592 46.8913 0
    endloop
  endfacet
  facet normal 0.997844 0.0656309 0
    outer loop
      vertex 10.8103 47.8434 1.8
      vertex 10.8 48 0
      vertex 10.8 48 1.8
    endloop
  endfacet
  facet normal 0.997844 0.0656309 0
    outer loop
      vertex 10.8 48 0
      vertex 10.8103 47.8434 1.8
      vertex 10.8103 47.8434 0
    endloop
  endfacet
  facet normal 0.997844 -0.0656309 0
    outer loop
      vertex 10.8 48 1.8
      vertex 10.8103 48.1566 0
      vertex 10.8103 48.1566 1.8
    endloop
  endfacet
  facet normal 0.997844 -0.0656309 0
    outer loop
      vertex 10.8103 48.1566 0
      vertex 10.8 48 1.8
      vertex 10.8 48 0
    endloop
  endfacet
  facet normal -0.659406 -0.751787 0
    outer loop
      vertex 25.7305 48.952 0
      vertex 25.8485 48.8485 1.8
      vertex 25.7305 48.952 1.8
    endloop
  endfacet
  facet normal -0.659406 -0.751787 -0
    outer loop
      vertex 25.8485 48.8485 1.8
      vertex 25.7305 48.952 0
      vertex 25.8485 48.8485 0
    endloop
  endfacet
  facet normal 0.751787 0.659406 0
    outer loop
      vertex 11.1515 47.1515 1.8
      vertex 11.048 47.2695 0
      vertex 11.048 47.2695 1.8
    endloop
  endfacet
  facet normal 0.751787 0.659406 0
    outer loop
      vertex 11.048 47.2695 0
      vertex 11.1515 47.1515 1.8
      vertex 11.1515 47.1515 0
    endloop
  endfacet
  facet normal 0.659406 -0.751787 0
    outer loop
      vertex 11.1515 48.8485 0
      vertex 11.2695 48.952 1.8
      vertex 11.1515 48.8485 1.8
    endloop
  endfacet
  facet normal 0.659406 -0.751787 0
    outer loop
      vertex 11.2695 48.952 1.8
      vertex 11.1515 48.8485 0
      vertex 11.2695 48.952 0
    endloop
  endfacet
  facet normal 0.194891 0.980825 -0
    outer loop
      vertex 11.8434 46.8103 0
      vertex 11.6894 46.8409 1.8
      vertex 11.8434 46.8103 1.8
    endloop
  endfacet
  facet normal 0.194891 0.980825 0
    outer loop
      vertex 11.6894 46.8409 1.8
      vertex 11.8434 46.8103 0
      vertex 11.6894 46.8409 0
    endloop
  endfacet
  facet normal -0.0656309 0.997844 0
    outer loop
      vertex 25.1566 46.8103 0
      vertex 25 46.8 1.8
      vertex 25.1566 46.8103 1.8
    endloop
  endfacet
  facet normal -0.0656309 0.997844 0
    outer loop
      vertex 25 46.8 1.8
      vertex 25.1566 46.8103 0
      vertex 25 46.8 0
    endloop
  endfacet
  facet normal 0.831462 -0.555582 0
    outer loop
      vertex 10.9608 48.6 1.8
      vertex 11.048 48.7305 0
      vertex 11.048 48.7305 1.8
    endloop
  endfacet
  facet normal 0.831462 -0.555582 0
    outer loop
      vertex 11.048 48.7305 0
      vertex 10.9608 48.6 1.8
      vertex 10.9608 48.6 0
    endloop
  endfacet
  facet normal -0.896708 -0.442622 0
    outer loop
      vertex 26.1087 48.4592 0
      vertex 26.0392 48.6 1.8
      vertex 26.0392 48.6 0
    endloop
  endfacet
  facet normal -0.896708 -0.442622 0
    outer loop
      vertex 26.0392 48.6 1.8
      vertex 26.1087 48.4592 0
      vertex 26.1087 48.4592 1.8
    endloop
  endfacet
  facet normal 0.947013 0.321194 0
    outer loop
      vertex 10.8913 47.5408 1.8
      vertex 10.8409 47.6894 0
      vertex 10.8409 47.6894 1.8
    endloop
  endfacet
  facet normal 0.947013 0.321194 0
    outer loop
      vertex 10.8409 47.6894 0
      vertex 10.8913 47.5408 1.8
      vertex 10.8913 47.5408 0
    endloop
  endfacet
  facet normal -0.321194 -0.947013 0
    outer loop
      vertex 25.3106 49.1591 0
      vertex 25.4592 49.1087 1.8
      vertex 25.3106 49.1591 1.8
    endloop
  endfacet
  facet normal -0.321194 -0.947013 -0
    outer loop
      vertex 25.4592 49.1087 1.8
      vertex 25.3106 49.1591 0
      vertex 25.4592 49.1087 0
    endloop
  endfacet
  facet normal 0.751787 -0.659406 0
    outer loop
      vertex 11.048 48.7305 1.8
      vertex 11.1515 48.8485 0
      vertex 11.1515 48.8485 1.8
    endloop
  endfacet
  facet normal 0.751787 -0.659406 0
    outer loop
      vertex 11.1515 48.8485 0
      vertex 11.048 48.7305 1.8
      vertex 11.048 48.7305 0
    endloop
  endfacet
  facet normal -0.555582 -0.831462 0
    outer loop
      vertex 25.6 49.0392 0
      vertex 25.7305 48.952 1.8
      vertex 25.6 49.0392 1.8
    endloop
  endfacet
  facet normal -0.555582 -0.831462 -0
    outer loop
      vertex 25.7305 48.952 1.8
      vertex 25.6 49.0392 0
      vertex 25.7305 48.952 0
    endloop
  endfacet
  facet normal -0.194891 0.980825 0
    outer loop
      vertex 25.3106 46.8409 0
      vertex 25.1566 46.8103 1.8
      vertex 25.3106 46.8409 1.8
    endloop
  endfacet
  facet normal -0.194891 0.980825 0
    outer loop
      vertex 25.1566 46.8103 1.8
      vertex 25.3106 46.8409 0
      vertex 25.1566 46.8103 0
    endloop
  endfacet
  facet normal -0.980825 0.194891 0
    outer loop
      vertex 26.1591 47.6894 0
      vertex 26.1897 47.8434 1.8
      vertex 26.1897 47.8434 0
    endloop
  endfacet
  facet normal -0.980825 0.194891 0
    outer loop
      vertex 26.1897 47.8434 1.8
      vertex 26.1591 47.6894 0
      vertex 26.1591 47.6894 1.8
    endloop
  endfacet
  facet normal -0.831462 -0.555582 0
    outer loop
      vertex 26.0392 48.6 0
      vertex 25.952 48.7305 1.8
      vertex 25.952 48.7305 0
    endloop
  endfacet
  facet normal -0.831462 -0.555582 0
    outer loop
      vertex 25.952 48.7305 1.8
      vertex 26.0392 48.6 0
      vertex 26.0392 48.6 1.8
    endloop
  endfacet
  facet normal 0.980825 0.194891 0
    outer loop
      vertex 10.8409 47.6894 1.8
      vertex 10.8103 47.8434 0
      vertex 10.8103 47.8434 1.8
    endloop
  endfacet
  facet normal 0.980825 0.194891 0
    outer loop
      vertex 10.8103 47.8434 0
      vertex 10.8409 47.6894 1.8
      vertex 10.8409 47.6894 0
    endloop
  endfacet
  facet normal -0.980825 -0.194891 0
    outer loop
      vertex 26.1897 48.1566 0
      vertex 26.1591 48.3106 1.8
      vertex 26.1591 48.3106 0
    endloop
  endfacet
  facet normal -0.980825 -0.194891 0
    outer loop
      vertex 26.1591 48.3106 1.8
      vertex 26.1897 48.1566 0
      vertex 26.1897 48.1566 1.8
    endloop
  endfacet
  facet normal -0.947013 -0.321194 0
    outer loop
      vertex 26.1591 48.3106 0
      vertex 26.1087 48.4592 1.8
      vertex 26.1087 48.4592 0
    endloop
  endfacet
  facet normal -0.947013 -0.321194 0
    outer loop
      vertex 26.1087 48.4592 1.8
      vertex 26.1591 48.3106 0
      vertex 26.1591 48.3106 1.8
    endloop
  endfacet
  facet normal 0.896708 -0.442622 0
    outer loop
      vertex 10.8913 48.4592 1.8
      vertex 10.9608 48.6 0
      vertex 10.9608 48.6 1.8
    endloop
  endfacet
  facet normal 0.896708 -0.442622 0
    outer loop
      vertex 10.9608 48.6 0
      vertex 10.8913 48.4592 1.8
      vertex 10.8913 48.4592 0
    endloop
  endfacet
  facet normal -0.321194 0.947013 0
    outer loop
      vertex 25.4592 46.8913 0
      vertex 25.3106 46.8409 1.8
      vertex 25.4592 46.8913 1.8
    endloop
  endfacet
  facet normal -0.321194 0.947013 0
    outer loop
      vertex 25.3106 46.8409 1.8
      vertex 25.4592 46.8913 0
      vertex 25.3106 46.8409 0
    endloop
  endfacet
  facet normal 0.555582 0.831462 -0
    outer loop
      vertex 11.4 46.9608 0
      vertex 11.2695 47.048 1.8
      vertex 11.4 46.9608 1.8
    endloop
  endfacet
  facet normal 0.555582 0.831462 0
    outer loop
      vertex 11.2695 47.048 1.8
      vertex 11.4 46.9608 0
      vertex 11.2695 47.048 0
    endloop
  endfacet
  facet normal -0.0656309 -0.997844 0
    outer loop
      vertex 25 49.2 0
      vertex 25.1566 49.1897 1.8
      vertex 25 49.2 1.8
    endloop
  endfacet
  facet normal -0.0656309 -0.997844 -0
    outer loop
      vertex 25.1566 49.1897 1.8
      vertex 25 49.2 0
      vertex 25.1566 49.1897 0
    endloop
  endfacet
  facet normal 0.321194 0.947013 -0
    outer loop
      vertex 11.6894 46.8409 0
      vertex 11.5408 46.8913 1.8
      vertex 11.6894 46.8409 1.8
    endloop
  endfacet
  facet normal 0.321194 0.947013 0
    outer loop
      vertex 11.5408 46.8913 1.8
      vertex 11.6894 46.8409 0
      vertex 11.5408 46.8913 0
    endloop
  endfacet
  facet normal 0.194891 -0.980825 0
    outer loop
      vertex 11.6894 49.1591 0
      vertex 11.8434 49.1897 1.8
      vertex 11.6894 49.1591 1.8
    endloop
  endfacet
  facet normal 0.194891 -0.980825 0
    outer loop
      vertex 11.8434 49.1897 1.8
      vertex 11.6894 49.1591 0
      vertex 11.8434 49.1897 0
    endloop
  endfacet
  facet normal -0.194891 -0.980825 0
    outer loop
      vertex 25.1566 49.1897 0
      vertex 25.3106 49.1591 1.8
      vertex 25.1566 49.1897 1.8
    endloop
  endfacet
  facet normal -0.194891 -0.980825 -0
    outer loop
      vertex 25.3106 49.1591 1.8
      vertex 25.1566 49.1897 0
      vertex 25.3106 49.1591 0
    endloop
  endfacet
  facet normal 0.555582 -0.831462 0
    outer loop
      vertex 11.2695 48.952 0
      vertex 11.4 49.0392 1.8
      vertex 11.2695 48.952 1.8
    endloop
  endfacet
  facet normal 0.555582 -0.831462 0
    outer loop
      vertex 11.4 49.0392 1.8
      vertex 11.2695 48.952 0
      vertex 11.4 49.0392 0
    endloop
  endfacet
  facet normal 0.659406 0.751787 -0
    outer loop
      vertex 11.2695 47.048 0
      vertex 11.1515 47.1515 1.8
      vertex 11.2695 47.048 1.8
    endloop
  endfacet
  facet normal 0.659406 0.751787 0
    outer loop
      vertex 11.1515 47.1515 1.8
      vertex 11.2695 47.048 0
      vertex 11.1515 47.1515 0
    endloop
  endfacet
  facet normal 0.321194 -0.947013 0
    outer loop
      vertex 11.5408 49.1087 0
      vertex 11.6894 49.1591 1.8
      vertex 11.5408 49.1087 1.8
    endloop
  endfacet
  facet normal 0.321194 -0.947013 0
    outer loop
      vertex 11.6894 49.1591 1.8
      vertex 11.5408 49.1087 0
      vertex 11.6894 49.1591 0
    endloop
  endfacet
  facet normal 0.659406 -0.751787 0
    outer loop
      vertex 11.1515 54.8485 0
      vertex 11.2695 54.952 1.8
      vertex 11.1515 54.8485 1.8
    endloop
  endfacet
  facet normal 0.659406 -0.751787 0
    outer loop
      vertex 11.2695 54.952 1.8
      vertex 11.1515 54.8485 0
      vertex 11.2695 54.952 0
    endloop
  endfacet
  facet normal 0.997844 0.0656309 0
    outer loop
      vertex 10.8103 53.8434 1.8
      vertex 10.8 54 0
      vertex 10.8 54 1.8
    endloop
  endfacet
  facet normal 0.997844 0.0656309 0
    outer loop
      vertex 10.8 54 0
      vertex 10.8103 53.8434 1.8
      vertex 10.8103 53.8434 0
    endloop
  endfacet
  facet normal -0.555582 0.831462 0
    outer loop
      vertex 25.7305 53.048 0
      vertex 25.6 52.9608 1.8
      vertex 25.7305 53.048 1.8
    endloop
  endfacet
  facet normal -0.555582 0.831462 0
    outer loop
      vertex 25.6 52.9608 1.8
      vertex 25.7305 53.048 0
      vertex 25.6 52.9608 0
    endloop
  endfacet
  facet normal 0.751787 0.659406 0
    outer loop
      vertex 11.1515 53.1515 1.8
      vertex 11.048 53.2695 0
      vertex 11.048 53.2695 1.8
    endloop
  endfacet
  facet normal 0.751787 0.659406 0
    outer loop
      vertex 11.048 53.2695 0
      vertex 11.1515 53.1515 1.8
      vertex 11.1515 53.1515 0
    endloop
  endfacet
  facet normal 0.442622 0.896708 -0
    outer loop
      vertex 11.5408 52.8913 0
      vertex 11.4 52.9608 1.8
      vertex 11.5408 52.8913 1.8
    endloop
  endfacet
  facet normal 0.442622 0.896708 0
    outer loop
      vertex 11.4 52.9608 1.8
      vertex 11.5408 52.8913 0
      vertex 11.4 52.9608 0
    endloop
  endfacet
  facet normal 0.555582 -0.831462 0
    outer loop
      vertex 11.2695 54.952 0
      vertex 11.4 55.0392 1.8
      vertex 11.2695 54.952 1.8
    endloop
  endfacet
  facet normal 0.555582 -0.831462 0
    outer loop
      vertex 11.4 55.0392 1.8
      vertex 11.2695 54.952 0
      vertex 11.4 55.0392 0
    endloop
  endfacet
  facet normal 0.831462 0.555582 0
    outer loop
      vertex 11.048 53.2695 1.8
      vertex 10.9608 53.4 0
      vertex 10.9608 53.4 1.8
    endloop
  endfacet
  facet normal 0.831462 0.555582 0
    outer loop
      vertex 10.9608 53.4 0
      vertex 11.048 53.2695 1.8
      vertex 11.048 53.2695 0
    endloop
  endfacet
  facet normal -0.896708 0.442622 0
    outer loop
      vertex 26.0392 53.4 0
      vertex 26.1087 53.5408 1.8
      vertex 26.1087 53.5408 0
    endloop
  endfacet
  facet normal -0.896708 0.442622 0
    outer loop
      vertex 26.1087 53.5408 1.8
      vertex 26.0392 53.4 0
      vertex 26.0392 53.4 1.8
    endloop
  endfacet
  facet normal 0.0656309 0.997844 -0
    outer loop
      vertex 12 52.8 0
      vertex 11.8434 52.8103 1.8
      vertex 12 52.8 1.8
    endloop
  endfacet
  facet normal 0.0656309 0.997844 0
    outer loop
      vertex 11.8434 52.8103 1.8
      vertex 12 52.8 0
      vertex 11.8434 52.8103 0
    endloop
  endfacet
  facet normal -0.997844 -0.0656309 0
    outer loop
      vertex 26.2 54 0
      vertex 26.1897 54.1566 1.8
      vertex 26.1897 54.1566 0
    endloop
  endfacet
  facet normal -0.997844 -0.0656309 0
    outer loop
      vertex 26.1897 54.1566 1.8
      vertex 26.2 54 0
      vertex 26.2 54 1.8
    endloop
  endfacet
  facet normal 0.321194 0.947013 -0
    outer loop
      vertex 11.6894 52.8409 0
      vertex 11.5408 52.8913 1.8
      vertex 11.6894 52.8409 1.8
    endloop
  endfacet
  facet normal 0.321194 0.947013 0
    outer loop
      vertex 11.5408 52.8913 1.8
      vertex 11.6894 52.8409 0
      vertex 11.5408 52.8913 0
    endloop
  endfacet
  facet normal -0.980825 0.194891 0
    outer loop
      vertex 26.1591 53.6894 0
      vertex 26.1897 53.8434 1.8
      vertex 26.1897 53.8434 0
    endloop
  endfacet
  facet normal -0.980825 0.194891 0
    outer loop
      vertex 26.1897 53.8434 1.8
      vertex 26.1591 53.6894 0
      vertex 26.1591 53.6894 1.8
    endloop
  endfacet
  facet normal 0.321194 -0.947013 0
    outer loop
      vertex 11.5408 55.1087 0
      vertex 11.6894 55.1591 1.8
      vertex 11.5408 55.1087 1.8
    endloop
  endfacet
  facet normal 0.321194 -0.947013 0
    outer loop
      vertex 11.6894 55.1591 1.8
      vertex 11.5408 55.1087 0
      vertex 11.6894 55.1591 0
    endloop
  endfacet
  facet normal -0.442622 -0.896708 0
    outer loop
      vertex 25.4592 55.1087 0
      vertex 25.6 55.0392 1.8
      vertex 25.4592 55.1087 1.8
    endloop
  endfacet
  facet normal -0.442622 -0.896708 -0
    outer loop
      vertex 25.6 55.0392 1.8
      vertex 25.4592 55.1087 0
      vertex 25.6 55.0392 0
    endloop
  endfacet
  facet normal 0.659406 0.751787 -0
    outer loop
      vertex 11.2695 53.048 0
      vertex 11.1515 53.1515 1.8
      vertex 11.2695 53.048 1.8
    endloop
  endfacet
  facet normal 0.659406 0.751787 0
    outer loop
      vertex 11.1515 53.1515 1.8
      vertex 11.2695 53.048 0
      vertex 11.1515 53.1515 0
    endloop
  endfacet
  facet normal -0.751787 0.659406 0
    outer loop
      vertex 25.8485 53.1515 0
      vertex 25.952 53.2695 1.8
      vertex 25.952 53.2695 0
    endloop
  endfacet
  facet normal -0.751787 0.659406 0
    outer loop
      vertex 25.952 53.2695 1.8
      vertex 25.8485 53.1515 0
      vertex 25.8485 53.1515 1.8
    endloop
  endfacet
  facet normal 0.194891 0.980825 -0
    outer loop
      vertex 11.8434 52.8103 0
      vertex 11.6894 52.8409 1.8
      vertex 11.8434 52.8103 1.8
    endloop
  endfacet
  facet normal 0.194891 0.980825 0
    outer loop
      vertex 11.6894 52.8409 1.8
      vertex 11.8434 52.8103 0
      vertex 11.6894 52.8409 0
    endloop
  endfacet
  facet normal 0 -1 0
    outer loop
      vertex 12 55.2 0
      vertex 25 55.2 1.8
      vertex 12 55.2 1.8
    endloop
  endfacet
  facet normal 0 -1 -0
    outer loop
      vertex 25 55.2 1.8
      vertex 12 55.2 0
      vertex 25 55.2 0
    endloop
  endfacet
  facet normal 0 1 -0
    outer loop
      vertex 25 52.8 0
      vertex 12 52.8 1.8
      vertex 25 52.8 1.8
    endloop
  endfacet
  facet normal 0 1 0
    outer loop
      vertex 12 52.8 1.8
      vertex 25 52.8 0
      vertex 12 52.8 0
    endloop
  endfacet
  facet normal -0.896708 -0.442622 0
    outer loop
      vertex 26.1087 54.4592 0
      vertex 26.0392 54.6 1.8
      vertex 26.0392 54.6 0
    endloop
  endfacet
  facet normal -0.896708 -0.442622 0
    outer loop
      vertex 26.0392 54.6 1.8
      vertex 26.1087 54.4592 0
      vertex 26.1087 54.4592 1.8
    endloop
  endfacet
  facet normal -0.659406 0.751787 0
    outer loop
      vertex 25.8485 53.1515 0
      vertex 25.7305 53.048 1.8
      vertex 25.8485 53.1515 1.8
    endloop
  endfacet
  facet normal -0.659406 0.751787 0
    outer loop
      vertex 25.7305 53.048 1.8
      vertex 25.8485 53.1515 0
      vertex 25.7305 53.048 0
    endloop
  endfacet
  facet normal 0.751787 -0.659406 0
    outer loop
      vertex 11.048 54.7305 1.8
      vertex 11.1515 54.8485 0
      vertex 11.1515 54.8485 1.8
    endloop
  endfacet
  facet normal 0.751787 -0.659406 0
    outer loop
      vertex 11.1515 54.8485 0
      vertex 11.048 54.7305 1.8
      vertex 11.048 54.7305 0
    endloop
  endfacet
  facet normal -0.194891 0.980825 0
    outer loop
      vertex 25.3106 52.8409 0
      vertex 25.1566 52.8103 1.8
      vertex 25.3106 52.8409 1.8
    endloop
  endfacet
  facet normal -0.194891 0.980825 0
    outer loop
      vertex 25.1566 52.8103 1.8
      vertex 25.3106 52.8409 0
      vertex 25.1566 52.8103 0
    endloop
  endfacet
  facet normal 0.442622 -0.896708 0
    outer loop
      vertex 11.4 55.0392 0
      vertex 11.5408 55.1087 1.8
      vertex 11.4 55.0392 1.8
    endloop
  endfacet
  facet normal 0.442622 -0.896708 0
    outer loop
      vertex 11.5408 55.1087 1.8
      vertex 11.4 55.0392 0
      vertex 11.5408 55.1087 0
    endloop
  endfacet
  facet normal 0.997844 -0.0656309 0
    outer loop
      vertex 10.8 54 1.8
      vertex 10.8103 54.1566 0
      vertex 10.8103 54.1566 1.8
    endloop
  endfacet
  facet normal 0.997844 -0.0656309 0
    outer loop
      vertex 10.8103 54.1566 0
      vertex 10.8 54 1.8
      vertex 10.8 54 0
    endloop
  endfacet
  facet normal -0.442622 0.896708 0
    outer loop
      vertex 25.6 52.9608 0
      vertex 25.4592 52.8913 1.8
      vertex 25.6 52.9608 1.8
    endloop
  endfacet
  facet normal -0.442622 0.896708 0
    outer loop
      vertex 25.4592 52.8913 1.8
      vertex 25.6 52.9608 0
      vertex 25.4592 52.8913 0
    endloop
  endfacet
  facet normal 0.896708 0.442622 0
    outer loop
      vertex 10.9608 53.4 1.8
      vertex 10.8913 53.5408 0
      vertex 10.8913 53.5408 1.8
    endloop
  endfacet
  facet normal 0.896708 0.442622 0
    outer loop
      vertex 10.8913 53.5408 0
      vertex 10.9608 53.4 1.8
      vertex 10.9608 53.4 0
    endloop
  endfacet
  facet normal -0.321194 -0.947013 0
    outer loop
      vertex 25.3106 55.1591 0
      vertex 25.4592 55.1087 1.8
      vertex 25.3106 55.1591 1.8
    endloop
  endfacet
  facet normal -0.321194 -0.947013 -0
    outer loop
      vertex 25.4592 55.1087 1.8
      vertex 25.3106 55.1591 0
      vertex 25.4592 55.1087 0
    endloop
  endfacet
  facet normal -0.0656309 -0.997844 0
    outer loop
      vertex 25 55.2 0
      vertex 25.1566 55.1897 1.8
      vertex 25 55.2 1.8
    endloop
  endfacet
  facet normal -0.0656309 -0.997844 -0
    outer loop
      vertex 25.1566 55.1897 1.8
      vertex 25 55.2 0
      vertex 25.1566 55.1897 0
    endloop
  endfacet
  facet normal -0.947013 0.321194 0
    outer loop
      vertex 26.1087 53.5408 0
      vertex 26.1591 53.6894 1.8
      vertex 26.1591 53.6894 0
    endloop
  endfacet
  facet normal -0.947013 0.321194 0
    outer loop
      vertex 26.1591 53.6894 1.8
      vertex 26.1087 53.5408 0
      vertex 26.1087 53.5408 1.8
    endloop
  endfacet
  facet normal -0.831462 0.555582 0
    outer loop
      vertex 25.952 53.2695 0
      vertex 26.0392 53.4 1.8
      vertex 26.0392 53.4 0
    endloop
  endfacet
  facet normal -0.831462 0.555582 0
    outer loop
      vertex 26.0392 53.4 1.8
      vertex 25.952 53.2695 0
      vertex 25.952 53.2695 1.8
    endloop
  endfacet
  facet normal 0.0656309 -0.997844 0
    outer loop
      vertex 11.8434 55.1897 0
      vertex 12 55.2 1.8
      vertex 11.8434 55.1897 1.8
    endloop
  endfacet
  facet normal 0.0656309 -0.997844 0
    outer loop
      vertex 12 55.2 1.8
      vertex 11.8434 55.1897 0
      vertex 12 55.2 0
    endloop
  endfacet
  facet normal -0.947013 -0.321194 0
    outer loop
      vertex 26.1591 54.3106 0
      vertex 26.1087 54.4592 1.8
      vertex 26.1087 54.4592 0
    endloop
  endfacet
  facet normal -0.947013 -0.321194 0
    outer loop
      vertex 26.1087 54.4592 1.8
      vertex 26.1591 54.3106 0
      vertex 26.1591 54.3106 1.8
    endloop
  endfacet
  facet normal -0.659406 -0.751787 0
    outer loop
      vertex 25.7305 54.952 0
      vertex 25.8485 54.8485 1.8
      vertex 25.7305 54.952 1.8
    endloop
  endfacet
  facet normal -0.659406 -0.751787 -0
    outer loop
      vertex 25.8485 54.8485 1.8
      vertex 25.7305 54.952 0
      vertex 25.8485 54.8485 0
    endloop
  endfacet
  facet normal -0.555582 -0.831462 0
    outer loop
      vertex 25.6 55.0392 0
      vertex 25.7305 54.952 1.8
      vertex 25.6 55.0392 1.8
    endloop
  endfacet
  facet normal -0.555582 -0.831462 -0
    outer loop
      vertex 25.7305 54.952 1.8
      vertex 25.6 55.0392 0
      vertex 25.7305 54.952 0
    endloop
  endfacet
  facet normal -0.997844 0.0656309 0
    outer loop
      vertex 26.1897 53.8434 0
      vertex 26.2 54 1.8
      vertex 26.2 54 0
    endloop
  endfacet
  facet normal -0.997844 0.0656309 0
    outer loop
      vertex 26.2 54 1.8
      vertex 26.1897 53.8434 0
      vertex 26.1897 53.8434 1.8
    endloop
  endfacet
  facet normal 0.831462 -0.555582 0
    outer loop
      vertex 10.9608 54.6 1.8
      vertex 11.048 54.7305 0
      vertex 11.048 54.7305 1.8
    endloop
  endfacet
  facet normal 0.831462 -0.555582 0
    outer loop
      vertex 11.048 54.7305 0
      vertex 10.9608 54.6 1.8
      vertex 10.9608 54.6 0
    endloop
  endfacet
  facet normal -0.0656309 0.997844 0
    outer loop
      vertex 25.1566 52.8103 0
      vertex 25 52.8 1.8
      vertex 25.1566 52.8103 1.8
    endloop
  endfacet
  facet normal -0.0656309 0.997844 0
    outer loop
      vertex 25 52.8 1.8
      vertex 25.1566 52.8103 0
      vertex 25 52.8 0
    endloop
  endfacet
  facet normal -0.831462 -0.555582 0
    outer loop
      vertex 26.0392 54.6 0
      vertex 25.952 54.7305 1.8
      vertex 25.952 54.7305 0
    endloop
  endfacet
  facet normal -0.831462 -0.555582 0
    outer loop
      vertex 25.952 54.7305 1.8
      vertex 26.0392 54.6 0
      vertex 26.0392 54.6 1.8
    endloop
  endfacet
  facet normal 0.947013 -0.321194 0
    outer loop
      vertex 10.8409 54.3106 1.8
      vertex 10.8913 54.4592 0
      vertex 10.8913 54.4592 1.8
    endloop
  endfacet
  facet normal 0.947013 -0.321194 0
    outer loop
      vertex 10.8913 54.4592 0
      vertex 10.8409 54.3106 1.8
      vertex 10.8409 54.3106 0
    endloop
  endfacet
  facet normal -0.980825 -0.194891 0
    outer loop
      vertex 26.1897 54.1566 0
      vertex 26.1591 54.3106 1.8
      vertex 26.1591 54.3106 0
    endloop
  endfacet
  facet normal -0.980825 -0.194891 0
    outer loop
      vertex 26.1591 54.3106 1.8
      vertex 26.1897 54.1566 0
      vertex 26.1897 54.1566 1.8
    endloop
  endfacet
  facet normal 0.194891 -0.980825 0
    outer loop
      vertex 11.6894 55.1591 0
      vertex 11.8434 55.1897 1.8
      vertex 11.6894 55.1591 1.8
    endloop
  endfacet
  facet normal 0.194891 -0.980825 0
    outer loop
      vertex 11.8434 55.1897 1.8
      vertex 11.6894 55.1591 0
      vertex 11.8434 55.1897 0
    endloop
  endfacet
  facet normal -0.194891 -0.980825 0
    outer loop
      vertex 25.1566 55.1897 0
      vertex 25.3106 55.1591 1.8
      vertex 25.1566 55.1897 1.8
    endloop
  endfacet
  facet normal -0.194891 -0.980825 -0
    outer loop
      vertex 25.3106 55.1591 1.8
      vertex 25.1566 55.1897 0
      vertex 25.3106 55.1591 0
    endloop
  endfacet
  facet normal 0.896708 -0.442622 0
    outer loop
      vertex 10.8913 54.4592 1.8
      vertex 10.9608 54.6 0
      vertex 10.9608 54.6 1.8
    endloop
  endfacet
  facet normal 0.896708 -0.442622 0
    outer loop
      vertex 10.9608 54.6 0
      vertex 10.8913 54.4592 1.8
      vertex 10.8913 54.4592 0
    endloop
  endfacet
  facet normal -0.751787 -0.659406 0
    outer loop
      vertex 25.952 54.7305 0
      vertex 25.8485 54.8485 1.8
      vertex 25.8485 54.8485 0
    endloop
  endfacet
  facet normal -0.751787 -0.659406 0
    outer loop
      vertex 25.8485 54.8485 1.8
      vertex 25.952 54.7305 0
      vertex 25.952 54.7305 1.8
    endloop
  endfacet
  facet normal 0.947013 0.321194 0
    outer loop
      vertex 10.8913 53.5408 1.8
      vertex 10.8409 53.6894 0
      vertex 10.8409 53.6894 1.8
    endloop
  endfacet
  facet normal 0.947013 0.321194 0
    outer loop
      vertex 10.8409 53.6894 0
      vertex 10.8913 53.5408 1.8
      vertex 10.8913 53.5408 0
    endloop
  endfacet
  facet normal 0.555582 0.831462 -0
    outer loop
      vertex 11.4 52.9608 0
      vertex 11.2695 53.048 1.8
      vertex 11.4 52.9608 1.8
    endloop
  endfacet
  facet normal 0.555582 0.831462 0
    outer loop
      vertex 11.2695 53.048 1.8
      vertex 11.4 52.9608 0
      vertex 11.2695 53.048 0
    endloop
  endfacet
  facet normal -0.321194 0.947013 0
    outer loop
      vertex 25.4592 52.8913 0
      vertex 25.3106 52.8409 1.8
      vertex 25.4592 52.8913 1.8
    endloop
  endfacet
  facet normal -0.321194 0.947013 0
    outer loop
      vertex 25.3106 52.8409 1.8
      vertex 25.4592 52.8913 0
      vertex 25.3106 52.8409 0
    endloop
  endfacet
  facet normal 0.980825 0.194891 0
    outer loop
      vertex 10.8409 53.6894 1.8
      vertex 10.8103 53.8434 0
      vertex 10.8103 53.8434 1.8
    endloop
  endfacet
  facet normal 0.980825 0.194891 0
    outer loop
      vertex 10.8103 53.8434 0
      vertex 10.8409 53.6894 1.8
      vertex 10.8409 53.6894 0
    endloop
  endfacet
  facet normal 0.980825 -0.194891 0
    outer loop
      vertex 10.8103 54.1566 1.8
      vertex 10.8409 54.3106 0
      vertex 10.8409 54.3106 1.8
    endloop
  endfacet
  facet normal 0.980825 -0.194891 0
    outer loop
      vertex 10.8409 54.3106 0
      vertex 10.8103 54.1566 1.8
      vertex 10.8103 54.1566 0
    endloop
  endfacet
  facet normal 0 0 -1
    outer loop
      vertex 0 66.782 13.7
      vertex 3.2 68 13.7
      vertex 3.2 65.4 13.7
    endloop
  endfacet
  facet normal -0 0 -1
    outer loop
      vertex 3.2 68 13.7
      vertex 0.267949 67.782 13.7
      vertex 0.413712 68 13.7
    endloop
  endfacet
  facet normal 0 0 -1
    outer loop
      vertex 0.413712 68 13.7
      vertex 0.267949 67.782 13.7
      vertex 0.413293 67.9995 13.7
    endloop
  endfacet
  facet normal 0 0 -1
    outer loop
      vertex 3.2 68 13.7
      vertex 0.152241 67.5474 13.7
      vertex 0.267949 67.782 13.7
    endloop
  endfacet
  facet normal 0 0 -1
    outer loop
      vertex 3.2 68 13.7
      vertex 0.0681477 67.2996 13.7
      vertex 0.152241 67.5474 13.7
    endloop
  endfacet
  facet normal 0 0 -1
    outer loop
      vertex 3.2 68 13.7
      vertex 0.0171099 67.0431 13.7
      vertex 0.0681477 67.2996 13.7
    endloop
  endfacet
  facet normal 0 0 -1
    outer loop
      vertex 0 66.782 13.7
      vertex 3.2 65.4 13.7
      vertex 0 65.4 13.7
    endloop
  endfacet
  facet normal 0 0 -1
    outer loop
      vertex 3.2 68 13.7
      vertex 0 66.782 13.7
      vertex 0.0171099 67.0431 13.7
    endloop
  endfacet
  facet normal 0 0 -1
    outer loop
      vertex 5.05 66.982 13.7
      vertex 32.04 68 13.7
      vertex 32.04 66.982 13.7
    endloop
  endfacet
  facet normal -0 0 -1
    outer loop
      vertex 32.04 68 13.7
      vertex 5.05 66.982 13.7
      vertex 5.05 68 13.7
    endloop
  endfacet
  facet normal 0 0 -1
    outer loop
      vertex 33.89 65.4 13.7
      vertex 37.09 66.782 13.7
      vertex 37.09 65.4 13.7
    endloop
  endfacet
  facet normal 0 0 -1
    outer loop
      vertex 33.89 68 13.7
      vertex 37.09 66.782 13.7
      vertex 33.89 65.4 13.7
    endloop
  endfacet
  facet normal 0 0 -1
    outer loop
      vertex 37.09 66.782 13.7
      vertex 33.89 68 13.7
      vertex 37.0729 67.0431 13.7
    endloop
  endfacet
  facet normal 0 0 -1
    outer loop
      vertex 37.0729 67.0431 13.7
      vertex 33.89 68 13.7
      vertex 37.0219 67.2996 13.7
    endloop
  endfacet
  facet normal 0 0 -1
    outer loop
      vertex 37.0219 67.2996 13.7
      vertex 33.89 68 13.7
      vertex 36.9378 67.5474 13.7
    endloop
  endfacet
  facet normal 0 0 -1
    outer loop
      vertex 36.9378 67.5474 13.7
      vertex 33.89 68 13.7
      vertex 36.8221 67.782 13.7
    endloop
  endfacet
  facet normal -0 -0 -1
    outer loop
      vertex 36.6763 68 13.7
      vertex 36.8221 67.782 13.7
      vertex 33.89 68 13.7
    endloop
  endfacet
  facet normal 0 0 -1
    outer loop
      vertex 36.8221 67.782 13.7
      vertex 36.6763 68 13.7
      vertex 36.6767 67.9995 13.7
    endloop
  endfacet
  facet normal 0 0 1
    outer loop
      vertex 0.413293 67.9995 11.1
      vertex 1.8 68 11.1
      vertex 0.413712 68 11.1
    endloop
  endfacet
  facet normal 0 0 1
    outer loop
      vertex 1.8 68 11.1
      vertex 0.413293 67.9995 11.1
      vertex 0.267949 67.782 11.1
    endloop
  endfacet
  facet normal 0 0 1
    outer loop
      vertex 0.152241 67.5474 11.1
      vertex 1.8 68 11.1
      vertex 0.267949 67.782 11.1
    endloop
  endfacet
  facet normal 0 0 1
    outer loop
      vertex 0.0681477 67.2996 11.1
      vertex 1.8 68 11.1
      vertex 0.152241 67.5474 11.1
    endloop
  endfacet
  facet normal 0 0 1
    outer loop
      vertex 0.0171099 67.0431 11.1
      vertex 1.8 68 11.1
      vertex 0.0681477 67.2996 11.1
    endloop
  endfacet
  facet normal 0 0 1
    outer loop
      vertex 0 66.782 11.1
      vertex 1.8 68 11.1
      vertex 0.0171099 67.0431 11.1
    endloop
  endfacet
  facet normal 0 0 1
    outer loop
      vertex 1.8 68 11.1
      vertex 0 66.782 11.1
      vertex 1.8 65.4 11.1
    endloop
  endfacet
  facet normal 0 0 1
    outer loop
      vertex 1.8 65.4 11.1
      vertex 0 66.782 11.1
      vertex 0 65.4 11.1
    endloop
  endfacet
  facet normal -0 0 1
    outer loop
      vertex 5.05 68 11.1
      vertex 32.04 66.982 11.1
      vertex 32.04 68 11.1
    endloop
  endfacet
  facet normal 0 0 1
    outer loop
      vertex 32.04 66.982 11.1
      vertex 5.05 68 11.1
      vertex 5.05 66.982 11.1
    endloop
  endfacet
  facet normal 0 0 1
    outer loop
      vertex 35.29 68 11.1
      vertex 37.09 66.782 11.1
      vertex 37.0729 67.0431 11.1
    endloop
  endfacet
  facet normal 0 0 1
    outer loop
      vertex 35.29 68 11.1
      vertex 37.0729 67.0431 11.1
      vertex 37.0219 67.2996 11.1
    endloop
  endfacet
  facet normal 0 0 1
    outer loop
      vertex 35.29 68 11.1
      vertex 37.0219 67.2996 11.1
      vertex 36.9378 67.5474 11.1
    endloop
  endfacet
  facet normal 0 0 1
    outer loop
      vertex 35.29 68 11.1
      vertex 36.9378 67.5474 11.1
      vertex 36.8221 67.782 11.1
    endloop
  endfacet
  facet normal 0 0 1
    outer loop
      vertex 35.29 68 11.1
      vertex 36.8221 67.782 11.1
      vertex 36.6767 67.9995 11.1
    endloop
  endfacet
  facet normal -0 0 1
    outer loop
      vertex 35.29 68 11.1
      vertex 36.6767 67.9995 11.1
      vertex 36.6763 68 11.1
    endloop
  endfacet
  facet normal 0 0 1
    outer loop
      vertex 37.09 66.782 11.1
      vertex 35.29 68 11.1
      vertex 35.29 65.4 11.1
    endloop
  endfacet
  facet normal 0 0 1
    outer loop
      vertex 37.09 66.782 11.1
      vertex 35.29 65.4 11.1
      vertex 37.09 65.4 11.1
    endloop
  endfacet
  facet normal 0 -1 0
    outer loop
      vertex 0.413712 68 13.7
      vertex 1.8 68 13.2
      vertex 3.2 68 13.7
    endloop
  endfacet
  facet normal 0 -1 0
    outer loop
      vertex 0.413712 68 11.1
      vertex 1.8 68 13.2
      vertex 0.413712 68 13.7
    endloop
  endfacet
  facet normal 0 -1 -0
    outer loop
      vertex 1.8 68 13.2
      vertex 0.413712 68 11.1
      vertex 1.8 68 11.1
    endloop
  endfacet
  facet normal 0 -1 -0
    outer loop
      vertex 3.2 68 13.7
      vertex 1.8 68 13.2
      vertex 3.2 68 13.2
    endloop
  endfacet
  facet normal 0 -1 0
    outer loop
      vertex 35.29 68 13.2
      vertex 33.89 68 13.7
      vertex 33.89 68 13.2
    endloop
  endfacet
  facet normal 0 -1 0
    outer loop
      vertex 33.89 68 13.7
      vertex 35.29 68 13.2
      vertex 36.6763 68 13.7
    endloop
  endfacet
  facet normal 0 -1 0
    outer loop
      vertex 36.6763 68 11.1
      vertex 35.29 68 13.2
      vertex 35.29 68 11.1
    endloop
  endfacet
  facet normal 0 -1 0
    outer loop
      vertex 35.29 68 13.2
      vertex 36.6763 68 11.1
      vertex 36.6763 68 13.7
    endloop
  endfacet
  facet normal 0 -1 0
    outer loop
      vertex 5.05 68 11.1
      vertex 32.04 68 13.7
      vertex 5.05 68 13.7
    endloop
  endfacet
  facet normal 0 -1 -0
    outer loop
      vertex 32.04 68 13.7
      vertex 5.05 68 11.1
      vertex 32.04 68 11.1
    endloop
  endfacet
  facet normal 0 1 0
    outer loop
      vertex 1.8 65.4 13.2
      vertex 3.2 65.4 13.7
      vertex 3.2 65.4 13.2
    endloop
  endfacet
  facet normal 0 1 0
    outer loop
      vertex 3.2 65.4 13.7
      vertex 1.8 65.4 13.2
      vertex 0 65.4 13.7
    endloop
  endfacet
  facet normal 0 1 0
    outer loop
      vertex 0 65.4 11.1
      vertex 1.8 65.4 13.2
      vertex 1.8 65.4 11.1
    endloop
  endfacet
  facet normal 0 1 0
    outer loop
      vertex 1.8 65.4 13.2
      vertex 0 65.4 11.1
      vertex 0 65.4 13.7
    endloop
  endfacet
  facet normal 0 1 0
    outer loop
      vertex 37.09 65.4 13.7
      vertex 35.29 65.4 13.2
      vertex 33.89 65.4 13.7
    endloop
  endfacet
  facet normal 0 1 -0
    outer loop
      vertex 37.09 65.4 11.1
      vertex 35.29 65.4 13.2
      vertex 37.09 65.4 13.7
    endloop
  endfacet
  facet normal 0 1 0
    outer loop
      vertex 35.29 65.4 13.2
      vertex 37.09 65.4 11.1
      vertex 35.29 65.4 11.1
    endloop
  endfacet
  facet normal 0 1 0
    outer loop
      vertex 33.89 65.4 13.7
      vertex 35.29 65.4 13.2
      vertex 33.89 65.4 13.2
    endloop
  endfacet
endsolid OpenSCAD_Model
