solid OpenSCAD_Model
  facet normal -1 0 0
    outer loop
      vertex 17.5 61.38 0
      vertex 17.5 60.88 0
      vertex 17.5 61.38 1.6
    endloop
  endfacet
  facet normal -1 0 0
    outer loop
      vertex 17.5 65.78 0.6
      vertex 17.5 66.28 0
      vertex 17.5 65.78 0
    endloop
  endfacet
  facet normal -1 0 0
    outer loop
      vertex 17.5 66.28 0
      vertex 17.5 65.78 0.6
      vertex 17.5 66.28 2
    endloop
  endfacet
  facet normal -1 0 0
    outer loop
      vertex 17.5 65.78 1.6
      vertex 17.5 66.28 2
      vertex 17.5 65.78 0.6
    endloop
  endfacet
  facet normal -1 0 0
    outer loop
      vertex 17.5 61.38 1.6
      vertex 17.5 66.28 2
      vertex 17.5 65.78 1.6
    endloop
  endfacet
  facet normal -1 0 0
    outer loop
      vertex 17.5 61.38 1.6
      vertex 17.5 60.88 2
      vertex 17.5 66.28 2
    endloop
  endfacet
  facet normal -1 0 0
    outer loop
      vertex 17.5 60.88 2
      vertex 17.5 61.38 1.6
      vertex 17.5 60.88 0
    endloop
  endfacet
  facet normal 0.442342 -0.896846 0
    outer loop
      vertex 8.43436 65.9337 0
      vertex 8.69246 66.061 2
      vertex 8.43436 65.9337 2
    endloop
  endfacet
  facet normal 0.442342 -0.896846 0
    outer loop
      vertex 8.69246 66.061 2
      vertex 8.43436 65.9337 0
      vertex 8.69246 66.061 0
    endloop
  endfacet
  facet normal 0.997858 -0.0654117 0
    outer loop
      vertex 7.05656 63.6127 2
      vertex 7.07538 63.8998 0
      vertex 7.07538 63.8998 2
    endloop
  endfacet
  facet normal 0.997858 -0.0654117 0
    outer loop
      vertex 7.07538 63.8998 0
      vertex 7.05656 63.6127 2
      vertex 7.05656 63.6127 0
    endloop
  endfacet
  facet normal 0.499855 0.866109 -0
    outer loop
      vertex 8.43436 61.2263 0
      vertex 8.3777 61.259 2
      vertex 8.43436 61.2263 2
    endloop
  endfacet
  facet normal 0.499855 0.866109 0
    outer loop
      vertex 8.3777 61.259 2
      vertex 8.43436 61.2263 0
      vertex 8.3777 61.259 0
    endloop
  endfacet
  facet normal 0.86613 -0.499819 0
    outer loop
      vertex 7.40179 64.9011 2
      vertex 7.43451 64.9578 0
      vertex 7.43451 64.9578 2
    endloop
  endfacet
  facet normal 0.86613 -0.499819 0
    outer loop
      vertex 7.43451 64.9578 0
      vertex 7.40179 64.9011 2
      vertex 7.40179 64.9011 0
    endloop
  endfacet
  facet normal 0.965878 0.258996 0
    outer loop
      vertex 7.157 62.8499 2
      vertex 7.14008 62.913 0
      vertex 7.14008 62.913 2
    endloop
  endfacet
  facet normal 0.965878 0.258996 0
    outer loop
      vertex 7.14008 62.913 0
      vertex 7.157 62.8499 2
      vertex 7.157 62.8499 0
    endloop
  endfacet
  facet normal 0.0336407 -0.999434 0
    outer loop
      vertex 9.72281 66.2789 0
      vertex 9.75549 66.28 2
      vertex 9.72281 66.2789 2
    endloop
  endfacet
  facet normal 0.0336407 -0.999434 0
    outer loop
      vertex 9.75549 66.28 2
      vertex 9.72281 66.2789 0
      vertex 9.75549 66.28 0
    endloop
  endfacet
  facet normal 0.0653289 -0.997864 0
    outer loop
      vertex 9.43565 66.2601 0
      vertex 9.72281 66.2789 2
      vertex 9.43565 66.2601 2
    endloop
  endfacet
  facet normal 0.0653289 -0.997864 0
    outer loop
      vertex 9.72281 66.2789 2
      vertex 9.43565 66.2601 0
      vertex 9.72281 66.2789 0
    endloop
  endfacet
  facet normal 0.991453 -0.130462 0
    outer loop
      vertex 7.07538 63.8998 2
      vertex 7.08392 63.9647 0
      vertex 7.08392 63.9647 2
    endloop
  endfacet
  facet normal 0.991453 -0.130462 0
    outer loop
      vertex 7.08392 63.9647 0
      vertex 7.07538 63.8998 2
      vertex 7.07538 63.8998 0
    endloop
  endfacet
  facet normal 0.793459 -0.608624 0
    outer loop
      vertex 7.59439 65.1971 2
      vertex 7.6342 65.249 0
      vertex 7.6342 65.249 2
    endloop
  endfacet
  facet normal 0.793459 -0.608624 0
    outer loop
      vertex 7.6342 65.249 0
      vertex 7.59439 65.1971 2
      vertex 7.59439 65.1971 0
    endloop
  endfacet
  facet normal 0.659279 -0.751898 0
    outer loop
      vertex 7.87018 65.5116 0
      vertex 8.08653 65.7013 2
      vertex 7.87018 65.5116 2
    endloop
  endfacet
  facet normal 0.659279 -0.751898 0
    outer loop
      vertex 8.08653 65.7013 2
      vertex 7.87018 65.5116 0
      vertex 8.08653 65.7013 0
    endloop
  endfacet
  facet normal 1 -0 0
    outer loop
      vertex 7.05656 63.5473 2
      vertex 7.05656 63.6127 0
      vertex 7.05656 63.6127 2
    endloop
  endfacet
  facet normal 1 0 0
    outer loop
      vertex 7.05656 63.6127 0
      vertex 7.05656 63.5473 2
      vertex 7.05656 63.5473 0
    endloop
  endfacet
  facet normal 0 1 -0
    outer loop
      vertex 17.5 60.88 0
      vertex 9.75549 60.88 2
      vertex 17.5 60.88 2
    endloop
  endfacet
  facet normal 0 1 0
    outer loop
      vertex 9.75549 60.88 2
      vertex 17.5 60.88 0
      vertex 9.75549 60.88 0
    endloop
  endfacet
  facet normal 0.608528 0.793533 -0
    outer loop
      vertex 8.13843 61.4189 0
      vertex 8.08653 61.4587 2
      vertex 8.13843 61.4189 2
    endloop
  endfacet
  facet normal 0.608528 0.793533 0
    outer loop
      vertex 8.08653 61.4587 2
      vertex 8.13843 61.4189 0
      vertex 8.08653 61.4587 0
    endloop
  endfacet
  facet normal 0 -1 0
    outer loop
      vertex 9.75549 66.28 0
      vertex 17.5 66.28 2
      vertex 9.75549 66.28 2
    endloop
  endfacet
  facet normal 0 -1 -0
    outer loop
      vertex 17.5 66.28 2
      vertex 9.75549 66.28 0
      vertex 17.5 66.28 0
    endloop
  endfacet
  facet normal 0.706801 0.707413 0
    outer loop
      vertex 7.87018 61.6485 2
      vertex 7.82394 61.6947 0
      vertex 7.82394 61.6947 2
    endloop
  endfacet
  facet normal 0.706801 0.707413 0
    outer loop
      vertex 7.82394 61.6947 0
      vertex 7.87018 61.6485 2
      vertex 7.87018 61.6485 0
    endloop
  endfacet
  facet normal 0.831494 -0.555534 0
    outer loop
      vertex 7.43451 64.9578 2
      vertex 7.59439 65.1971 0
      vertex 7.59439 65.1971 2
    endloop
  endfacet
  facet normal 0.831494 -0.555534 0
    outer loop
      vertex 7.59439 65.1971 0
      vertex 7.43451 64.9578 2
      vertex 7.43451 64.9578 0
    endloop
  endfacet
  facet normal 0.831371 0.555718 0
    outer loop
      vertex 7.59438 61.963 2
      vertex 7.43449 62.2022 0
      vertex 7.43449 62.2022 2
    endloop
  endfacet
  facet normal 0.831371 0.555718 0
    outer loop
      vertex 7.43449 62.2022 0
      vertex 7.59438 61.963 2
      vertex 7.59438 61.963 0
    endloop
  endfacet
  facet normal 0.499855 -0.866109 0
    outer loop
      vertex 8.3777 65.901 0
      vertex 8.43436 65.9337 2
      vertex 8.3777 65.901 2
    endloop
  endfacet
  facet normal 0.499855 -0.866109 0
    outer loop
      vertex 8.43436 65.9337 2
      vertex 8.3777 65.901 0
      vertex 8.43436 65.9337 0
    endloop
  endfacet
  facet normal 0.321425 0.946935 -0
    outer loop
      vertex 9.02539 60.9815 0
      vertex 8.75288 61.074 2
      vertex 9.02539 60.9815 2
    endloop
  endfacet
  facet normal 0.321425 0.946935 0
    outer loop
      vertex 8.75288 61.074 2
      vertex 9.02539 60.9815 0
      vertex 8.75288 61.074 0
    endloop
  endfacet
  facet normal 0.55563 0.83143 -0
    outer loop
      vertex 8.3777 61.259 0
      vertex 8.13843 61.4189 2
      vertex 8.3777 61.259 2
    endloop
  endfacet
  facet normal 0.55563 0.83143 0
    outer loop
      vertex 8.13843 61.4189 2
      vertex 8.3777 61.259 0
      vertex 8.13843 61.4189 0
    endloop
  endfacet
  facet normal 0.194953 0.980813 -0
    outer loop
      vertex 9.3708 60.9085 0
      vertex 9.08856 60.9646 2
      vertex 9.3708 60.9085 2
    endloop
  endfacet
  facet normal 0.194953 0.980813 0
    outer loop
      vertex 9.08856 60.9646 2
      vertex 9.3708 60.9085 0
      vertex 9.08856 60.9646 0
    endloop
  endfacet
  facet normal 0.382334 0.924024 -0
    outer loop
      vertex 8.75288 61.074 0
      vertex 8.69246 61.099 2
      vertex 8.75288 61.074 2
    endloop
  endfacet
  facet normal 0.382334 0.924024 0
    outer loop
      vertex 8.69246 61.099 2
      vertex 8.75288 61.074 0
      vertex 8.69246 61.099 0
    endloop
  endfacet
  facet normal 0.55563 -0.83143 0
    outer loop
      vertex 8.13843 65.7411 0
      vertex 8.3777 65.901 2
      vertex 8.13843 65.7411 2
    endloop
  endfacet
  facet normal 0.55563 -0.83143 0
    outer loop
      vertex 8.3777 65.901 2
      vertex 8.13843 65.7411 0
      vertex 8.3777 65.901 0
    endloop
  endfacet
  facet normal 0.131523 0.991313 -0
    outer loop
      vertex 9.43562 60.8999 0
      vertex 9.3708 60.9085 2
      vertex 9.43562 60.8999 2
    endloop
  endfacet
  facet normal 0.131523 0.991313 0
    outer loop
      vertex 9.3708 60.9085 2
      vertex 9.43562 60.8999 0
      vertex 9.3708 60.9085 0
    endloop
  endfacet
  facet normal 0.980781 0.195114 0
    outer loop
      vertex 7.14008 62.913 2
      vertex 7.08392 63.1953 0
      vertex 7.08392 63.1953 2
    endloop
  endfacet
  facet normal 0.980781 0.195114 0
    outer loop
      vertex 7.08392 63.1953 0
      vertex 7.14008 62.913 2
      vertex 7.14008 62.913 0
    endloop
  endfacet
  facet normal 0.258329 -0.966057 0
    outer loop
      vertex 9.02536 66.1785 0
      vertex 9.08856 66.1954 2
      vertex 9.02536 66.1785 2
    endloop
  endfacet
  facet normal 0.258329 -0.966057 0
    outer loop
      vertex 9.08856 66.1954 2
      vertex 9.02536 66.1785 0
      vertex 9.08856 66.1954 0
    endloop
  endfacet
  facet normal 0.12996 -0.991519 0
    outer loop
      vertex 9.3708 66.2516 0
      vertex 9.43565 66.2601 2
      vertex 9.3708 66.2516 2
    endloop
  endfacet
  facet normal 0.12996 -0.991519 0
    outer loop
      vertex 9.43565 66.2601 2
      vertex 9.3708 66.2516 0
      vertex 9.43565 66.2601 0
    endloop
  endfacet
  facet normal 0.946931 -0.321435 0
    outer loop
      vertex 7.157 64.3101 2
      vertex 7.2495 64.5826 0
      vertex 7.2495 64.5826 2
    endloop
  endfacet
  facet normal 0.946931 -0.321435 0
    outer loop
      vertex 7.2495 64.5826 0
      vertex 7.157 64.3101 2
      vertex 7.157 64.3101 0
    endloop
  endfacet
  facet normal 0.195287 -0.980746 0
    outer loop
      vertex 9.08856 66.1954 0
      vertex 9.3708 66.2516 2
      vertex 9.08856 66.1954 2
    endloop
  endfacet
  facet normal 0.195287 -0.980746 0
    outer loop
      vertex 9.3708 66.2516 2
      vertex 9.08856 66.1954 0
      vertex 9.3708 66.2516 0
    endloop
  endfacet
  facet normal 0.707565 -0.706648 0
    outer loop
      vertex 7.82394 65.4653 2
      vertex 7.87018 65.5116 0
      vertex 7.87018 65.5116 2
    endloop
  endfacet
  facet normal 0.707565 -0.706648 0
    outer loop
      vertex 7.87018 65.5116 0
      vertex 7.82394 65.4653 2
      vertex 7.82394 65.4653 0
    endloop
  endfacet
  facet normal 0.946931 0.321435 0
    outer loop
      vertex 7.2495 62.5774 2
      vertex 7.157 62.8499 0
      vertex 7.157 62.8499 2
    endloop
  endfacet
  facet normal 0.946931 0.321435 0
    outer loop
      vertex 7.157 62.8499 0
      vertex 7.2495 62.5774 2
      vertex 7.2495 62.5774 0
    endloop
  endfacet
  facet normal 0.923871 -0.382703 0
    outer loop
      vertex 7.2495 64.5826 2
      vertex 7.27452 64.643 0
      vertex 7.27452 64.643 2
    endloop
  endfacet
  facet normal 0.923871 -0.382703 0
    outer loop
      vertex 7.27452 64.643 0
      vertex 7.2495 64.5826 2
      vertex 7.2495 64.5826 0
    endloop
  endfacet
  facet normal 0.258443 0.966026 -0
    outer loop
      vertex 9.08856 60.9646 0
      vertex 9.02539 60.9815 2
      vertex 9.08856 60.9646 2
    endloop
  endfacet
  facet normal 0.258443 0.966026 0
    outer loop
      vertex 9.02539 60.9815 2
      vertex 9.08856 60.9646 0
      vertex 9.02539 60.9815 0
    endloop
  endfacet
  facet normal 0.608528 -0.793533 0
    outer loop
      vertex 8.08653 65.7013 0
      vertex 8.13843 65.7411 2
      vertex 8.08653 65.7013 2
    endloop
  endfacet
  facet normal 0.608528 -0.793533 0
    outer loop
      vertex 8.13843 65.7411 2
      vertex 8.08653 65.7013 0
      vertex 8.13843 65.7411 0
    endloop
  endfacet
  facet normal 0.980781 -0.195114 0
    outer loop
      vertex 7.08392 63.9647 2
      vertex 7.14008 64.247 0
      vertex 7.14008 64.247 2
    endloop
  endfacet
  facet normal 0.980781 -0.195114 0
    outer loop
      vertex 7.14008 64.247 0
      vertex 7.08392 63.9647 2
      vertex 7.08392 63.9647 0
    endloop
  endfacet
  facet normal 0.751754 -0.659444 0
    outer loop
      vertex 7.6342 65.249 2
      vertex 7.82394 65.4653 0
      vertex 7.82394 65.4653 2
    endloop
  endfacet
  facet normal 0.751754 -0.659444 0
    outer loop
      vertex 7.82394 65.4653 0
      vertex 7.6342 65.249 2
      vertex 7.6342 65.249 0
    endloop
  endfacet
  facet normal 0.0653289 0.997864 -0
    outer loop
      vertex 9.72278 60.8811 0
      vertex 9.43562 60.8999 2
      vertex 9.72278 60.8811 2
    endloop
  endfacet
  facet normal 0.0653289 0.997864 0
    outer loop
      vertex 9.43562 60.8999 2
      vertex 9.72278 60.8811 0
      vertex 9.43562 60.8999 0
    endloop
  endfacet
  facet normal 0.321425 -0.946935 0
    outer loop
      vertex 8.75285 66.086 0
      vertex 9.02536 66.1785 2
      vertex 8.75285 66.086 2
    endloop
  endfacet
  facet normal 0.321425 -0.946935 0
    outer loop
      vertex 9.02536 66.1785 2
      vertex 8.75285 66.086 0
      vertex 9.02536 66.1785 0
    endloop
  endfacet
  facet normal 0.923871 0.382703 0
    outer loop
      vertex 7.27452 62.517 2
      vertex 7.2495 62.5774 0
      vertex 7.2495 62.5774 2
    endloop
  endfacet
  facet normal 0.923871 0.382703 0
    outer loop
      vertex 7.2495 62.5774 0
      vertex 7.27452 62.517 2
      vertex 7.27452 62.517 0
    endloop
  endfacet
  facet normal 0.965878 -0.258996 0
    outer loop
      vertex 7.14008 64.247 2
      vertex 7.157 64.3101 0
      vertex 7.157 64.3101 2
    endloop
  endfacet
  facet normal 0.965878 -0.258996 0
    outer loop
      vertex 7.157 64.3101 0
      vertex 7.14008 64.247 2
      vertex 7.14008 64.247 0
    endloop
  endfacet
  facet normal 0.442342 0.896846 -0
    outer loop
      vertex 8.69246 61.099 0
      vertex 8.43436 61.2263 2
      vertex 8.69246 61.099 2
    endloop
  endfacet
  facet normal 0.442342 0.896846 0
    outer loop
      vertex 8.43436 61.2263 2
      vertex 8.69246 61.099 0
      vertex 8.43436 61.2263 0
    endloop
  endfacet
  facet normal 0.991453 0.130462 0
    outer loop
      vertex 7.08392 63.1953 2
      vertex 7.07538 63.2602 0
      vertex 7.07538 63.2602 2
    endloop
  endfacet
  facet normal 0.991453 0.130462 0
    outer loop
      vertex 7.07538 63.2602 0
      vertex 7.08392 63.1953 2
      vertex 7.08392 63.1953 0
    endloop
  endfacet
  facet normal 0.997858 0.0654117 0
    outer loop
      vertex 7.07538 63.2602 2
      vertex 7.05656 63.5473 0
      vertex 7.05656 63.5473 2
    endloop
  endfacet
  facet normal 0.997858 0.0654117 0
    outer loop
      vertex 7.05656 63.5473 0
      vertex 7.07538 63.2602 2
      vertex 7.07538 63.2602 0
    endloop
  endfacet
  facet normal 0.0336099 0.999435 -0
    outer loop
      vertex 9.75549 60.88 0
      vertex 9.72278 60.8811 2
      vertex 9.75549 60.88 2
    endloop
  endfacet
  facet normal 0.0336099 0.999435 0
    outer loop
      vertex 9.72278 60.8811 2
      vertex 9.75549 60.88 0
      vertex 9.72278 60.8811 0
    endloop
  endfacet
  facet normal 0.896888 0.442258 0
    outer loop
      vertex 7.40179 62.2589 2
      vertex 7.27452 62.517 0
      vertex 7.27452 62.517 2
    endloop
  endfacet
  facet normal 0.896888 0.442258 0
    outer loop
      vertex 7.27452 62.517 0
      vertex 7.40179 62.2589 2
      vertex 7.40179 62.2589 0
    endloop
  endfacet
  facet normal 0.751754 0.659444 0
    outer loop
      vertex 7.82394 61.6947 2
      vertex 7.6342 61.911 0
      vertex 7.6342 61.911 2
    endloop
  endfacet
  facet normal 0.751754 0.659444 0
    outer loop
      vertex 7.6342 61.911 0
      vertex 7.82394 61.6947 2
      vertex 7.82394 61.6947 0
    endloop
  endfacet
  facet normal 0.382496 -0.923957 0
    outer loop
      vertex 8.69246 66.061 0
      vertex 8.75285 66.086 2
      vertex 8.69246 66.061 2
    endloop
  endfacet
  facet normal 0.382496 -0.923957 0
    outer loop
      vertex 8.75285 66.086 2
      vertex 8.69246 66.061 0
      vertex 8.75285 66.086 0
    endloop
  endfacet
  facet normal 0.896888 -0.442258 0
    outer loop
      vertex 7.27452 64.643 2
      vertex 7.40179 64.9011 0
      vertex 7.40179 64.9011 2
    endloop
  endfacet
  facet normal 0.896888 -0.442258 0
    outer loop
      vertex 7.40179 64.9011 0
      vertex 7.27452 64.643 2
      vertex 7.27452 64.643 0
    endloop
  endfacet
  facet normal 0.79395 0.607983 0
    outer loop
      vertex 7.6342 61.911 2
      vertex 7.59438 61.963 0
      vertex 7.59438 61.963 2
    endloop
  endfacet
  facet normal 0.79395 0.607983 0
    outer loop
      vertex 7.59438 61.963 0
      vertex 7.6342 61.911 2
      vertex 7.6342 61.911 0
    endloop
  endfacet
  facet normal 0.866262 0.49959 0
    outer loop
      vertex 7.43449 62.2022 2
      vertex 7.40179 62.2589 0
      vertex 7.40179 62.2589 2
    endloop
  endfacet
  facet normal 0.866262 0.49959 0
    outer loop
      vertex 7.40179 62.2589 0
      vertex 7.43449 62.2022 2
      vertex 7.43449 62.2022 0
    endloop
  endfacet
  facet normal 0.659476 0.751726 -0
    outer loop
      vertex 8.08653 61.4587 0
      vertex 7.87018 61.6485 2
      vertex 8.08653 61.4587 2
    endloop
  endfacet
  facet normal 0.659476 0.751726 0
    outer loop
      vertex 7.87018 61.6485 2
      vertex 8.08653 61.4587 0
      vertex 7.87018 61.6485 0
    endloop
  endfacet
  facet normal 0 1 -0
    outer loop
      vertex 27.3345 60.88 0
      vertex 19.59 60.88 2
      vertex 27.3345 60.88 2
    endloop
  endfacet
  facet normal 0 1 0
    outer loop
      vertex 19.59 60.88 2
      vertex 27.3345 60.88 0
      vertex 19.59 60.88 0
    endloop
  endfacet
  facet normal -0.991532 0.129862 0
    outer loop
      vertex 30.0061 63.1953 0
      vertex 30.0146 63.2602 2
      vertex 30.0146 63.2602 0
    endloop
  endfacet
  facet normal -0.991532 0.129862 0
    outer loop
      vertex 30.0146 63.2602 2
      vertex 30.0061 63.1953 0
      vertex 30.0061 63.1953 2
    endloop
  endfacet
  facet normal 1 0 0
    outer loop
      vertex 19.59 65.78 0.6
      vertex 19.59 66.28 2
      vertex 19.59 65.78 1.6
    endloop
  endfacet
  facet normal 1 0 0
    outer loop
      vertex 19.59 66.28 2
      vertex 19.59 61.38 1.6
      vertex 19.59 65.78 1.6
    endloop
  endfacet
  facet normal 1 -0 0
    outer loop
      vertex 19.59 60.88 2
      vertex 19.59 61.38 1.6
      vertex 19.59 66.28 2
    endloop
  endfacet
  facet normal 1 0 0
    outer loop
      vertex 19.59 60.88 0
      vertex 19.59 61.38 1.6
      vertex 19.59 60.88 2
    endloop
  endfacet
  facet normal 1 0 0
    outer loop
      vertex 19.59 61.38 1.6
      vertex 19.59 60.88 0
      vertex 19.59 61.38 0
    endloop
  endfacet
  facet normal 1 0 0
    outer loop
      vertex 19.59 66.28 2
      vertex 19.59 65.78 0.6
      vertex 19.59 66.28 0
    endloop
  endfacet
  facet normal 1 0 0
    outer loop
      vertex 19.59 66.28 0
      vertex 19.59 65.78 0.6
      vertex 19.59 65.78 0
    endloop
  endfacet
  facet normal -0.258329 0.966057 0
    outer loop
      vertex 28.0646 60.9815 0
      vertex 28.0014 60.9646 2
      vertex 28.0646 60.9815 2
    endloop
  endfacet
  facet normal -0.258329 0.966057 0
    outer loop
      vertex 28.0014 60.9646 2
      vertex 28.0646 60.9815 0
      vertex 28.0014 60.9646 0
    endloop
  endfacet
  facet normal -0.946931 0.321435 0
    outer loop
      vertex 29.8405 62.5774 0
      vertex 29.933 62.8499 2
      vertex 29.933 62.8499 0
    endloop
  endfacet
  facet normal -0.946931 0.321435 0
    outer loop
      vertex 29.933 62.8499 2
      vertex 29.8405 62.5774 0
      vertex 29.8405 62.5774 2
    endloop
  endfacet
  facet normal -0.555582 0.831462 0
    outer loop
      vertex 28.9516 61.4189 0
      vertex 28.7123 61.259 2
      vertex 28.9516 61.4189 2
    endloop
  endfacet
  facet normal -0.555582 0.831462 0
    outer loop
      vertex 28.7123 61.259 2
      vertex 28.9516 61.4189 0
      vertex 28.7123 61.259 0
    endloop
  endfacet
  facet normal -0.0336201 -0.999435 0
    outer loop
      vertex 27.3345 66.28 0
      vertex 27.3672 66.2789 2
      vertex 27.3345 66.28 2
    endloop
  endfacet
  facet normal -0.0336201 -0.999435 -0
    outer loop
      vertex 27.3672 66.2789 2
      vertex 27.3345 66.28 0
      vertex 27.3672 66.2789 0
    endloop
  endfacet
  facet normal -0.608528 0.793533 0
    outer loop
      vertex 29.0035 61.4587 0
      vertex 28.9516 61.4189 2
      vertex 29.0035 61.4587 2
    endloop
  endfacet
  facet normal -0.608528 0.793533 0
    outer loop
      vertex 28.9516 61.4189 2
      vertex 29.0035 61.4587 0
      vertex 28.9516 61.4189 0
    endloop
  endfacet
  facet normal -0.555582 -0.831462 0
    outer loop
      vertex 28.7123 65.901 0
      vertex 28.9516 65.7411 2
      vertex 28.7123 65.901 2
    endloop
  endfacet
  facet normal -0.555582 -0.831462 -0
    outer loop
      vertex 28.9516 65.7411 2
      vertex 28.7123 65.901 0
      vertex 28.9516 65.7411 0
    endloop
  endfacet
  facet normal -0.129862 -0.991532 0
    outer loop
      vertex 27.6543 66.2601 0
      vertex 27.7192 66.2516 2
      vertex 27.6543 66.2601 2
    endloop
  endfacet
  facet normal -0.129862 -0.991532 -0
    outer loop
      vertex 27.7192 66.2516 2
      vertex 27.6543 66.2601 0
      vertex 27.7192 66.2516 0
    endloop
  endfacet
  facet normal 0 -1 0
    outer loop
      vertex 19.59 66.28 0
      vertex 27.3345 66.28 2
      vertex 19.59 66.28 2
    endloop
  endfacet
  facet normal 0 -1 -0
    outer loop
      vertex 27.3345 66.28 2
      vertex 19.59 66.28 0
      vertex 27.3345 66.28 0
    endloop
  endfacet
  facet normal -0.997863 0.0653425 0
    outer loop
      vertex 30.0146 63.2602 0
      vertex 30.0334 63.5473 2
      vertex 30.0334 63.5473 0
    endloop
  endfacet
  facet normal -0.997863 0.0653425 0
    outer loop
      vertex 30.0334 63.5473 2
      vertex 30.0146 63.2602 0
      vertex 30.0146 63.2602 2
    endloop
  endfacet
  facet normal -0.19498 0.980807 0
    outer loop
      vertex 28.0014 60.9646 0
      vertex 27.7192 60.9085 2
      vertex 28.0014 60.9646 2
    endloop
  endfacet
  facet normal -0.19498 0.980807 0
    outer loop
      vertex 27.7192 60.9085 2
      vertex 28.0014 60.9646 0
      vertex 27.7192 60.9085 0
    endloop
  endfacet
  facet normal -0.0653425 -0.997863 0
    outer loop
      vertex 27.3672 66.2789 0
      vertex 27.6543 66.2601 2
      vertex 27.3672 66.2789 2
    endloop
  endfacet
  facet normal -0.0653425 -0.997863 -0
    outer loop
      vertex 27.6543 66.2601 2
      vertex 27.3672 66.2789 0
      vertex 27.6543 66.2601 0
    endloop
  endfacet
  facet normal -0.866262 0.49959 0
    outer loop
      vertex 29.6555 62.2022 0
      vertex 29.6882 62.2589 2
      vertex 29.6882 62.2589 0
    endloop
  endfacet
  facet normal -0.866262 0.49959 0
    outer loop
      vertex 29.6882 62.2589 2
      vertex 29.6555 62.2022 0
      vertex 29.6555 62.2022 2
    endloop
  endfacet
  facet normal -0.608528 -0.793533 0
    outer loop
      vertex 28.9516 65.7411 0
      vertex 29.0035 65.7013 2
      vertex 28.9516 65.7411 2
    endloop
  endfacet
  facet normal -0.608528 -0.793533 -0
    outer loop
      vertex 29.0035 65.7013 2
      vertex 28.9516 65.7411 0
      vertex 29.0035 65.7013 0
    endloop
  endfacet
  facet normal -0.707107 -0.707107 0
    outer loop
      vertex 29.2661 65.4653 0
      vertex 29.2198 65.5116 2
      vertex 29.2198 65.5116 0
    endloop
  endfacet
  facet normal -0.707107 -0.707107 0
    outer loop
      vertex 29.2198 65.5116 2
      vertex 29.2661 65.4653 0
      vertex 29.2661 65.4653 2
    endloop
  endfacet
  facet normal -0.659562 0.75165 0
    outer loop
      vertex 29.2198 61.6485 0
      vertex 29.0035 61.4587 2
      vertex 29.2198 61.6485 2
    endloop
  endfacet
  facet normal -0.659562 0.75165 0
    outer loop
      vertex 29.0035 61.4587 2
      vertex 29.2198 61.6485 0
      vertex 29.0035 61.4587 0
    endloop
  endfacet
  facet normal -0.659365 -0.751823 0
    outer loop
      vertex 29.0035 65.7013 0
      vertex 29.2198 65.5116 2
      vertex 29.0035 65.7013 2
    endloop
  endfacet
  facet normal -0.659365 -0.751823 -0
    outer loop
      vertex 29.2198 65.5116 2
      vertex 29.0035 65.7013 0
      vertex 29.2198 65.5116 0
    endloop
  endfacet
  facet normal -0.442342 -0.896846 0
    outer loop
      vertex 28.3975 66.061 0
      vertex 28.6556 65.9337 2
      vertex 28.3975 66.061 2
    endloop
  endfacet
  facet normal -0.442342 -0.896846 -0
    outer loop
      vertex 28.6556 65.9337 2
      vertex 28.3975 66.061 0
      vertex 28.6556 65.9337 0
    endloop
  endfacet
  facet normal -1 0 0
    outer loop
      vertex 30.0334 63.5473 0
      vertex 30.0334 63.6127 2
      vertex 30.0334 63.6127 0
    endloop
  endfacet
  facet normal -1 -0 0
    outer loop
      vertex 30.0334 63.6127 2
      vertex 30.0334 63.5473 0
      vertex 30.0334 63.5473 2
    endloop
  endfacet
  facet normal -0.946931 -0.321435 0
    outer loop
      vertex 29.933 64.3101 0
      vertex 29.8405 64.5826 2
      vertex 29.8405 64.5826 0
    endloop
  endfacet
  facet normal -0.946931 -0.321435 0
    outer loop
      vertex 29.8405 64.5826 2
      vertex 29.933 64.3101 0
      vertex 29.933 64.3101 2
    endloop
  endfacet
  facet normal -0.258329 -0.966057 0
    outer loop
      vertex 28.0014 66.1954 0
      vertex 28.0646 66.1785 2
      vertex 28.0014 66.1954 2
    endloop
  endfacet
  facet normal -0.258329 -0.966057 -0
    outer loop
      vertex 28.0646 66.1785 2
      vertex 28.0014 66.1954 0
      vertex 28.0646 66.1785 0
    endloop
  endfacet
  facet normal -0.92398 0.382442 0
    outer loop
      vertex 29.8155 62.517 0
      vertex 29.8405 62.5774 2
      vertex 29.8405 62.5774 0
    endloop
  endfacet
  facet normal -0.92398 0.382442 0
    outer loop
      vertex 29.8405 62.5774 2
      vertex 29.8155 62.517 0
      vertex 29.8155 62.517 2
    endloop
  endfacet
  facet normal -0.195314 -0.980741 0
    outer loop
      vertex 27.7192 66.2516 0
      vertex 28.0014 66.1954 2
      vertex 27.7192 66.2516 2
    endloop
  endfacet
  facet normal -0.195314 -0.980741 -0
    outer loop
      vertex 28.0014 66.1954 2
      vertex 27.7192 66.2516 0
      vertex 28.0014 66.1954 0
    endloop
  endfacet
  facet normal -0.794098 0.60779 0
    outer loop
      vertex 29.4558 61.911 0
      vertex 29.4956 61.963 2
      vertex 29.4956 61.963 0
    endloop
  endfacet
  facet normal -0.794098 0.60779 0
    outer loop
      vertex 29.4956 61.963 2
      vertex 29.4558 61.911 0
      vertex 29.4558 61.911 2
    endloop
  endfacet
  facet normal -0.706342 0.707871 0
    outer loop
      vertex 29.2198 61.6485 0
      vertex 29.2661 61.6947 2
      vertex 29.2661 61.6947 0
    endloop
  endfacet
  facet normal -0.706342 0.707871 0
    outer loop
      vertex 29.2661 61.6947 2
      vertex 29.2198 61.6485 0
      vertex 29.2198 61.6485 2
    endloop
  endfacet
  facet normal -0.793533 -0.608528 0
    outer loop
      vertex 29.4956 65.1971 0
      vertex 29.4558 65.249 2
      vertex 29.4558 65.249 0
    endloop
  endfacet
  facet normal -0.793533 -0.608528 0
    outer loop
      vertex 29.4558 65.249 2
      vertex 29.4956 65.1971 0
      vertex 29.4956 65.1971 2
    endloop
  endfacet
  facet normal -0.382442 -0.92398 0
    outer loop
      vertex 28.3371 66.086 0
      vertex 28.3975 66.061 2
      vertex 28.3371 66.086 2
    endloop
  endfacet
  facet normal -0.382442 -0.92398 -0
    outer loop
      vertex 28.3975 66.061 2
      vertex 28.3371 66.086 0
      vertex 28.3975 66.061 0
    endloop
  endfacet
  facet normal -0.49959 -0.866262 0
    outer loop
      vertex 28.6556 65.9337 0
      vertex 28.7123 65.901 2
      vertex 28.6556 65.9337 2
    endloop
  endfacet
  facet normal -0.49959 -0.866262 -0
    outer loop
      vertex 28.7123 65.901 2
      vertex 28.6556 65.9337 0
      vertex 28.7123 65.901 0
    endloop
  endfacet
  facet normal -0.997863 -0.0653425 0
    outer loop
      vertex 30.0334 63.6127 0
      vertex 30.0146 63.8998 2
      vertex 30.0146 63.8998 0
    endloop
  endfacet
  facet normal -0.997863 -0.0653425 0
    outer loop
      vertex 30.0146 63.8998 2
      vertex 30.0334 63.6127 0
      vertex 30.0334 63.6127 2
    endloop
  endfacet
  facet normal -0.751823 -0.659365 0
    outer loop
      vertex 29.4558 65.249 0
      vertex 29.2661 65.4653 2
      vertex 29.2661 65.4653 0
    endloop
  endfacet
  facet normal -0.751823 -0.659365 0
    outer loop
      vertex 29.2661 65.4653 2
      vertex 29.4558 65.249 0
      vertex 29.4558 65.249 2
    endloop
  endfacet
  facet normal -0.896846 0.442342 0
    outer loop
      vertex 29.6882 62.2589 0
      vertex 29.8155 62.517 2
      vertex 29.8155 62.517 0
    endloop
  endfacet
  facet normal -0.896846 0.442342 0
    outer loop
      vertex 29.8155 62.517 2
      vertex 29.6882 62.2589 0
      vertex 29.6882 62.2589 2
    endloop
  endfacet
  facet normal -0.751823 0.659365 0
    outer loop
      vertex 29.2661 61.6947 0
      vertex 29.4558 61.911 2
      vertex 29.4558 61.911 0
    endloop
  endfacet
  facet normal -0.751823 0.659365 0
    outer loop
      vertex 29.4558 61.911 2
      vertex 29.2661 61.6947 0
      vertex 29.2661 61.6947 2
    endloop
  endfacet
  facet normal -0.49959 0.866262 0
    outer loop
      vertex 28.7123 61.259 0
      vertex 28.6556 61.2263 2
      vertex 28.7123 61.259 2
    endloop
  endfacet
  facet normal -0.49959 0.866262 0
    outer loop
      vertex 28.6556 61.2263 2
      vertex 28.7123 61.259 0
      vertex 28.6556 61.2263 0
    endloop
  endfacet
  facet normal -0.965955 -0.258711 0
    outer loop
      vertex 29.9499 64.247 0
      vertex 29.933 64.3101 2
      vertex 29.933 64.3101 0
    endloop
  endfacet
  facet normal -0.965955 -0.258711 0
    outer loop
      vertex 29.933 64.3101 2
      vertex 29.9499 64.247 0
      vertex 29.9499 64.247 2
    endloop
  endfacet
  facet normal -0.866262 -0.49959 0
    outer loop
      vertex 29.6882 64.9011 0
      vertex 29.6555 64.9578 2
      vertex 29.6555 64.9578 0
    endloop
  endfacet
  facet normal -0.866262 -0.49959 0
    outer loop
      vertex 29.6555 64.9578 2
      vertex 29.6882 64.9011 0
      vertex 29.6882 64.9011 2
    endloop
  endfacet
  facet normal -0.831462 -0.555582 0
    outer loop
      vertex 29.6555 64.9578 0
      vertex 29.4956 65.1971 2
      vertex 29.4956 65.1971 0
    endloop
  endfacet
  facet normal -0.831462 -0.555582 0
    outer loop
      vertex 29.4956 65.1971 2
      vertex 29.6555 64.9578 0
      vertex 29.6555 64.9578 2
    endloop
  endfacet
  facet normal -0.131562 0.991308 0
    outer loop
      vertex 27.7192 60.9085 0
      vertex 27.6544 60.8999 2
      vertex 27.7192 60.9085 2
    endloop
  endfacet
  facet normal -0.131562 0.991308 0
    outer loop
      vertex 27.6544 60.8999 2
      vertex 27.7192 60.9085 0
      vertex 27.6544 60.8999 0
    endloop
  endfacet
  facet normal -0.382442 0.92398 0
    outer loop
      vertex 28.3975 61.099 0
      vertex 28.3371 61.074 2
      vertex 28.3975 61.099 2
    endloop
  endfacet
  facet normal -0.382442 0.92398 0
    outer loop
      vertex 28.3371 61.074 2
      vertex 28.3975 61.099 0
      vertex 28.3371 61.074 0
    endloop
  endfacet
  facet normal -0.980754 0.195248 0
    outer loop
      vertex 29.9499 62.913 0
      vertex 30.0061 63.1953 2
      vertex 30.0061 63.1953 0
    endloop
  endfacet
  facet normal -0.980754 0.195248 0
    outer loop
      vertex 30.0061 63.1953 2
      vertex 29.9499 62.913 0
      vertex 29.9499 62.913 2
    endloop
  endfacet
  facet normal -0.92398 -0.382442 0
    outer loop
      vertex 29.8405 64.5826 0
      vertex 29.8155 64.643 2
      vertex 29.8155 64.643 0
    endloop
  endfacet
  facet normal -0.92398 -0.382442 0
    outer loop
      vertex 29.8155 64.643 2
      vertex 29.8405 64.5826 0
      vertex 29.8405 64.5826 2
    endloop
  endfacet
  facet normal -0.965955 0.258711 0
    outer loop
      vertex 29.933 62.8499 0
      vertex 29.9499 62.913 2
      vertex 29.9499 62.913 0
    endloop
  endfacet
  facet normal -0.965955 0.258711 0
    outer loop
      vertex 29.9499 62.913 2
      vertex 29.933 62.8499 0
      vertex 29.933 62.8499 2
    endloop
  endfacet
  facet normal -0.321435 0.946931 0
    outer loop
      vertex 28.3371 61.074 0
      vertex 28.0646 60.9815 2
      vertex 28.3371 61.074 2
    endloop
  endfacet
  facet normal -0.321435 0.946931 0
    outer loop
      vertex 28.0646 60.9815 2
      vertex 28.3371 61.074 0
      vertex 28.0646 60.9815 0
    endloop
  endfacet
  facet normal -0.991532 -0.129862 0
    outer loop
      vertex 30.0146 63.8998 0
      vertex 30.0061 63.9647 2
      vertex 30.0061 63.9647 0
    endloop
  endfacet
  facet normal -0.991532 -0.129862 0
    outer loop
      vertex 30.0061 63.9647 2
      vertex 30.0146 63.8998 0
      vertex 30.0146 63.8998 2
    endloop
  endfacet
  facet normal -0.442342 0.896846 0
    outer loop
      vertex 28.6556 61.2263 0
      vertex 28.3975 61.099 2
      vertex 28.6556 61.2263 2
    endloop
  endfacet
  facet normal -0.442342 0.896846 0
    outer loop
      vertex 28.3975 61.099 2
      vertex 28.6556 61.2263 0
      vertex 28.3975 61.099 0
    endloop
  endfacet
  facet normal -0.896846 -0.442342 0
    outer loop
      vertex 29.8155 64.643 0
      vertex 29.6882 64.9011 2
      vertex 29.6882 64.9011 0
    endloop
  endfacet
  facet normal -0.896846 -0.442342 0
    outer loop
      vertex 29.6882 64.9011 2
      vertex 29.8155 64.643 0
      vertex 29.8155 64.643 2
    endloop
  endfacet
  facet normal -0.321435 -0.946931 0
    outer loop
      vertex 28.0646 66.1785 0
      vertex 28.3371 66.086 2
      vertex 28.0646 66.1785 2
    endloop
  endfacet
  facet normal -0.321435 -0.946931 -0
    outer loop
      vertex 28.3371 66.086 2
      vertex 28.0646 66.1785 0
      vertex 28.3371 66.086 0
    endloop
  endfacet
  facet normal -0.980754 -0.195248 0
    outer loop
      vertex 30.0061 63.9647 0
      vertex 29.9499 64.247 2
      vertex 29.9499 64.247 0
    endloop
  endfacet
  facet normal -0.980754 -0.195248 0
    outer loop
      vertex 29.9499 64.247 2
      vertex 30.0061 63.9647 0
      vertex 30.0061 63.9647 2
    endloop
  endfacet
  facet normal -0.0653198 0.997864 0
    outer loop
      vertex 27.6544 60.8999 0
      vertex 27.3672 60.8811 2
      vertex 27.6544 60.8999 2
    endloop
  endfacet
  facet normal -0.0653198 0.997864 0
    outer loop
      vertex 27.3672 60.8811 2
      vertex 27.6544 60.8999 0
      vertex 27.3672 60.8811 0
    endloop
  endfacet
  facet normal -0.0336201 0.999435 0
    outer loop
      vertex 27.3672 60.8811 0
      vertex 27.3345 60.88 2
      vertex 27.3672 60.8811 2
    endloop
  endfacet
  facet normal -0.0336201 0.999435 0
    outer loop
      vertex 27.3345 60.88 2
      vertex 27.3672 60.8811 0
      vertex 27.3345 60.88 0
    endloop
  endfacet
  facet normal -0.831355 0.555742 0
    outer loop
      vertex 29.4956 61.963 0
      vertex 29.6555 62.2022 2
      vertex 29.6555 62.2022 0
    endloop
  endfacet
  facet normal -0.831355 0.555742 0
    outer loop
      vertex 29.6555 62.2022 2
      vertex 29.4956 61.963 0
      vertex 29.4956 61.963 2
    endloop
  endfacet
  facet normal -0.997862 0.065351 0
    outer loop
      vertex 0.0171099 67.0431 0
      vertex 0.0131084 66.982 2
      vertex 0.0171099 67.0431 3.5
    endloop
  endfacet
  facet normal -0.99786 0.0653898 1.19093e-06
    outer loop
      vertex 0 66.782 0
      vertex 0.0131084 66.982 2
      vertex 0.0171099 67.0431 0
    endloop
  endfacet
  facet normal -0.997859 0.0654017 0
    outer loop
      vertex 0.0131084 66.982 2
      vertex 0 66.782 0
      vertex 0 66.782 2
    endloop
  endfacet
  facet normal -0.997862 0.065351 0
    outer loop
      vertex 0.0171099 67.0431 3.5
      vertex 0.0131084 66.982 2
      vertex 0.0131084 66.982 3.5
    endloop
  endfacet
  facet normal 0.83137 -0.555719 0
    outer loop
      vertex 36.6767 0.782478 2
      vertex 36.8221 1 0
      vertex 36.8221 1 2
    endloop
  endfacet
  facet normal 0.83137 -0.555719 0
    outer loop
      vertex 36.8221 1 0
      vertex 36.6767 0.782478 2
      vertex 36.6767 0.782478 0
    endloop
  endfacet
  facet normal 0.980814 -0.194947 0
    outer loop
      vertex 37.0219 1.48236 2
      vertex 37.0729 1.73895 0
      vertex 37.0729 1.73895 2
    endloop
  endfacet
  facet normal 0.980814 -0.194947 0
    outer loop
      vertex 37.0729 1.73895 0
      vertex 37.0219 1.48236 2
      vertex 37.0219 1.48236 0
    endloop
  endfacet
  facet normal 0.751842 0.659343 0
    outer loop
      vertex 36.6767 67.9995 3.5
      vertex 36.5042 68.1962 0
      vertex 36.5042 68.1962 3.5
    endloop
  endfacet
  facet normal 0.751842 0.659343 0
    outer loop
      vertex 36.5042 68.1962 0
      vertex 36.6767 67.9995 3.5
      vertex 36.6767 67.9995 0
    endloop
  endfacet
  facet normal -0.94693 -0.32144 0
    outer loop
      vertex 0.152241 1.23463 0
      vertex 0.0681477 1.48236 2
      vertex 0.0681477 1.48236 0
    endloop
  endfacet
  facet normal -0.94693 -0.32144 0
    outer loop
      vertex 0.0681477 1.48236 2
      vertex 0.152241 1.23463 0
      vertex 0.152241 1.23463 2
    endloop
  endfacet
  facet normal -0.980773 0.195152 0
    outer loop
      vertex 0.0171099 67.0431 0
      vertex 0.0681477 67.2996 3.5
      vertex 0.0681477 67.2996 0
    endloop
  endfacet
  facet normal -0.980773 0.195152 0
    outer loop
      vertex 0.0681477 67.2996 3.5
      vertex 0.0171099 67.0431 0
      vertex 0.0171099 67.0431 3.5
    endloop
  endfacet
  facet normal -0.831443 0.55561 0
    outer loop
      vertex 0.267949 67.782 0
      vertex 0.413293 67.9995 3.5
      vertex 0.413293 67.9995 0
    endloop
  endfacet
  facet normal -0.831443 0.55561 0
    outer loop
      vertex 0.413293 67.9995 3.5
      vertex 0.267949 67.782 0
      vertex 0.267949 67.782 3.5
    endloop
  endfacet
  facet normal 0 0 -1
    outer loop
      vertex 17.5 61.38 0
      vertex 16.5 61.38 0
      vertex 17.5 65.78 0
    endloop
  endfacet
  facet normal 0 0 -1
    outer loop
      vertex 9.75549 65.78 0
      vertex 16.5 61.38 0
      vertex 9.75549 61.38 0
    endloop
  endfacet
  facet normal 0 0 -1
    outer loop
      vertex 16.5 61.38 0
      vertex 9.75549 65.78 0
      vertex 17.5 65.78 0
    endloop
  endfacet
  facet normal 0 0 -1
    outer loop
      vertex 9.46834 61.3988 0
      vertex 9.75549 65.78 0
      vertex 9.75549 61.38 0
    endloop
  endfacet
  facet normal 0 0 -1
    outer loop
      vertex 9.46834 61.3988 0
      vertex 9.46834 65.7612 0
      vertex 9.75549 65.78 0
    endloop
  endfacet
  facet normal 0 0 -1
    outer loop
      vertex 9.1861 61.455 0
      vertex 9.46834 65.7612 0
      vertex 9.46834 61.3988 0
    endloop
  endfacet
  facet normal 0 0 -1
    outer loop
      vertex 9.1861 61.455 0
      vertex 9.1861 65.705 0
      vertex 9.46834 65.7612 0
    endloop
  endfacet
  facet normal 0 0 -1
    outer loop
      vertex 8.91359 61.5475 0
      vertex 9.1861 65.705 0
      vertex 9.1861 61.455 0
    endloop
  endfacet
  facet normal 0 0 -1
    outer loop
      vertex 8.91359 61.5475 0
      vertex 8.91359 65.6125 0
      vertex 9.1861 65.705 0
    endloop
  endfacet
  facet normal 0 0 -1
    outer loop
      vertex 8.65549 61.6747 0
      vertex 8.91359 65.6125 0
      vertex 8.91359 61.5475 0
    endloop
  endfacet
  facet normal 0 0 -1
    outer loop
      vertex 8.65549 61.6747 0
      vertex 8.65549 65.4853 0
      vertex 8.91359 65.6125 0
    endloop
  endfacet
  facet normal 0 0 -1
    outer loop
      vertex 8.41621 61.8346 0
      vertex 8.65549 65.4853 0
      vertex 8.65549 61.6747 0
    endloop
  endfacet
  facet normal 0 0 -1
    outer loop
      vertex 8.41621 61.8346 0
      vertex 8.41621 65.3254 0
      vertex 8.65549 65.4853 0
    endloop
  endfacet
  facet normal 0 0 -1
    outer loop
      vertex 8.19986 62.0244 0
      vertex 8.41621 65.3254 0
      vertex 8.41621 61.8346 0
    endloop
  endfacet
  facet normal 0 0 -1
    outer loop
      vertex 8.19986 62.0244 0
      vertex 8.19986 65.1356 0
      vertex 8.41621 65.3254 0
    endloop
  endfacet
  facet normal 0 0 -1
    outer loop
      vertex 8.01012 62.2407 0
      vertex 8.19986 65.1356 0
      vertex 8.19986 62.0244 0
    endloop
  endfacet
  facet normal 0 0 -1
    outer loop
      vertex 8.01012 62.2407 0
      vertex 8.01012 64.9193 0
      vertex 8.19986 65.1356 0
    endloop
  endfacet
  facet normal 0 0 -1
    outer loop
      vertex 7.85023 62.48 0
      vertex 8.01012 64.9193 0
      vertex 8.01012 62.2407 0
    endloop
  endfacet
  facet normal 0 0 -1
    outer loop
      vertex 7.85023 62.48 0
      vertex 7.85023 64.68 0
      vertex 8.01012 64.9193 0
    endloop
  endfacet
  facet normal 0 0 -1
    outer loop
      vertex 7.72296 62.7381 0
      vertex 7.85023 64.68 0
      vertex 7.85023 62.48 0
    endloop
  endfacet
  facet normal 0 0 -1
    outer loop
      vertex 7.72296 62.7381 0
      vertex 7.72296 64.4219 0
      vertex 7.85023 64.68 0
    endloop
  endfacet
  facet normal 0 0 -1
    outer loop
      vertex 7.63046 63.0106 0
      vertex 7.72296 64.4219 0
      vertex 7.72296 62.7381 0
    endloop
  endfacet
  facet normal 0 0 -1
    outer loop
      vertex 7.63046 63.0106 0
      vertex 7.63046 64.1494 0
      vertex 7.72296 64.4219 0
    endloop
  endfacet
  facet normal 0 0 -1
    outer loop
      vertex 7.57431 63.2929 0
      vertex 7.63046 64.1494 0
      vertex 7.63046 63.0106 0
    endloop
  endfacet
  facet normal 0 0 -1
    outer loop
      vertex 7.57431 63.2929 0
      vertex 7.57431 63.8672 0
      vertex 7.63046 64.1494 0
    endloop
  endfacet
  facet normal 0 -0 -1
    outer loop
      vertex 7.57431 63.8672 0
      vertex 7.57431 63.2929 0
      vertex 7.5555 63.58 0
    endloop
  endfacet
  facet normal 0 0 -1
    outer loop
      vertex 35.09 4.11987e-07 0
      vertex 37.09 2 0
      vertex 37.0729 1.73895 0
    endloop
  endfacet
  facet normal 0 0 -1
    outer loop
      vertex 37.09 2 0
      vertex 29.7132 56.0502 0
      vertex 37.09 66.782 0
    endloop
  endfacet
  facet normal 0 0 -1
    outer loop
      vertex 35.09 4.11987e-07 0
      vertex 37.0729 1.73895 0
      vertex 37.0219 1.48236 0
    endloop
  endfacet
  facet normal 0 -0 -1
    outer loop
      vertex 29.8155 62.517 0
      vertex 37.09 66.782 0
      vertex 29.7132 56.0502 0
    endloop
  endfacet
  facet normal 0 0 -1
    outer loop
      vertex 35.09 4.11987e-07 0
      vertex 37.0219 1.48236 0
      vertex 36.9378 1.23463 0
    endloop
  endfacet
  facet normal 0 -0 -1
    outer loop
      vertex 29.8405 62.5774 0
      vertex 37.09 66.782 0
      vertex 29.8155 62.517 0
    endloop
  endfacet
  facet normal 0 0 -1
    outer loop
      vertex 35.09 4.11987e-07 0
      vertex 36.9378 1.23463 0
      vertex 36.8221 1 0
    endloop
  endfacet
  facet normal 0 -0 -1
    outer loop
      vertex 29.933 62.8499 0
      vertex 37.09 66.782 0
      vertex 29.8405 62.5774 0
    endloop
  endfacet
  facet normal 0 0 -1
    outer loop
      vertex 35.09 4.11987e-07 0
      vertex 36.8221 1 0
      vertex 36.6767 0.782478 0
    endloop
  endfacet
  facet normal 0 -0 -1
    outer loop
      vertex 29.9499 62.913 0
      vertex 37.09 66.782 0
      vertex 29.933 62.8499 0
    endloop
  endfacet
  facet normal 0 0 -1
    outer loop
      vertex 35.09 4.11987e-07 0
      vertex 36.6767 0.782478 0
      vertex 36.5042 0.585787 0
    endloop
  endfacet
  facet normal 0 -0 -1
    outer loop
      vertex 30.0146 63.2602 0
      vertex 37.09 66.782 0
      vertex 30.0061 63.1953 0
    endloop
  endfacet
  facet normal 0 0 -1
    outer loop
      vertex 35.09 4.11987e-07 0
      vertex 36.5042 0.585787 0
      vertex 36.3075 0.413294 0
    endloop
  endfacet
  facet normal 0 -0 -1
    outer loop
      vertex 30.0334 63.5473 0
      vertex 37.09 66.782 0
      vertex 30.0146 63.2602 0
    endloop
  endfacet
  facet normal 0 0 -1
    outer loop
      vertex 35.09 4.11987e-07 0
      vertex 36.3075 0.413294 0
      vertex 36.09 0.26795 0
    endloop
  endfacet
  facet normal 0 0 -1
    outer loop
      vertex 30.0334 63.6127 0
      vertex 37.09 66.782 0
      vertex 30.0334 63.5473 0
    endloop
  endfacet
  facet normal 0 0 -1
    outer loop
      vertex 35.09 4.11987e-07 0
      vertex 36.09 0.26795 0
      vertex 35.8554 0.152241 0
    endloop
  endfacet
  facet normal 0 0 -1
    outer loop
      vertex 30.0146 63.8998 0
      vertex 37.09 66.782 0
      vertex 30.0334 63.6127 0
    endloop
  endfacet
  facet normal 0 0 -1
    outer loop
      vertex 35.09 4.11987e-07 0
      vertex 35.8554 0.152241 0
      vertex 35.6076 0.068149 0
    endloop
  endfacet
  facet normal 0 0 -1
    outer loop
      vertex 30.0061 63.9647 0
      vertex 37.09 66.782 0
      vertex 30.0146 63.8998 0
    endloop
  endfacet
  facet normal 0 0 -1
    outer loop
      vertex 35.09 4.11987e-07 0
      vertex 35.6076 0.068149 0
      vertex 35.3511 0.0171103 0
    endloop
  endfacet
  facet normal 0 0 -1
    outer loop
      vertex 29.9499 64.247 0
      vertex 37.09 66.782 0
      vertex 30.0061 63.9647 0
    endloop
  endfacet
  facet normal -0 0 -1
    outer loop
      vertex 37.09 2 0
      vertex 35.09 4.11987e-07 0
      vertex 29.7132 8.71382 0
    endloop
  endfacet
  facet normal 0 -0 -1
    outer loop
      vertex 35.09 68.782 0
      vertex 37.09 66.782 0
      vertex 29.9499 64.247 0
    endloop
  endfacet
  facet normal 0 0 -1
    outer loop
      vertex 37.09 66.782 0
      vertex 35.09 68.782 0
      vertex 37.0729 67.0431 0
    endloop
  endfacet
  facet normal 0 0 -1
    outer loop
      vertex 35.8554 68.6298 0
      vertex 35.09 68.782 0
      vertex 35.6076 68.7139 0
    endloop
  endfacet
  facet normal 0 0 -1
    outer loop
      vertex 36.9378 67.5474 0
      vertex 35.09 68.782 0
      vertex 36.8221 67.782 0
    endloop
  endfacet
  facet normal 0 0 -1
    outer loop
      vertex 36.3075 68.3687 0
      vertex 35.09 68.782 0
      vertex 36.09 68.5141 0
    endloop
  endfacet
  facet normal 0 0 -1
    outer loop
      vertex 36.5042 68.1962 0
      vertex 35.09 68.782 0
      vertex 36.3075 68.3687 0
    endloop
  endfacet
  facet normal 0 0 -1
    outer loop
      vertex 36.8221 67.782 0
      vertex 35.09 68.782 0
      vertex 36.6767 67.9995 0
    endloop
  endfacet
  facet normal 0 0 -1
    outer loop
      vertex 37.0729 67.0431 0
      vertex 35.09 68.782 0
      vertex 37.0219 67.2996 0
    endloop
  endfacet
  facet normal 0 0 -1
    outer loop
      vertex 37.09 2 0
      vertex 29.7132 8.71382 0
      vertex 29.7132 56.0502 0
    endloop
  endfacet
  facet normal 0 0 -1
    outer loop
      vertex 35.09 4.11987e-07 0
      vertex 7.37682 8.71382 0
      vertex 29.7132 8.71382 0
    endloop
  endfacet
  facet normal 0 0 -1
    outer loop
      vertex 0 2 0
      vertex 7.37682 56.0502 0
      vertex 7.37682 8.71382 0
    endloop
  endfacet
  facet normal 0 0 -1
    outer loop
      vertex 7.37682 56.0502 0
      vertex 0 66.782 0
      vertex 7.27452 62.517 0
    endloop
  endfacet
  facet normal 0 0 -1
    outer loop
      vertex 7.27452 62.517 0
      vertex 0 66.782 0
      vertex 7.2495 62.5774 0
    endloop
  endfacet
  facet normal 0 0 -1
    outer loop
      vertex 7.2495 62.5774 0
      vertex 0 66.782 0
      vertex 7.157 62.8499 0
    endloop
  endfacet
  facet normal 0 0 -1
    outer loop
      vertex 7.157 62.8499 0
      vertex 0 66.782 0
      vertex 7.14008 62.913 0
    endloop
  endfacet
  facet normal 0 0 -1
    outer loop
      vertex 7.14008 62.913 0
      vertex 0 66.782 0
      vertex 7.08392 63.1953 0
    endloop
  endfacet
  facet normal 0 0 -1
    outer loop
      vertex 7.08392 63.1953 0
      vertex 0 66.782 0
      vertex 7.07538 63.2602 0
    endloop
  endfacet
  facet normal -0 0 -1
    outer loop
      vertex 7.37682 56.0502 0
      vertex 0 2 0
      vertex 0 66.782 0
    endloop
  endfacet
  facet normal 0 0 -1
    outer loop
      vertex 0 2 0
      vertex 7.37682 8.71382 0
      vertex 2 4.11987e-07 0
    endloop
  endfacet
  facet normal 0 0 -1
    outer loop
      vertex 2 4.11987e-07 0
      vertex 7.37682 8.71382 0
      vertex 35.09 4.11987e-07 0
    endloop
  endfacet
  facet normal 0 0 -1
    outer loop
      vertex 35.6076 68.7139 0
      vertex 35.09 68.782 0
      vertex 35.3511 68.7649 0
    endloop
  endfacet
  facet normal 0 0 -1
    outer loop
      vertex 36.09 68.5141 0
      vertex 35.09 68.782 0
      vertex 35.8554 68.6298 0
    endloop
  endfacet
  facet normal 0 0 -1
    outer loop
      vertex 36.6767 67.9995 0
      vertex 35.09 68.782 0
      vertex 36.5042 68.1962 0
    endloop
  endfacet
  facet normal 0 0 -1
    outer loop
      vertex 37.0219 67.2996 0
      vertex 35.09 68.782 0
      vertex 36.9378 67.5474 0
    endloop
  endfacet
  facet normal 0 0 -1
    outer loop
      vertex 29.933 64.3101 0
      vertex 35.09 68.782 0
      vertex 29.9499 64.247 0
    endloop
  endfacet
  facet normal 0 0 -1
    outer loop
      vertex 29.8405 64.5826 0
      vertex 35.09 68.782 0
      vertex 29.933 64.3101 0
    endloop
  endfacet
  facet normal 0 0 -1
    outer loop
      vertex 29.8155 64.643 0
      vertex 35.09 68.782 0
      vertex 29.8405 64.5826 0
    endloop
  endfacet
  facet normal 0 0 -1
    outer loop
      vertex 29.6882 64.9011 0
      vertex 35.09 68.782 0
      vertex 29.8155 64.643 0
    endloop
  endfacet
  facet normal 0 0 -1
    outer loop
      vertex 29.6555 64.9578 0
      vertex 35.09 68.782 0
      vertex 29.6882 64.9011 0
    endloop
  endfacet
  facet normal 0 0 -1
    outer loop
      vertex 29.4956 65.1971 0
      vertex 35.09 68.782 0
      vertex 29.6555 64.9578 0
    endloop
  endfacet
  facet normal 0 0 -1
    outer loop
      vertex 29.4558 65.249 0
      vertex 35.09 68.782 0
      vertex 29.4956 65.1971 0
    endloop
  endfacet
  facet normal 0 0 -1
    outer loop
      vertex 29.2661 65.4653 0
      vertex 35.09 68.782 0
      vertex 29.4558 65.249 0
    endloop
  endfacet
  facet normal 0 0 -1
    outer loop
      vertex 29.2198 65.5116 0
      vertex 35.09 68.782 0
      vertex 29.2661 65.4653 0
    endloop
  endfacet
  facet normal 0 0 -1
    outer loop
      vertex 29.0035 65.7013 0
      vertex 35.09 68.782 0
      vertex 29.2198 65.5116 0
    endloop
  endfacet
  facet normal 0 0 -1
    outer loop
      vertex 28.9516 65.7411 0
      vertex 35.09 68.782 0
      vertex 29.0035 65.7013 0
    endloop
  endfacet
  facet normal 0 0 -1
    outer loop
      vertex 28.7123 65.901 0
      vertex 35.09 68.782 0
      vertex 28.9516 65.7411 0
    endloop
  endfacet
  facet normal 0 0 -1
    outer loop
      vertex 28.6556 65.9337 0
      vertex 35.09 68.782 0
      vertex 28.7123 65.901 0
    endloop
  endfacet
  facet normal 0 0 -1
    outer loop
      vertex 28.3975 66.061 0
      vertex 35.09 68.782 0
      vertex 28.6556 65.9337 0
    endloop
  endfacet
  facet normal 0 0 -1
    outer loop
      vertex 28.3371 66.086 0
      vertex 35.09 68.782 0
      vertex 28.3975 66.061 0
    endloop
  endfacet
  facet normal 0 0 -1
    outer loop
      vertex 28.0646 66.1785 0
      vertex 35.09 68.782 0
      vertex 28.3371 66.086 0
    endloop
  endfacet
  facet normal 0 0 -1
    outer loop
      vertex 28.0014 66.1954 0
      vertex 35.09 68.782 0
      vertex 28.0646 66.1785 0
    endloop
  endfacet
  facet normal 0 0 -1
    outer loop
      vertex 27.7192 66.2516 0
      vertex 35.09 68.782 0
      vertex 28.0014 66.1954 0
    endloop
  endfacet
  facet normal 0 0 -1
    outer loop
      vertex 27.6543 66.2601 0
      vertex 35.09 68.782 0
      vertex 27.7192 66.2516 0
    endloop
  endfacet
  facet normal 0 0 -1
    outer loop
      vertex 27.3672 66.2789 0
      vertex 35.09 68.782 0
      vertex 27.6543 66.2601 0
    endloop
  endfacet
  facet normal 0 0 -1
    outer loop
      vertex 27.3345 66.28 0
      vertex 35.09 68.782 0
      vertex 27.3672 66.2789 0
    endloop
  endfacet
  facet normal 0 0 -1
    outer loop
      vertex 19.59 66.28 0
      vertex 35.09 68.782 0
      vertex 27.3345 66.28 0
    endloop
  endfacet
  facet normal 0 0 -1
    outer loop
      vertex 17.5 65.78 0
      vertex 19.59 65.78 0
      vertex 17.5 61.38 0
    endloop
  endfacet
  facet normal 0 0 -1
    outer loop
      vertex 19.59 65.78 0
      vertex 17.5 65.78 0
      vertex 19.59 66.28 0
    endloop
  endfacet
  facet normal 0 0 -1
    outer loop
      vertex 17.5 66.28 0
      vertex 19.59 66.28 0
      vertex 17.5 65.78 0
    endloop
  endfacet
  facet normal 0 0 -1
    outer loop
      vertex 17.5 66.28 0
      vertex 35.09 68.782 0
      vertex 19.59 66.28 0
    endloop
  endfacet
  facet normal 0 0 -1
    outer loop
      vertex 2 68.782 0
      vertex 17.5 66.28 0
      vertex 9.75549 66.28 0
    endloop
  endfacet
  facet normal 0 0 -1
    outer loop
      vertex 2 68.782 0
      vertex 9.75549 66.28 0
      vertex 9.72281 66.2789 0
    endloop
  endfacet
  facet normal 0 0 -1
    outer loop
      vertex 2 68.782 0
      vertex 9.72281 66.2789 0
      vertex 9.43565 66.2601 0
    endloop
  endfacet
  facet normal 0 0 -1
    outer loop
      vertex 7.07538 63.2602 0
      vertex 0 66.782 0
      vertex 7.05656 63.5473 0
    endloop
  endfacet
  facet normal 0 0 -1
    outer loop
      vertex 17.5 66.28 0
      vertex 2 68.782 0
      vertex 35.09 68.782 0
    endloop
  endfacet
  facet normal 0 0 -1
    outer loop
      vertex 9.3708 66.2516 0
      vertex 2 68.782 0
      vertex 9.43565 66.2601 0
    endloop
  endfacet
  facet normal 0 0 -1
    outer loop
      vertex 9.08856 66.1954 0
      vertex 2 68.782 0
      vertex 9.3708 66.2516 0
    endloop
  endfacet
  facet normal 0 0 -1
    outer loop
      vertex 9.02536 66.1785 0
      vertex 2 68.782 0
      vertex 9.08856 66.1954 0
    endloop
  endfacet
  facet normal 0 0 -1
    outer loop
      vertex 8.75285 66.086 0
      vertex 2 68.782 0
      vertex 9.02536 66.1785 0
    endloop
  endfacet
  facet normal 0 0 -1
    outer loop
      vertex 8.69246 66.061 0
      vertex 2 68.782 0
      vertex 8.75285 66.086 0
    endloop
  endfacet
  facet normal 0 0 -1
    outer loop
      vertex 8.43436 65.9337 0
      vertex 2 68.782 0
      vertex 8.69246 66.061 0
    endloop
  endfacet
  facet normal 0 0 -1
    outer loop
      vertex 8.3777 65.901 0
      vertex 2 68.782 0
      vertex 8.43436 65.9337 0
    endloop
  endfacet
  facet normal 0 0 -1
    outer loop
      vertex 8.13843 65.7411 0
      vertex 2 68.782 0
      vertex 8.3777 65.901 0
    endloop
  endfacet
  facet normal 0 0 -1
    outer loop
      vertex 8.08653 65.7013 0
      vertex 2 68.782 0
      vertex 8.13843 65.7411 0
    endloop
  endfacet
  facet normal 0 0 -1
    outer loop
      vertex 7.87018 65.5116 0
      vertex 2 68.782 0
      vertex 8.08653 65.7013 0
    endloop
  endfacet
  facet normal 0 0 -1
    outer loop
      vertex 7.82394 65.4653 0
      vertex 2 68.782 0
      vertex 7.87018 65.5116 0
    endloop
  endfacet
  facet normal 0 0 -1
    outer loop
      vertex 7.6342 65.249 0
      vertex 2 68.782 0
      vertex 7.82394 65.4653 0
    endloop
  endfacet
  facet normal 0 0 -1
    outer loop
      vertex 7.59439 65.1971 0
      vertex 2 68.782 0
      vertex 7.6342 65.249 0
    endloop
  endfacet
  facet normal 0 0 -1
    outer loop
      vertex 7.43451 64.9578 0
      vertex 2 68.782 0
      vertex 7.59439 65.1971 0
    endloop
  endfacet
  facet normal 0 0 -1
    outer loop
      vertex 7.40179 64.9011 0
      vertex 2 68.782 0
      vertex 7.43451 64.9578 0
    endloop
  endfacet
  facet normal 0 0 -1
    outer loop
      vertex 7.27452 64.643 0
      vertex 2 68.782 0
      vertex 7.40179 64.9011 0
    endloop
  endfacet
  facet normal 0 0 -1
    outer loop
      vertex 7.2495 64.5826 0
      vertex 2 68.782 0
      vertex 7.27452 64.643 0
    endloop
  endfacet
  facet normal 0 0 -1
    outer loop
      vertex 7.157 64.3101 0
      vertex 2 68.782 0
      vertex 7.2495 64.5826 0
    endloop
  endfacet
  facet normal 0 0 -1
    outer loop
      vertex 7.14008 64.247 0
      vertex 2 68.782 0
      vertex 7.157 64.3101 0
    endloop
  endfacet
  facet normal 0 0 -1
    outer loop
      vertex 0 66.782 0
      vertex 7.14008 64.247 0
      vertex 7.08392 63.9647 0
    endloop
  endfacet
  facet normal 0 0 -1
    outer loop
      vertex 0 66.782 0
      vertex 7.08392 63.9647 0
      vertex 7.07538 63.8998 0
    endloop
  endfacet
  facet normal 0 0 -1
    outer loop
      vertex 7.05656 63.5473 0
      vertex 0 66.782 0
      vertex 7.05656 63.6127 0
    endloop
  endfacet
  facet normal 0 0 -1
    outer loop
      vertex 0 2 0
      vertex 2 4.11987e-07 0
      vertex 1.73895 0.0171103 0
    endloop
  endfacet
  facet normal 0 0 -1
    outer loop
      vertex 7.05656 63.6127 0
      vertex 0 66.782 0
      vertex 7.07538 63.8998 0
    endloop
  endfacet
  facet normal 0 0 -1
    outer loop
      vertex 0 2 0
      vertex 1.73895 0.0171103 0
      vertex 1.48236 0.068149 0
    endloop
  endfacet
  facet normal 0 0 -1
    outer loop
      vertex 7.14008 64.247 0
      vertex 0 66.782 0
      vertex 2 68.782 0
    endloop
  endfacet
  facet normal 0 0 -1
    outer loop
      vertex 0 2 0
      vertex 1.48236 0.068149 0
      vertex 1.23463 0.152241 0
    endloop
  endfacet
  facet normal 0 0 -1
    outer loop
      vertex 2 68.782 0
      vertex 0 66.782 0
      vertex 1.73895 68.7649 0
    endloop
  endfacet
  facet normal 0 0 -1
    outer loop
      vertex 0 2 0
      vertex 1.23463 0.152241 0
      vertex 1 0.26795 0
    endloop
  endfacet
  facet normal 0 0 -1
    outer loop
      vertex 1.73895 68.7649 0
      vertex 0 66.782 0
      vertex 1.48236 68.7139 0
    endloop
  endfacet
  facet normal 0 0 -1
    outer loop
      vertex 0 2 0
      vertex 1 0.26795 0
      vertex 0.782476 0.413294 0
    endloop
  endfacet
  facet normal 0 0 -1
    outer loop
      vertex 1.48236 68.7139 0
      vertex 0 66.782 0
      vertex 1.23463 68.6298 0
    endloop
  endfacet
  facet normal 0 0 -1
    outer loop
      vertex 0 2 0
      vertex 0.782476 0.413294 0
      vertex 0.585786 0.585787 0
    endloop
  endfacet
  facet normal 0 0 -1
    outer loop
      vertex 1.23463 68.6298 0
      vertex 0 66.782 0
      vertex 1 68.5141 0
    endloop
  endfacet
  facet normal 0 0 -1
    outer loop
      vertex 0 2 0
      vertex 0.585786 0.585787 0
      vertex 0.413293 0.782478 0
    endloop
  endfacet
  facet normal 0 0 -1
    outer loop
      vertex 1 68.5141 0
      vertex 0 66.782 0
      vertex 0.782476 68.3687 0
    endloop
  endfacet
  facet normal 0 0 -1
    outer loop
      vertex 0 2 0
      vertex 0.413293 0.782478 0
      vertex 0.267949 1 0
    endloop
  endfacet
  facet normal 0 0 -1
    outer loop
      vertex 0.782476 68.3687 0
      vertex 0 66.782 0
      vertex 0.585786 68.1962 0
    endloop
  endfacet
  facet normal 0 0 -1
    outer loop
      vertex 0 2 0
      vertex 0.267949 1 0
      vertex 0.152241 1.23463 0
    endloop
  endfacet
  facet normal 0 0 -1
    outer loop
      vertex 0.585786 68.1962 0
      vertex 0 66.782 0
      vertex 0.413293 67.9995 0
    endloop
  endfacet
  facet normal 0 0 -1
    outer loop
      vertex 0 2 0
      vertex 0.152241 1.23463 0
      vertex 0.0681477 1.48236 0
    endloop
  endfacet
  facet normal 0 0 -1
    outer loop
      vertex 0.413293 67.9995 0
      vertex 0 66.782 0
      vertex 0.267949 67.782 0
    endloop
  endfacet
  facet normal 0 0 -1
    outer loop
      vertex 0 2 0
      vertex 0.0681477 1.48236 0
      vertex 0.0171099 1.73895 0
    endloop
  endfacet
  facet normal 0 0 -1
    outer loop
      vertex 0.267949 67.782 0
      vertex 0 66.782 0
      vertex 0.152241 67.5474 0
    endloop
  endfacet
  facet normal 0 0 -1
    outer loop
      vertex 0.152241 67.5474 0
      vertex 0 66.782 0
      vertex 0.0681477 67.2996 0
    endloop
  endfacet
  facet normal 0 0 -1
    outer loop
      vertex 0.0681477 67.2996 0
      vertex 0 66.782 0
      vertex 0.0171099 67.0431 0
    endloop
  endfacet
  facet normal 0 -0 -1
    outer loop
      vertex 30.0061 63.1953 0
      vertex 37.09 66.782 0
      vertex 29.9499 62.913 0
    endloop
  endfacet
  facet normal 0 0 -1
    outer loop
      vertex 29.7132 56.0502 0
      vertex 29.6882 62.2589 0
      vertex 29.8155 62.517 0
    endloop
  endfacet
  facet normal 0 0 -1
    outer loop
      vertex 29.7132 56.0502 0
      vertex 29.6555 62.2022 0
      vertex 29.6882 62.2589 0
    endloop
  endfacet
  facet normal 0 0 -1
    outer loop
      vertex 29.7132 56.0502 0
      vertex 29.4956 61.963 0
      vertex 29.6555 62.2022 0
    endloop
  endfacet
  facet normal 0 0 -1
    outer loop
      vertex 29.7132 56.0502 0
      vertex 29.4558 61.911 0
      vertex 29.4956 61.963 0
    endloop
  endfacet
  facet normal 0 0 -1
    outer loop
      vertex 29.7132 56.0502 0
      vertex 29.2661 61.6947 0
      vertex 29.4558 61.911 0
    endloop
  endfacet
  facet normal 0 0 -1
    outer loop
      vertex 29.7132 56.0502 0
      vertex 29.2198 61.6485 0
      vertex 29.2661 61.6947 0
    endloop
  endfacet
  facet normal 0 0 -1
    outer loop
      vertex 29.7132 56.0502 0
      vertex 29.0035 61.4587 0
      vertex 29.2198 61.6485 0
    endloop
  endfacet
  facet normal 0 0 -1
    outer loop
      vertex 29.7132 56.0502 0
      vertex 28.9516 61.4189 0
      vertex 29.0035 61.4587 0
    endloop
  endfacet
  facet normal 0 0 -1
    outer loop
      vertex 29.7132 56.0502 0
      vertex 28.7123 61.259 0
      vertex 28.9516 61.4189 0
    endloop
  endfacet
  facet normal 0 0 -1
    outer loop
      vertex 29.7132 56.0502 0
      vertex 28.6556 61.2263 0
      vertex 28.7123 61.259 0
    endloop
  endfacet
  facet normal 0 0 -1
    outer loop
      vertex 29.7132 56.0502 0
      vertex 28.3975 61.099 0
      vertex 28.6556 61.2263 0
    endloop
  endfacet
  facet normal 0 0 -1
    outer loop
      vertex 29.7132 56.0502 0
      vertex 28.3371 61.074 0
      vertex 28.3975 61.099 0
    endloop
  endfacet
  facet normal 0 0 -1
    outer loop
      vertex 29.7132 56.0502 0
      vertex 28.0646 60.9815 0
      vertex 28.3371 61.074 0
    endloop
  endfacet
  facet normal 0 0 -1
    outer loop
      vertex 29.7132 56.0502 0
      vertex 28.0014 60.9646 0
      vertex 28.0646 60.9815 0
    endloop
  endfacet
  facet normal 0 0 -1
    outer loop
      vertex 29.7132 56.0502 0
      vertex 27.7192 60.9085 0
      vertex 28.0014 60.9646 0
    endloop
  endfacet
  facet normal 0 0 -1
    outer loop
      vertex 29.7132 56.0502 0
      vertex 27.6544 60.8999 0
      vertex 27.7192 60.9085 0
    endloop
  endfacet
  facet normal 0 0 -1
    outer loop
      vertex 29.7132 56.0502 0
      vertex 27.3672 60.8811 0
      vertex 27.6544 60.8999 0
    endloop
  endfacet
  facet normal 0 0 -1
    outer loop
      vertex 29.7132 56.0502 0
      vertex 27.3345 60.88 0
      vertex 27.3672 60.8811 0
    endloop
  endfacet
  facet normal 0 0 -1
    outer loop
      vertex 29.7132 56.0502 0
      vertex 19.59 60.88 0
      vertex 27.3345 60.88 0
    endloop
  endfacet
  facet normal 0 0 -1
    outer loop
      vertex 17.5 60.88 0
      vertex 19.59 61.38 0
      vertex 19.59 60.88 0
    endloop
  endfacet
  facet normal 0 0 -1
    outer loop
      vertex 17.5 61.38 0
      vertex 19.59 61.38 0
      vertex 17.5 60.88 0
    endloop
  endfacet
  facet normal 0 0 -1
    outer loop
      vertex 19.59 61.38 0
      vertex 17.5 61.38 0
      vertex 19.59 65.78 0
    endloop
  endfacet
  facet normal 0 0 -1
    outer loop
      vertex 29.7132 56.0502 0
      vertex 17.5 60.88 0
      vertex 19.59 60.88 0
    endloop
  endfacet
  facet normal 0 0 -1
    outer loop
      vertex 7.37682 56.0502 0
      vertex 17.5 60.88 0
      vertex 29.7132 56.0502 0
    endloop
  endfacet
  facet normal -0 0 -1
    outer loop
      vertex 17.5 60.88 0
      vertex 7.37682 56.0502 0
      vertex 9.75549 60.88 0
    endloop
  endfacet
  facet normal -0 0 -1
    outer loop
      vertex 9.75549 60.88 0
      vertex 7.37682 56.0502 0
      vertex 9.72278 60.8811 0
    endloop
  endfacet
  facet normal -0 0 -1
    outer loop
      vertex 9.72278 60.8811 0
      vertex 7.37682 56.0502 0
      vertex 9.43562 60.8999 0
    endloop
  endfacet
  facet normal -0 0 -1
    outer loop
      vertex 9.43562 60.8999 0
      vertex 7.37682 56.0502 0
      vertex 9.3708 60.9085 0
    endloop
  endfacet
  facet normal -0 0 -1
    outer loop
      vertex 9.3708 60.9085 0
      vertex 7.37682 56.0502 0
      vertex 9.08856 60.9646 0
    endloop
  endfacet
  facet normal 0 0 -1
    outer loop
      vertex 7.37682 56.0502 0
      vertex 9.02539 60.9815 0
      vertex 9.08856 60.9646 0
    endloop
  endfacet
  facet normal 0 0 -1
    outer loop
      vertex 7.37682 56.0502 0
      vertex 8.75288 61.074 0
      vertex 9.02539 60.9815 0
    endloop
  endfacet
  facet normal 0 0 -1
    outer loop
      vertex 7.37682 56.0502 0
      vertex 8.69246 61.099 0
      vertex 8.75288 61.074 0
    endloop
  endfacet
  facet normal 0 0 -1
    outer loop
      vertex 7.37682 56.0502 0
      vertex 8.43436 61.2263 0
      vertex 8.69246 61.099 0
    endloop
  endfacet
  facet normal 0 0 -1
    outer loop
      vertex 7.37682 56.0502 0
      vertex 8.3777 61.259 0
      vertex 8.43436 61.2263 0
    endloop
  endfacet
  facet normal 0 0 -1
    outer loop
      vertex 7.37682 56.0502 0
      vertex 8.13843 61.4189 0
      vertex 8.3777 61.259 0
    endloop
  endfacet
  facet normal 0 0 -1
    outer loop
      vertex 7.37682 56.0502 0
      vertex 8.08653 61.4587 0
      vertex 8.13843 61.4189 0
    endloop
  endfacet
  facet normal 0 0 -1
    outer loop
      vertex 7.37682 56.0502 0
      vertex 7.87018 61.6485 0
      vertex 8.08653 61.4587 0
    endloop
  endfacet
  facet normal 0 0 -1
    outer loop
      vertex 7.37682 56.0502 0
      vertex 7.82394 61.6947 0
      vertex 7.87018 61.6485 0
    endloop
  endfacet
  facet normal 0 0 -1
    outer loop
      vertex 7.37682 56.0502 0
      vertex 7.6342 61.911 0
      vertex 7.82394 61.6947 0
    endloop
  endfacet
  facet normal 0 0 -1
    outer loop
      vertex 7.37682 56.0502 0
      vertex 7.59438 61.963 0
      vertex 7.6342 61.911 0
    endloop
  endfacet
  facet normal 0 0 -1
    outer loop
      vertex 7.37682 56.0502 0
      vertex 7.43449 62.2022 0
      vertex 7.59438 61.963 0
    endloop
  endfacet
  facet normal 0 0 -1
    outer loop
      vertex 7.37682 56.0502 0
      vertex 7.40179 62.2589 0
      vertex 7.43449 62.2022 0
    endloop
  endfacet
  facet normal -0 0 -1
    outer loop
      vertex 7.40179 62.2589 0
      vertex 7.37682 56.0502 0
      vertex 7.27452 62.517 0
    endloop
  endfacet
  facet normal 0 0 -1
    outer loop
      vertex 29.5157 63.2929 0
      vertex 29.5157 63.8672 0
      vertex 29.5345 63.58 0
    endloop
  endfacet
  facet normal 0 0 -1
    outer loop
      vertex 29.4595 63.0106 0
      vertex 29.5157 63.8672 0
      vertex 29.5157 63.2929 0
    endloop
  endfacet
  facet normal 0 0 -1
    outer loop
      vertex 29.4595 63.0106 0
      vertex 29.4595 64.1494 0
      vertex 29.5157 63.8672 0
    endloop
  endfacet
  facet normal 0 0 -1
    outer loop
      vertex 29.367 62.7381 0
      vertex 29.4595 64.1494 0
      vertex 29.4595 63.0106 0
    endloop
  endfacet
  facet normal 0 0 -1
    outer loop
      vertex 29.367 62.7381 0
      vertex 29.367 64.4219 0
      vertex 29.4595 64.1494 0
    endloop
  endfacet
  facet normal 0 0 -1
    outer loop
      vertex 29.2398 62.48 0
      vertex 29.367 64.4219 0
      vertex 29.367 62.7381 0
    endloop
  endfacet
  facet normal 0 0 -1
    outer loop
      vertex 29.2398 62.48 0
      vertex 29.2398 64.68 0
      vertex 29.367 64.4219 0
    endloop
  endfacet
  facet normal 0 0 -1
    outer loop
      vertex 29.0799 62.2407 0
      vertex 29.2398 64.68 0
      vertex 29.2398 62.48 0
    endloop
  endfacet
  facet normal 0 0 -1
    outer loop
      vertex 29.0799 62.2407 0
      vertex 29.0799 64.9193 0
      vertex 29.2398 64.68 0
    endloop
  endfacet
  facet normal 0 0 -1
    outer loop
      vertex 28.8901 62.0244 0
      vertex 29.0799 64.9193 0
      vertex 29.0799 62.2407 0
    endloop
  endfacet
  facet normal 0 0 -1
    outer loop
      vertex 28.8901 62.0244 0
      vertex 28.8901 65.1356 0
      vertex 29.0799 64.9193 0
    endloop
  endfacet
  facet normal 0 0 -1
    outer loop
      vertex 28.6738 61.8346 0
      vertex 28.8901 65.1356 0
      vertex 28.8901 62.0244 0
    endloop
  endfacet
  facet normal 0 0 -1
    outer loop
      vertex 28.6738 61.8346 0
      vertex 28.6738 65.3254 0
      vertex 28.8901 65.1356 0
    endloop
  endfacet
  facet normal 0 0 -1
    outer loop
      vertex 28.4345 61.6747 0
      vertex 28.6738 65.3254 0
      vertex 28.6738 61.8346 0
    endloop
  endfacet
  facet normal 0 0 -1
    outer loop
      vertex 28.4345 61.6747 0
      vertex 28.4345 65.4853 0
      vertex 28.6738 65.3254 0
    endloop
  endfacet
  facet normal 0 0 -1
    outer loop
      vertex 28.1764 61.5475 0
      vertex 28.4345 65.4853 0
      vertex 28.4345 61.6747 0
    endloop
  endfacet
  facet normal 0 0 -1
    outer loop
      vertex 28.1764 61.5475 0
      vertex 28.1764 65.6125 0
      vertex 28.4345 65.4853 0
    endloop
  endfacet
  facet normal 0 0 -1
    outer loop
      vertex 27.9039 61.455 0
      vertex 28.1764 65.6125 0
      vertex 28.1764 61.5475 0
    endloop
  endfacet
  facet normal 0 0 -1
    outer loop
      vertex 27.9039 61.455 0
      vertex 27.9039 65.705 0
      vertex 28.1764 65.6125 0
    endloop
  endfacet
  facet normal 0 0 -1
    outer loop
      vertex 27.6217 61.3988 0
      vertex 27.9039 65.705 0
      vertex 27.9039 61.455 0
    endloop
  endfacet
  facet normal 0 0 -1
    outer loop
      vertex 27.6217 61.3988 0
      vertex 27.6217 65.7612 0
      vertex 27.9039 65.705 0
    endloop
  endfacet
  facet normal 0 0 -1
    outer loop
      vertex 27.3345 61.38 0
      vertex 27.6217 65.7612 0
      vertex 27.6217 61.3988 0
    endloop
  endfacet
  facet normal 0 0 -1
    outer loop
      vertex 27.3345 61.38 0
      vertex 27.3345 65.78 0
      vertex 27.6217 65.7612 0
    endloop
  endfacet
  facet normal 0 0 -1
    outer loop
      vertex 20.59 61.38 0
      vertex 27.3345 65.78 0
      vertex 27.3345 61.38 0
    endloop
  endfacet
  facet normal 0 0 -1
    outer loop
      vertex 19.59 65.78 0
      vertex 20.59 61.38 0
      vertex 19.59 61.38 0
    endloop
  endfacet
  facet normal 0 0 -1
    outer loop
      vertex 20.59 61.38 0
      vertex 19.59 65.78 0
      vertex 27.3345 65.78 0
    endloop
  endfacet
  facet normal 0.321382 0.94695 -0
    outer loop
      vertex 35.8554 68.6298 0
      vertex 35.6076 68.7139 3.5
      vertex 35.8554 68.6298 3.5
    endloop
  endfacet
  facet normal 0.321382 0.94695 0
    outer loop
      vertex 35.6076 68.7139 3.5
      vertex 35.8554 68.6298 0
      vertex 35.6076 68.7139 0
    endloop
  endfacet
  facet normal -1 0 0
    outer loop
      vertex 0 2 0
      vertex 0 66.782 2
      vertex 0 66.782 0
    endloop
  endfacet
  facet normal -1 -0 0
    outer loop
      vertex 0 66.782 2
      vertex 0 2 0
      vertex 0 2 2
    endloop
  endfacet
  facet normal 0 1 0
    outer loop
      vertex 35.09 68.782 6.1
      vertex 32.19 68.782 3.5
      vertex 32.19 68.782 6.1
    endloop
  endfacet
  facet normal 0 1 0
    outer loop
      vertex 32.19 68.782 3.5
      vertex 26.545 68.782 2
      vertex 26.545 68.782 3.5
    endloop
  endfacet
  facet normal 0 1 0
    outer loop
      vertex 26.545 68.782 2
      vertex 35.09 68.782 0
      vertex 10.545 68.782 2
    endloop
  endfacet
  facet normal 0 1 0
    outer loop
      vertex 32.19 68.782 3.5
      vertex 35.09 68.782 0
      vertex 26.545 68.782 2
    endloop
  endfacet
  facet normal 0 1 -0
    outer loop
      vertex 35.09 68.782 0
      vertex 32.19 68.782 3.5
      vertex 35.09 68.782 6.1
    endloop
  endfacet
  facet normal 0 1 0
    outer loop
      vertex 10.545 68.782 3.5
      vertex 10.545 68.782 2
      vertex 4.9 68.782 3.5
    endloop
  endfacet
  facet normal 0 1 -0
    outer loop
      vertex 4.9 68.782 3.5
      vertex 2 68.782 6.1
      vertex 4.9 68.782 6.1
    endloop
  endfacet
  facet normal 0 1 0
    outer loop
      vertex 4.9 68.782 3.5
      vertex 2 68.782 0
      vertex 2 68.782 6.1
    endloop
  endfacet
  facet normal 0 1 0
    outer loop
      vertex 10.545 68.782 2
      vertex 2 68.782 0
      vertex 4.9 68.782 3.5
    endloop
  endfacet
  facet normal 0 1 0
    outer loop
      vertex 2 68.782 0
      vertex 10.545 68.782 2
      vertex 35.09 68.782 0
    endloop
  endfacet
  facet normal -0.896871 -0.442293 0
    outer loop
      vertex 0.267949 1 0
      vertex 0.152241 1.23463 2
      vertex 0.152241 1.23463 0
    endloop
  endfacet
  facet normal -0.896871 -0.442293 0
    outer loop
      vertex 0.152241 1.23463 2
      vertex 0.267949 1 0
      vertex 0.267949 1 2
    endloop
  endfacet
  facet normal -0.0658567 0.997829 0
    outer loop
      vertex 2 68.782 6.1
      vertex 1.95 68.7787 3.5
      vertex 1.95 68.7787 6.1
    endloop
  endfacet
  facet normal -0.0658567 0.997829 0
    outer loop
      vertex 2 68.782 0
      vertex 1.95 68.7787 3.5
      vertex 2 68.782 6.1
    endloop
  endfacet
  facet normal -0.0653646 0.997861 7.06069e-06
    outer loop
      vertex 1.73895 68.7649 0
      vertex 1.95 68.7787 3.5
      vertex 2 68.782 0
    endloop
  endfacet
  facet normal -0.065248 0.997869 0
    outer loop
      vertex 1.95 68.7787 3.5
      vertex 1.73895 68.7649 0
      vertex 1.73895 68.7649 3.5
    endloop
  endfacet
  facet normal 0.89686 0.442314 0
    outer loop
      vertex 36.9378 67.5474 3.5
      vertex 36.8221 67.782 0
      vertex 36.8221 67.782 3.5
    endloop
  endfacet
  facet normal 0.89686 0.442314 0
    outer loop
      vertex 36.8221 67.782 0
      vertex 36.9378 67.5474 3.5
      vertex 36.9378 67.5474 0
    endloop
  endfacet
  facet normal 0.831344 0.555758 0
    outer loop
      vertex 36.8221 67.782 3.5
      vertex 36.6767 67.9995 0
      vertex 36.6767 67.9995 3.5
    endloop
  endfacet
  facet normal 0.831344 0.555758 0
    outer loop
      vertex 36.6767 67.9995 0
      vertex 36.8221 67.782 3.5
      vertex 36.8221 67.782 0
    endloop
  endfacet
  facet normal 1 -0 0
    outer loop
      vertex 37.09 2 2
      vertex 37.09 66.782 0
      vertex 37.09 66.782 2
    endloop
  endfacet
  facet normal 1 0 0
    outer loop
      vertex 37.09 66.782 0
      vertex 37.09 2 2
      vertex 37.09 2 0
    endloop
  endfacet
  facet normal 0.0653898 -0.99786 0
    outer loop
      vertex 35.09 4.11987e-07 0
      vertex 35.3511 0.0171103 2
      vertex 35.09 4.11987e-07 2
    endloop
  endfacet
  facet normal 0.0653898 -0.99786 0
    outer loop
      vertex 35.3511 0.0171103 2
      vertex 35.09 4.11987e-07 0
      vertex 35.3511 0.0171103 0
    endloop
  endfacet
  facet normal -0.946957 0.321359 0
    outer loop
      vertex 0.0681477 67.2996 0
      vertex 0.152241 67.5474 3.5
      vertex 0.152241 67.5474 0
    endloop
  endfacet
  facet normal -0.946957 0.321359 0
    outer loop
      vertex 0.152241 67.5474 3.5
      vertex 0.0681477 67.2996 0
      vertex 0.0681477 67.2996 3.5
    endloop
  endfacet
  facet normal 0.195155 -0.980772 0
    outer loop
      vertex 35.3511 0.0171103 0
      vertex 35.6076 0.068149 2
      vertex 35.3511 0.0171103 2
    endloop
  endfacet
  facet normal 0.195155 -0.980772 0
    outer loop
      vertex 35.6076 0.068149 2
      vertex 35.3511 0.0171103 0
      vertex 35.6076 0.068149 0
    endloop
  endfacet
  facet normal -0.980786 -0.195086 0
    outer loop
      vertex 0.0681477 1.48236 0
      vertex 0.0171099 1.73895 2
      vertex 0.0171099 1.73895 0
    endloop
  endfacet
  facet normal -0.980786 -0.195086 0
    outer loop
      vertex 0.0171099 1.73895 2
      vertex 0.0681477 1.48236 0
      vertex 0.0681477 1.48236 2
    endloop
  endfacet
  facet normal 0 -1 0
    outer loop
      vertex 2 4.11987e-07 0
      vertex 35.09 4.11987e-07 2
      vertex 2 4.11987e-07 2
    endloop
  endfacet
  facet normal 0 -1 -0
    outer loop
      vertex 35.09 4.11987e-07 2
      vertex 2 4.11987e-07 0
      vertex 35.09 4.11987e-07 0
    endloop
  endfacet
  facet normal -0.442296 -0.896869 0
    outer loop
      vertex 1 0.26795 0
      vertex 1.23463 0.152241 2
      vertex 1 0.26795 2
    endloop
  endfacet
  facet normal -0.442296 -0.896869 -0
    outer loop
      vertex 1.23463 0.152241 2
      vertex 1 0.26795 0
      vertex 1.23463 0.152241 0
    endloop
  endfacet
  facet normal -0.442268 0.896883 0
    outer loop
      vertex 1.23463 68.6298 0
      vertex 1 68.5141 3.5
      vertex 1.23463 68.6298 3.5
    endloop
  endfacet
  facet normal -0.442268 0.896883 0
    outer loop
      vertex 1 68.5141 3.5
      vertex 1.23463 68.6298 0
      vertex 1 68.5141 0
    endloop
  endfacet
  facet normal 0.659343 0.751842 -0
    outer loop
      vertex 36.5042 68.1962 0
      vertex 36.3075 68.3687 3.5
      vertex 36.5042 68.1962 3.5
    endloop
  endfacet
  facet normal 0.659343 0.751842 0
    outer loop
      vertex 36.3075 68.3687 3.5
      vertex 36.5042 68.1962 0
      vertex 36.3075 68.3687 0
    endloop
  endfacet
  facet normal -0.194947 0.980814 0
    outer loop
      vertex 1.73895 68.7649 0
      vertex 1.48236 68.7139 3.5
      vertex 1.73895 68.7649 3.5
    endloop
  endfacet
  facet normal -0.194947 0.980814 0
    outer loop
      vertex 1.48236 68.7139 3.5
      vertex 1.73895 68.7649 0
      vertex 1.48236 68.7139 0
    endloop
  endfacet
  facet normal 0.751827 -0.65936 0
    outer loop
      vertex 36.5042 0.585787 2
      vertex 36.6767 0.782478 0
      vertex 36.6767 0.782478 2
    endloop
  endfacet
  facet normal 0.751827 -0.65936 0
    outer loop
      vertex 36.6767 0.782478 0
      vertex 36.5042 0.585787 2
      vertex 36.5042 0.585787 0
    endloop
  endfacet
  facet normal 0.946922 -0.321463 0
    outer loop
      vertex 36.9378 1.23463 2
      vertex 37.0219 1.48236 0
      vertex 37.0219 1.48236 2
    endloop
  endfacet
  facet normal 0.946922 -0.321463 0
    outer loop
      vertex 37.0219 1.48236 0
      vertex 36.9378 1.23463 2
      vertex 36.9378 1.23463 0
    endloop
  endfacet
  facet normal -0.321463 0.946922 0
    outer loop
      vertex 1.48236 68.7139 0
      vertex 1.23463 68.6298 3.5
      vertex 1.48236 68.7139 3.5
    endloop
  endfacet
  facet normal -0.321463 0.946922 0
    outer loop
      vertex 1.23463 68.6298 3.5
      vertex 1.48236 68.7139 0
      vertex 1.23463 68.6298 0
    endloop
  endfacet
  facet normal 0.94695 0.321382 0
    outer loop
      vertex 37.0219 67.2996 3.5
      vertex 36.9378 67.5474 0
      vertex 36.9378 67.5474 3.5
    endloop
  endfacet
  facet normal 0.94695 0.321382 0
    outer loop
      vertex 36.9378 67.5474 0
      vertex 37.0219 67.2996 3.5
      vertex 37.0219 67.2996 0
    endloop
  endfacet
  facet normal -0.555568 -0.831471 0
    outer loop
      vertex 0.782476 0.413294 0
      vertex 1 0.26795 2
      vertex 0.782476 0.413294 2
    endloop
  endfacet
  facet normal -0.555568 -0.831471 -0
    outer loop
      vertex 1 0.26795 2
      vertex 0.782476 0.413294 0
      vertex 1 0.26795 0
    endloop
  endfacet
  facet normal -0.896848 0.442338 0
    outer loop
      vertex 0.152241 67.5474 0
      vertex 0.267949 67.782 3.5
      vertex 0.267949 67.782 0
    endloop
  endfacet
  facet normal -0.896848 0.442338 0
    outer loop
      vertex 0.267949 67.782 3.5
      vertex 0.152241 67.5474 0
      vertex 0.152241 67.5474 3.5
    endloop
  endfacet
  facet normal 0.997864 0.0653266 -0
    outer loop
      vertex 37.0769 66.982 2
      vertex 37.0729 67.0431 3.5
      vertex 37.0769 66.982 3.5
    endloop
  endfacet
  facet normal 0.997864 0.0653266 0
    outer loop
      vertex 37.0729 67.0431 3.5
      vertex 37.0769 66.982 2
      vertex 37.0729 67.0431 0
    endloop
  endfacet
  facet normal 0.997862 0.0653599 -0
    outer loop
      vertex 37.09 66.782 0
      vertex 37.0769 66.982 2
      vertex 37.09 66.782 2
    endloop
  endfacet
  facet normal 0.997862 0.0653521 7.83461e-07
    outer loop
      vertex 37.0769 66.982 2
      vertex 37.09 66.782 0
      vertex 37.0729 67.0431 0
    endloop
  endfacet
  facet normal -0.555716 0.831372 0
    outer loop
      vertex 1 68.5141 0
      vertex 0.782476 68.3687 3.5
      vertex 1 68.5141 3.5
    endloop
  endfacet
  facet normal -0.555716 0.831372 0
    outer loop
      vertex 0.782476 68.3687 3.5
      vertex 1 68.5141 0
      vertex 0.782476 68.3687 0
    endloop
  endfacet
  facet normal 0.442341 -0.896847 0
    outer loop
      vertex 35.8554 0.152241 0
      vertex 36.09 0.26795 2
      vertex 35.8554 0.152241 2
    endloop
  endfacet
  facet normal 0.442341 -0.896847 0
    outer loop
      vertex 36.09 0.26795 2
      vertex 35.8554 0.152241 0
      vertex 36.09 0.26795 0
    endloop
  endfacet
  facet normal 0.980801 0.195013 0
    outer loop
      vertex 37.0729 67.0431 3.5
      vertex 37.0219 67.2996 0
      vertex 37.0219 67.2996 3.5
    endloop
  endfacet
  facet normal 0.980801 0.195013 0
    outer loop
      vertex 37.0219 67.2996 0
      vertex 37.0729 67.0431 3.5
      vertex 37.0729 67.0431 0
    endloop
  endfacet
  facet normal -0.195089 -0.980785 0
    outer loop
      vertex 1.48236 0.068149 0
      vertex 1.73895 0.0171103 2
      vertex 1.48236 0.068149 2
    endloop
  endfacet
  facet normal -0.195089 -0.980785 -0
    outer loop
      vertex 1.73895 0.0171103 2
      vertex 1.48236 0.068149 0
      vertex 1.73895 0.0171103 0
    endloop
  endfacet
  facet normal -0.997859 -0.0654023 0
    outer loop
      vertex 0.0171099 1.73895 0
      vertex 0 2 2
      vertex 0 2 0
    endloop
  endfacet
  facet normal -0.997859 -0.0654023 0
    outer loop
      vertex 0 2 2
      vertex 0.0171099 1.73895 0
      vertex 0.0171099 1.73895 2
    endloop
  endfacet
  facet normal 0.555758 0.831344 -0
    outer loop
      vertex 36.3075 68.3687 0
      vertex 36.09 68.5141 3.5
      vertex 36.3075 68.3687 3.5
    endloop
  endfacet
  facet normal 0.555758 0.831344 0
    outer loop
      vertex 36.09 68.5141 3.5
      vertex 36.3075 68.3687 0
      vertex 36.09 68.5141 0
    endloop
  endfacet
  facet normal -0.321436 -0.946931 0
    outer loop
      vertex 1.23463 0.152241 0
      vertex 1.48236 0.068149 2
      vertex 1.23463 0.152241 2
    endloop
  endfacet
  facet normal -0.321436 -0.946931 -0
    outer loop
      vertex 1.48236 0.068149 2
      vertex 1.23463 0.152241 0
      vertex 1.48236 0.068149 0
    endloop
  endfacet
  facet normal 0 0 1
    outer loop
      vertex 8.01318 9.35018 2
      vertex 3.4 16.782 2
      vertex 4.8 7.782 2
    endloop
  endfacet
  facet normal 0 0 1
    outer loop
      vertex 4.8 7.782 2
      vertex 3.4 16.782 2
      vertex 3.4 7.782 2
    endloop
  endfacet
  facet normal -0 0 1
    outer loop
      vertex 3.4 36.782 2
      vertex 4.8 25.782 2
      vertex 4.8 36.782 2
    endloop
  endfacet
  facet normal 0 0 1
    outer loop
      vertex 4.8 25.782 2
      vertex 3.4 36.782 2
      vertex 3.4 25.782 2
    endloop
  endfacet
  facet normal 0 0 1
    outer loop
      vertex 4.8 36.782 2
      vertex 6.05 44.782 2
      vertex 4.8 44.782 2
    endloop
  endfacet
  facet normal 0 0 1
    outer loop
      vertex 6.05 44.782 2
      vertex 4.8 36.782 2
      vertex 6.05 19.782 2
    endloop
  endfacet
  facet normal -0 0 1
    outer loop
      vertex 4.8 25.782 2
      vertex 6.05 19.782 2
      vertex 4.8 36.782 2
    endloop
  endfacet
  facet normal 0 0 1
    outer loop
      vertex 6.05 19.782 2
      vertex 4.8 25.782 2
      vertex 4.8 19.782 2
    endloop
  endfacet
  facet normal 0 0 1
    outer loop
      vertex 8.01318 55.4138 2
      vertex 4.8 55.782 2
      vertex 6.05 47.782 2
    endloop
  endfacet
  facet normal 0 0 1
    outer loop
      vertex 3.4 47.782 2
      vertex 4.8 55.782 2
      vertex 3.4 55.782 2
    endloop
  endfacet
  facet normal 0 0 1
    outer loop
      vertex 4.8 55.782 2
      vertex 3.4 47.782 2
      vertex 6.05 47.782 2
    endloop
  endfacet
  facet normal 0 0 1
    outer loop
      vertex 26.545 68.782 2
      vertex 19.59 66.28 2
      vertex 26.545 66.982 2
    endloop
  endfacet
  facet normal 0 0 1
    outer loop
      vertex 19.59 66.28 2
      vertex 17.5 66.28 2
      vertex 19.59 60.88 2
    endloop
  endfacet
  facet normal 0 0 1
    outer loop
      vertex 26.545 68.782 2
      vertex 17.5 66.28 2
      vertex 19.59 66.28 2
    endloop
  endfacet
  facet normal -0 0 1
    outer loop
      vertex 10.545 68.782 2
      vertex 17.5 66.28 2
      vertex 26.545 68.782 2
    endloop
  endfacet
  facet normal -0 0 1
    outer loop
      vertex 10.545 66.982 2
      vertex 17.5 66.28 2
      vertex 10.545 68.782 2
    endloop
  endfacet
  facet normal 0 0 1
    outer loop
      vertex 10.545 66.982 2
      vertex 9.75549 66.28 2
      vertex 17.5 66.28 2
    endloop
  endfacet
  facet normal 0 0 1
    outer loop
      vertex 10.545 66.982 2
      vertex 9.72281 66.2789 2
      vertex 9.75549 66.28 2
    endloop
  endfacet
  facet normal 0 0 1
    outer loop
      vertex 10.545 66.982 2
      vertex 9.43565 66.2601 2
      vertex 9.72281 66.2789 2
    endloop
  endfacet
  facet normal 0 0 1
    outer loop
      vertex 10.545 66.982 2
      vertex 9.3708 66.2516 2
      vertex 9.43565 66.2601 2
    endloop
  endfacet
  facet normal 0 0 1
    outer loop
      vertex 10.545 66.982 2
      vertex 9.08856 66.1954 2
      vertex 9.3708 66.2516 2
    endloop
  endfacet
  facet normal 0 0 1
    outer loop
      vertex 10.545 66.982 2
      vertex 9.02536 66.1785 2
      vertex 9.08856 66.1954 2
    endloop
  endfacet
  facet normal 0 0 1
    outer loop
      vertex 10.545 66.982 2
      vertex 8.75285 66.086 2
      vertex 9.02536 66.1785 2
    endloop
  endfacet
  facet normal -0 0 1
    outer loop
      vertex 0.0131084 66.982 2
      vertex 8.75285 66.086 2
      vertex 10.545 66.982 2
    endloop
  endfacet
  facet normal 0 0 1
    outer loop
      vertex 8.75285 66.086 2
      vertex 0.0131084 66.982 2
      vertex 8.69246 66.061 2
    endloop
  endfacet
  facet normal 0 0 1
    outer loop
      vertex 4.8 63.782 2
      vertex 7.05656 63.5473 2
      vertex 7.05656 63.6127 2
    endloop
  endfacet
  facet normal 0 0 1
    outer loop
      vertex 4.8 55.782 2
      vertex 7.05656 63.5473 2
      vertex 4.8 63.782 2
    endloop
  endfacet
  facet normal 0 0 1
    outer loop
      vertex 7.07538 63.8998 2
      vertex 4.8 63.782 2
      vertex 7.05656 63.6127 2
    endloop
  endfacet
  facet normal 0 0 1
    outer loop
      vertex 7.08392 63.9647 2
      vertex 4.8 63.782 2
      vertex 7.07538 63.8998 2
    endloop
  endfacet
  facet normal 0 0 1
    outer loop
      vertex 7.14008 64.247 2
      vertex 4.8 63.782 2
      vertex 7.08392 63.9647 2
    endloop
  endfacet
  facet normal 0 0 1
    outer loop
      vertex 7.157 64.3101 2
      vertex 4.8 63.782 2
      vertex 7.14008 64.247 2
    endloop
  endfacet
  facet normal 0 0 1
    outer loop
      vertex 7.2495 64.5826 2
      vertex 4.8 63.782 2
      vertex 7.157 64.3101 2
    endloop
  endfacet
  facet normal 0 0 1
    outer loop
      vertex 7.27452 64.643 2
      vertex 4.8 63.782 2
      vertex 7.2495 64.5826 2
    endloop
  endfacet
  facet normal 0 0 1
    outer loop
      vertex 7.40179 64.9011 2
      vertex 4.8 63.782 2
      vertex 7.27452 64.643 2
    endloop
  endfacet
  facet normal 0 0 1
    outer loop
      vertex 7.43451 64.9578 2
      vertex 4.8 63.782 2
      vertex 7.40179 64.9011 2
    endloop
  endfacet
  facet normal 0 0 1
    outer loop
      vertex 7.59439 65.1971 2
      vertex 4.8 63.782 2
      vertex 7.43451 64.9578 2
    endloop
  endfacet
  facet normal 0 0 1
    outer loop
      vertex 7.6342 65.249 2
      vertex 4.8 63.782 2
      vertex 7.59439 65.1971 2
    endloop
  endfacet
  facet normal 0 0 1
    outer loop
      vertex 0.0131084 66.982 2
      vertex 7.6342 65.249 2
      vertex 7.82394 65.4653 2
    endloop
  endfacet
  facet normal 0 0 1
    outer loop
      vertex 0.0131084 66.982 2
      vertex 7.82394 65.4653 2
      vertex 7.87018 65.5116 2
    endloop
  endfacet
  facet normal 0 0 1
    outer loop
      vertex 0.0131084 66.982 2
      vertex 7.87018 65.5116 2
      vertex 8.08653 65.7013 2
    endloop
  endfacet
  facet normal 0 0 1
    outer loop
      vertex 0.0131084 66.982 2
      vertex 8.08653 65.7013 2
      vertex 8.13843 65.7411 2
    endloop
  endfacet
  facet normal 0 0 1
    outer loop
      vertex 0.0131084 66.982 2
      vertex 8.13843 65.7411 2
      vertex 8.3777 65.901 2
    endloop
  endfacet
  facet normal 0 0 1
    outer loop
      vertex 7.6342 65.249 2
      vertex 0.0131084 66.982 2
      vertex 4.8 63.782 2
    endloop
  endfacet
  facet normal 0 0 1
    outer loop
      vertex 0.0131084 66.982 2
      vertex 8.3777 65.901 2
      vertex 8.43436 65.9337 2
    endloop
  endfacet
  facet normal 0 0 1
    outer loop
      vertex 8.69246 66.061 2
      vertex 0.0131084 66.982 2
      vertex 8.43436 65.9337 2
    endloop
  endfacet
  facet normal 0 0 1
    outer loop
      vertex 0 66.782 2
      vertex 3.4 55.782 2
      vertex 3.4 63.782 2
    endloop
  endfacet
  facet normal 0 0 1
    outer loop
      vertex 3.4 55.782 2
      vertex 0 66.782 2
      vertex 3.4 47.782 2
    endloop
  endfacet
  facet normal 0 0 1
    outer loop
      vertex 3.4 47.782 2
      vertex 0 66.782 2
      vertex 3.4 36.782 2
    endloop
  endfacet
  facet normal 0 0 1
    outer loop
      vertex 0 2 2
      vertex 3.4 36.782 2
      vertex 0 66.782 2
    endloop
  endfacet
  facet normal 0 0 1
    outer loop
      vertex 3.4 36.782 2
      vertex 0 2 2
      vertex 3.4 25.782 2
    endloop
  endfacet
  facet normal 0 0 1
    outer loop
      vertex 3.4 25.782 2
      vertex 0 2 2
      vertex 3.4 16.782 2
    endloop
  endfacet
  facet normal 0 0 1
    outer loop
      vertex 3.4 7.782 2
      vertex 0 2 2
      vertex 3.4 0.382 2
    endloop
  endfacet
  facet normal 0 0 1
    outer loop
      vertex 3.4 0.382 2
      vertex 0 2 2
      vertex 2 4.11987e-07 2
    endloop
  endfacet
  facet normal 0 0 1
    outer loop
      vertex 2 4.11987e-07 2
      vertex 0 2 2
      vertex 1.73895 0.0171103 2
    endloop
  endfacet
  facet normal 0 0 1
    outer loop
      vertex 1.73895 0.0171103 2
      vertex 0 2 2
      vertex 1.48236 0.068149 2
    endloop
  endfacet
  facet normal 0 0 1
    outer loop
      vertex 1.48236 0.068149 2
      vertex 0 2 2
      vertex 1.23463 0.152241 2
    endloop
  endfacet
  facet normal 0 0 1
    outer loop
      vertex 1.23463 0.152241 2
      vertex 0 2 2
      vertex 1 0.26795 2
    endloop
  endfacet
  facet normal 0 0 1
    outer loop
      vertex 1 0.26795 2
      vertex 0 2 2
      vertex 0.782476 0.413294 2
    endloop
  endfacet
  facet normal 0 0 1
    outer loop
      vertex 0.782476 0.413294 2
      vertex 0 2 2
      vertex 0.585786 0.585787 2
    endloop
  endfacet
  facet normal 0 0 1
    outer loop
      vertex 0.585786 0.585787 2
      vertex 0 2 2
      vertex 0.413293 0.782478 2
    endloop
  endfacet
  facet normal 0 0 1
    outer loop
      vertex 0.413293 0.782478 2
      vertex 0 2 2
      vertex 0.267949 1 2
    endloop
  endfacet
  facet normal 0 0 1
    outer loop
      vertex 0.267949 1 2
      vertex 0 2 2
      vertex 0.152241 1.23463 2
    endloop
  endfacet
  facet normal 0 0 1
    outer loop
      vertex 0.152241 1.23463 2
      vertex 0 2 2
      vertex 0.0681477 1.48236 2
    endloop
  endfacet
  facet normal 0 0 1
    outer loop
      vertex 4.8 63.782 2
      vertex 0.0131084 66.982 2
      vertex 3.4 63.782 2
    endloop
  endfacet
  facet normal -0 0 1
    outer loop
      vertex 0 66.782 2
      vertex 3.4 63.782 2
      vertex 0.0131084 66.982 2
    endloop
  endfacet
  facet normal 0 0 1
    outer loop
      vertex 3.4 16.782 2
      vertex 0 2 2
      vertex 3.4 7.782 2
    endloop
  endfacet
  facet normal 0 0 1
    outer loop
      vertex 0.0681477 1.48236 2
      vertex 0 2 2
      vertex 0.0171099 1.73895 2
    endloop
  endfacet
  facet normal -0 0 1
    outer loop
      vertex 28.9516 61.4189 2
      vertex 32.29 55.782 2
      vertex 29.0035 61.4587 2
    endloop
  endfacet
  facet normal -0 0 1
    outer loop
      vertex 28.7123 61.259 2
      vertex 32.29 55.782 2
      vertex 28.9516 61.4189 2
    endloop
  endfacet
  facet normal 0 0 1
    outer loop
      vertex 32.29 55.782 2
      vertex 28.7123 61.259 2
      vertex 29.0768 55.4138 2
    endloop
  endfacet
  facet normal -0 0 1
    outer loop
      vertex 28.6556 61.2263 2
      vertex 29.0768 55.4138 2
      vertex 28.7123 61.259 2
    endloop
  endfacet
  facet normal -0 0 1
    outer loop
      vertex 28.3975 61.099 2
      vertex 29.0768 55.4138 2
      vertex 28.6556 61.2263 2
    endloop
  endfacet
  facet normal -0 0 1
    outer loop
      vertex 28.3371 61.074 2
      vertex 29.0768 55.4138 2
      vertex 28.3975 61.099 2
    endloop
  endfacet
  facet normal -0 0 1
    outer loop
      vertex 28.0646 60.9815 2
      vertex 29.0768 55.4138 2
      vertex 28.3371 61.074 2
    endloop
  endfacet
  facet normal -0 0 1
    outer loop
      vertex 28.0014 60.9646 2
      vertex 29.0768 55.4138 2
      vertex 28.0646 60.9815 2
    endloop
  endfacet
  facet normal -0 0 1
    outer loop
      vertex 27.7192 60.9085 2
      vertex 29.0768 55.4138 2
      vertex 28.0014 60.9646 2
    endloop
  endfacet
  facet normal -0 0 1
    outer loop
      vertex 27.6544 60.8999 2
      vertex 29.0768 55.4138 2
      vertex 27.7192 60.9085 2
    endloop
  endfacet
  facet normal -0 0 1
    outer loop
      vertex 27.3672 60.8811 2
      vertex 29.0768 55.4138 2
      vertex 27.6544 60.8999 2
    endloop
  endfacet
  facet normal -0 0 1
    outer loop
      vertex 27.3345 60.88 2
      vertex 29.0768 55.4138 2
      vertex 27.3672 60.8811 2
    endloop
  endfacet
  facet normal -0 0 1
    outer loop
      vertex 19.59 60.88 2
      vertex 29.0768 55.4138 2
      vertex 27.3345 60.88 2
    endloop
  endfacet
  facet normal 0 0 1
    outer loop
      vertex 17.5 60.88 2
      vertex 19.59 60.88 2
      vertex 17.5 66.28 2
    endloop
  endfacet
  facet normal -0 0 1
    outer loop
      vertex 17.5 60.88 2
      vertex 29.0768 55.4138 2
      vertex 19.59 60.88 2
    endloop
  endfacet
  facet normal 0 0 1
    outer loop
      vertex 8.01318 55.4138 2
      vertex 17.5 60.88 2
      vertex 9.75549 60.88 2
    endloop
  endfacet
  facet normal 0 0 1
    outer loop
      vertex 8.01318 55.4138 2
      vertex 9.75549 60.88 2
      vertex 9.72278 60.8811 2
    endloop
  endfacet
  facet normal 0 0 1
    outer loop
      vertex 8.01318 55.4138 2
      vertex 9.72278 60.8811 2
      vertex 9.43562 60.8999 2
    endloop
  endfacet
  facet normal 0 0 1
    outer loop
      vertex 8.01318 55.4138 2
      vertex 9.43562 60.8999 2
      vertex 9.3708 60.9085 2
    endloop
  endfacet
  facet normal 0 0 1
    outer loop
      vertex 8.01318 55.4138 2
      vertex 9.3708 60.9085 2
      vertex 9.08856 60.9646 2
    endloop
  endfacet
  facet normal 0 0 1
    outer loop
      vertex 8.01318 55.4138 2
      vertex 9.08856 60.9646 2
      vertex 9.02539 60.9815 2
    endloop
  endfacet
  facet normal 0 0 1
    outer loop
      vertex 17.5 60.88 2
      vertex 8.01318 55.4138 2
      vertex 29.0768 55.4138 2
    endloop
  endfacet
  facet normal 0 0 1
    outer loop
      vertex 8.75288 61.074 2
      vertex 8.01318 55.4138 2
      vertex 9.02539 60.9815 2
    endloop
  endfacet
  facet normal 0 0 1
    outer loop
      vertex 8.69246 61.099 2
      vertex 8.01318 55.4138 2
      vertex 8.75288 61.074 2
    endloop
  endfacet
  facet normal 0 0 1
    outer loop
      vertex 8.43436 61.2263 2
      vertex 8.01318 55.4138 2
      vertex 8.69246 61.099 2
    endloop
  endfacet
  facet normal 0 0 1
    outer loop
      vertex 8.3777 61.259 2
      vertex 8.01318 55.4138 2
      vertex 8.43436 61.2263 2
    endloop
  endfacet
  facet normal 0 0 1
    outer loop
      vertex 4.8 55.782 2
      vertex 8.3777 61.259 2
      vertex 8.13843 61.4189 2
    endloop
  endfacet
  facet normal 0 0 1
    outer loop
      vertex 4.8 55.782 2
      vertex 8.13843 61.4189 2
      vertex 8.08653 61.4587 2
    endloop
  endfacet
  facet normal 0 0 1
    outer loop
      vertex 4.8 55.782 2
      vertex 7.87018 61.6485 2
      vertex 7.82394 61.6947 2
    endloop
  endfacet
  facet normal 0 0 1
    outer loop
      vertex 4.8 55.782 2
      vertex 8.08653 61.4587 2
      vertex 7.87018 61.6485 2
    endloop
  endfacet
  facet normal -0 0 1
    outer loop
      vertex 31.04 44.782 2
      vertex 32.29 36.782 2
      vertex 32.29 44.782 2
    endloop
  endfacet
  facet normal 0 0 1
    outer loop
      vertex 31.04 19.782 2
      vertex 32.29 36.782 2
      vertex 31.04 44.782 2
    endloop
  endfacet
  facet normal 0 0 1
    outer loop
      vertex 32.29 36.782 2
      vertex 31.04 19.782 2
      vertex 32.29 25.782 2
    endloop
  endfacet
  facet normal 0 0 1
    outer loop
      vertex 32.29 25.782 2
      vertex 31.04 19.782 2
      vertex 32.29 19.782 2
    endloop
  endfacet
  facet normal 0 0 1
    outer loop
      vertex 33.69 16.782 2
      vertex 32.29 7.782 2
      vertex 33.69 7.782 2
    endloop
  endfacet
  facet normal 0 0 1
    outer loop
      vertex 33.69 16.782 2
      vertex 29.0768 9.35018 2
      vertex 32.29 7.782 2
    endloop
  endfacet
  facet normal 0 0 1
    outer loop
      vertex 29.0768 9.35018 2
      vertex 33.69 16.782 2
      vertex 31.04 16.782 2
    endloop
  endfacet
  facet normal -0 0 1
    outer loop
      vertex 32.29 36.782 2
      vertex 33.69 25.782 2
      vertex 33.69 36.782 2
    endloop
  endfacet
  facet normal 0 0 1
    outer loop
      vertex 33.69 25.782 2
      vertex 32.29 36.782 2
      vertex 32.29 25.782 2
    endloop
  endfacet
  facet normal -0 0 1
    outer loop
      vertex 32.29 55.782 2
      vertex 33.69 47.782 2
      vertex 33.69 55.782 2
    endloop
  endfacet
  facet normal 0 0 1
    outer loop
      vertex 33.69 47.782 2
      vertex 32.29 55.782 2
      vertex 31.04 47.782 2
    endloop
  endfacet
  facet normal 0 0 1
    outer loop
      vertex 33.69 63.782 2
      vertex 37.09 66.782 2
      vertex 37.0769 66.982 2
    endloop
  endfacet
  facet normal 0 0 1
    outer loop
      vertex 37.09 66.782 2
      vertex 33.69 36.782 2
      vertex 37.09 2 2
    endloop
  endfacet
  facet normal -0 0 1
    outer loop
      vertex 33.69 25.782 2
      vertex 37.09 2 2
      vertex 33.69 36.782 2
    endloop
  endfacet
  facet normal -0 0 1
    outer loop
      vertex 33.69 16.782 2
      vertex 37.09 2 2
      vertex 33.69 25.782 2
    endloop
  endfacet
  facet normal -0 0 1
    outer loop
      vertex 33.69 7.782 2
      vertex 37.09 2 2
      vertex 33.69 16.782 2
    endloop
  endfacet
  facet normal 0 0 1
    outer loop
      vertex 33.69 0.382 2
      vertex 37.09 2 2
      vertex 33.69 7.782 2
    endloop
  endfacet
  facet normal 0 -0 1
    outer loop
      vertex 35.09 4.11987e-07 2
      vertex 37.09 2 2
      vertex 33.69 0.382 2
    endloop
  endfacet
  facet normal 0 0 1
    outer loop
      vertex 37.0729 1.73895 2
      vertex 35.09 4.11987e-07 2
      vertex 37.0219 1.48236 2
    endloop
  endfacet
  facet normal 0 0 1
    outer loop
      vertex 37.0219 1.48236 2
      vertex 35.09 4.11987e-07 2
      vertex 36.9378 1.23463 2
    endloop
  endfacet
  facet normal 0 0 1
    outer loop
      vertex 36.9378 1.23463 2
      vertex 35.09 4.11987e-07 2
      vertex 36.8221 1 2
    endloop
  endfacet
  facet normal 0 0 1
    outer loop
      vertex 36.8221 1 2
      vertex 35.09 4.11987e-07 2
      vertex 36.6767 0.782478 2
    endloop
  endfacet
  facet normal 0 0 1
    outer loop
      vertex 36.6767 0.782478 2
      vertex 35.09 4.11987e-07 2
      vertex 36.5042 0.585787 2
    endloop
  endfacet
  facet normal 0 0 1
    outer loop
      vertex 36.5042 0.585787 2
      vertex 35.09 4.11987e-07 2
      vertex 36.3075 0.413294 2
    endloop
  endfacet
  facet normal 0 0 1
    outer loop
      vertex 37.09 66.782 2
      vertex 33.69 63.782 2
      vertex 33.69 55.782 2
    endloop
  endfacet
  facet normal 0 0 1
    outer loop
      vertex 37.0769 66.982 2
      vertex 32.29 63.782 2
      vertex 33.69 63.782 2
    endloop
  endfacet
  facet normal -0 0 1
    outer loop
      vertex 29.4956 61.963 2
      vertex 32.29 55.782 2
      vertex 32.29 63.782 2
    endloop
  endfacet
  facet normal 0 0 1
    outer loop
      vertex 29.0768 55.4138 2
      vertex 31.04 44.782 2
      vertex 31.04 47.782 2
    endloop
  endfacet
  facet normal 0 0 1
    outer loop
      vertex 31.04 44.782 2
      vertex 29.0768 55.4138 2
      vertex 31.04 19.782 2
    endloop
  endfacet
  facet normal 0 0 1
    outer loop
      vertex 30.0146 63.2602 2
      vertex 32.29 63.782 2
      vertex 30.0334 63.5473 2
    endloop
  endfacet
  facet normal 0 0 1
    outer loop
      vertex 30.0334 63.5473 2
      vertex 32.29 63.782 2
      vertex 30.0334 63.6127 2
    endloop
  endfacet
  facet normal -0 0 1
    outer loop
      vertex 29.4558 65.249 2
      vertex 32.29 63.782 2
      vertex 37.0769 66.982 2
    endloop
  endfacet
  facet normal 0 0 1
    outer loop
      vertex 32.29 63.782 2
      vertex 30.0146 63.8998 2
      vertex 30.0334 63.6127 2
    endloop
  endfacet
  facet normal 0 0 1
    outer loop
      vertex 32.29 63.782 2
      vertex 30.0061 63.9647 2
      vertex 30.0146 63.8998 2
    endloop
  endfacet
  facet normal 0 0 1
    outer loop
      vertex 32.29 63.782 2
      vertex 29.9499 64.247 2
      vertex 30.0061 63.9647 2
    endloop
  endfacet
  facet normal 0 0 1
    outer loop
      vertex 32.29 63.782 2
      vertex 29.933 64.3101 2
      vertex 29.9499 64.247 2
    endloop
  endfacet
  facet normal 0 0 1
    outer loop
      vertex 32.29 63.782 2
      vertex 29.8405 64.5826 2
      vertex 29.933 64.3101 2
    endloop
  endfacet
  facet normal 0 0 1
    outer loop
      vertex 32.29 63.782 2
      vertex 29.8155 64.643 2
      vertex 29.8405 64.5826 2
    endloop
  endfacet
  facet normal 0 0 1
    outer loop
      vertex 32.29 63.782 2
      vertex 29.6882 64.9011 2
      vertex 29.8155 64.643 2
    endloop
  endfacet
  facet normal 0 0 1
    outer loop
      vertex 32.29 63.782 2
      vertex 29.6555 64.9578 2
      vertex 29.6882 64.9011 2
    endloop
  endfacet
  facet normal 0 0 1
    outer loop
      vertex 32.29 63.782 2
      vertex 29.4956 65.1971 2
      vertex 29.6555 64.9578 2
    endloop
  endfacet
  facet normal 0 0 1
    outer loop
      vertex 32.29 63.782 2
      vertex 29.4558 65.249 2
      vertex 29.4956 65.1971 2
    endloop
  endfacet
  facet normal 0 0 1
    outer loop
      vertex 37.0769 66.982 2
      vertex 29.2661 65.4653 2
      vertex 29.4558 65.249 2
    endloop
  endfacet
  facet normal 0 0 1
    outer loop
      vertex 37.0769 66.982 2
      vertex 29.2198 65.5116 2
      vertex 29.2661 65.4653 2
    endloop
  endfacet
  facet normal 0 0 1
    outer loop
      vertex 37.0769 66.982 2
      vertex 29.0035 65.7013 2
      vertex 29.2198 65.5116 2
    endloop
  endfacet
  facet normal 0 0 1
    outer loop
      vertex 37.0769 66.982 2
      vertex 28.9516 65.7411 2
      vertex 29.0035 65.7013 2
    endloop
  endfacet
  facet normal 0 0 1
    outer loop
      vertex 37.0769 66.982 2
      vertex 28.7123 65.901 2
      vertex 28.9516 65.7411 2
    endloop
  endfacet
  facet normal 0 0 1
    outer loop
      vertex 37.0769 66.982 2
      vertex 28.6556 65.9337 2
      vertex 28.7123 65.901 2
    endloop
  endfacet
  facet normal 0 0 1
    outer loop
      vertex 37.0769 66.982 2
      vertex 28.3975 66.061 2
      vertex 28.6556 65.9337 2
    endloop
  endfacet
  facet normal 0 0 1
    outer loop
      vertex 37.0769 66.982 2
      vertex 28.3371 66.086 2
      vertex 28.3975 66.061 2
    endloop
  endfacet
  facet normal -0 0 1
    outer loop
      vertex 26.545 66.982 2
      vertex 28.3371 66.086 2
      vertex 37.0769 66.982 2
    endloop
  endfacet
  facet normal 0 0 1
    outer loop
      vertex 28.3371 66.086 2
      vertex 26.545 66.982 2
      vertex 28.0646 66.1785 2
    endloop
  endfacet
  facet normal 0 0 1
    outer loop
      vertex 28.0646 66.1785 2
      vertex 26.545 66.982 2
      vertex 28.0014 66.1954 2
    endloop
  endfacet
  facet normal 0 0 1
    outer loop
      vertex 28.0014 66.1954 2
      vertex 26.545 66.982 2
      vertex 27.7192 66.2516 2
    endloop
  endfacet
  facet normal 0 0 1
    outer loop
      vertex 27.7192 66.2516 2
      vertex 26.545 66.982 2
      vertex 27.6543 66.2601 2
    endloop
  endfacet
  facet normal 0 0 1
    outer loop
      vertex 27.6543 66.2601 2
      vertex 26.545 66.982 2
      vertex 27.3672 66.2789 2
    endloop
  endfacet
  facet normal 0 0 1
    outer loop
      vertex 27.3672 66.2789 2
      vertex 26.545 66.982 2
      vertex 27.3345 66.28 2
    endloop
  endfacet
  facet normal 0 0 1
    outer loop
      vertex 27.3345 66.28 2
      vertex 26.545 66.982 2
      vertex 19.59 66.28 2
    endloop
  endfacet
  facet normal 0 0 1
    outer loop
      vertex 37.09 66.782 2
      vertex 33.69 55.782 2
      vertex 33.69 47.782 2
    endloop
  endfacet
  facet normal 0 0 1
    outer loop
      vertex 37.09 66.782 2
      vertex 33.69 47.782 2
      vertex 33.69 36.782 2
    endloop
  endfacet
  facet normal 0 0 1
    outer loop
      vertex 37.09 2 2
      vertex 35.09 4.11987e-07 2
      vertex 37.0729 1.73895 2
    endloop
  endfacet
  facet normal 0 0 1
    outer loop
      vertex 36.3075 0.413294 2
      vertex 35.09 4.11987e-07 2
      vertex 36.09 0.26795 2
    endloop
  endfacet
  facet normal 0 0 1
    outer loop
      vertex 36.09 0.26795 2
      vertex 35.09 4.11987e-07 2
      vertex 35.8554 0.152241 2
    endloop
  endfacet
  facet normal 0 0 1
    outer loop
      vertex 35.8554 0.152241 2
      vertex 35.09 4.11987e-07 2
      vertex 35.6076 0.068149 2
    endloop
  endfacet
  facet normal 0 0 1
    outer loop
      vertex 35.6076 0.068149 2
      vertex 35.09 4.11987e-07 2
      vertex 35.3511 0.0171103 2
    endloop
  endfacet
  facet normal -0 0 1
    outer loop
      vertex 32.29 0.382 2
      vertex 35.09 4.11987e-07 2
      vertex 33.69 0.382 2
    endloop
  endfacet
  facet normal 0 0 1
    outer loop
      vertex 30.0061 63.1953 2
      vertex 32.29 63.782 2
      vertex 30.0146 63.2602 2
    endloop
  endfacet
  facet normal 0 0 1
    outer loop
      vertex 29.9499 62.913 2
      vertex 32.29 63.782 2
      vertex 30.0061 63.1953 2
    endloop
  endfacet
  facet normal 0 0 1
    outer loop
      vertex 29.933 62.8499 2
      vertex 32.29 63.782 2
      vertex 29.9499 62.913 2
    endloop
  endfacet
  facet normal 0 0 1
    outer loop
      vertex 29.8405 62.5774 2
      vertex 32.29 63.782 2
      vertex 29.933 62.8499 2
    endloop
  endfacet
  facet normal 0 0 1
    outer loop
      vertex 32.29 55.782 2
      vertex 29.0768 55.4138 2
      vertex 31.04 47.782 2
    endloop
  endfacet
  facet normal 0 0 1
    outer loop
      vertex 29.8155 62.517 2
      vertex 32.29 63.782 2
      vertex 29.8405 62.5774 2
    endloop
  endfacet
  facet normal 0 0 1
    outer loop
      vertex 29.6882 62.2589 2
      vertex 32.29 63.782 2
      vertex 29.8155 62.517 2
    endloop
  endfacet
  facet normal 0 0 1
    outer loop
      vertex 29.6555 62.2022 2
      vertex 32.29 63.782 2
      vertex 29.6882 62.2589 2
    endloop
  endfacet
  facet normal 0 0 1
    outer loop
      vertex 29.4956 61.963 2
      vertex 32.29 63.782 2
      vertex 29.6555 62.2022 2
    endloop
  endfacet
  facet normal 0 0 1
    outer loop
      vertex 32.29 55.782 2
      vertex 29.4956 61.963 2
      vertex 29.4558 61.911 2
    endloop
  endfacet
  facet normal -0 0 1
    outer loop
      vertex 29.2661 61.6947 2
      vertex 32.29 55.782 2
      vertex 29.4558 61.911 2
    endloop
  endfacet
  facet normal -0 0 1
    outer loop
      vertex 29.2198 61.6485 2
      vertex 32.29 55.782 2
      vertex 29.2661 61.6947 2
    endloop
  endfacet
  facet normal -0 0 1
    outer loop
      vertex 29.0035 61.4587 2
      vertex 32.29 55.782 2
      vertex 29.2198 61.6485 2
    endloop
  endfacet
  facet normal 0 0 1
    outer loop
      vertex 29.0768 9.35018 2
      vertex 31.04 19.782 2
      vertex 29.0768 55.4138 2
    endloop
  endfacet
  facet normal 0 0 1
    outer loop
      vertex 31.04 19.782 2
      vertex 29.0768 9.35018 2
      vertex 31.04 16.782 2
    endloop
  endfacet
  facet normal 0 0 1
    outer loop
      vertex 32.29 7.782 2
      vertex 29.0768 9.35018 2
      vertex 32.29 0.382 2
    endloop
  endfacet
  facet normal -0 0 1
    outer loop
      vertex 8.01318 9.35018 2
      vertex 32.29 0.382 2
      vertex 29.0768 9.35018 2
    endloop
  endfacet
  facet normal 0 0 1
    outer loop
      vertex 4.8 55.782 2
      vertex 7.82394 61.6947 2
      vertex 7.6342 61.911 2
    endloop
  endfacet
  facet normal 0 0 1
    outer loop
      vertex 4.8 55.782 2
      vertex 7.6342 61.911 2
      vertex 7.59438 61.963 2
    endloop
  endfacet
  facet normal 0 0 1
    outer loop
      vertex 4.8 55.782 2
      vertex 7.59438 61.963 2
      vertex 7.43449 62.2022 2
    endloop
  endfacet
  facet normal 0 0 1
    outer loop
      vertex 4.8 55.782 2
      vertex 7.43449 62.2022 2
      vertex 7.40179 62.2589 2
    endloop
  endfacet
  facet normal 0 0 1
    outer loop
      vertex 4.8 55.782 2
      vertex 7.40179 62.2589 2
      vertex 7.27452 62.517 2
    endloop
  endfacet
  facet normal 0 0 1
    outer loop
      vertex 4.8 55.782 2
      vertex 7.27452 62.517 2
      vertex 7.2495 62.5774 2
    endloop
  endfacet
  facet normal 0 0 1
    outer loop
      vertex 4.8 55.782 2
      vertex 7.2495 62.5774 2
      vertex 7.157 62.8499 2
    endloop
  endfacet
  facet normal 0 0 1
    outer loop
      vertex 8.3777 61.259 2
      vertex 4.8 55.782 2
      vertex 8.01318 55.4138 2
    endloop
  endfacet
  facet normal 0 0 1
    outer loop
      vertex 4.8 55.782 2
      vertex 7.157 62.8499 2
      vertex 7.14008 62.913 2
    endloop
  endfacet
  facet normal 0 0 1
    outer loop
      vertex 4.8 55.782 2
      vertex 7.14008 62.913 2
      vertex 7.08392 63.1953 2
    endloop
  endfacet
  facet normal 0 0 1
    outer loop
      vertex 4.8 55.782 2
      vertex 7.08392 63.1953 2
      vertex 7.07538 63.2602 2
    endloop
  endfacet
  facet normal 0 0 1
    outer loop
      vertex 4.8 55.782 2
      vertex 7.07538 63.2602 2
      vertex 7.05656 63.5473 2
    endloop
  endfacet
  facet normal 0 0 1
    outer loop
      vertex 8.01318 55.4138 2
      vertex 6.05 47.782 2
      vertex 6.05 44.782 2
    endloop
  endfacet
  facet normal 0 0 1
    outer loop
      vertex 8.01318 55.4138 2
      vertex 6.05 44.782 2
      vertex 8.01318 9.35018 2
    endloop
  endfacet
  facet normal -0 0 1
    outer loop
      vertex 6.05 19.782 2
      vertex 8.01318 9.35018 2
      vertex 6.05 44.782 2
    endloop
  endfacet
  facet normal -0 0 1
    outer loop
      vertex 6.05 16.782 2
      vertex 8.01318 9.35018 2
      vertex 6.05 19.782 2
    endloop
  endfacet
  facet normal -0 0 1
    outer loop
      vertex 3.4 16.782 2
      vertex 8.01318 9.35018 2
      vertex 6.05 16.782 2
    endloop
  endfacet
  facet normal 0 0 1
    outer loop
      vertex 4.8 0.382 2
      vertex 8.01318 9.35018 2
      vertex 4.8 7.782 2
    endloop
  endfacet
  facet normal 0 0 1
    outer loop
      vertex 8.01318 9.35018 2
      vertex 4.8 0.382 2
      vertex 32.29 0.382 2
    endloop
  endfacet
  facet normal -0 0 1
    outer loop
      vertex 4.8 0.382 2
      vertex 35.09 4.11987e-07 2
      vertex 32.29 0.382 2
    endloop
  endfacet
  facet normal 0 0 1
    outer loop
      vertex 2 4.11987e-07 2
      vertex 4.8 0.382 2
      vertex 3.4 0.382 2
    endloop
  endfacet
  facet normal 0 0 1
    outer loop
      vertex 4.8 0.382 2
      vertex 2 4.11987e-07 2
      vertex 35.09 4.11987e-07 2
    endloop
  endfacet
  facet normal 0.55561 -0.831443 0
    outer loop
      vertex 36.09 0.26795 0
      vertex 36.3075 0.413294 2
      vertex 36.09 0.26795 2
    endloop
  endfacet
  facet normal 0.55561 -0.831443 0
    outer loop
      vertex 36.3075 0.413294 2
      vertex 36.09 0.26795 0
      vertex 36.3075 0.413294 0
    endloop
  endfacet
  facet normal 0.195013 0.980801 -0
    outer loop
      vertex 35.6076 68.7139 0
      vertex 35.3511 68.7649 3.5
      vertex 35.6076 68.7139 3.5
    endloop
  endfacet
  facet normal 0.195013 0.980801 0
    outer loop
      vertex 35.3511 68.7649 3.5
      vertex 35.6076 68.7139 0
      vertex 35.3511 68.7649 0
    endloop
  endfacet
  facet normal 0.0652326 0.99787 0
    outer loop
      vertex 35.3511 68.7649 3.5
      vertex 35.3511 68.7649 0
      vertex 35.14 68.7787 3.5
    endloop
  endfacet
  facet normal 0.0658567 0.997829 -0
    outer loop
      vertex 35.14 68.7787 3.5
      vertex 35.09 68.782 6.1
      vertex 35.14 68.7787 6.1
    endloop
  endfacet
  facet normal 0.0658567 0.997829 0
    outer loop
      vertex 35.14 68.7787 3.5
      vertex 35.09 68.782 0
      vertex 35.09 68.782 6.1
    endloop
  endfacet
  facet normal 0.0653521 0.997862 7.23951e-06
    outer loop
      vertex 35.09 68.782 0
      vertex 35.14 68.7787 3.5
      vertex 35.3511 68.7649 0
    endloop
  endfacet
  facet normal -0.659347 -0.751839 0
    outer loop
      vertex 0.585786 0.585787 0
      vertex 0.782476 0.413294 2
      vertex 0.585786 0.585787 2
    endloop
  endfacet
  facet normal -0.659347 -0.751839 -0
    outer loop
      vertex 0.782476 0.413294 2
      vertex 0.585786 0.585787 0
      vertex 0.782476 0.413294 0
    endloop
  endfacet
  facet normal 0.321355 -0.946959 0
    outer loop
      vertex 35.6076 0.068149 0
      vertex 35.8554 0.152241 2
      vertex 35.6076 0.068149 2
    endloop
  endfacet
  facet normal 0.321355 -0.946959 0
    outer loop
      vertex 35.8554 0.152241 2
      vertex 35.6076 0.068149 0
      vertex 35.8554 0.152241 0
    endloop
  endfacet
  facet normal -0.751855 0.659328 0
    outer loop
      vertex 0.413293 67.9995 0
      vertex 0.585786 68.1962 3.5
      vertex 0.585786 68.1962 0
    endloop
  endfacet
  facet normal -0.751855 0.659328 0
    outer loop
      vertex 0.585786 68.1962 3.5
      vertex 0.413293 67.9995 0
      vertex 0.413293 67.9995 3.5
    endloop
  endfacet
  facet normal -0.659362 0.751826 0
    outer loop
      vertex 0.782476 68.3687 0
      vertex 0.585786 68.1962 3.5
      vertex 0.782476 68.3687 3.5
    endloop
  endfacet
  facet normal -0.659362 0.751826 0
    outer loop
      vertex 0.585786 68.1962 3.5
      vertex 0.782476 68.3687 0
      vertex 0.585786 68.1962 0
    endloop
  endfacet
  facet normal 0.442314 0.89686 -0
    outer loop
      vertex 36.09 68.5141 0
      vertex 35.8554 68.6298 3.5
      vertex 36.09 68.5141 3.5
    endloop
  endfacet
  facet normal 0.442314 0.89686 0
    outer loop
      vertex 35.8554 68.6298 3.5
      vertex 36.09 68.5141 0
      vertex 35.8554 68.6298 0
    endloop
  endfacet
  facet normal 0.997861 -0.0653646 0
    outer loop
      vertex 37.0729 1.73895 2
      vertex 37.09 2 0
      vertex 37.09 2 2
    endloop
  endfacet
  facet normal 0.997861 -0.0653646 0
    outer loop
      vertex 37.09 2 0
      vertex 37.0729 1.73895 2
      vertex 37.0729 1.73895 0
    endloop
  endfacet
  facet normal 0.659328 -0.751855 0
    outer loop
      vertex 36.3075 0.413294 0
      vertex 36.5042 0.585787 2
      vertex 36.3075 0.413294 2
    endloop
  endfacet
  facet normal 0.659328 -0.751855 0
    outer loop
      vertex 36.5042 0.585787 2
      vertex 36.3075 0.413294 0
      vertex 36.5042 0.585787 0
    endloop
  endfacet
  facet normal -0.0654022 -0.997859 0
    outer loop
      vertex 1.73895 0.0171103 0
      vertex 2 4.11987e-07 2
      vertex 1.73895 0.0171103 2
    endloop
  endfacet
  facet normal -0.0654022 -0.997859 -0
    outer loop
      vertex 2 4.11987e-07 2
      vertex 1.73895 0.0171103 0
      vertex 2 4.11987e-07 0
    endloop
  endfacet
  facet normal 0.896883 -0.442268 0
    outer loop
      vertex 36.8221 1 2
      vertex 36.9378 1.23463 0
      vertex 36.9378 1.23463 2
    endloop
  endfacet
  facet normal 0.896883 -0.442268 0
    outer loop
      vertex 36.9378 1.23463 0
      vertex 36.8221 1 2
      vertex 36.8221 1 0
    endloop
  endfacet
  facet normal -0.751841 -0.659345 0
    outer loop
      vertex 0.585786 0.585787 0
      vertex 0.413293 0.782478 2
      vertex 0.413293 0.782478 0
    endloop
  endfacet
  facet normal -0.751841 -0.659345 0
    outer loop
      vertex 0.413293 0.782478 2
      vertex 0.585786 0.585787 0
      vertex 0.585786 0.585787 2
    endloop
  endfacet
  facet normal -0.831469 -0.555571 0
    outer loop
      vertex 0.413293 0.782478 0
      vertex 0.267949 1 2
      vertex 0.267949 1 0
    endloop
  endfacet
  facet normal -0.831469 -0.555571 0
    outer loop
      vertex 0.267949 1 2
      vertex 0.413293 0.782478 0
      vertex 0.413293 0.782478 2
    endloop
  endfacet
  facet normal 0 0.952926 -0.303202
    outer loop
      vertex 29.7132 8.71382 0
      vertex 8.01318 9.35018 2
      vertex 29.0768 9.35018 2
    endloop
  endfacet
  facet normal 0 0.952926 -0.303202
    outer loop
      vertex 8.01318 9.35018 2
      vertex 29.7132 8.71382 0
      vertex 7.37682 8.71382 0
    endloop
  endfacet
  facet normal 0.952926 0 -0.303202
    outer loop
      vertex 8.01318 9.35018 2
      vertex 7.37682 56.0502 0
      vertex 8.01318 55.4138 2
    endloop
  endfacet
  facet normal 0.952926 0 -0.303202
    outer loop
      vertex 7.37682 56.0502 0
      vertex 8.01318 9.35018 2
      vertex 7.37682 8.71382 0
    endloop
  endfacet
  facet normal -0.952921 0 -0.303219
    outer loop
      vertex 29.7132 56.0502 0
      vertex 29.0768 9.35018 2
      vertex 29.0768 55.4138 2
    endloop
  endfacet
  facet normal -0.952921 0 -0.303219
    outer loop
      vertex 29.0768 9.35018 2
      vertex 29.7132 56.0502 0
      vertex 29.7132 8.71382 0
    endloop
  endfacet
  facet normal 0 -0.952921 -0.303219
    outer loop
      vertex 7.37682 56.0502 0
      vertex 29.0768 55.4138 2
      vertex 8.01318 55.4138 2
    endloop
  endfacet
  facet normal 0 -0.952921 -0.303219
    outer loop
      vertex 29.0768 55.4138 2
      vertex 7.37682 56.0502 0
      vertex 29.7132 56.0502 0
    endloop
  endfacet
  facet normal -0.442063 -0.896984 0
    outer loop
      vertex 8.65549 61.6747 0
      vertex 8.91359 61.5475 0.6
      vertex 8.65549 61.6747 0.6
    endloop
  endfacet
  facet normal -0.442063 -0.896984 -0
    outer loop
      vertex 8.91359 61.5475 0.6
      vertex 8.65549 61.6747 0
      vertex 8.91359 61.5475 0
    endloop
  endfacet
  facet normal -0.997862 0.0653544 0
    outer loop
      vertex 7.5555 63.58 0
      vertex 7.57431 63.8672 0.6
      vertex 7.57431 63.8672 0
    endloop
  endfacet
  facet normal -0.997862 0.0653544 0
    outer loop
      vertex 7.57431 63.8672 0.6
      vertex 7.5555 63.58 0
      vertex 7.5555 63.58 0.6
    endloop
  endfacet
  facet normal -0.980774 0.195147 0
    outer loop
      vertex 7.57431 63.8672 0
      vertex 7.63046 64.1494 0.6
      vertex 7.63046 64.1494 0
    endloop
  endfacet
  facet normal -0.980774 0.195147 0
    outer loop
      vertex 7.63046 64.1494 0.6
      vertex 7.57431 63.8672 0
      vertex 7.57431 63.8672 0.6
    endloop
  endfacet
  facet normal -0.442063 0.896984 0
    outer loop
      vertex 8.91359 65.6125 0
      vertex 8.65549 65.4853 0.6
      vertex 8.91359 65.6125 0.6
    endloop
  endfacet
  facet normal -0.442063 0.896984 0
    outer loop
      vertex 8.65549 65.4853 0.6
      vertex 8.91359 65.6125 0
      vertex 8.65549 65.4853 0
    endloop
  endfacet
  facet normal -0.555614 0.83144 0
    outer loop
      vertex 8.65549 65.4853 0
      vertex 8.41621 65.3254 0.6
      vertex 8.65549 65.4853 0.6
    endloop
  endfacet
  facet normal -0.555614 0.83144 0
    outer loop
      vertex 8.41621 65.3254 0.6
      vertex 8.65549 65.4853 0
      vertex 8.41621 65.3254 0
    endloop
  endfacet
  facet normal 0 1 -0
    outer loop
      vertex 17.5 65.78 0
      vertex 9.75549 65.78 0.6
      vertex 17.5 65.78 0.6
    endloop
  endfacet
  facet normal 0 1 0
    outer loop
      vertex 9.75549 65.78 0.6
      vertex 17.5 65.78 0
      vertex 9.75549 65.78 0
    endloop
  endfacet
  facet normal 0 -1 0
    outer loop
      vertex 9.75549 61.38 0
      vertex 16.5 61.38 0.6
      vertex 9.75549 61.38 0.6
    endloop
  endfacet
  facet normal 0 -1 -0
    outer loop
      vertex 16.5 61.38 0.6
      vertex 9.75549 61.38 0
      vertex 16.5 61.38 0
    endloop
  endfacet
  facet normal -0.946931 -0.321435 0
    outer loop
      vertex 7.72296 62.7381 0
      vertex 7.63046 63.0106 0.6
      vertex 7.63046 63.0106 0
    endloop
  endfacet
  facet normal -0.946931 -0.321435 0
    outer loop
      vertex 7.63046 63.0106 0.6
      vertex 7.72296 62.7381 0
      vertex 7.72296 62.7381 0.6
    endloop
  endfacet
  facet normal -0.659476 -0.751726 0
    outer loop
      vertex 8.19986 62.0244 0
      vertex 8.41621 61.8346 0.6
      vertex 8.19986 62.0244 0.6
    endloop
  endfacet
  facet normal -0.659476 -0.751726 -0
    outer loop
      vertex 8.41621 61.8346 0.6
      vertex 8.19986 62.0244 0
      vertex 8.41621 61.8346 0
    endloop
  endfacet
  facet normal -0.321425 0.946935 0
    outer loop
      vertex 9.1861 65.705 0
      vertex 8.91359 65.6125 0.6
      vertex 9.1861 65.705 0.6
    endloop
  endfacet
  facet normal -0.321425 0.946935 0
    outer loop
      vertex 8.91359 65.6125 0.6
      vertex 9.1861 65.705 0
      vertex 8.91359 65.6125 0
    endloop
  endfacet
  facet normal 0 0 1
    outer loop
      vertex 16.5 65.78 0.6
      vertex 11.8555 63.58 0.6
      vertex 16.5 61.38 0.6
    endloop
  endfacet
  facet normal 0 0 1
    outer loop
      vertex 16.5 65.78 0.6
      vertex 11.8375 63.8541 0.6
      vertex 11.8555 63.58 0.6
    endloop
  endfacet
  facet normal 0 0 1
    outer loop
      vertex 16.5 65.78 0.6
      vertex 11.7839 64.1235 0.6
      vertex 11.8375 63.8541 0.6
    endloop
  endfacet
  facet normal 0 0 1
    outer loop
      vertex 16.5 65.78 0.6
      vertex 11.6956 64.3836 0.6
      vertex 11.7839 64.1235 0.6
    endloop
  endfacet
  facet normal 0 0 1
    outer loop
      vertex 16.5 65.78 0.6
      vertex 11.5742 64.63 0.6
      vertex 11.6956 64.3836 0.6
    endloop
  endfacet
  facet normal 0 0 1
    outer loop
      vertex 16.5 65.78 0.6
      vertex 11.4215 64.8584 0.6
      vertex 11.5742 64.63 0.6
    endloop
  endfacet
  facet normal 0 0 1
    outer loop
      vertex 16.5 65.78 0.6
      vertex 11.2404 65.0649 0.6
      vertex 11.4215 64.8584 0.6
    endloop
  endfacet
  facet normal 0 0 1
    outer loop
      vertex 16.5 65.78 0.6
      vertex 11.0339 65.246 0.6
      vertex 11.2404 65.0649 0.6
    endloop
  endfacet
  facet normal 0 0 1
    outer loop
      vertex 16.5 65.78 0.6
      vertex 10.8055 65.3987 0.6
      vertex 11.0339 65.246 0.6
    endloop
  endfacet
  facet normal 0 0 1
    outer loop
      vertex 16.5 65.78 0.6
      vertex 10.5591 65.5201 0.6
      vertex 10.8055 65.3987 0.6
    endloop
  endfacet
  facet normal 0 0 1
    outer loop
      vertex 16.5 65.78 0.6
      vertex 10.299 65.6084 0.6
      vertex 10.5591 65.5201 0.6
    endloop
  endfacet
  facet normal -0 0 1
    outer loop
      vertex 9.75549 65.78 0.6
      vertex 10.299 65.6084 0.6
      vertex 16.5 65.78 0.6
    endloop
  endfacet
  facet normal 0 0 1
    outer loop
      vertex 10.299 65.6084 0.6
      vertex 9.75549 65.78 0.6
      vertex 10.0296 65.662 0.6
    endloop
  endfacet
  facet normal 0 0 1
    outer loop
      vertex 10.0296 65.662 0.6
      vertex 9.75549 65.78 0.6
      vertex 9.7555 65.68 0.6
    endloop
  endfacet
  facet normal 0 0 1
    outer loop
      vertex 9.75549 65.78 0.6
      vertex 9.48139 65.662 0.6
      vertex 9.7555 65.68 0.6
    endloop
  endfacet
  facet normal -0 0 1
    outer loop
      vertex 9.46834 65.7612 0.6
      vertex 9.48139 65.662 0.6
      vertex 9.75549 65.78 0.6
    endloop
  endfacet
  facet normal 0 0 1
    outer loop
      vertex 9.46834 65.7612 0.6
      vertex 9.21198 65.6084 0.6
      vertex 9.48139 65.662 0.6
    endloop
  endfacet
  facet normal -0 0 1
    outer loop
      vertex 9.1861 65.705 0.6
      vertex 9.21198 65.6084 0.6
      vertex 9.46834 65.7612 0.6
    endloop
  endfacet
  facet normal 0 0 1
    outer loop
      vertex 9.1861 65.705 0.6
      vertex 8.95186 65.5201 0.6
      vertex 9.21198 65.6084 0.6
    endloop
  endfacet
  facet normal -0 0 1
    outer loop
      vertex 8.91359 65.6125 0.6
      vertex 8.95186 65.5201 0.6
      vertex 9.1861 65.705 0.6
    endloop
  endfacet
  facet normal 0 0 1
    outer loop
      vertex 8.91359 65.6125 0.6
      vertex 8.7055 65.3987 0.6
      vertex 8.95186 65.5201 0.6
    endloop
  endfacet
  facet normal -0 0 1
    outer loop
      vertex 8.65549 65.4853 0.6
      vertex 8.7055 65.3987 0.6
      vertex 8.91359 65.6125 0.6
    endloop
  endfacet
  facet normal 0 0 1
    outer loop
      vertex 8.65549 65.4853 0.6
      vertex 8.4771 65.246 0.6
      vertex 8.7055 65.3987 0.6
    endloop
  endfacet
  facet normal -0 0 1
    outer loop
      vertex 8.41621 65.3254 0.6
      vertex 8.4771 65.246 0.6
      vertex 8.65549 65.4853 0.6
    endloop
  endfacet
  facet normal 0 0 1
    outer loop
      vertex 8.41621 65.3254 0.6
      vertex 8.27058 65.0649 0.6
      vertex 8.4771 65.246 0.6
    endloop
  endfacet
  facet normal -0 0 1
    outer loop
      vertex 8.19986 65.1356 0.6
      vertex 8.27058 65.0649 0.6
      vertex 8.41621 65.3254 0.6
    endloop
  endfacet
  facet normal 0 0 1
    outer loop
      vertex 8.19986 65.1356 0.6
      vertex 8.08946 64.8584 0.6
      vertex 8.27058 65.0649 0.6
    endloop
  endfacet
  facet normal -0 0 1
    outer loop
      vertex 8.01012 64.9193 0.6
      vertex 8.08946 64.8584 0.6
      vertex 8.19986 65.1356 0.6
    endloop
  endfacet
  facet normal 0 0 1
    outer loop
      vertex 8.01012 64.9193 0.6
      vertex 7.93685 64.63 0.6
      vertex 8.08946 64.8584 0.6
    endloop
  endfacet
  facet normal -0 0 1
    outer loop
      vertex 7.85023 64.68 0.6
      vertex 7.93685 64.63 0.6
      vertex 8.01012 64.9193 0.6
    endloop
  endfacet
  facet normal 0 0 1
    outer loop
      vertex 7.85023 64.68 0.6
      vertex 7.81535 64.3836 0.6
      vertex 7.93685 64.63 0.6
    endloop
  endfacet
  facet normal -0 0 1
    outer loop
      vertex 7.72296 64.4219 0.6
      vertex 7.81535 64.3836 0.6
      vertex 7.85023 64.68 0.6
    endloop
  endfacet
  facet normal 0 0 1
    outer loop
      vertex 7.81535 64.3836 0.6
      vertex 7.72296 64.4219 0.6
      vertex 7.72706 64.1235 0.6
    endloop
  endfacet
  facet normal -0 0 1
    outer loop
      vertex 7.63046 64.1494 0.6
      vertex 7.72706 64.1235 0.6
      vertex 7.72296 64.4219 0.6
    endloop
  endfacet
  facet normal -0 0 1
    outer loop
      vertex 7.57431 63.8672 0.6
      vertex 7.67347 63.8541 0.6
      vertex 7.63046 64.1494 0.6
    endloop
  endfacet
  facet normal 0 0 1
    outer loop
      vertex 7.72706 64.1235 0.6
      vertex 7.63046 64.1494 0.6
      vertex 7.67347 63.8541 0.6
    endloop
  endfacet
  facet normal -0 0 1
    outer loop
      vertex 11.8375 63.3059 0.6
      vertex 16.5 61.38 0.6
      vertex 11.8555 63.58 0.6
    endloop
  endfacet
  facet normal -0 0 1
    outer loop
      vertex 11.7839 63.0365 0.6
      vertex 16.5 61.38 0.6
      vertex 11.8375 63.3059 0.6
    endloop
  endfacet
  facet normal -0 0 1
    outer loop
      vertex 11.6956 62.7764 0.6
      vertex 16.5 61.38 0.6
      vertex 11.7839 63.0365 0.6
    endloop
  endfacet
  facet normal -0 0 1
    outer loop
      vertex 11.5742 62.53 0.6
      vertex 16.5 61.38 0.6
      vertex 11.6956 62.7764 0.6
    endloop
  endfacet
  facet normal -0 0 1
    outer loop
      vertex 11.4215 62.3016 0.6
      vertex 16.5 61.38 0.6
      vertex 11.5742 62.53 0.6
    endloop
  endfacet
  facet normal -0 0 1
    outer loop
      vertex 11.2404 62.0951 0.6
      vertex 16.5 61.38 0.6
      vertex 11.4215 62.3016 0.6
    endloop
  endfacet
  facet normal -0 0 1
    outer loop
      vertex 11.0339 61.914 0.6
      vertex 16.5 61.38 0.6
      vertex 11.2404 62.0951 0.6
    endloop
  endfacet
  facet normal -0 0 1
    outer loop
      vertex 10.8055 61.7613 0.6
      vertex 16.5 61.38 0.6
      vertex 11.0339 61.914 0.6
    endloop
  endfacet
  facet normal -0 0 1
    outer loop
      vertex 10.5591 61.6399 0.6
      vertex 16.5 61.38 0.6
      vertex 10.8055 61.7613 0.6
    endloop
  endfacet
  facet normal -0 0 1
    outer loop
      vertex 10.299 61.5516 0.6
      vertex 16.5 61.38 0.6
      vertex 10.5591 61.6399 0.6
    endloop
  endfacet
  facet normal 0 0 1
    outer loop
      vertex 9.75549 61.38 0.6
      vertex 10.299 61.5516 0.6
      vertex 10.0296 61.498 0.6
    endloop
  endfacet
  facet normal 0 0 1
    outer loop
      vertex 9.75549 61.38 0.6
      vertex 10.0296 61.498 0.6
      vertex 9.7555 61.48 0.6
    endloop
  endfacet
  facet normal 0 0 1
    outer loop
      vertex 10.299 61.5516 0.6
      vertex 9.75549 61.38 0.6
      vertex 16.5 61.38 0.6
    endloop
  endfacet
  facet normal 0 0 1
    outer loop
      vertex 9.48139 61.498 0.6
      vertex 9.75549 61.38 0.6
      vertex 9.7555 61.48 0.6
    endloop
  endfacet
  facet normal 0 0 1
    outer loop
      vertex 9.48139 61.498 0.6
      vertex 9.46834 61.3988 0.6
      vertex 9.75549 61.38 0.6
    endloop
  endfacet
  facet normal 0 0 1
    outer loop
      vertex 9.21198 61.5516 0.6
      vertex 9.46834 61.3988 0.6
      vertex 9.48139 61.498 0.6
    endloop
  endfacet
  facet normal 0 0 1
    outer loop
      vertex 9.21198 61.5516 0.6
      vertex 9.1861 61.455 0.6
      vertex 9.46834 61.3988 0.6
    endloop
  endfacet
  facet normal 0 0 1
    outer loop
      vertex 8.95186 61.6399 0.6
      vertex 9.1861 61.455 0.6
      vertex 9.21198 61.5516 0.6
    endloop
  endfacet
  facet normal 0 0 1
    outer loop
      vertex 8.95186 61.6399 0.6
      vertex 8.91359 61.5475 0.6
      vertex 9.1861 61.455 0.6
    endloop
  endfacet
  facet normal 0 0 1
    outer loop
      vertex 8.7055 61.7613 0.6
      vertex 8.91359 61.5475 0.6
      vertex 8.95186 61.6399 0.6
    endloop
  endfacet
  facet normal 0 0 1
    outer loop
      vertex 8.7055 61.7613 0.6
      vertex 8.65549 61.6747 0.6
      vertex 8.91359 61.5475 0.6
    endloop
  endfacet
  facet normal 0 0 1
    outer loop
      vertex 8.4771 61.914 0.6
      vertex 8.65549 61.6747 0.6
      vertex 8.7055 61.7613 0.6
    endloop
  endfacet
  facet normal 0 0 1
    outer loop
      vertex 8.4771 61.914 0.6
      vertex 8.41621 61.8346 0.6
      vertex 8.65549 61.6747 0.6
    endloop
  endfacet
  facet normal 0 0 1
    outer loop
      vertex 8.27058 62.0951 0.6
      vertex 8.41621 61.8346 0.6
      vertex 8.4771 61.914 0.6
    endloop
  endfacet
  facet normal 0 0 1
    outer loop
      vertex 8.27058 62.0951 0.6
      vertex 8.19986 62.0244 0.6
      vertex 8.41621 61.8346 0.6
    endloop
  endfacet
  facet normal 0 0 1
    outer loop
      vertex 8.08946 62.3016 0.6
      vertex 8.19986 62.0244 0.6
      vertex 8.27058 62.0951 0.6
    endloop
  endfacet
  facet normal 0 0 1
    outer loop
      vertex 8.08946 62.3016 0.6
      vertex 8.01012 62.2407 0.6
      vertex 8.19986 62.0244 0.6
    endloop
  endfacet
  facet normal 0 0 1
    outer loop
      vertex 7.93685 62.53 0.6
      vertex 8.01012 62.2407 0.6
      vertex 8.08946 62.3016 0.6
    endloop
  endfacet
  facet normal 0 0 1
    outer loop
      vertex 7.93685 62.53 0.6
      vertex 7.85023 62.48 0.6
      vertex 8.01012 62.2407 0.6
    endloop
  endfacet
  facet normal 0 0 1
    outer loop
      vertex 7.81535 62.7764 0.6
      vertex 7.85023 62.48 0.6
      vertex 7.93685 62.53 0.6
    endloop
  endfacet
  facet normal 0 0 1
    outer loop
      vertex 7.72296 62.7381 0.6
      vertex 7.81535 62.7764 0.6
      vertex 7.72706 63.0365 0.6
    endloop
  endfacet
  facet normal 0 0 1
    outer loop
      vertex 7.81535 62.7764 0.6
      vertex 7.72296 62.7381 0.6
      vertex 7.85023 62.48 0.6
    endloop
  endfacet
  facet normal 0 0 1
    outer loop
      vertex 7.63046 63.0106 0.6
      vertex 7.72706 63.0365 0.6
      vertex 7.67347 63.3059 0.6
    endloop
  endfacet
  facet normal 0 0 1
    outer loop
      vertex 7.72706 63.0365 0.6
      vertex 7.63046 63.0106 0.6
      vertex 7.72296 62.7381 0.6
    endloop
  endfacet
  facet normal 0 0 1
    outer loop
      vertex 7.57431 63.2929 0.6
      vertex 7.67347 63.3059 0.6
      vertex 7.6555 63.58 0.6
    endloop
  endfacet
  facet normal 0 0 1
    outer loop
      vertex 7.67347 63.8541 0.6
      vertex 7.57431 63.8672 0.6
      vertex 7.6555 63.58 0.6
    endloop
  endfacet
  facet normal 0 0 1
    outer loop
      vertex 7.5555 63.58 0.6
      vertex 7.6555 63.58 0.6
      vertex 7.57431 63.8672 0.6
    endloop
  endfacet
  facet normal 0 0 1
    outer loop
      vertex 7.67347 63.3059 0.6
      vertex 7.57431 63.2929 0.6
      vertex 7.63046 63.0106 0.6
    endloop
  endfacet
  facet normal 0 0 1
    outer loop
      vertex 7.6555 63.58 0.6
      vertex 7.5555 63.58 0.6
      vertex 7.57431 63.2929 0.6
    endloop
  endfacet
  facet normal 0 -0 0
    outer loop
      vertex 16.5 65.78 0.6
      vertex 17.5 65.78 0.6
      vertex 9.75549 65.78 0.6
    endloop
  endfacet
  facet normal -0.555614 -0.83144 0
    outer loop
      vertex 8.41621 61.8346 0
      vertex 8.65549 61.6747 0.6
      vertex 8.41621 61.8346 0.6
    endloop
  endfacet
  facet normal -0.555614 -0.83144 -0
    outer loop
      vertex 8.65549 61.6747 0.6
      vertex 8.41621 61.8346 0
      vertex 8.65549 61.6747 0
    endloop
  endfacet
  facet normal -0.0653311 0.997864 0
    outer loop
      vertex 9.75549 65.78 0
      vertex 9.46834 65.7612 0.6
      vertex 9.75549 65.78 0.6
    endloop
  endfacet
  facet normal -0.0653311 0.997864 0
    outer loop
      vertex 9.46834 65.7612 0.6
      vertex 9.75549 65.78 0
      vertex 9.46834 65.7612 0
    endloop
  endfacet
  facet normal -0.195287 0.980746 0
    outer loop
      vertex 9.46834 65.7612 0
      vertex 9.1861 65.705 0.6
      vertex 9.46834 65.7612 0.6
    endloop
  endfacet
  facet normal -0.195287 0.980746 0
    outer loop
      vertex 9.1861 65.705 0.6
      vertex 9.46834 65.7612 0
      vertex 9.1861 65.705 0
    endloop
  endfacet
  facet normal -0.896888 0.442258 0
    outer loop
      vertex 7.72296 64.4219 0
      vertex 7.85023 64.68 0.6
      vertex 7.85023 64.68 0
    endloop
  endfacet
  facet normal -0.896888 0.442258 0
    outer loop
      vertex 7.85023 64.68 0.6
      vertex 7.72296 64.4219 0
      vertex 7.72296 64.4219 0.6
    endloop
  endfacet
  facet normal -0.946931 0.321435 0
    outer loop
      vertex 7.63046 64.1494 0
      vertex 7.72296 64.4219 0.6
      vertex 7.72296 64.4219 0
    endloop
  endfacet
  facet normal -0.946931 0.321435 0
    outer loop
      vertex 7.72296 64.4219 0.6
      vertex 7.63046 64.1494 0
      vertex 7.63046 64.1494 0.6
    endloop
  endfacet
  facet normal -0.751754 0.659444 0
    outer loop
      vertex 8.01012 64.9193 0
      vertex 8.19986 65.1356 0.6
      vertex 8.19986 65.1356 0
    endloop
  endfacet
  facet normal -0.751754 0.659444 0
    outer loop
      vertex 8.19986 65.1356 0.6
      vertex 8.01012 64.9193 0
      vertex 8.01012 64.9193 0.6
    endloop
  endfacet
  facet normal -0.751754 -0.659444 0
    outer loop
      vertex 8.19986 62.0244 0
      vertex 8.01012 62.2407 0.6
      vertex 8.01012 62.2407 0
    endloop
  endfacet
  facet normal -0.751754 -0.659444 0
    outer loop
      vertex 8.01012 62.2407 0.6
      vertex 8.19986 62.0244 0
      vertex 8.19986 62.0244 0.6
    endloop
  endfacet
  facet normal -0.321425 -0.946935 0
    outer loop
      vertex 8.91359 61.5475 0
      vertex 9.1861 61.455 0.6
      vertex 8.91359 61.5475 0.6
    endloop
  endfacet
  facet normal -0.321425 -0.946935 -0
    outer loop
      vertex 9.1861 61.455 0.6
      vertex 8.91359 61.5475 0
      vertex 9.1861 61.455 0
    endloop
  endfacet
  facet normal -0.195287 -0.980746 0
    outer loop
      vertex 9.1861 61.455 0
      vertex 9.46834 61.3988 0.6
      vertex 9.1861 61.455 0.6
    endloop
  endfacet
  facet normal -0.195287 -0.980746 -0
    outer loop
      vertex 9.46834 61.3988 0.6
      vertex 9.1861 61.455 0
      vertex 9.46834 61.3988 0
    endloop
  endfacet
  facet normal -0.831478 -0.555558 0
    outer loop
      vertex 8.01012 62.2407 0
      vertex 7.85023 62.48 0.6
      vertex 7.85023 62.48 0
    endloop
  endfacet
  facet normal -0.831478 -0.555558 0
    outer loop
      vertex 7.85023 62.48 0.6
      vertex 8.01012 62.2407 0
      vertex 8.01012 62.2407 0.6
    endloop
  endfacet
  facet normal -0.831478 0.555558 0
    outer loop
      vertex 7.85023 64.68 0
      vertex 8.01012 64.9193 0.6
      vertex 8.01012 64.9193 0
    endloop
  endfacet
  facet normal -0.831478 0.555558 0
    outer loop
      vertex 8.01012 64.9193 0.6
      vertex 7.85023 64.68 0
      vertex 7.85023 64.68 0.6
    endloop
  endfacet
  facet normal -0.659476 0.751726 0
    outer loop
      vertex 8.41621 65.3254 0
      vertex 8.19986 65.1356 0.6
      vertex 8.41621 65.3254 0.6
    endloop
  endfacet
  facet normal -0.659476 0.751726 0
    outer loop
      vertex 8.19986 65.1356 0.6
      vertex 8.41621 65.3254 0
      vertex 8.19986 65.1356 0
    endloop
  endfacet
  facet normal -0.997861 -0.0653771 0
    outer loop
      vertex 7.57431 63.2929 0
      vertex 7.5555 63.58 0.6
      vertex 7.5555 63.58 0
    endloop
  endfacet
  facet normal -0.997861 -0.0653771 0
    outer loop
      vertex 7.5555 63.58 0.6
      vertex 7.57431 63.2929 0
      vertex 7.57431 63.2929 0.6
    endloop
  endfacet
  facet normal -0.0653311 -0.997864 0
    outer loop
      vertex 9.46834 61.3988 0
      vertex 9.75549 61.38 0.6
      vertex 9.46834 61.3988 0.6
    endloop
  endfacet
  facet normal -0.0653311 -0.997864 -0
    outer loop
      vertex 9.75549 61.38 0.6
      vertex 9.46834 61.3988 0
      vertex 9.75549 61.38 0
    endloop
  endfacet
  facet normal -0.896888 -0.442258 0
    outer loop
      vertex 7.85023 62.48 0
      vertex 7.72296 62.7381 0.6
      vertex 7.72296 62.7381 0
    endloop
  endfacet
  facet normal -0.896888 -0.442258 0
    outer loop
      vertex 7.72296 62.7381 0.6
      vertex 7.85023 62.48 0
      vertex 7.85023 62.48 0.6
    endloop
  endfacet
  facet normal -0.980787 -0.19508 0
    outer loop
      vertex 7.63046 63.0106 0
      vertex 7.57431 63.2929 0.6
      vertex 7.57431 63.2929 0
    endloop
  endfacet
  facet normal -0.980787 -0.19508 0
    outer loop
      vertex 7.57431 63.2929 0.6
      vertex 7.63046 63.0106 0
      vertex 7.63046 63.0106 0.6
    endloop
  endfacet
  facet normal 0.0655283 -0.997851 0
    outer loop
      vertex 9.7555 61.48 0.6
      vertex 10.0296 61.498 2
      vertex 9.7555 61.48 2
    endloop
  endfacet
  facet normal 0.0655283 -0.997851 0
    outer loop
      vertex 10.0296 61.498 2
      vertex 9.7555 61.48 0.6
      vertex 10.0296 61.498 0.6
    endloop
  endfacet
  facet normal 0.980776 -0.195136 0
    outer loop
      vertex 11.7839 63.0365 2
      vertex 11.8375 63.3059 0.6
      vertex 11.8375 63.3059 2
    endloop
  endfacet
  facet normal 0.980776 -0.195136 0
    outer loop
      vertex 11.8375 63.3059 0.6
      vertex 11.7839 63.0365 2
      vertex 11.7839 63.0365 0.6
    endloop
  endfacet
  facet normal 0.997851 -0.0655283 0
    outer loop
      vertex 11.8375 63.3059 2
      vertex 11.8555 63.58 0.6
      vertex 11.8555 63.58 2
    endloop
  endfacet
  facet normal 0.997851 -0.0655283 0
    outer loop
      vertex 11.8555 63.58 0.6
      vertex 11.8375 63.3059 2
      vertex 11.8375 63.3059 0.6
    endloop
  endfacet
  facet normal -0.442021 0.897005 0
    outer loop
      vertex 8.95186 65.5201 0.6
      vertex 8.7055 65.3987 2
      vertex 8.95186 65.5201 2
    endloop
  endfacet
  facet normal -0.442021 0.897005 0
    outer loop
      vertex 8.7055 65.3987 2
      vertex 8.95186 65.5201 0.6
      vertex 8.7055 65.3987 0.6
    endloop
  endfacet
  facet normal -0.751796 -0.659396 0
    outer loop
      vertex 8.27058 62.0951 0.6
      vertex 8.08946 62.3016 2
      vertex 8.08946 62.3016 0.6
    endloop
  endfacet
  facet normal -0.751796 -0.659396 0
    outer loop
      vertex 8.08946 62.3016 2
      vertex 8.27058 62.0951 0.6
      vertex 8.27058 62.0951 2
    endloop
  endfacet
  facet normal 0.980776 0.195136 0
    outer loop
      vertex 11.8375 63.8541 2
      vertex 11.7839 64.1235 0.6
      vertex 11.7839 64.1235 2
    endloop
  endfacet
  facet normal 0.980776 0.195136 0
    outer loop
      vertex 11.7839 64.1235 0.6
      vertex 11.8375 63.8541 2
      vertex 11.8375 63.8541 0.6
    endloop
  endfacet
  facet normal 0.321465 -0.946921 0
    outer loop
      vertex 10.299 61.5516 0.6
      vertex 10.5591 61.6399 2
      vertex 10.299 61.5516 2
    endloop
  endfacet
  facet normal 0.321465 -0.946921 0
    outer loop
      vertex 10.5591 61.6399 2
      vertex 10.299 61.5516 0.6
      vertex 10.5591 61.6399 0.6
    endloop
  endfacet
  facet normal -0.980783 0.195101 0
    outer loop
      vertex 7.67347 63.8541 0.6
      vertex 7.72706 64.1235 2
      vertex 7.72706 64.1235 0.6
    endloop
  endfacet
  facet normal -0.980783 0.195101 0
    outer loop
      vertex 7.72706 64.1235 2
      vertex 7.67347 63.8541 0.6
      vertex 7.67347 63.8541 2
    endloop
  endfacet
  facet normal 0.659355 0.751832 -0
    outer loop
      vertex 11.2404 65.0649 0.6
      vertex 11.0339 65.246 2
      vertex 11.2404 65.0649 2
    endloop
  endfacet
  facet normal 0.659355 0.751832 0
    outer loop
      vertex 11.0339 65.246 2
      vertex 11.2404 65.0649 0.6
      vertex 11.0339 65.246 0.6
    endloop
  endfacet
  facet normal 0.897033 -0.441964 0
    outer loop
      vertex 11.5742 62.53 2
      vertex 11.6956 62.7764 0.6
      vertex 11.6956 62.7764 2
    endloop
  endfacet
  facet normal 0.897033 -0.441964 0
    outer loop
      vertex 11.6956 62.7764 0.6
      vertex 11.5742 62.53 2
      vertex 11.5742 62.53 0.6
    endloop
  endfacet
  facet normal -0.442021 -0.897005 0
    outer loop
      vertex 8.7055 61.7613 0.6
      vertex 8.95186 61.6399 2
      vertex 8.7055 61.7613 2
    endloop
  endfacet
  facet normal -0.442021 -0.897005 -0
    outer loop
      vertex 8.95186 61.6399 2
      vertex 8.7055 61.7613 0.6
      vertex 8.95186 61.6399 0.6
    endloop
  endfacet
  facet normal 0.321465 0.946921 -0
    outer loop
      vertex 10.5591 65.5201 0.6
      vertex 10.299 65.6084 2
      vertex 10.5591 65.5201 2
    endloop
  endfacet
  facet normal 0.321465 0.946921 0
    outer loop
      vertex 10.299 65.6084 2
      vertex 10.5591 65.5201 0.6
      vertex 10.299 65.6084 0.6
    endloop
  endfacet
  facet normal -0.659319 -0.751864 0
    outer loop
      vertex 8.27058 62.0951 0.6
      vertex 8.4771 61.914 2
      vertex 8.27058 62.0951 2
    endloop
  endfacet
  facet normal -0.659319 -0.751864 -0
    outer loop
      vertex 8.4771 61.914 2
      vertex 8.27058 62.0951 0.6
      vertex 8.4771 61.914 0.6
    endloop
  endfacet
  facet normal -0.321443 -0.946929 0
    outer loop
      vertex 8.95186 61.6399 0.6
      vertex 9.21198 61.5516 2
      vertex 8.95186 61.6399 2
    endloop
  endfacet
  facet normal -0.321443 -0.946929 -0
    outer loop
      vertex 9.21198 61.5516 2
      vertex 8.95186 61.6399 0.6
      vertex 9.21198 61.5516 0.6
    endloop
  endfacet
  facet normal 0.441964 0.897033 -0
    outer loop
      vertex 10.8055 65.3987 0.6
      vertex 10.5591 65.5201 2
      vertex 10.8055 65.3987 2
    endloop
  endfacet
  facet normal 0.441964 0.897033 0
    outer loop
      vertex 10.5591 65.5201 2
      vertex 10.8055 65.3987 0.6
      vertex 10.5591 65.5201 0.6
    endloop
  endfacet
  facet normal 0.195136 0.980776 -0
    outer loop
      vertex 10.299 65.6084 0.6
      vertex 10.0296 65.662 2
      vertex 10.299 65.6084 2
    endloop
  endfacet
  facet normal 0.195136 0.980776 0
    outer loop
      vertex 10.0296 65.662 2
      vertex 10.299 65.6084 0.6
      vertex 10.0296 65.662 0.6
    endloop
  endfacet
  facet normal -0.997858 -0.0654196 0
    outer loop
      vertex 7.67347 63.3059 0.6
      vertex 7.6555 63.58 2
      vertex 7.6555 63.58 0.6
    endloop
  endfacet
  facet normal -0.997858 -0.0654196 0
    outer loop
      vertex 7.6555 63.58 2
      vertex 7.67347 63.3059 0.6
      vertex 7.67347 63.3059 2
    endloop
  endfacet
  facet normal -0.831473 0.555565 0
    outer loop
      vertex 7.93685 64.63 0.6
      vertex 8.08946 64.8584 2
      vertex 8.08946 64.8584 0.6
    endloop
  endfacet
  facet normal -0.831473 0.555565 0
    outer loop
      vertex 8.08946 64.8584 2
      vertex 7.93685 64.63 0.6
      vertex 7.93685 64.63 2
    endloop
  endfacet
  facet normal 0.0655283 0.997851 -0
    outer loop
      vertex 10.0296 65.662 0.6
      vertex 9.7555 65.68 2
      vertex 10.0296 65.662 2
    endloop
  endfacet
  facet normal 0.0655283 0.997851 0
    outer loop
      vertex 9.7555 65.68 2
      vertex 10.0296 65.662 0.6
      vertex 9.7555 65.68 0.6
    endloop
  endfacet
  facet normal -0.659319 0.751864 0
    outer loop
      vertex 8.4771 65.246 0.6
      vertex 8.27058 65.0649 2
      vertex 8.4771 65.246 2
    endloop
  endfacet
  facet normal -0.659319 0.751864 0
    outer loop
      vertex 8.27058 65.0649 2
      vertex 8.4771 65.246 0.6
      vertex 8.27058 65.0649 0.6
    endloop
  endfacet
  facet normal -0.555792 -0.831322 0
    outer loop
      vertex 8.4771 61.914 0.6
      vertex 8.7055 61.7613 2
      vertex 8.4771 61.914 2
    endloop
  endfacet
  facet normal -0.555792 -0.831322 -0
    outer loop
      vertex 8.7055 61.7613 2
      vertex 8.4771 61.914 0.6
      vertex 8.7055 61.7613 0.6
    endloop
  endfacet
  facet normal 0.946921 0.321465 0
    outer loop
      vertex 11.7839 64.1235 2
      vertex 11.6956 64.3836 0.6
      vertex 11.6956 64.3836 2
    endloop
  endfacet
  facet normal 0.946921 0.321465 0
    outer loop
      vertex 11.6956 64.3836 0.6
      vertex 11.7839 64.1235 2
      vertex 11.7839 64.1235 0.6
    endloop
  endfacet
  facet normal -0.946932 0.321433 0
    outer loop
      vertex 7.72706 64.1235 0.6
      vertex 7.81535 64.3836 2
      vertex 7.81535 64.3836 0.6
    endloop
  endfacet
  facet normal -0.946932 0.321433 0
    outer loop
      vertex 7.81535 64.3836 2
      vertex 7.72706 64.1235 0.6
      vertex 7.72706 64.1235 2
    endloop
  endfacet
  facet normal 0.897033 0.441964 0
    outer loop
      vertex 11.6956 64.3836 2
      vertex 11.5742 64.63 0.6
      vertex 11.5742 64.63 2
    endloop
  endfacet
  facet normal 0.897033 0.441964 0
    outer loop
      vertex 11.5742 64.63 0.6
      vertex 11.6956 64.3836 2
      vertex 11.6956 64.3836 0.6
    endloop
  endfacet
  facet normal 0.997851 0.0655283 0
    outer loop
      vertex 11.8555 63.58 2
      vertex 11.8375 63.8541 0.6
      vertex 11.8375 63.8541 2
    endloop
  endfacet
  facet normal 0.997851 0.0655283 0
    outer loop
      vertex 11.8375 63.8541 0.6
      vertex 11.8555 63.58 2
      vertex 11.8555 63.58 0.6
    endloop
  endfacet
  facet normal 0.659355 -0.751832 0
    outer loop
      vertex 11.0339 61.914 0.6
      vertex 11.2404 62.0951 2
      vertex 11.0339 61.914 2
    endloop
  endfacet
  facet normal 0.659355 -0.751832 0
    outer loop
      vertex 11.2404 62.0951 2
      vertex 11.0339 61.914 0.6
      vertex 11.2404 62.0951 0.6
    endloop
  endfacet
  facet normal -0.195129 -0.980778 0
    outer loop
      vertex 9.21198 61.5516 0.6
      vertex 9.48139 61.498 2
      vertex 9.21198 61.5516 2
    endloop
  endfacet
  facet normal -0.195129 -0.980778 -0
    outer loop
      vertex 9.48139 61.498 2
      vertex 9.21198 61.5516 0.6
      vertex 9.48139 61.498 0.6
    endloop
  endfacet
  facet normal 0.555792 -0.831322 0
    outer loop
      vertex 10.8055 61.7613 0.6
      vertex 11.0339 61.914 2
      vertex 10.8055 61.7613 2
    endloop
  endfacet
  facet normal 0.555792 -0.831322 0
    outer loop
      vertex 11.0339 61.914 2
      vertex 10.8055 61.7613 0.6
      vertex 11.0339 61.914 0.6
    endloop
  endfacet
  facet normal 0.831322 -0.555792 0
    outer loop
      vertex 11.4215 62.3016 2
      vertex 11.5742 62.53 0.6
      vertex 11.5742 62.53 2
    endloop
  endfacet
  facet normal 0.831322 -0.555792 0
    outer loop
      vertex 11.5742 62.53 0.6
      vertex 11.4215 62.3016 2
      vertex 11.4215 62.3016 0.6
    endloop
  endfacet
  facet normal 0.555792 0.831322 -0
    outer loop
      vertex 11.0339 65.246 0.6
      vertex 10.8055 65.3987 2
      vertex 11.0339 65.246 2
    endloop
  endfacet
  facet normal 0.555792 0.831322 0
    outer loop
      vertex 10.8055 65.3987 2
      vertex 11.0339 65.246 0.6
      vertex 10.8055 65.3987 0.6
    endloop
  endfacet
  facet normal -0.896889 0.442256 0
    outer loop
      vertex 7.81535 64.3836 0.6
      vertex 7.93685 64.63 2
      vertex 7.93685 64.63 0.6
    endloop
  endfacet
  facet normal -0.896889 0.442256 0
    outer loop
      vertex 7.93685 64.63 2
      vertex 7.81535 64.3836 0.6
      vertex 7.81535 64.3836 2
    endloop
  endfacet
  facet normal -0.555792 0.831322 0
    outer loop
      vertex 8.7055 65.3987 0.6
      vertex 8.4771 65.246 2
      vertex 8.7055 65.3987 2
    endloop
  endfacet
  facet normal -0.555792 0.831322 0
    outer loop
      vertex 8.4771 65.246 2
      vertex 8.7055 65.3987 0.6
      vertex 8.4771 65.246 0.6
    endloop
  endfacet
  facet normal 0.831322 0.555792 0
    outer loop
      vertex 11.5742 64.63 2
      vertex 11.4215 64.8584 0.6
      vertex 11.4215 64.8584 2
    endloop
  endfacet
  facet normal 0.831322 0.555792 0
    outer loop
      vertex 11.4215 64.8584 0.6
      vertex 11.5742 64.63 2
      vertex 11.5742 64.63 0.6
    endloop
  endfacet
  facet normal 0.441964 -0.897033 0
    outer loop
      vertex 10.5591 61.6399 0.6
      vertex 10.8055 61.7613 2
      vertex 10.5591 61.6399 2
    endloop
  endfacet
  facet normal 0.441964 -0.897033 0
    outer loop
      vertex 10.8055 61.7613 2
      vertex 10.5591 61.6399 0.6
      vertex 10.8055 61.7613 0.6
    endloop
  endfacet
  facet normal -0.946932 -0.321433 0
    outer loop
      vertex 7.81535 62.7764 0.6
      vertex 7.72706 63.0365 2
      vertex 7.72706 63.0365 0.6
    endloop
  endfacet
  facet normal -0.946932 -0.321433 0
    outer loop
      vertex 7.72706 63.0365 2
      vertex 7.81535 62.7764 0.6
      vertex 7.81535 62.7764 2
    endloop
  endfacet
  facet normal 0.751832 0.659355 0
    outer loop
      vertex 11.4215 64.8584 2
      vertex 11.2404 65.0649 0.6
      vertex 11.2404 65.0649 2
    endloop
  endfacet
  facet normal 0.751832 0.659355 0
    outer loop
      vertex 11.2404 65.0649 0.6
      vertex 11.4215 64.8584 2
      vertex 11.4215 64.8584 0.6
    endloop
  endfacet
  facet normal -0.997858 0.0654196 0
    outer loop
      vertex 7.6555 63.58 0.6
      vertex 7.67347 63.8541 2
      vertex 7.67347 63.8541 0.6
    endloop
  endfacet
  facet normal -0.997858 0.0654196 0
    outer loop
      vertex 7.67347 63.8541 2
      vertex 7.6555 63.58 0.6
      vertex 7.6555 63.58 2
    endloop
  endfacet
  facet normal 0.195136 -0.980776 0
    outer loop
      vertex 10.0296 61.498 0.6
      vertex 10.299 61.5516 2
      vertex 10.0296 61.498 2
    endloop
  endfacet
  facet normal 0.195136 -0.980776 0
    outer loop
      vertex 10.299 61.5516 2
      vertex 10.0296 61.498 0.6
      vertex 10.299 61.5516 0.6
    endloop
  endfacet
  facet normal 0.751832 -0.659355 0
    outer loop
      vertex 11.2404 62.0951 2
      vertex 11.4215 62.3016 0.6
      vertex 11.4215 62.3016 2
    endloop
  endfacet
  facet normal 0.751832 -0.659355 0
    outer loop
      vertex 11.4215 62.3016 0.6
      vertex 11.2404 62.0951 2
      vertex 11.2404 62.0951 0.6
    endloop
  endfacet
  facet normal 0.946921 -0.321465 0
    outer loop
      vertex 11.6956 62.7764 2
      vertex 11.7839 63.0365 0.6
      vertex 11.7839 63.0365 2
    endloop
  endfacet
  facet normal 0.946921 -0.321465 0
    outer loop
      vertex 11.7839 63.0365 0.6
      vertex 11.6956 62.7764 2
      vertex 11.6956 62.7764 0.6
    endloop
  endfacet
  facet normal -0 0 1
    outer loop
      vertex 11.8146 63.8411 2
      vertex 11.8555 63.58 2
      vertex 11.8375 63.8541 2
    endloop
  endfacet
  facet normal 0 0 1
    outer loop
      vertex 11.8146 63.3189 2
      vertex 11.8555 63.58 2
      vertex 11.8317 63.58 2
    endloop
  endfacet
  facet normal 0 0 1
    outer loop
      vertex 11.8555 63.58 2
      vertex 11.8146 63.8411 2
      vertex 11.8317 63.58 2
    endloop
  endfacet
  facet normal 0 0 1
    outer loop
      vertex 11.8375 63.8541 2
      vertex 11.8139 63.851 2
      vertex 11.8146 63.8411 2
    endloop
  endfacet
  facet normal -0 0 1
    outer loop
      vertex 11.7629 64.1076 2
      vertex 11.8375 63.8541 2
      vertex 11.7839 64.1235 2
    endloop
  endfacet
  facet normal 0 0 1
    outer loop
      vertex 11.8375 63.8541 2
      vertex 11.7629 64.1076 2
      vertex 11.8139 63.851 2
    endloop
  endfacet
  facet normal 0 0 1
    outer loop
      vertex 11.7839 64.1235 2
      vertex 11.7609 64.1174 2
      vertex 11.7629 64.1076 2
    endloop
  endfacet
  facet normal 0 0 1
    outer loop
      vertex 11.7839 64.1235 2
      vertex 11.7577 64.1268 2
      vertex 11.7609 64.1174 2
    endloop
  endfacet
  facet normal 0 0 1
    outer loop
      vertex 11.6956 64.3836 2
      vertex 11.7577 64.1268 2
      vertex 11.7839 64.1235 2
    endloop
  endfacet
  facet normal 0 0 1
    outer loop
      vertex 11.6956 64.3836 2
      vertex 11.6736 64.3745 2
      vertex 11.7577 64.1268 2
    endloop
  endfacet
  facet normal 0 0 1
    outer loop
      vertex 11.6956 64.3836 2
      vertex 11.6692 64.3835 2
      vertex 11.6736 64.3745 2
    endloop
  endfacet
  facet normal 0 0 1
    outer loop
      vertex 11.5742 64.63 2
      vertex 11.6692 64.3835 2
      vertex 11.6956 64.3836 2
    endloop
  endfacet
  facet normal 0 0 1
    outer loop
      vertex 11.5742 64.63 2
      vertex 11.5535 64.6181 2
      vertex 11.6692 64.3835 2
    endloop
  endfacet
  facet normal 0 0 1
    outer loop
      vertex 11.5742 64.63 2
      vertex 11.548 64.6264 2
      vertex 11.5535 64.6181 2
    endloop
  endfacet
  facet normal 0 0 1
    outer loop
      vertex 11.4215 64.8584 2
      vertex 11.548 64.6264 2
      vertex 11.5742 64.63 2
    endloop
  endfacet
  facet normal 0 0 1
    outer loop
      vertex 11.4215 64.8584 2
      vertex 11.4027 64.8439 2
      vertex 11.548 64.6264 2
    endloop
  endfacet
  facet normal -0 0 1
    outer loop
      vertex 11.2302 65.0406 2
      vertex 11.4215 64.8584 2
      vertex 11.2404 65.0649 2
    endloop
  endfacet
  facet normal 0 0 1
    outer loop
      vertex 11.4215 64.8584 2
      vertex 11.2302 65.0406 2
      vertex 11.4027 64.8439 2
    endloop
  endfacet
  facet normal 0 0 1
    outer loop
      vertex 11.2404 65.0649 2
      vertex 11.2236 65.0481 2
      vertex 11.2302 65.0406 2
    endloop
  endfacet
  facet normal 0 0 1
    outer loop
      vertex 11.2404 65.0649 2
      vertex 11.2161 65.0547 2
      vertex 11.2236 65.0481 2
    endloop
  endfacet
  facet normal 0 0 1
    outer loop
      vertex 11.0339 65.246 2
      vertex 11.2161 65.0547 2
      vertex 11.2404 65.0649 2
    endloop
  endfacet
  facet normal 0 0 1
    outer loop
      vertex 11.0339 65.246 2
      vertex 11.0194 65.2271 2
      vertex 11.2161 65.0547 2
    endloop
  endfacet
  facet normal 0 0 1
    outer loop
      vertex 11.0339 65.246 2
      vertex 11.0111 65.2327 2
      vertex 11.0194 65.2271 2
    endloop
  endfacet
  facet normal 0 0 1
    outer loop
      vertex 10.8055 65.3987 2
      vertex 11.0111 65.2327 2
      vertex 11.0339 65.246 2
    endloop
  endfacet
  facet normal 0 0 1
    outer loop
      vertex 10.8055 65.3987 2
      vertex 10.7936 65.378 2
      vertex 11.0111 65.2327 2
    endloop
  endfacet
  facet normal -0 0 1
    outer loop
      vertex 10.559 65.4937 2
      vertex 10.8055 65.3987 2
      vertex 10.5591 65.5201 2
    endloop
  endfacet
  facet normal 0 0 1
    outer loop
      vertex 10.8055 65.3987 2
      vertex 10.559 65.4937 2
      vertex 10.7936 65.378 2
    endloop
  endfacet
  facet normal 0 0 1
    outer loop
      vertex 10.5591 65.5201 2
      vertex 10.55 65.4982 2
      vertex 10.559 65.4937 2
    endloop
  endfacet
  facet normal 0 0 1
    outer loop
      vertex 10.5591 65.5201 2
      vertex 10.5406 65.5014 2
      vertex 10.55 65.4982 2
    endloop
  endfacet
  facet normal 0 0 1
    outer loop
      vertex 10.299 65.6084 2
      vertex 10.5406 65.5014 2
      vertex 10.5591 65.5201 2
    endloop
  endfacet
  facet normal 0 0 1
    outer loop
      vertex 10.299 65.6084 2
      vertex 10.2929 65.5854 2
      vertex 10.5406 65.5014 2
    endloop
  endfacet
  facet normal 0 0 1
    outer loop
      vertex 10.299 65.6084 2
      vertex 10.2831 65.5874 2
      vertex 10.2929 65.5854 2
    endloop
  endfacet
  facet normal 0 0 1
    outer loop
      vertex 10.0296 65.662 2
      vertex 10.2831 65.5874 2
      vertex 10.299 65.6084 2
    endloop
  endfacet
  facet normal 0 0 1
    outer loop
      vertex 10.0296 65.662 2
      vertex 10.0265 65.6384 2
      vertex 10.2831 65.5874 2
    endloop
  endfacet
  facet normal 0 0 1
    outer loop
      vertex 10.0296 65.662 2
      vertex 9.76544 65.6555 2
      vertex 10.0265 65.6384 2
    endloop
  endfacet
  facet normal 0 0 1
    outer loop
      vertex 9.7555 65.68 2
      vertex 9.76544 65.6555 2
      vertex 10.0296 65.662 2
    endloop
  endfacet
  facet normal 0 0 1
    outer loop
      vertex 9.7555 65.68 2
      vertex 9.7555 65.6562 2
      vertex 9.76544 65.6555 2
    endloop
  endfacet
  facet normal 0 0 1
    outer loop
      vertex 9.7555 65.68 2
      vertex 9.74555 65.6555 2
      vertex 9.7555 65.6562 2
    endloop
  endfacet
  facet normal -0 0 1
    outer loop
      vertex 9.48139 65.662 2
      vertex 9.74555 65.6555 2
      vertex 9.7555 65.68 2
    endloop
  endfacet
  facet normal 0 0 1
    outer loop
      vertex 9.74555 65.6555 2
      vertex 9.48139 65.662 2
      vertex 9.4845 65.6384 2
    endloop
  endfacet
  facet normal 0 0 1
    outer loop
      vertex 9.48139 65.662 2
      vertex 9.22792 65.5874 2
      vertex 9.4845 65.6384 2
    endloop
  endfacet
  facet normal -0 0 1
    outer loop
      vertex 9.21198 65.6084 2
      vertex 9.22792 65.5874 2
      vertex 9.48139 65.662 2
    endloop
  endfacet
  facet normal 0 0 1
    outer loop
      vertex 9.22792 65.5874 2
      vertex 9.21198 65.6084 2
      vertex 9.21814 65.5854 2
    endloop
  endfacet
  facet normal 0 0 1
    outer loop
      vertex 9.21198 65.6084 2
      vertex 8.97041 65.5014 2
      vertex 9.21814 65.5854 2
    endloop
  endfacet
  facet normal -0 0 1
    outer loop
      vertex 8.95186 65.5201 2
      vertex 8.97041 65.5014 2
      vertex 9.21198 65.6084 2
    endloop
  endfacet
  facet normal 0 0 1
    outer loop
      vertex 8.97041 65.5014 2
      vertex 8.95186 65.5201 2
      vertex 8.96098 65.4982 2
    endloop
  endfacet
  facet normal 0 0 1
    outer loop
      vertex 8.95186 65.5201 2
      vertex 8.95204 65.4937 2
      vertex 8.96098 65.4982 2
    endloop
  endfacet
  facet normal 0 0 1
    outer loop
      vertex 8.7055 65.3987 2
      vertex 8.95204 65.4937 2
      vertex 8.95186 65.5201 2
    endloop
  endfacet
  facet normal 0 0 1
    outer loop
      vertex 8.95204 65.4937 2
      vertex 8.7055 65.3987 2
      vertex 8.7174 65.378 2
    endloop
  endfacet
  facet normal 0 0 1
    outer loop
      vertex 8.7055 65.3987 2
      vertex 8.49988 65.2327 2
      vertex 8.7174 65.378 2
    endloop
  endfacet
  facet normal -0 0 1
    outer loop
      vertex 8.4771 65.246 2
      vertex 8.49988 65.2327 2
      vertex 8.7055 65.3987 2
    endloop
  endfacet
  facet normal 0 0 1
    outer loop
      vertex 8.49988 65.2327 2
      vertex 8.4771 65.246 2
      vertex 8.49159 65.2271 2
    endloop
  endfacet
  facet normal 0 0 1
    outer loop
      vertex 8.4771 65.246 2
      vertex 8.4841 65.2206 2
      vertex 8.49159 65.2271 2
    endloop
  endfacet
  facet normal 0 0 1
    outer loop
      vertex 8.27058 65.0649 2
      vertex 8.4841 65.2206 2
      vertex 8.4771 65.246 2
    endloop
  endfacet
  facet normal 0 0 1
    outer loop
      vertex 8.4841 65.2206 2
      vertex 8.27058 65.0649 2
      vertex 8.28741 65.0481 2
    endloop
  endfacet
  facet normal 0 0 1
    outer loop
      vertex 8.27058 65.0649 2
      vertex 8.11492 64.8514 2
      vertex 8.28741 65.0481 2
    endloop
  endfacet
  facet normal -0 0 1
    outer loop
      vertex 8.08946 64.8584 2
      vertex 8.11492 64.8514 2
      vertex 8.27058 65.0649 2
    endloop
  endfacet
  facet normal 0 0 1
    outer loop
      vertex 8.11492 64.8514 2
      vertex 8.08946 64.8584 2
      vertex 8.10835 64.8439 2
    endloop
  endfacet
  facet normal 0 0 1
    outer loop
      vertex 8.08946 64.8584 2
      vertex 8.10281 64.8356 2
      vertex 8.10835 64.8439 2
    endloop
  endfacet
  facet normal 0 0 1
    outer loop
      vertex 7.93685 64.63 2
      vertex 8.10281 64.8356 2
      vertex 8.08946 64.8584 2
    endloop
  endfacet
  facet normal 0 0 1
    outer loop
      vertex 8.10281 64.8356 2
      vertex 7.93685 64.63 2
      vertex 7.95747 64.6181 2
    endloop
  endfacet
  facet normal 0 0 1
    outer loop
      vertex 7.93685 64.63 2
      vertex 7.84176 64.3835 2
      vertex 7.95747 64.6181 2
    endloop
  endfacet
  facet normal -0 0 1
    outer loop
      vertex 7.81535 64.3836 2
      vertex 7.84176 64.3835 2
      vertex 7.93685 64.63 2
    endloop
  endfacet
  facet normal 0 0 1
    outer loop
      vertex 7.84176 64.3835 2
      vertex 7.81535 64.3836 2
      vertex 7.83735 64.3745 2
    endloop
  endfacet
  facet normal 0 0 1
    outer loop
      vertex 7.81535 64.3836 2
      vertex 7.83415 64.3651 2
      vertex 7.83735 64.3745 2
    endloop
  endfacet
  facet normal 0 0 1
    outer loop
      vertex 7.72706 64.1235 2
      vertex 7.83415 64.3651 2
      vertex 7.81535 64.3836 2
    endloop
  endfacet
  facet normal 0 0 1
    outer loop
      vertex 7.83415 64.3651 2
      vertex 7.72706 64.1235 2
      vertex 7.75005 64.1174 2
    endloop
  endfacet
  facet normal 0 0 1
    outer loop
      vertex 7.72706 64.1235 2
      vertex 7.74811 64.1076 2
      vertex 7.75005 64.1174 2
    endloop
  endfacet
  facet normal 0 0 1
    outer loop
      vertex 7.67347 63.8541 2
      vertex 7.74811 64.1076 2
      vertex 7.72706 64.1235 2
    endloop
  endfacet
  facet normal 0 0 1
    outer loop
      vertex 7.6555 63.58 2
      vertex 7.67996 63.5899 2
      vertex 7.67347 63.8541 2
    endloop
  endfacet
  facet normal 0 0 1
    outer loop
      vertex 7.69707 63.851 2
      vertex 7.67347 63.8541 2
      vertex 7.67996 63.5899 2
    endloop
  endfacet
  facet normal 0 0 1
    outer loop
      vertex 7.74811 64.1076 2
      vertex 7.67347 63.8541 2
      vertex 7.69707 63.851 2
    endloop
  endfacet
  facet normal 0 0 1
    outer loop
      vertex 11.8555 63.58 2
      vertex 11.8146 63.3189 2
      vertex 11.8375 63.3059 2
    endloop
  endfacet
  facet normal -0 0 1
    outer loop
      vertex 11.8139 63.309 2
      vertex 11.8375 63.3059 2
      vertex 11.8146 63.3189 2
    endloop
  endfacet
  facet normal 0 0 1
    outer loop
      vertex 11.7629 63.0524 2
      vertex 11.8375 63.3059 2
      vertex 11.8139 63.309 2
    endloop
  endfacet
  facet normal 0 0 1
    outer loop
      vertex 11.8375 63.3059 2
      vertex 11.7629 63.0524 2
      vertex 11.7839 63.0365 2
    endloop
  endfacet
  facet normal -0 0 1
    outer loop
      vertex 11.7609 63.0426 2
      vertex 11.7839 63.0365 2
      vertex 11.7629 63.0524 2
    endloop
  endfacet
  facet normal 0 0 1
    outer loop
      vertex 11.7577 63.0332 2
      vertex 11.7839 63.0365 2
      vertex 11.7609 63.0426 2
    endloop
  endfacet
  facet normal -0 0 1
    outer loop
      vertex 11.7577 63.0332 2
      vertex 11.6956 62.7764 2
      vertex 11.7839 63.0365 2
    endloop
  endfacet
  facet normal -0 0 1
    outer loop
      vertex 11.6736 62.7855 2
      vertex 11.6956 62.7764 2
      vertex 11.7577 63.0332 2
    endloop
  endfacet
  facet normal 0 0 1
    outer loop
      vertex 11.5579 62.5508 2
      vertex 11.6956 62.7764 2
      vertex 11.6736 62.7855 2
    endloop
  endfacet
  facet normal 0 0 1
    outer loop
      vertex 11.6956 62.7764 2
      vertex 11.5579 62.5508 2
      vertex 11.5742 62.53 2
    endloop
  endfacet
  facet normal -0 0 1
    outer loop
      vertex 11.5535 62.5419 2
      vertex 11.5742 62.53 2
      vertex 11.5579 62.5508 2
    endloop
  endfacet
  facet normal -0 0 1
    outer loop
      vertex 11.548 62.5336 2
      vertex 11.5742 62.53 2
      vertex 11.5535 62.5419 2
    endloop
  endfacet
  facet normal 0 0 1
    outer loop
      vertex 11.548 62.5336 2
      vertex 11.4215 62.3016 2
      vertex 11.5742 62.53 2
    endloop
  endfacet
  facet normal -0 0 1
    outer loop
      vertex 11.4027 62.3161 2
      vertex 11.4215 62.3016 2
      vertex 11.548 62.5336 2
    endloop
  endfacet
  facet normal 0 0 1
    outer loop
      vertex 11.2302 62.1194 2
      vertex 11.4215 62.3016 2
      vertex 11.4027 62.3161 2
    endloop
  endfacet
  facet normal 0 0 1
    outer loop
      vertex 11.4215 62.3016 2
      vertex 11.2302 62.1194 2
      vertex 11.2404 62.0951 2
    endloop
  endfacet
  facet normal -0 0 1
    outer loop
      vertex 11.2236 62.1119 2
      vertex 11.2404 62.0951 2
      vertex 11.2302 62.1194 2
    endloop
  endfacet
  facet normal -0 0 1
    outer loop
      vertex 11.2161 62.1053 2
      vertex 11.2404 62.0951 2
      vertex 11.2236 62.1119 2
    endloop
  endfacet
  facet normal 0 0 1
    outer loop
      vertex 11.2161 62.1053 2
      vertex 11.0339 61.914 2
      vertex 11.2404 62.0951 2
    endloop
  endfacet
  facet normal -0 0 1
    outer loop
      vertex 11.0194 61.9328 2
      vertex 11.0339 61.914 2
      vertex 11.2161 62.1053 2
    endloop
  endfacet
  facet normal 0 0 1
    outer loop
      vertex 10.8019 61.7875 2
      vertex 11.0339 61.914 2
      vertex 11.0194 61.9328 2
    endloop
  endfacet
  facet normal 0 0 1
    outer loop
      vertex 11.0339 61.914 2
      vertex 10.8019 61.7875 2
      vertex 10.8055 61.7613 2
    endloop
  endfacet
  facet normal -0 0 1
    outer loop
      vertex 10.7936 61.782 2
      vertex 10.8055 61.7613 2
      vertex 10.8019 61.7875 2
    endloop
  endfacet
  facet normal -0 0 1
    outer loop
      vertex 10.7847 61.7776 2
      vertex 10.8055 61.7613 2
      vertex 10.7936 61.782 2
    endloop
  endfacet
  facet normal 0 0 1
    outer loop
      vertex 10.7847 61.7776 2
      vertex 10.5591 61.6399 2
      vertex 10.8055 61.7613 2
    endloop
  endfacet
  facet normal -0 0 1
    outer loop
      vertex 10.55 61.6618 2
      vertex 10.5591 61.6399 2
      vertex 10.7847 61.7776 2
    endloop
  endfacet
  facet normal 0 0 1
    outer loop
      vertex 10.3023 61.5778 2
      vertex 10.5591 61.6399 2
      vertex 10.55 61.6618 2
    endloop
  endfacet
  facet normal -0 0 1
    outer loop
      vertex 10.3023 61.5778 2
      vertex 10.299 61.5516 2
      vertex 10.5591 61.6399 2
    endloop
  endfacet
  facet normal -0 0 1
    outer loop
      vertex 10.2929 61.5746 2
      vertex 10.299 61.5516 2
      vertex 10.3023 61.5778 2
    endloop
  endfacet
  facet normal -0 0 1
    outer loop
      vertex 10.2831 61.5726 2
      vertex 10.299 61.5516 2
      vertex 10.2929 61.5746 2
    endloop
  endfacet
  facet normal 0 0 1
    outer loop
      vertex 10.2831 61.5726 2
      vertex 10.0296 61.498 2
      vertex 10.299 61.5516 2
    endloop
  endfacet
  facet normal -0 0 1
    outer loop
      vertex 10.0265 61.5216 2
      vertex 10.0296 61.498 2
      vertex 10.2831 61.5726 2
    endloop
  endfacet
  facet normal -0 0 1
    outer loop
      vertex 10.0166 61.5209 2
      vertex 10.0296 61.498 2
      vertex 10.0265 61.5216 2
    endloop
  endfacet
  facet normal 0 0 1
    outer loop
      vertex 9.7555 61.48 2
      vertex 10.0166 61.5209 2
      vertex 9.7555 61.5038 2
    endloop
  endfacet
  facet normal 0 0 1
    outer loop
      vertex 10.0166 61.5209 2
      vertex 9.7555 61.48 2
      vertex 10.0296 61.498 2
    endloop
  endfacet
  facet normal 0 0 1
    outer loop
      vertex 9.49445 61.5209 2
      vertex 9.7555 61.48 2
      vertex 9.7555 61.5038 2
    endloop
  endfacet
  facet normal 0 0 1
    outer loop
      vertex 9.48139 61.498 2
      vertex 9.49445 61.5209 2
      vertex 9.4845 61.5216 2
    endloop
  endfacet
  facet normal 0 0 1
    outer loop
      vertex 9.49445 61.5209 2
      vertex 9.48139 61.498 2
      vertex 9.7555 61.48 2
    endloop
  endfacet
  facet normal 0 0 1
    outer loop
      vertex 9.22792 61.5726 2
      vertex 9.48139 61.498 2
      vertex 9.4845 61.5216 2
    endloop
  endfacet
  facet normal 0 0 1
    outer loop
      vertex 9.21198 61.5516 2
      vertex 9.22792 61.5726 2
      vertex 9.21814 61.5746 2
    endloop
  endfacet
  facet normal 0 0 1
    outer loop
      vertex 9.22792 61.5726 2
      vertex 9.21198 61.5516 2
      vertex 9.48139 61.498 2
    endloop
  endfacet
  facet normal 0 0 1
    outer loop
      vertex 9.2087 61.5778 2
      vertex 9.21198 61.5516 2
      vertex 9.21814 61.5746 2
    endloop
  endfacet
  facet normal -0 0 1
    outer loop
      vertex 8.95186 61.6399 2
      vertex 9.2087 61.5778 2
      vertex 8.96098 61.6618 2
    endloop
  endfacet
  facet normal 0 0 1
    outer loop
      vertex 9.2087 61.5778 2
      vertex 8.95186 61.6399 2
      vertex 9.21198 61.5516 2
    endloop
  endfacet
  facet normal 0 0 1
    outer loop
      vertex 8.72634 61.7776 2
      vertex 8.95186 61.6399 2
      vertex 8.96098 61.6618 2
    endloop
  endfacet
  facet normal 0 0 1
    outer loop
      vertex 8.7055 61.7613 2
      vertex 8.72634 61.7776 2
      vertex 8.7174 61.782 2
    endloop
  endfacet
  facet normal 0 0 1
    outer loop
      vertex 8.72634 61.7776 2
      vertex 8.7055 61.7613 2
      vertex 8.95186 61.6399 2
    endloop
  endfacet
  facet normal 0 0 1
    outer loop
      vertex 8.70912 61.7875 2
      vertex 8.7055 61.7613 2
      vertex 8.7174 61.782 2
    endloop
  endfacet
  facet normal -0 0 1
    outer loop
      vertex 8.4771 61.914 2
      vertex 8.70912 61.7875 2
      vertex 8.49159 61.9328 2
    endloop
  endfacet
  facet normal 0 0 1
    outer loop
      vertex 8.70912 61.7875 2
      vertex 8.4771 61.914 2
      vertex 8.7055 61.7613 2
    endloop
  endfacet
  facet normal 0 0 1
    outer loop
      vertex 8.4841 61.9394 2
      vertex 8.4771 61.914 2
      vertex 8.49159 61.9328 2
    endloop
  endfacet
  facet normal -0 0 1
    outer loop
      vertex 8.27058 62.0951 2
      vertex 8.4841 61.9394 2
      vertex 8.28741 62.1119 2
    endloop
  endfacet
  facet normal 0 0 1
    outer loop
      vertex 8.4841 61.9394 2
      vertex 8.27058 62.0951 2
      vertex 8.4771 61.914 2
    endloop
  endfacet
  facet normal 0 0 1
    outer loop
      vertex 8.11492 62.3086 2
      vertex 8.27058 62.0951 2
      vertex 8.28741 62.1119 2
    endloop
  endfacet
  facet normal 0 0 1
    outer loop
      vertex 8.08946 62.3016 2
      vertex 8.11492 62.3086 2
      vertex 8.10835 62.3161 2
    endloop
  endfacet
  facet normal 0 0 1
    outer loop
      vertex 8.11492 62.3086 2
      vertex 8.08946 62.3016 2
      vertex 8.27058 62.0951 2
    endloop
  endfacet
  facet normal 0 0 1
    outer loop
      vertex 8.10281 62.3244 2
      vertex 8.08946 62.3016 2
      vertex 8.10835 62.3161 2
    endloop
  endfacet
  facet normal -0 0 1
    outer loop
      vertex 7.93685 62.53 2
      vertex 8.10281 62.3244 2
      vertex 7.95747 62.5419 2
    endloop
  endfacet
  facet normal 0 0 1
    outer loop
      vertex 8.10281 62.3244 2
      vertex 7.93685 62.53 2
      vertex 8.08946 62.3016 2
    endloop
  endfacet
  facet normal 0 0 1
    outer loop
      vertex 7.95306 62.5508 2
      vertex 7.93685 62.53 2
      vertex 7.95747 62.5419 2
    endloop
  endfacet
  facet normal -0 0 1
    outer loop
      vertex 7.81535 62.7764 2
      vertex 7.95306 62.5508 2
      vertex 7.83735 62.7855 2
    endloop
  endfacet
  facet normal 0 0 1
    outer loop
      vertex 7.95306 62.5508 2
      vertex 7.81535 62.7764 2
      vertex 7.93685 62.53 2
    endloop
  endfacet
  facet normal 0 0 1
    outer loop
      vertex 7.83415 62.7949 2
      vertex 7.81535 62.7764 2
      vertex 7.83735 62.7855 2
    endloop
  endfacet
  facet normal -0 0 1
    outer loop
      vertex 7.72706 63.0365 2
      vertex 7.83415 62.7949 2
      vertex 7.75005 63.0426 2
    endloop
  endfacet
  facet normal 0 0 1
    outer loop
      vertex 7.83415 62.7949 2
      vertex 7.72706 63.0365 2
      vertex 7.81535 62.7764 2
    endloop
  endfacet
  facet normal 0 0 1
    outer loop
      vertex 7.74811 63.0524 2
      vertex 7.72706 63.0365 2
      vertex 7.75005 63.0426 2
    endloop
  endfacet
  facet normal -0 0 1
    outer loop
      vertex 7.67347 63.3059 2
      vertex 7.74811 63.0524 2
      vertex 7.69707 63.309 2
    endloop
  endfacet
  facet normal 0 0 1
    outer loop
      vertex 7.74811 63.0524 2
      vertex 7.67347 63.3059 2
      vertex 7.72706 63.0365 2
    endloop
  endfacet
  facet normal 0 0 1
    outer loop
      vertex 7.67996 63.5701 2
      vertex 7.67347 63.3059 2
      vertex 7.69707 63.309 2
    endloop
  endfacet
  facet normal -0 0 1
    outer loop
      vertex 7.6555 63.58 2
      vertex 7.67996 63.5701 2
      vertex 7.67931 63.58 2
    endloop
  endfacet
  facet normal 0 0 1
    outer loop
      vertex 7.67996 63.5899 2
      vertex 7.6555 63.58 2
      vertex 7.67931 63.58 2
    endloop
  endfacet
  facet normal 0 0 1
    outer loop
      vertex 7.67996 63.5701 2
      vertex 7.6555 63.58 2
      vertex 7.67347 63.3059 2
    endloop
  endfacet
  facet normal -0.980783 -0.195101 0
    outer loop
      vertex 7.72706 63.0365 0.6
      vertex 7.67347 63.3059 2
      vertex 7.67347 63.3059 0.6
    endloop
  endfacet
  facet normal -0.980783 -0.195101 0
    outer loop
      vertex 7.67347 63.3059 2
      vertex 7.72706 63.0365 0.6
      vertex 7.72706 63.0365 2
    endloop
  endfacet
  facet normal -0.321443 0.946929 0
    outer loop
      vertex 9.21198 65.6084 0.6
      vertex 8.95186 65.5201 2
      vertex 9.21198 65.6084 2
    endloop
  endfacet
  facet normal -0.321443 0.946929 0
    outer loop
      vertex 8.95186 65.5201 2
      vertex 9.21198 65.6084 0.6
      vertex 8.95186 65.5201 0.6
    endloop
  endfacet
  facet normal -0.195129 0.980778 0
    outer loop
      vertex 9.48139 65.662 0.6
      vertex 9.21198 65.6084 2
      vertex 9.48139 65.662 2
    endloop
  endfacet
  facet normal -0.195129 0.980778 0
    outer loop
      vertex 9.21198 65.6084 2
      vertex 9.48139 65.662 0.6
      vertex 9.21198 65.6084 0.6
    endloop
  endfacet
  facet normal -0.0655259 0.997851 0
    outer loop
      vertex 9.7555 65.68 0.6
      vertex 9.48139 65.662 2
      vertex 9.7555 65.68 2
    endloop
  endfacet
  facet normal -0.0655259 0.997851 0
    outer loop
      vertex 9.48139 65.662 2
      vertex 9.7555 65.68 0.6
      vertex 9.48139 65.662 0.6
    endloop
  endfacet
  facet normal -0.751796 0.659396 0
    outer loop
      vertex 8.08946 64.8584 0.6
      vertex 8.27058 65.0649 2
      vertex 8.27058 65.0649 0.6
    endloop
  endfacet
  facet normal -0.751796 0.659396 0
    outer loop
      vertex 8.27058 65.0649 2
      vertex 8.08946 64.8584 0.6
      vertex 8.08946 64.8584 2
    endloop
  endfacet
  facet normal -0.831473 -0.555565 0
    outer loop
      vertex 8.08946 62.3016 0.6
      vertex 7.93685 62.53 2
      vertex 7.93685 62.53 0.6
    endloop
  endfacet
  facet normal -0.831473 -0.555565 0
    outer loop
      vertex 7.93685 62.53 2
      vertex 8.08946 62.3016 0.6
      vertex 8.08946 62.3016 2
    endloop
  endfacet
  facet normal -0.896889 -0.442256 0
    outer loop
      vertex 7.93685 62.53 0.6
      vertex 7.81535 62.7764 2
      vertex 7.81535 62.7764 0.6
    endloop
  endfacet
  facet normal -0.896889 -0.442256 0
    outer loop
      vertex 7.81535 62.7764 2
      vertex 7.93685 62.53 0.6
      vertex 7.93685 62.53 2
    endloop
  endfacet
  facet normal -0.0655259 -0.997851 0
    outer loop
      vertex 9.48139 61.498 0.6
      vertex 9.7555 61.48 2
      vertex 9.48139 61.498 2
    endloop
  endfacet
  facet normal -0.0655259 -0.997851 -0
    outer loop
      vertex 9.7555 61.48 2
      vertex 9.48139 61.498 0.6
      vertex 9.7555 61.48 0.6
    endloop
  endfacet
  facet normal 0.884943 0.180601 0.429254
    outer loop
      vertex 11.301 63.9941 3
      vertex 11.7629 64.1076 2
      vertex 11.7609 64.1174 2
    endloop
  endfacet
  facet normal 0.885895 0.176057 0.429178
    outer loop
      vertex 11.7629 64.1076 2
      vertex 11.301 63.9941 3
      vertex 11.3418 63.7888 3
    endloop
  endfacet
  facet normal -0.855259 0.290381 0.429198
    outer loop
      vertex 7.83415 64.3651 2
      vertex 7.75005 64.1174 2
      vertex 8.21002 63.9941 3
    endloop
  endfacet
  facet normal -0.59555 0.679065 0.429175
    outer loop
      vertex 8.4841 65.2206 2
      vertex 8.28741 65.0481 2
      vertex 8.62413 64.7114 3
    endloop
  endfacet
  facet normal 0.901283 -0.059027 0.429191
    outer loop
      vertex 11.8317 63.58 2
      vertex 11.3555 63.58 3
      vertex 11.8146 63.3189 2
    endloop
  endfacet
  facet normal 0.901266 -0.0591348 0.429211
    outer loop
      vertex 11.3418 63.3712 3
      vertex 11.8146 63.3189 2
      vertex 11.3555 63.58 3
    endloop
  endfacet
  facet normal 0.900919 -0.0637014 0.429286
    outer loop
      vertex 11.8146 63.3189 2
      vertex 11.3418 63.3712 3
      vertex 11.8139 63.309 2
    endloop
  endfacet
  facet normal 0.75266 0.498751 0.429826
    outer loop
      vertex 11.0249 64.554 3
      vertex 11.5535 64.6181 2
      vertex 11.548 64.6264 2
    endloop
  endfacet
  facet normal 0.751119 0.501609 0.429195
    outer loop
      vertex 11.5535 64.6181 2
      vertex 11.0249 64.554 3
      vertex 11.1411 64.38 3
    endloop
  endfacet
  facet normal 0.17609 -0.885888 0.429178
    outer loop
      vertex 10.2831 61.5726 2
      vertex 10.1696 62.0345 3
      vertex 9.96434 61.9937 3
    endloop
  endfacet
  facet normal 0.180601 -0.884943 0.429254
    outer loop
      vertex 10.1696 62.0345 3
      vertex 10.2831 61.5726 2
      vertex 10.2929 61.5746 2
    endloop
  endfacet
  facet normal 0.0591253 0.901294 0.429153
    outer loop
      vertex 9.76544 65.6555 2
      vertex 9.7555 65.18 3
      vertex 9.96434 65.1663 3
    endloop
  endfacet
  facet normal 0.0634534 0.901038 0.429074
    outer loop
      vertex 9.7555 65.18 3
      vertex 9.76544 65.6555 2
      vertex 9.7555 65.6562 2
    endloop
  endfacet
  facet normal 0.900919 0.0637014 0.429286
    outer loop
      vertex 11.3418 63.7888 3
      vertex 11.8146 63.8411 2
      vertex 11.8139 63.851 2
    endloop
  endfacet
  facet normal 0.901266 0.0591348 0.429211
    outer loop
      vertex 11.8146 63.8411 2
      vertex 11.3418 63.7888 3
      vertex 11.3555 63.58 3
    endloop
  endfacet
  facet normal 0.404128 0.808256 0.428255
    outer loop
      vertex 10.55 65.4982 2
      vertex 10.5555 64.9656 3
      vertex 10.559 65.4937 2
    endloop
  endfacet
  facet normal 0.399605 0.809998 0.429207
    outer loop
      vertex 10.5555 64.9656 3
      vertex 10.55 65.4982 2
      vertex 10.3678 65.0582 3
    endloop
  endfacet
  facet normal 0.596684 0.67805 0.429203
    outer loop
      vertex 11.2161 65.0547 2
      vertex 10.8869 64.7114 3
      vertex 11.2236 65.0481 2
    endloop
  endfacet
  facet normal 0.595447 0.679155 0.429175
    outer loop
      vertex 10.8869 64.7114 3
      vertex 11.2161 65.0547 2
      vertex 10.7295 64.8494 3
    endloop
  endfacet
  facet normal 0.855282 0.290388 0.429147
    outer loop
      vertex 11.6736 64.3745 2
      vertex 11.2337 64.1923 3
      vertex 11.7577 64.1268 2
    endloop
  endfacet
  facet normal -0.501698 0.751062 0.429192
    outer loop
      vertex 8.7174 65.378 2
      vertex 8.49988 65.2327 2
      vertex 8.9555 64.9656 3
    endloop
  endfacet
  facet normal -0.180955 -0.88487 0.429255
    outer loop
      vertex 9.22792 61.5726 2
      vertex 9.34139 62.0345 3
      vertex 9.21814 61.5746 2
    endloop
  endfacet
  facet normal -0.176082 -0.885892 0.429174
    outer loop
      vertex 9.34139 62.0345 3
      vertex 9.22792 61.5726 2
      vertex 9.54666 61.9937 3
    endloop
  endfacet
  facet normal -0.399586 0.810002 0.429217
    outer loop
      vertex 8.96098 65.4982 2
      vertex 8.9555 64.9656 3
      vertex 9.14321 65.0582 3
    endloop
  endfacet
  facet normal -0.406395 0.807371 0.427779
    outer loop
      vertex 8.9555 64.9656 3
      vertex 8.96098 65.4982 2
      vertex 8.95204 65.4937 2
    endloop
  endfacet
  facet normal 0.399641 -0.809981 0.429206
    outer loop
      vertex 10.7847 61.7776 2
      vertex 10.3678 62.1018 3
      vertex 10.55 61.6618 2
    endloop
  endfacet
  facet normal -0.810118 -0.399398 0.429174
    outer loop
      vertex 8.27729 62.9677 3
      vertex 7.83735 62.7855 2
      vertex 7.95306 62.5508 2
    endloop
  endfacet
  facet normal -0.750981 -0.501828 0.429182
    outer loop
      vertex 8.36986 62.78 3
      vertex 7.95747 62.5419 2
      vertex 8.10281 62.3244 2
    endloop
  endfacet
  facet normal 0.505157 0.748715 0.429235
    outer loop
      vertex 11.0111 65.2327 2
      vertex 10.7295 64.8494 3
      vertex 11.0194 65.2271 2
    endloop
  endfacet
  facet normal 0.501618 0.751131 0.429164
    outer loop
      vertex 10.7295 64.8494 3
      vertex 11.0111 65.2327 2
      vertex 10.5555 64.9656 3
    endloop
  endfacet
  facet normal 0.595526 -0.679072 0.429196
    outer loop
      vertex 11.2161 62.1053 2
      vertex 10.7295 62.3106 3
      vertex 11.0194 61.9328 2
    endloop
  endfacet
  facet normal -0.176087 -0.885891 0.429175
    outer loop
      vertex 9.54666 61.9937 3
      vertex 9.22792 61.5726 2
      vertex 9.4845 61.5216 2
    endloop
  endfacet
  facet normal 0.501609 -0.751119 0.429195
    outer loop
      vertex 10.7936 61.782 2
      vertex 10.7295 62.3106 3
      vertex 10.5555 62.1944 3
    endloop
  endfacet
  facet normal 0.498751 -0.75266 0.429826
    outer loop
      vertex 10.7295 62.3106 3
      vertex 10.7936 61.782 2
      vertex 10.8019 61.7875 2
    endloop
  endfacet
  facet normal 0.50173 0.751041 0.429191
    outer loop
      vertex 10.7936 65.378 2
      vertex 10.5555 64.9656 3
      vertex 11.0111 65.2327 2
    endloop
  endfacet
  facet normal 0.595346 0.679261 0.429148
    outer loop
      vertex 11.0194 65.2271 2
      vertex 10.7295 64.8494 3
      vertex 11.2161 65.0547 2
    endloop
  endfacet
  facet normal -0.39885 -0.81039 0.429171
    outer loop
      vertex 8.72634 61.7776 2
      vertex 8.9555 62.1944 3
      vertex 8.7174 61.782 2
    endloop
  endfacet
  facet normal -0.399592 -0.810016 0.429185
    outer loop
      vertex 8.9555 62.1944 3
      vertex 8.72634 61.7776 2
      vertex 9.14321 62.1018 3
    endloop
  endfacet
  facet normal 0.679072 0.595526 0.429196
    outer loop
      vertex 11.2302 65.0406 2
      vertex 11.0249 64.554 3
      vertex 11.4027 64.8439 2
    endloop
  endfacet
  facet normal -0.810893 0.397337 0.429623
    outer loop
      vertex 7.83735 64.3745 2
      vertex 8.36986 64.38 3
      vertex 7.84176 64.3835 2
    endloop
  endfacet
  facet normal -0.810065 0.399508 0.429171
    outer loop
      vertex 8.36986 64.38 3
      vertex 7.83735 64.3745 2
      vertex 8.27729 64.1923 3
    endloop
  endfacet
  facet normal -0.49964 -0.752186 0.429623
    outer loop
      vertex 8.7174 61.782 2
      vertex 8.78148 62.3106 3
      vertex 8.70912 61.7875 2
    endloop
  endfacet
  facet normal -0.501569 -0.751145 0.429196
    outer loop
      vertex 8.78148 62.3106 3
      vertex 8.7174 61.782 2
      vertex 8.9555 62.1944 3
    endloop
  endfacet
  facet normal -0.290428 0.85523 0.429224
    outer loop
      vertex 8.97041 65.5014 2
      vertex 9.14321 65.0582 3
      vertex 9.34139 65.1255 3
    endloop
  endfacet
  facet normal -0.290238 0.855296 0.42922
    outer loop
      vertex 9.14321 65.0582 3
      vertex 8.97041 65.5014 2
      vertex 8.96098 65.4982 2
    endloop
  endfacet
  facet normal 0.180601 0.884943 0.429254
    outer loop
      vertex 10.2831 65.5874 2
      vertex 10.1696 65.1255 3
      vertex 10.2929 65.5854 2
    endloop
  endfacet
  facet normal 0.17609 0.885888 0.429178
    outer loop
      vertex 10.1696 65.1255 3
      vertex 10.2831 65.5874 2
      vertex 9.96434 65.1663 3
    endloop
  endfacet
  facet normal -0.901279 0.0591749 0.42918
    outer loop
      vertex 8.1555 63.58 3
      vertex 7.67996 63.5899 2
      vertex 7.67931 63.58 2
    endloop
  endfacet
  facet normal -0.901283 0.0590928 0.429181
    outer loop
      vertex 7.67996 63.5899 2
      vertex 8.1555 63.58 3
      vertex 8.16919 63.7888 3
    endloop
  endfacet
  facet normal -0.901283 -0.0590614 0.429187
    outer loop
      vertex 8.16919 63.3712 3
      vertex 7.67996 63.5701 2
      vertex 7.69707 63.309 2
    endloop
  endfacet
  facet normal 0.855109 0.291101 0.42901
    outer loop
      vertex 11.2337 64.1923 3
      vertex 11.7609 64.1174 2
      vertex 11.7577 64.1268 2
    endloop
  endfacet
  facet normal 0.855273 0.290413 0.429148
    outer loop
      vertex 11.7609 64.1174 2
      vertex 11.2337 64.1923 3
      vertex 11.301 63.9941 3
    endloop
  endfacet
  facet normal -0.59555 -0.679065 0.429175
    outer loop
      vertex 8.62413 62.4486 3
      vertex 8.28741 62.1119 2
      vertex 8.4841 61.9394 2
    endloop
  endfacet
  facet normal 0.885891 0.176073 0.429181
    outer loop
      vertex 11.7629 64.1076 2
      vertex 11.3418 63.7888 3
      vertex 11.8139 63.851 2
    endloop
  endfacet
  facet normal 0.901283 0.059027 0.429191
    outer loop
      vertex 11.8146 63.8411 2
      vertex 11.3555 63.58 3
      vertex 11.8317 63.58 2
    endloop
  endfacet
  facet normal -0.597267 -0.677808 0.428775
    outer loop
      vertex 8.49159 61.9328 2
      vertex 8.62413 62.4486 3
      vertex 8.4841 61.9394 2
    endloop
  endfacet
  facet normal -0.595549 -0.679055 0.429191
    outer loop
      vertex 8.62413 62.4486 3
      vertex 8.49159 61.9328 2
      vertex 8.78148 62.3106 3
    endloop
  endfacet
  facet normal -0.810046 0.399533 0.429184
    outer loop
      vertex 7.95747 64.6181 2
      vertex 7.84176 64.3835 2
      vertex 8.36986 64.38 3
    endloop
  endfacet
  facet normal 0.176074 0.885893 0.429175
    outer loop
      vertex 10.0265 65.6384 2
      vertex 9.96434 65.1663 3
      vertex 10.2831 65.5874 2
    endloop
  endfacet
  facet normal -0.679375 0.595133 0.429263
    outer loop
      vertex 8.10835 64.8439 2
      vertex 8.62413 64.7114 3
      vertex 8.11492 64.8514 2
    endloop
  endfacet
  facet normal -0.67915 0.595443 0.429188
    outer loop
      vertex 8.62413 64.7114 3
      vertex 8.10835 64.8439 2
      vertex 8.48613 64.554 3
    endloop
  endfacet
  facet normal 0.291066 0.855007 0.429235
    outer loop
      vertex 10.5406 65.5014 2
      vertex 10.3678 65.0582 3
      vertex 10.55 65.4982 2
    endloop
  endfacet
  facet normal 0.290402 0.855239 0.429223
    outer loop
      vertex 10.3678 65.0582 3
      vertex 10.5406 65.5014 2
      vertex 10.1696 65.1255 3
    endloop
  endfacet
  facet normal -0.0590389 0.901292 0.42917
    outer loop
      vertex 9.74555 65.6555 2
      vertex 9.4845 65.6384 2
      vertex 9.54666 65.1663 3
    endloop
  endfacet
  facet normal -0.501683 -0.751074 0.429188
    outer loop
      vertex 8.78148 62.3106 3
      vertex 8.49159 61.9328 2
      vertex 8.70912 61.7875 2
    endloop
  endfacet
  facet normal -0.176082 0.885892 0.429174
    outer loop
      vertex 9.22792 65.5874 2
      vertex 9.34139 65.1255 3
      vertex 9.54666 65.1663 3
    endloop
  endfacet
  facet normal -0.180955 0.88487 0.429255
    outer loop
      vertex 9.34139 65.1255 3
      vertex 9.22792 65.5874 2
      vertex 9.21814 65.5854 2
    endloop
  endfacet
  facet normal 0.059027 -0.901283 0.429191
    outer loop
      vertex 10.0166 61.5209 2
      vertex 9.7555 61.98 3
      vertex 9.7555 61.5038 2
    endloop
  endfacet
  facet normal 0.176074 -0.885893 0.429175
    outer loop
      vertex 10.2831 61.5726 2
      vertex 9.96434 61.9937 3
      vertex 10.0265 61.5216 2
    endloop
  endfacet
  facet normal -0.810054 -0.399503 0.429197
    outer loop
      vertex 7.95306 62.5508 2
      vertex 8.36986 62.78 3
      vertex 8.27729 62.9677 3
    endloop
  endfacet
  facet normal -0.809294 -0.40101 0.429225
    outer loop
      vertex 8.36986 62.78 3
      vertex 7.95306 62.5508 2
      vertex 7.95747 62.5419 2
    endloop
  endfacet
  facet normal 0.0590366 0.901292 0.42917
    outer loop
      vertex 10.0265 65.6384 2
      vertex 9.76544 65.6555 2
      vertex 9.96434 65.1663 3
    endloop
  endfacet
  facet normal 0.399607 -0.810002 0.429199
    outer loop
      vertex 10.7847 61.7776 2
      vertex 10.5555 62.1944 3
      vertex 10.3678 62.1018 3
    endloop
  endfacet
  facet normal 0.400282 -0.809661 0.429212
    outer loop
      vertex 10.5555 62.1944 3
      vertex 10.7847 61.7776 2
      vertex 10.7936 61.782 2
    endloop
  endfacet
  facet normal -0.399722 -0.809937 0.429214
    outer loop
      vertex 9.14321 62.1018 3
      vertex 8.72634 61.7776 2
      vertex 8.96098 61.6618 2
    endloop
  endfacet
  facet normal -0.855298 -0.290292 0.429179
    outer loop
      vertex 7.83415 62.7949 2
      vertex 8.27729 62.9677 3
      vertex 8.21002 63.1659 3
    endloop
  endfacet
  facet normal -0.855026 -0.291073 0.429194
    outer loop
      vertex 8.27729 62.9677 3
      vertex 7.83415 62.7949 2
      vertex 7.83735 62.7855 2
    endloop
  endfacet
  facet normal -0.595567 0.679075 0.429136
    outer loop
      vertex 8.49159 65.2271 2
      vertex 8.62413 64.7114 3
      vertex 8.78148 64.8494 3
    endloop
  endfacet
  facet normal -0.591723 0.681847 0.430056
    outer loop
      vertex 8.62413 64.7114 3
      vertex 8.49159 65.2271 2
      vertex 8.4841 65.2206 2
    endloop
  endfacet
  facet normal 0.810057 0.399504 0.42919
    outer loop
      vertex 11.5535 64.6181 2
      vertex 11.1411 64.38 3
      vertex 11.6692 64.3835 2
    endloop
  endfacet
  facet normal -0.886028 0.175397 0.429173
    outer loop
      vertex 7.74811 64.1076 2
      vertex 8.21002 63.9941 3
      vertex 7.75005 64.1174 2
    endloop
  endfacet
  facet normal -0.885866 0.176181 0.429187
    outer loop
      vertex 8.21002 63.9941 3
      vertex 7.74811 64.1076 2
      vertex 8.16919 63.7888 3
    endloop
  endfacet
  facet normal -0.290047 -0.855364 0.429215
    outer loop
      vertex 9.14321 62.1018 3
      vertex 8.96098 61.6618 2
      vertex 9.2087 61.5778 2
    endloop
  endfacet
  facet normal -0.679097 0.595513 0.429175
    outer loop
      vertex 8.28741 65.0481 2
      vertex 8.11492 64.8514 2
      vertex 8.62413 64.7114 3
    endloop
  endfacet
  facet normal 0.501729 -0.75104 0.429194
    outer loop
      vertex 11.0194 61.9328 2
      vertex 10.7295 62.3106 3
      vertex 10.8019 61.7875 2
    endloop
  endfacet
  facet normal 0.67805 0.596684 0.429203
    outer loop
      vertex 10.8869 64.7114 3
      vertex 11.2302 65.0406 2
      vertex 11.2236 65.0481 2
    endloop
  endfacet
  facet normal 0.679155 0.595447 0.429175
    outer loop
      vertex 11.2302 65.0406 2
      vertex 10.8869 64.7114 3
      vertex 11.0249 64.554 3
    endloop
  endfacet
  facet normal 0.811184 0.396579 0.429774
    outer loop
      vertex 11.1411 64.38 3
      vertex 11.6736 64.3745 2
      vertex 11.6692 64.3835 2
    endloop
  endfacet
  facet normal 0.810026 0.399619 0.429141
    outer loop
      vertex 11.6736 64.3745 2
      vertex 11.1411 64.38 3
      vertex 11.2337 64.1923 3
    endloop
  endfacet
  facet normal -0.855026 0.291073 0.429194
    outer loop
      vertex 7.83415 64.3651 2
      vertex 8.27729 64.1923 3
      vertex 7.83735 64.3745 2
    endloop
  endfacet
  facet normal -0.855298 0.290292 0.429179
    outer loop
      vertex 8.27729 64.1923 3
      vertex 7.83415 64.3651 2
      vertex 8.21002 63.9941 3
    endloop
  endfacet
  facet normal 0.0591236 -0.901268 0.429209
    outer loop
      vertex 10.0166 61.5209 2
      vertex 9.96434 61.9937 3
      vertex 9.7555 61.98 3
    endloop
  endfacet
  facet normal 0.0637014 -0.90092 0.429284
    outer loop
      vertex 9.96434 61.9937 3
      vertex 10.0166 61.5209 2
      vertex 10.0265 61.5216 2
    endloop
  endfacet
  facet normal 0.399504 0.810057 0.42919
    outer loop
      vertex 10.559 65.4937 2
      vertex 10.5555 64.9656 3
      vertex 10.7936 65.378 2
    endloop
  endfacet
  facet normal -0.750981 0.501828 0.429182
    outer loop
      vertex 8.10281 64.8356 2
      vertex 7.95747 64.6181 2
      vertex 8.36986 64.38 3
    endloop
  endfacet
  facet normal 0.75104 0.501729 0.429194
    outer loop
      vertex 11.4027 64.8439 2
      vertex 11.0249 64.554 3
      vertex 11.548 64.6264 2
    endloop
  endfacet
  facet normal -0.67915 -0.595443 0.429188
    outer loop
      vertex 8.10835 62.3161 2
      vertex 8.62413 62.4486 3
      vertex 8.48613 62.606 3
    endloop
  endfacet
  facet normal -0.679375 -0.595133 0.429263
    outer loop
      vertex 8.62413 62.4486 3
      vertex 8.10835 62.3161 2
      vertex 8.11492 62.3086 2
    endloop
  endfacet
  facet normal 0.290077 0.855383 0.429157
    outer loop
      vertex 10.2929 65.5854 2
      vertex 10.1696 65.1255 3
      vertex 10.5406 65.5014 2
    endloop
  endfacet
  facet normal -0.289961 -0.855385 0.429232
    outer loop
      vertex 9.21814 61.5746 2
      vertex 9.14321 62.1018 3
      vertex 9.2087 61.5778 2
    endloop
  endfacet
  facet normal -0.290441 -0.85527 0.429136
    outer loop
      vertex 9.14321 62.1018 3
      vertex 9.21814 61.5746 2
      vertex 9.34139 62.0345 3
    endloop
  endfacet
  facet normal -0.501578 0.751158 0.429163
    outer loop
      vertex 8.49988 65.2327 2
      vertex 8.78148 64.8494 3
      vertex 8.9555 64.9656 3
    endloop
  endfacet
  facet normal -0.505573 0.748429 0.429242
    outer loop
      vertex 8.78148 64.8494 3
      vertex 8.49988 65.2327 2
      vertex 8.49159 65.2271 2
    endloop
  endfacet
  facet normal -0.855259 -0.290381 0.429198
    outer loop
      vertex 8.21002 63.1659 3
      vertex 7.75005 63.0426 2
      vertex 7.83415 62.7949 2
    endloop
  endfacet
  facet normal -0.901283 0.0590614 0.429187
    outer loop
      vertex 7.69707 63.851 2
      vertex 7.67996 63.5899 2
      vertex 8.16919 63.7888 3
    endloop
  endfacet
  facet normal -0.885859 0.176205 0.429192
    outer loop
      vertex 7.74811 64.1076 2
      vertex 7.69707 63.851 2
      vertex 8.16919 63.7888 3
    endloop
  endfacet
  facet normal -0.750985 -0.501822 0.429181
    outer loop
      vertex 8.10281 62.3244 2
      vertex 8.48613 62.606 3
      vertex 8.36986 62.78 3
    endloop
  endfacet
  facet normal -0.751248 -0.501435 0.429173
    outer loop
      vertex 8.48613 62.606 3
      vertex 8.10281 62.3244 2
      vertex 8.10835 62.3161 2
    endloop
  endfacet
  facet normal 0.679072 -0.595526 0.429196
    outer loop
      vertex 11.4027 62.3161 2
      vertex 11.0249 62.606 3
      vertex 11.2302 62.1194 2
    endloop
  endfacet
  facet normal -0.885859 -0.176205 0.429192
    outer loop
      vertex 8.16919 63.3712 3
      vertex 7.69707 63.309 2
      vertex 7.74811 63.0524 2
    endloop
  endfacet
  facet normal -0.39945 0.810085 0.429188
    outer loop
      vertex 8.95204 65.4937 2
      vertex 8.7174 65.378 2
      vertex 8.9555 64.9656 3
    endloop
  endfacet
  facet normal -0.679097 -0.595513 0.429175
    outer loop
      vertex 8.62413 62.4486 3
      vertex 8.11492 62.3086 2
      vertex 8.28741 62.1119 2
    endloop
  endfacet
  facet normal 0.751119 -0.501609 0.429195
    outer loop
      vertex 11.0249 62.606 3
      vertex 11.5535 62.5419 2
      vertex 11.1411 62.78 3
    endloop
  endfacet
  facet normal 0.75266 -0.498751 0.429826
    outer loop
      vertex 11.5535 62.5419 2
      vertex 11.0249 62.606 3
      vertex 11.548 62.5336 2
    endloop
  endfacet
  facet normal -0.290047 0.855398 0.429146
    outer loop
      vertex 9.21814 65.5854 2
      vertex 8.97041 65.5014 2
      vertex 9.34139 65.1255 3
    endloop
  endfacet
  facet normal -0.0633898 0.901041 0.429076
    outer loop
      vertex 9.74555 65.6555 2
      vertex 9.7555 65.18 3
      vertex 9.7555 65.6562 2
    endloop
  endfacet
  facet normal -0.0591253 0.901294 0.429154
    outer loop
      vertex 9.7555 65.18 3
      vertex 9.74555 65.6555 2
      vertex 9.54666 65.1663 3
    endloop
  endfacet
  facet normal -0.0590382 -0.901282 0.429191
    outer loop
      vertex 9.7555 61.98 3
      vertex 9.49445 61.5209 2
      vertex 9.7555 61.5038 2
    endloop
  endfacet
  facet normal 0.595447 -0.679155 0.429175
    outer loop
      vertex 11.2161 62.1053 2
      vertex 10.8869 62.4486 3
      vertex 10.7295 62.3106 3
    endloop
  endfacet
  facet normal 0.596684 -0.67805 0.429203
    outer loop
      vertex 10.8869 62.4486 3
      vertex 11.2161 62.1053 2
      vertex 11.2236 62.1119 2
    endloop
  endfacet
  facet normal -0.0633832 -0.900946 0.429277
    outer loop
      vertex 9.49445 61.5209 2
      vertex 9.54666 61.9937 3
      vertex 9.4845 61.5216 2
    endloop
  endfacet
  facet normal -0.0591237 -0.901269 0.429207
    outer loop
      vertex 9.54666 61.9937 3
      vertex 9.49445 61.5209 2
      vertex 9.7555 61.98 3
    endloop
  endfacet
  facet normal 0.810143 -0.399376 0.429148
    outer loop
      vertex 11.6736 62.7855 2
      vertex 11.2337 62.9677 3
      vertex 11.5579 62.5508 2
    endloop
  endfacet
  facet normal -0.176087 0.885891 0.429175
    outer loop
      vertex 9.4845 65.6384 2
      vertex 9.22792 65.5874 2
      vertex 9.54666 65.1663 3
    endloop
  endfacet
  facet normal -0.751248 0.501435 0.429173
    outer loop
      vertex 8.10281 64.8356 2
      vertex 8.48613 64.554 3
      vertex 8.10835 64.8439 2
    endloop
  endfacet
  facet normal -0.750985 0.501822 0.429181
    outer loop
      vertex 8.48613 64.554 3
      vertex 8.10281 64.8356 2
      vertex 8.36986 64.38 3
    endloop
  endfacet
  facet normal -0.901279 -0.0591749 0.42918
    outer loop
      vertex 7.67996 63.5701 2
      vertex 8.1555 63.58 3
      vertex 7.67931 63.58 2
    endloop
  endfacet
  facet normal -0.901283 -0.0590928 0.429181
    outer loop
      vertex 8.1555 63.58 3
      vertex 7.67996 63.5701 2
      vertex 8.16919 63.3712 3
    endloop
  endfacet
  facet normal -0.885866 -0.176181 0.429187
    outer loop
      vertex 7.74811 63.0524 2
      vertex 8.21002 63.1659 3
      vertex 8.16919 63.3712 3
    endloop
  endfacet
  facet normal -0.886028 -0.175397 0.429173
    outer loop
      vertex 8.21002 63.1659 3
      vertex 7.74811 63.0524 2
      vertex 7.75005 63.0426 2
    endloop
  endfacet
  facet normal 0.290069 -0.855359 0.429209
    outer loop
      vertex 10.3678 62.1018 3
      vertex 10.3023 61.5778 2
      vertex 10.55 61.6618 2
    endloop
  endfacet
  facet normal 0.290413 -0.855273 0.429148
    outer loop
      vertex 10.2929 61.5746 2
      vertex 10.3678 62.1018 3
      vertex 10.1696 62.0345 3
    endloop
  endfacet
  facet normal 0.291101 -0.855109 0.42901
    outer loop
      vertex 10.3678 62.1018 3
      vertex 10.2929 61.5746 2
      vertex 10.3023 61.5778 2
    endloop
  endfacet
  facet normal 0.885891 -0.176073 0.429181
    outer loop
      vertex 11.8139 63.309 2
      vertex 11.3418 63.3712 3
      vertex 11.7629 63.0524 2
    endloop
  endfacet
  facet normal 0.855282 -0.290388 0.429147
    outer loop
      vertex 11.7577 63.0332 2
      vertex 11.2337 62.9677 3
      vertex 11.6736 62.7855 2
    endloop
  endfacet
  facet normal 0.679155 -0.595447 0.429175
    outer loop
      vertex 10.8869 62.4486 3
      vertex 11.2302 62.1194 2
      vertex 11.0249 62.606 3
    endloop
  endfacet
  facet normal 0.67805 -0.596684 0.429203
    outer loop
      vertex 11.2302 62.1194 2
      vertex 10.8869 62.4486 3
      vertex 11.2236 62.1119 2
    endloop
  endfacet
  facet normal 0.75104 -0.501729 0.429194
    outer loop
      vertex 11.548 62.5336 2
      vertex 11.0249 62.606 3
      vertex 11.4027 62.3161 2
    endloop
  endfacet
  facet normal 0.885895 -0.176057 0.429178
    outer loop
      vertex 11.301 63.1659 3
      vertex 11.7629 63.0524 2
      vertex 11.3418 63.3712 3
    endloop
  endfacet
  facet normal 0.884943 -0.180601 0.429254
    outer loop
      vertex 11.7629 63.0524 2
      vertex 11.301 63.1659 3
      vertex 11.7609 63.0426 2
    endloop
  endfacet
  facet normal 0 0 1
    outer loop
      vertex 11.3418 63.7888 3
      vertex 11.3418 63.3712 3
      vertex 11.3555 63.58 3
    endloop
  endfacet
  facet normal 0 0 1
    outer loop
      vertex 11.301 63.9941 3
      vertex 11.3418 63.3712 3
      vertex 11.3418 63.7888 3
    endloop
  endfacet
  facet normal 0 0 1
    outer loop
      vertex 11.301 63.9941 3
      vertex 11.301 63.1659 3
      vertex 11.3418 63.3712 3
    endloop
  endfacet
  facet normal 0 0 1
    outer loop
      vertex 11.2337 64.1923 3
      vertex 11.301 63.1659 3
      vertex 11.301 63.9941 3
    endloop
  endfacet
  facet normal 0 0 1
    outer loop
      vertex 11.2337 64.1923 3
      vertex 11.2337 62.9677 3
      vertex 11.301 63.1659 3
    endloop
  endfacet
  facet normal 0 0 1
    outer loop
      vertex 11.1411 64.38 3
      vertex 11.2337 62.9677 3
      vertex 11.2337 64.1923 3
    endloop
  endfacet
  facet normal 0 0 1
    outer loop
      vertex 11.1411 64.38 3
      vertex 11.1411 62.78 3
      vertex 11.2337 62.9677 3
    endloop
  endfacet
  facet normal 0 0 1
    outer loop
      vertex 11.0249 64.554 3
      vertex 11.1411 62.78 3
      vertex 11.1411 64.38 3
    endloop
  endfacet
  facet normal 0 0 1
    outer loop
      vertex 11.0249 64.554 3
      vertex 11.0249 62.606 3
      vertex 11.1411 62.78 3
    endloop
  endfacet
  facet normal 0 0 1
    outer loop
      vertex 10.8869 64.7114 3
      vertex 11.0249 62.606 3
      vertex 11.0249 64.554 3
    endloop
  endfacet
  facet normal 0 0 1
    outer loop
      vertex 10.8869 64.7114 3
      vertex 10.8869 62.4486 3
      vertex 11.0249 62.606 3
    endloop
  endfacet
  facet normal 0 0 1
    outer loop
      vertex 10.7295 64.8494 3
      vertex 10.8869 62.4486 3
      vertex 10.8869 64.7114 3
    endloop
  endfacet
  facet normal 0 0 1
    outer loop
      vertex 10.7295 64.8494 3
      vertex 10.7295 62.3106 3
      vertex 10.8869 62.4486 3
    endloop
  endfacet
  facet normal 0 0 1
    outer loop
      vertex 10.5555 64.9656 3
      vertex 10.7295 62.3106 3
      vertex 10.7295 64.8494 3
    endloop
  endfacet
  facet normal 0 0 1
    outer loop
      vertex 10.5555 64.9656 3
      vertex 10.5555 62.1944 3
      vertex 10.7295 62.3106 3
    endloop
  endfacet
  facet normal 0 0 1
    outer loop
      vertex 10.3678 65.0582 3
      vertex 10.5555 62.1944 3
      vertex 10.5555 64.9656 3
    endloop
  endfacet
  facet normal 0 0 1
    outer loop
      vertex 10.3678 65.0582 3
      vertex 10.3678 62.1018 3
      vertex 10.5555 62.1944 3
    endloop
  endfacet
  facet normal 0 0 1
    outer loop
      vertex 10.1696 65.1255 3
      vertex 10.3678 62.1018 3
      vertex 10.3678 65.0582 3
    endloop
  endfacet
  facet normal 0 0 1
    outer loop
      vertex 10.1696 65.1255 3
      vertex 10.1696 62.0345 3
      vertex 10.3678 62.1018 3
    endloop
  endfacet
  facet normal 0 0 1
    outer loop
      vertex 9.96434 65.1663 3
      vertex 10.1696 62.0345 3
      vertex 10.1696 65.1255 3
    endloop
  endfacet
  facet normal 0 0 1
    outer loop
      vertex 9.96434 65.1663 3
      vertex 9.96434 61.9937 3
      vertex 10.1696 62.0345 3
    endloop
  endfacet
  facet normal 0 0 1
    outer loop
      vertex 9.7555 65.18 3
      vertex 9.96434 61.9937 3
      vertex 9.96434 65.1663 3
    endloop
  endfacet
  facet normal 0 0 1
    outer loop
      vertex 9.7555 65.18 3
      vertex 9.7555 61.98 3
      vertex 9.96434 61.9937 3
    endloop
  endfacet
  facet normal -0 0 1
    outer loop
      vertex 9.54666 65.1663 3
      vertex 9.7555 61.98 3
      vertex 9.7555 65.18 3
    endloop
  endfacet
  facet normal 0 0 1
    outer loop
      vertex 9.54666 65.1663 3
      vertex 9.54666 61.9937 3
      vertex 9.7555 61.98 3
    endloop
  endfacet
  facet normal -0 0 1
    outer loop
      vertex 9.34139 65.1255 3
      vertex 9.54666 61.9937 3
      vertex 9.54666 65.1663 3
    endloop
  endfacet
  facet normal 0 0 1
    outer loop
      vertex 9.34139 65.1255 3
      vertex 9.34139 62.0345 3
      vertex 9.54666 61.9937 3
    endloop
  endfacet
  facet normal -0 0 1
    outer loop
      vertex 9.14321 65.0582 3
      vertex 9.34139 62.0345 3
      vertex 9.34139 65.1255 3
    endloop
  endfacet
  facet normal 0 0 1
    outer loop
      vertex 9.14321 65.0582 3
      vertex 9.14321 62.1018 3
      vertex 9.34139 62.0345 3
    endloop
  endfacet
  facet normal -0 0 1
    outer loop
      vertex 8.9555 64.9656 3
      vertex 9.14321 62.1018 3
      vertex 9.14321 65.0582 3
    endloop
  endfacet
  facet normal 0 0 1
    outer loop
      vertex 8.9555 64.9656 3
      vertex 8.9555 62.1944 3
      vertex 9.14321 62.1018 3
    endloop
  endfacet
  facet normal -0 0 1
    outer loop
      vertex 8.78148 64.8494 3
      vertex 8.9555 62.1944 3
      vertex 8.9555 64.9656 3
    endloop
  endfacet
  facet normal 0 0 1
    outer loop
      vertex 8.78148 64.8494 3
      vertex 8.78148 62.3106 3
      vertex 8.9555 62.1944 3
    endloop
  endfacet
  facet normal -0 0 1
    outer loop
      vertex 8.62413 64.7114 3
      vertex 8.78148 62.3106 3
      vertex 8.78148 64.8494 3
    endloop
  endfacet
  facet normal 0 0 1
    outer loop
      vertex 8.62413 64.7114 3
      vertex 8.62413 62.4486 3
      vertex 8.78148 62.3106 3
    endloop
  endfacet
  facet normal -0 0 1
    outer loop
      vertex 8.48613 64.554 3
      vertex 8.62413 62.4486 3
      vertex 8.62413 64.7114 3
    endloop
  endfacet
  facet normal 0 0 1
    outer loop
      vertex 8.48613 64.554 3
      vertex 8.48613 62.606 3
      vertex 8.62413 62.4486 3
    endloop
  endfacet
  facet normal -0 0 1
    outer loop
      vertex 8.36986 64.38 3
      vertex 8.48613 62.606 3
      vertex 8.48613 64.554 3
    endloop
  endfacet
  facet normal 0 0 1
    outer loop
      vertex 8.36986 64.38 3
      vertex 8.36986 62.78 3
      vertex 8.48613 62.606 3
    endloop
  endfacet
  facet normal -0 0 1
    outer loop
      vertex 8.27729 64.1923 3
      vertex 8.36986 62.78 3
      vertex 8.36986 64.38 3
    endloop
  endfacet
  facet normal 0 0 1
    outer loop
      vertex 8.27729 64.1923 3
      vertex 8.27729 62.9677 3
      vertex 8.36986 62.78 3
    endloop
  endfacet
  facet normal -0 0 1
    outer loop
      vertex 8.21002 63.9941 3
      vertex 8.27729 62.9677 3
      vertex 8.27729 64.1923 3
    endloop
  endfacet
  facet normal 0 0 1
    outer loop
      vertex 8.21002 63.9941 3
      vertex 8.21002 63.1659 3
      vertex 8.27729 62.9677 3
    endloop
  endfacet
  facet normal -0 0 1
    outer loop
      vertex 8.16919 63.7888 3
      vertex 8.21002 63.1659 3
      vertex 8.21002 63.9941 3
    endloop
  endfacet
  facet normal 0 0 1
    outer loop
      vertex 8.16919 63.7888 3
      vertex 8.16919 63.3712 3
      vertex 8.21002 63.1659 3
    endloop
  endfacet
  facet normal 0 -0 1
    outer loop
      vertex 8.16919 63.3712 3
      vertex 8.16919 63.7888 3
      vertex 8.1555 63.58 3
    endloop
  endfacet
  facet normal 0.810002 -0.399607 0.429199
    outer loop
      vertex 11.1411 62.78 3
      vertex 11.5579 62.5508 2
      vertex 11.2337 62.9677 3
    endloop
  endfacet
  facet normal 0.809661 -0.400282 0.429212
    outer loop
      vertex 11.5579 62.5508 2
      vertex 11.1411 62.78 3
      vertex 11.5535 62.5419 2
    endloop
  endfacet
  facet normal 0.855273 -0.290413 0.429148
    outer loop
      vertex 11.2337 62.9677 3
      vertex 11.7609 63.0426 2
      vertex 11.301 63.1659 3
    endloop
  endfacet
  facet normal 0.855109 -0.291101 0.42901
    outer loop
      vertex 11.7609 63.0426 2
      vertex 11.2337 62.9677 3
      vertex 11.7577 63.0332 2
    endloop
  endfacet
  facet normal -0.707107 0 0.707107
    outer loop
      vertex 16.5 61.38 0.6
      vertex 17.5 65.78 1.6
      vertex 16.5 65.78 0.6
    endloop
  endfacet
  facet normal -0.707107 0 0.707107
    outer loop
      vertex 16.5 61.38 0.6
      vertex 17.5 61.38 1.6
      vertex 17.5 65.78 1.6
    endloop
  endfacet
  facet normal 0 1 -0
    outer loop
      vertex 17.5 65.78 0.6
      vertex 16.5 65.78 0.6
      vertex 17.5 65.78 1.6
    endloop
  endfacet
  facet normal 0 -1 0
    outer loop
      vertex 17.5 61.38 0
      vertex 16.5 61.38 0.6
      vertex 16.5 61.38 0
    endloop
  endfacet
  facet normal 0 -1 0
    outer loop
      vertex 16.5 61.38 0.6
      vertex 17.5 61.38 0
      vertex 17.5 61.38 1.6
    endloop
  endfacet
  facet normal 0.442063 -0.896984 0
    outer loop
      vertex 28.1764 61.5475 0
      vertex 28.4345 61.6747 0.6
      vertex 28.1764 61.5475 0.6
    endloop
  endfacet
  facet normal 0.442063 -0.896984 0
    outer loop
      vertex 28.4345 61.6747 0.6
      vertex 28.1764 61.5475 0
      vertex 28.4345 61.6747 0
    endloop
  endfacet
  facet normal 0.997864 0.0653198 0
    outer loop
      vertex 29.5345 63.58 0.6
      vertex 29.5157 63.8672 0
      vertex 29.5157 63.8672 0.6
    endloop
  endfacet
  facet normal 0.997864 0.0653198 0
    outer loop
      vertex 29.5157 63.8672 0
      vertex 29.5345 63.58 0.6
      vertex 29.5345 63.58 0
    endloop
  endfacet
  facet normal 0.980741 0.195314 0
    outer loop
      vertex 29.5157 63.8672 0.6
      vertex 29.4595 64.1494 0
      vertex 29.4595 64.1494 0.6
    endloop
  endfacet
  facet normal 0.980741 0.195314 0
    outer loop
      vertex 29.4595 64.1494 0
      vertex 29.5157 63.8672 0.6
      vertex 29.5157 63.8672 0
    endloop
  endfacet
  facet normal 0.442063 0.896984 -0
    outer loop
      vertex 28.4345 65.4853 0
      vertex 28.1764 65.6125 0.6
      vertex 28.4345 65.4853 0.6
    endloop
  endfacet
  facet normal 0.442063 0.896984 0
    outer loop
      vertex 28.1764 65.6125 0.6
      vertex 28.4345 65.4853 0
      vertex 28.1764 65.6125 0
    endloop
  endfacet
  facet normal 0.555582 0.831462 -0
    outer loop
      vertex 28.6738 65.3254 0
      vertex 28.4345 65.4853 0.6
      vertex 28.6738 65.3254 0.6
    endloop
  endfacet
  facet normal 0.555582 0.831462 0
    outer loop
      vertex 28.4345 65.4853 0.6
      vertex 28.6738 65.3254 0
      vertex 28.4345 65.4853 0
    endloop
  endfacet
  facet normal 0 1 -0
    outer loop
      vertex 27.3345 65.78 0
      vertex 19.59 65.78 0.6
      vertex 27.3345 65.78 0.6
    endloop
  endfacet
  facet normal 0 1 0
    outer loop
      vertex 19.59 65.78 0.6
      vertex 27.3345 65.78 0
      vertex 19.59 65.78 0
    endloop
  endfacet
  facet normal 0 -1 0
    outer loop
      vertex 20.59 61.38 0
      vertex 27.3345 61.38 0.6
      vertex 20.59 61.38 0.6
    endloop
  endfacet
  facet normal 0 -1 -0
    outer loop
      vertex 27.3345 61.38 0.6
      vertex 20.59 61.38 0
      vertex 27.3345 61.38 0
    endloop
  endfacet
  facet normal 0.946931 -0.321435 0
    outer loop
      vertex 29.367 62.7381 0.6
      vertex 29.4595 63.0106 0
      vertex 29.4595 63.0106 0.6
    endloop
  endfacet
  facet normal 0.946931 -0.321435 0
    outer loop
      vertex 29.4595 63.0106 0
      vertex 29.367 62.7381 0.6
      vertex 29.367 62.7381 0
    endloop
  endfacet
  facet normal 0.659562 -0.75165 0
    outer loop
      vertex 28.6738 61.8346 0
      vertex 28.8901 62.0244 0.6
      vertex 28.6738 61.8346 0.6
    endloop
  endfacet
  facet normal 0.659562 -0.75165 0
    outer loop
      vertex 28.8901 62.0244 0.6
      vertex 28.6738 61.8346 0
      vertex 28.8901 62.0244 0
    endloop
  endfacet
  facet normal 0.321435 0.946931 -0
    outer loop
      vertex 28.1764 65.6125 0
      vertex 27.9039 65.705 0.6
      vertex 28.1764 65.6125 0.6
    endloop
  endfacet
  facet normal 0.321435 0.946931 0
    outer loop
      vertex 27.9039 65.705 0.6
      vertex 28.1764 65.6125 0
      vertex 27.9039 65.705 0
    endloop
  endfacet
  facet normal 0 0 1
    outer loop
      vertex 29.4345 63.58 0.6
      vertex 29.5345 63.58 0.6
      vertex 29.5157 63.8672 0.6
    endloop
  endfacet
  facet normal 0 0 1
    outer loop
      vertex 29.4165 63.8541 0.6
      vertex 29.5157 63.8672 0.6
      vertex 29.4595 64.1494 0.6
    endloop
  endfacet
  facet normal 0 0 1
    outer loop
      vertex 29.5345 63.58 0.6
      vertex 29.4345 63.58 0.6
      vertex 29.5157 63.2929 0.6
    endloop
  endfacet
  facet normal -0 0 1
    outer loop
      vertex 29.4165 63.3059 0.6
      vertex 29.5157 63.2929 0.6
      vertex 29.4345 63.58 0.6
    endloop
  endfacet
  facet normal 0 0 1
    outer loop
      vertex 29.5157 63.8672 0.6
      vertex 29.4165 63.8541 0.6
      vertex 29.4345 63.58 0.6
    endloop
  endfacet
  facet normal 0 0 1
    outer loop
      vertex 29.3629 64.1235 0.6
      vertex 29.4595 64.1494 0.6
      vertex 29.367 64.4219 0.6
    endloop
  endfacet
  facet normal 0 0 1
    outer loop
      vertex 29.4595 64.1494 0.6
      vertex 29.3629 64.1235 0.6
      vertex 29.4165 63.8541 0.6
    endloop
  endfacet
  facet normal 0 0 1
    outer loop
      vertex 29.367 64.4219 0.6
      vertex 29.2746 64.3836 0.6
      vertex 29.3629 64.1235 0.6
    endloop
  endfacet
  facet normal 0 0 1
    outer loop
      vertex 29.2398 64.68 0.6
      vertex 29.2746 64.3836 0.6
      vertex 29.367 64.4219 0.6
    endloop
  endfacet
  facet normal 0 0 1
    outer loop
      vertex 29.2398 64.68 0.6
      vertex 29.1532 64.63 0.6
      vertex 29.2746 64.3836 0.6
    endloop
  endfacet
  facet normal 0 0 1
    outer loop
      vertex 29.0799 64.9193 0.6
      vertex 29.1532 64.63 0.6
      vertex 29.2398 64.68 0.6
    endloop
  endfacet
  facet normal 0 0 1
    outer loop
      vertex 29.0799 64.9193 0.6
      vertex 29.0005 64.8584 0.6
      vertex 29.1532 64.63 0.6
    endloop
  endfacet
  facet normal 0 0 1
    outer loop
      vertex 28.8901 65.1356 0.6
      vertex 29.0005 64.8584 0.6
      vertex 29.0799 64.9193 0.6
    endloop
  endfacet
  facet normal 0 0 1
    outer loop
      vertex 28.8901 65.1356 0.6
      vertex 28.8194 65.0649 0.6
      vertex 29.0005 64.8584 0.6
    endloop
  endfacet
  facet normal 0 0 1
    outer loop
      vertex 28.6738 65.3254 0.6
      vertex 28.8194 65.0649 0.6
      vertex 28.8901 65.1356 0.6
    endloop
  endfacet
  facet normal 0 0 1
    outer loop
      vertex 28.6738 65.3254 0.6
      vertex 28.6129 65.246 0.6
      vertex 28.8194 65.0649 0.6
    endloop
  endfacet
  facet normal 0 0 1
    outer loop
      vertex 28.4345 65.4853 0.6
      vertex 28.6129 65.246 0.6
      vertex 28.6738 65.3254 0.6
    endloop
  endfacet
  facet normal 0 0 1
    outer loop
      vertex 28.4345 65.4853 0.6
      vertex 28.3845 65.3987 0.6
      vertex 28.6129 65.246 0.6
    endloop
  endfacet
  facet normal 0 0 1
    outer loop
      vertex 28.1764 65.6125 0.6
      vertex 28.3845 65.3987 0.6
      vertex 28.4345 65.4853 0.6
    endloop
  endfacet
  facet normal 0 0 1
    outer loop
      vertex 28.1764 65.6125 0.6
      vertex 28.1381 65.5201 0.6
      vertex 28.3845 65.3987 0.6
    endloop
  endfacet
  facet normal 0 0 1
    outer loop
      vertex 27.9039 65.705 0.6
      vertex 28.1381 65.5201 0.6
      vertex 28.1764 65.6125 0.6
    endloop
  endfacet
  facet normal 0 0 1
    outer loop
      vertex 27.9039 65.705 0.6
      vertex 27.878 65.6084 0.6
      vertex 28.1381 65.5201 0.6
    endloop
  endfacet
  facet normal 0 0 1
    outer loop
      vertex 27.6217 65.7612 0.6
      vertex 27.878 65.6084 0.6
      vertex 27.9039 65.705 0.6
    endloop
  endfacet
  facet normal 0 0 1
    outer loop
      vertex 27.6217 65.7612 0.6
      vertex 27.6086 65.662 0.6
      vertex 27.878 65.6084 0.6
    endloop
  endfacet
  facet normal 0 0 1
    outer loop
      vertex 27.3345 65.78 0.6
      vertex 27.6086 65.662 0.6
      vertex 27.6217 65.7612 0.6
    endloop
  endfacet
  facet normal 0 0 1
    outer loop
      vertex 27.3345 65.78 0.6
      vertex 27.3345 65.68 0.6
      vertex 27.6086 65.662 0.6
    endloop
  endfacet
  facet normal 0 0 1
    outer loop
      vertex 27.3345 65.78 0.6
      vertex 27.0604 65.662 0.6
      vertex 27.3345 65.68 0.6
    endloop
  endfacet
  facet normal 0 0 1
    outer loop
      vertex 27.3345 65.78 0.6
      vertex 26.791 65.6084 0.6
      vertex 27.0604 65.662 0.6
    endloop
  endfacet
  facet normal 0 0 1
    outer loop
      vertex 25.2525 63.8541 0.6
      vertex 20.59 65.78 0.6
      vertex 25.2345 63.58 0.6
    endloop
  endfacet
  facet normal 0 0 1
    outer loop
      vertex 25.3061 64.1235 0.6
      vertex 20.59 65.78 0.6
      vertex 25.2525 63.8541 0.6
    endloop
  endfacet
  facet normal 0 0 1
    outer loop
      vertex 25.3944 64.3836 0.6
      vertex 20.59 65.78 0.6
      vertex 25.3061 64.1235 0.6
    endloop
  endfacet
  facet normal 0 0 1
    outer loop
      vertex 25.5158 64.63 0.6
      vertex 20.59 65.78 0.6
      vertex 25.3944 64.3836 0.6
    endloop
  endfacet
  facet normal 0 0 1
    outer loop
      vertex 25.6685 64.8584 0.6
      vertex 20.59 65.78 0.6
      vertex 25.5158 64.63 0.6
    endloop
  endfacet
  facet normal 0 0 1
    outer loop
      vertex 25.8496 65.0649 0.6
      vertex 20.59 65.78 0.6
      vertex 25.6685 64.8584 0.6
    endloop
  endfacet
  facet normal 0 0 1
    outer loop
      vertex 26.0561 65.246 0.6
      vertex 20.59 65.78 0.6
      vertex 25.8496 65.0649 0.6
    endloop
  endfacet
  facet normal 0 0 1
    outer loop
      vertex 26.2845 65.3987 0.6
      vertex 20.59 65.78 0.6
      vertex 26.0561 65.246 0.6
    endloop
  endfacet
  facet normal 0 0 1
    outer loop
      vertex 26.5309 65.5201 0.6
      vertex 20.59 65.78 0.6
      vertex 26.2845 65.3987 0.6
    endloop
  endfacet
  facet normal 0 0 1
    outer loop
      vertex 26.791 65.6084 0.6
      vertex 20.59 65.78 0.6
      vertex 26.5309 65.5201 0.6
    endloop
  endfacet
  facet normal -0 0 1
    outer loop
      vertex 20.59 65.78 0.6
      vertex 26.791 65.6084 0.6
      vertex 27.3345 65.78 0.6
    endloop
  endfacet
  facet normal 0 0 1
    outer loop
      vertex 29.5157 63.2929 0.6
      vertex 29.4165 63.3059 0.6
      vertex 29.4595 63.0106 0.6
    endloop
  endfacet
  facet normal -0 0 1
    outer loop
      vertex 29.3629 63.0365 0.6
      vertex 29.4595 63.0106 0.6
      vertex 29.4165 63.3059 0.6
    endloop
  endfacet
  facet normal 0 0 1
    outer loop
      vertex 29.4595 63.0106 0.6
      vertex 29.3629 63.0365 0.6
      vertex 29.367 62.7381 0.6
    endloop
  endfacet
  facet normal -0 0 1
    outer loop
      vertex 29.2746 62.7764 0.6
      vertex 29.367 62.7381 0.6
      vertex 29.3629 63.0365 0.6
    endloop
  endfacet
  facet normal 0 0 1
    outer loop
      vertex 29.2746 62.7764 0.6
      vertex 29.2398 62.48 0.6
      vertex 29.367 62.7381 0.6
    endloop
  endfacet
  facet normal -0 0 1
    outer loop
      vertex 29.1532 62.53 0.6
      vertex 29.2398 62.48 0.6
      vertex 29.2746 62.7764 0.6
    endloop
  endfacet
  facet normal 0 0 1
    outer loop
      vertex 29.1532 62.53 0.6
      vertex 29.0799 62.2407 0.6
      vertex 29.2398 62.48 0.6
    endloop
  endfacet
  facet normal -0 0 1
    outer loop
      vertex 29.0005 62.3016 0.6
      vertex 29.0799 62.2407 0.6
      vertex 29.1532 62.53 0.6
    endloop
  endfacet
  facet normal 0 0 1
    outer loop
      vertex 29.0005 62.3016 0.6
      vertex 28.8901 62.0244 0.6
      vertex 29.0799 62.2407 0.6
    endloop
  endfacet
  facet normal -0 0 1
    outer loop
      vertex 28.8194 62.0951 0.6
      vertex 28.8901 62.0244 0.6
      vertex 29.0005 62.3016 0.6
    endloop
  endfacet
  facet normal 0 0 1
    outer loop
      vertex 28.8194 62.0951 0.6
      vertex 28.6738 61.8346 0.6
      vertex 28.8901 62.0244 0.6
    endloop
  endfacet
  facet normal -0 0 1
    outer loop
      vertex 28.6129 61.914 0.6
      vertex 28.6738 61.8346 0.6
      vertex 28.8194 62.0951 0.6
    endloop
  endfacet
  facet normal 0 0 1
    outer loop
      vertex 28.6129 61.914 0.6
      vertex 28.4345 61.6747 0.6
      vertex 28.6738 61.8346 0.6
    endloop
  endfacet
  facet normal -0 0 1
    outer loop
      vertex 28.3845 61.7613 0.6
      vertex 28.4345 61.6747 0.6
      vertex 28.6129 61.914 0.6
    endloop
  endfacet
  facet normal 0 0 1
    outer loop
      vertex 28.3845 61.7613 0.6
      vertex 28.1764 61.5475 0.6
      vertex 28.4345 61.6747 0.6
    endloop
  endfacet
  facet normal -0 0 1
    outer loop
      vertex 28.1381 61.6399 0.6
      vertex 28.1764 61.5475 0.6
      vertex 28.3845 61.7613 0.6
    endloop
  endfacet
  facet normal 0 0 1
    outer loop
      vertex 28.1381 61.6399 0.6
      vertex 27.9039 61.455 0.6
      vertex 28.1764 61.5475 0.6
    endloop
  endfacet
  facet normal -0 0 1
    outer loop
      vertex 27.878 61.5516 0.6
      vertex 27.9039 61.455 0.6
      vertex 28.1381 61.6399 0.6
    endloop
  endfacet
  facet normal 0 0 1
    outer loop
      vertex 27.878 61.5516 0.6
      vertex 27.6217 61.3988 0.6
      vertex 27.9039 61.455 0.6
    endloop
  endfacet
  facet normal -0 0 1
    outer loop
      vertex 27.6086 61.498 0.6
      vertex 27.6217 61.3988 0.6
      vertex 27.878 61.5516 0.6
    endloop
  endfacet
  facet normal 0 0 1
    outer loop
      vertex 27.6086 61.498 0.6
      vertex 27.3345 61.38 0.6
      vertex 27.6217 61.3988 0.6
    endloop
  endfacet
  facet normal -0 0 1
    outer loop
      vertex 27.3345 61.48 0.6
      vertex 27.3345 61.38 0.6
      vertex 27.6086 61.498 0.6
    endloop
  endfacet
  facet normal 0 0 1
    outer loop
      vertex 27.0604 61.498 0.6
      vertex 27.3345 61.38 0.6
      vertex 27.3345 61.48 0.6
    endloop
  endfacet
  facet normal 0 0 1
    outer loop
      vertex 26.791 61.5516 0.6
      vertex 27.3345 61.38 0.6
      vertex 27.0604 61.498 0.6
    endloop
  endfacet
  facet normal 0 0 1
    outer loop
      vertex 20.59 61.38 0.6
      vertex 25.2345 63.58 0.6
      vertex 20.59 65.78 0.6
    endloop
  endfacet
  facet normal 0 0 1
    outer loop
      vertex 25.2345 63.58 0.6
      vertex 20.59 61.38 0.6
      vertex 25.2525 63.3059 0.6
    endloop
  endfacet
  facet normal 0 0 1
    outer loop
      vertex 25.2525 63.3059 0.6
      vertex 20.59 61.38 0.6
      vertex 25.3061 63.0365 0.6
    endloop
  endfacet
  facet normal 0 0 1
    outer loop
      vertex 25.3061 63.0365 0.6
      vertex 20.59 61.38 0.6
      vertex 25.3944 62.7764 0.6
    endloop
  endfacet
  facet normal 0 0 1
    outer loop
      vertex 25.3944 62.7764 0.6
      vertex 20.59 61.38 0.6
      vertex 25.5158 62.53 0.6
    endloop
  endfacet
  facet normal 0 0 1
    outer loop
      vertex 25.5158 62.53 0.6
      vertex 20.59 61.38 0.6
      vertex 25.6685 62.3016 0.6
    endloop
  endfacet
  facet normal 0 0 1
    outer loop
      vertex 25.6685 62.3016 0.6
      vertex 20.59 61.38 0.6
      vertex 25.8496 62.0951 0.6
    endloop
  endfacet
  facet normal 0 0 1
    outer loop
      vertex 26.791 61.5516 0.6
      vertex 20.59 61.38 0.6
      vertex 27.3345 61.38 0.6
    endloop
  endfacet
  facet normal 0 0 1
    outer loop
      vertex 26.5309 61.6399 0.6
      vertex 20.59 61.38 0.6
      vertex 26.791 61.5516 0.6
    endloop
  endfacet
  facet normal 0 0 1
    outer loop
      vertex 26.2845 61.7613 0.6
      vertex 20.59 61.38 0.6
      vertex 26.5309 61.6399 0.6
    endloop
  endfacet
  facet normal 0 0 1
    outer loop
      vertex 26.0561 61.914 0.6
      vertex 20.59 61.38 0.6
      vertex 26.2845 61.7613 0.6
    endloop
  endfacet
  facet normal 0 0 1
    outer loop
      vertex 25.8496 62.0951 0.6
      vertex 20.59 61.38 0.6
      vertex 26.0561 61.914 0.6
    endloop
  endfacet
  facet normal 0 0 0
    outer loop
      vertex 27.3345 65.78 0.6
      vertex 19.59 65.78 0.6
      vertex 20.59 65.78 0.6
    endloop
  endfacet
  facet normal 0.555582 -0.831462 0
    outer loop
      vertex 28.4345 61.6747 0
      vertex 28.6738 61.8346 0.6
      vertex 28.4345 61.6747 0.6
    endloop
  endfacet
  facet normal 0.555582 -0.831462 0
    outer loop
      vertex 28.6738 61.8346 0.6
      vertex 28.4345 61.6747 0
      vertex 28.6738 61.8346 0
    endloop
  endfacet
  facet normal 0.0653198 0.997864 -0
    outer loop
      vertex 27.6217 65.7612 0
      vertex 27.3345 65.78 0.6
      vertex 27.6217 65.7612 0.6
    endloop
  endfacet
  facet normal 0.0653198 0.997864 0
    outer loop
      vertex 27.3345 65.78 0.6
      vertex 27.6217 65.7612 0
      vertex 27.3345 65.78 0
    endloop
  endfacet
  facet normal 0.195314 0.980741 -0
    outer loop
      vertex 27.9039 65.705 0
      vertex 27.6217 65.7612 0.6
      vertex 27.9039 65.705 0.6
    endloop
  endfacet
  facet normal 0.195314 0.980741 0
    outer loop
      vertex 27.6217 65.7612 0.6
      vertex 27.9039 65.705 0
      vertex 27.6217 65.7612 0
    endloop
  endfacet
  facet normal 0.896984 0.442063 0
    outer loop
      vertex 29.367 64.4219 0.6
      vertex 29.2398 64.68 0
      vertex 29.2398 64.68 0.6
    endloop
  endfacet
  facet normal 0.896984 0.442063 0
    outer loop
      vertex 29.2398 64.68 0
      vertex 29.367 64.4219 0.6
      vertex 29.367 64.4219 0
    endloop
  endfacet
  facet normal 0.946931 0.321435 0
    outer loop
      vertex 29.4595 64.1494 0.6
      vertex 29.367 64.4219 0
      vertex 29.367 64.4219 0.6
    endloop
  endfacet
  facet normal 0.946931 0.321435 0
    outer loop
      vertex 29.367 64.4219 0
      vertex 29.4595 64.1494 0.6
      vertex 29.4595 64.1494 0
    endloop
  endfacet
  facet normal 0.75165 0.659562 0
    outer loop
      vertex 29.0799 64.9193 0.6
      vertex 28.8901 65.1356 0
      vertex 28.8901 65.1356 0.6
    endloop
  endfacet
  facet normal 0.75165 0.659562 0
    outer loop
      vertex 28.8901 65.1356 0
      vertex 29.0799 64.9193 0.6
      vertex 29.0799 64.9193 0
    endloop
  endfacet
  facet normal 0.75165 -0.659562 0
    outer loop
      vertex 28.8901 62.0244 0.6
      vertex 29.0799 62.2407 0
      vertex 29.0799 62.2407 0.6
    endloop
  endfacet
  facet normal 0.75165 -0.659562 0
    outer loop
      vertex 29.0799 62.2407 0
      vertex 28.8901 62.0244 0.6
      vertex 28.8901 62.0244 0
    endloop
  endfacet
  facet normal 0.321435 -0.946931 0
    outer loop
      vertex 27.9039 61.455 0
      vertex 28.1764 61.5475 0.6
      vertex 27.9039 61.455 0.6
    endloop
  endfacet
  facet normal 0.321435 -0.946931 0
    outer loop
      vertex 28.1764 61.5475 0.6
      vertex 27.9039 61.455 0
      vertex 28.1764 61.5475 0
    endloop
  endfacet
  facet normal 0.195314 -0.980741 0
    outer loop
      vertex 27.6217 61.3988 0
      vertex 27.9039 61.455 0.6
      vertex 27.6217 61.3988 0.6
    endloop
  endfacet
  facet normal 0.195314 -0.980741 0
    outer loop
      vertex 27.9039 61.455 0.6
      vertex 27.6217 61.3988 0
      vertex 27.9039 61.455 0
    endloop
  endfacet
  facet normal 0.831462 -0.555582 0
    outer loop
      vertex 29.0799 62.2407 0.6
      vertex 29.2398 62.48 0
      vertex 29.2398 62.48 0.6
    endloop
  endfacet
  facet normal 0.831462 -0.555582 0
    outer loop
      vertex 29.2398 62.48 0
      vertex 29.0799 62.2407 0.6
      vertex 29.0799 62.2407 0
    endloop
  endfacet
  facet normal 0.831462 0.555582 0
    outer loop
      vertex 29.2398 64.68 0.6
      vertex 29.0799 64.9193 0
      vertex 29.0799 64.9193 0.6
    endloop
  endfacet
  facet normal 0.831462 0.555582 0
    outer loop
      vertex 29.0799 64.9193 0
      vertex 29.2398 64.68 0.6
      vertex 29.2398 64.68 0
    endloop
  endfacet
  facet normal 0.659562 0.75165 -0
    outer loop
      vertex 28.8901 65.1356 0
      vertex 28.6738 65.3254 0.6
      vertex 28.8901 65.1356 0.6
    endloop
  endfacet
  facet normal 0.659562 0.75165 0
    outer loop
      vertex 28.6738 65.3254 0.6
      vertex 28.8901 65.1356 0
      vertex 28.6738 65.3254 0
    endloop
  endfacet
  facet normal 0.997863 -0.0653425 0
    outer loop
      vertex 29.5157 63.2929 0.6
      vertex 29.5345 63.58 0
      vertex 29.5345 63.58 0.6
    endloop
  endfacet
  facet normal 0.997863 -0.0653425 0
    outer loop
      vertex 29.5345 63.58 0
      vertex 29.5157 63.2929 0.6
      vertex 29.5157 63.2929 0
    endloop
  endfacet
  facet normal 0.0653198 -0.997864 0
    outer loop
      vertex 27.3345 61.38 0
      vertex 27.6217 61.3988 0.6
      vertex 27.3345 61.38 0.6
    endloop
  endfacet
  facet normal 0.0653198 -0.997864 0
    outer loop
      vertex 27.6217 61.3988 0.6
      vertex 27.3345 61.38 0
      vertex 27.6217 61.3988 0
    endloop
  endfacet
  facet normal 0.896984 -0.442063 0
    outer loop
      vertex 29.2398 62.48 0.6
      vertex 29.367 62.7381 0
      vertex 29.367 62.7381 0.6
    endloop
  endfacet
  facet normal 0.896984 -0.442063 0
    outer loop
      vertex 29.367 62.7381 0
      vertex 29.2398 62.48 0.6
      vertex 29.2398 62.48 0
    endloop
  endfacet
  facet normal 0.980754 -0.195248 0
    outer loop
      vertex 29.4595 63.0106 0.6
      vertex 29.5157 63.2929 0
      vertex 29.5157 63.2929 0.6
    endloop
  endfacet
  facet normal 0.980754 -0.195248 0
    outer loop
      vertex 29.5157 63.2929 0
      vertex 29.4595 63.0106 0.6
      vertex 29.4595 63.0106 0
    endloop
  endfacet
  facet normal -0.0655283 -0.997851 0
    outer loop
      vertex 27.0604 61.498 0.6
      vertex 27.3345 61.48 2
      vertex 27.0604 61.498 2
    endloop
  endfacet
  facet normal -0.0655283 -0.997851 -0
    outer loop
      vertex 27.3345 61.48 2
      vertex 27.0604 61.498 0.6
      vertex 27.3345 61.48 0.6
    endloop
  endfacet
  facet normal -0.980776 -0.195136 0
    outer loop
      vertex 25.3061 63.0365 0.6
      vertex 25.2525 63.3059 2
      vertex 25.2525 63.3059 0.6
    endloop
  endfacet
  facet normal -0.980776 -0.195136 0
    outer loop
      vertex 25.2525 63.3059 2
      vertex 25.3061 63.0365 0.6
      vertex 25.3061 63.0365 2
    endloop
  endfacet
  facet normal -0.997851 -0.0655283 0
    outer loop
      vertex 25.2525 63.3059 0.6
      vertex 25.2345 63.58 2
      vertex 25.2345 63.58 0.6
    endloop
  endfacet
  facet normal -0.997851 -0.0655283 0
    outer loop
      vertex 25.2345 63.58 2
      vertex 25.2525 63.3059 0.6
      vertex 25.2525 63.3059 2
    endloop
  endfacet
  facet normal 0.441964 0.897033 -0
    outer loop
      vertex 28.3845 65.3987 0.6
      vertex 28.1381 65.5201 2
      vertex 28.3845 65.3987 2
    endloop
  endfacet
  facet normal 0.441964 0.897033 0
    outer loop
      vertex 28.1381 65.5201 2
      vertex 28.3845 65.3987 0.6
      vertex 28.1381 65.5201 0.6
    endloop
  endfacet
  facet normal 0.751832 -0.659355 0
    outer loop
      vertex 28.8194 62.0951 2
      vertex 29.0005 62.3016 0.6
      vertex 29.0005 62.3016 2
    endloop
  endfacet
  facet normal 0.751832 -0.659355 0
    outer loop
      vertex 29.0005 62.3016 0.6
      vertex 28.8194 62.0951 2
      vertex 28.8194 62.0951 0.6
    endloop
  endfacet
  facet normal -0.980776 0.195136 0
    outer loop
      vertex 25.2525 63.8541 0.6
      vertex 25.3061 64.1235 2
      vertex 25.3061 64.1235 0.6
    endloop
  endfacet
  facet normal -0.980776 0.195136 0
    outer loop
      vertex 25.3061 64.1235 2
      vertex 25.2525 63.8541 0.6
      vertex 25.2525 63.8541 2
    endloop
  endfacet
  facet normal -0.321465 -0.946921 0
    outer loop
      vertex 26.5309 61.6399 0.6
      vertex 26.791 61.5516 2
      vertex 26.5309 61.6399 2
    endloop
  endfacet
  facet normal -0.321465 -0.946921 -0
    outer loop
      vertex 26.791 61.5516 2
      vertex 26.5309 61.6399 0.6
      vertex 26.791 61.5516 0.6
    endloop
  endfacet
  facet normal 0.980776 0.195136 0
    outer loop
      vertex 29.4165 63.8541 2
      vertex 29.3629 64.1235 0.6
      vertex 29.3629 64.1235 2
    endloop
  endfacet
  facet normal 0.980776 0.195136 0
    outer loop
      vertex 29.3629 64.1235 0.6
      vertex 29.4165 63.8541 2
      vertex 29.4165 63.8541 0.6
    endloop
  endfacet
  facet normal -0.659355 0.751832 0
    outer loop
      vertex 26.0561 65.246 0.6
      vertex 25.8496 65.0649 2
      vertex 26.0561 65.246 2
    endloop
  endfacet
  facet normal -0.659355 0.751832 0
    outer loop
      vertex 25.8496 65.0649 2
      vertex 26.0561 65.246 0.6
      vertex 25.8496 65.0649 0.6
    endloop
  endfacet
  facet normal -0.897033 -0.441964 0
    outer loop
      vertex 25.5158 62.53 0.6
      vertex 25.3944 62.7764 2
      vertex 25.3944 62.7764 0.6
    endloop
  endfacet
  facet normal -0.897033 -0.441964 0
    outer loop
      vertex 25.3944 62.7764 2
      vertex 25.5158 62.53 0.6
      vertex 25.5158 62.53 2
    endloop
  endfacet
  facet normal 0.441964 -0.897033 0
    outer loop
      vertex 28.1381 61.6399 0.6
      vertex 28.3845 61.7613 2
      vertex 28.1381 61.6399 2
    endloop
  endfacet
  facet normal 0.441964 -0.897033 0
    outer loop
      vertex 28.3845 61.7613 2
      vertex 28.1381 61.6399 0.6
      vertex 28.3845 61.7613 0.6
    endloop
  endfacet
  facet normal -0.321465 0.946921 0
    outer loop
      vertex 26.791 65.6084 0.6
      vertex 26.5309 65.5201 2
      vertex 26.791 65.6084 2
    endloop
  endfacet
  facet normal -0.321465 0.946921 0
    outer loop
      vertex 26.5309 65.5201 2
      vertex 26.791 65.6084 0.6
      vertex 26.5309 65.5201 0.6
    endloop
  endfacet
  facet normal 0.659355 -0.751832 0
    outer loop
      vertex 28.6129 61.914 0.6
      vertex 28.8194 62.0951 2
      vertex 28.6129 61.914 2
    endloop
  endfacet
  facet normal 0.659355 -0.751832 0
    outer loop
      vertex 28.8194 62.0951 2
      vertex 28.6129 61.914 0.6
      vertex 28.8194 62.0951 0.6
    endloop
  endfacet
  facet normal 0.321465 -0.946921 0
    outer loop
      vertex 27.878 61.5516 0.6
      vertex 28.1381 61.6399 2
      vertex 27.878 61.5516 2
    endloop
  endfacet
  facet normal 0.321465 -0.946921 0
    outer loop
      vertex 28.1381 61.6399 2
      vertex 27.878 61.5516 0.6
      vertex 28.1381 61.6399 0.6
    endloop
  endfacet
  facet normal -0.441964 0.897033 0
    outer loop
      vertex 26.5309 65.5201 0.6
      vertex 26.2845 65.3987 2
      vertex 26.5309 65.5201 2
    endloop
  endfacet
  facet normal -0.441964 0.897033 0
    outer loop
      vertex 26.2845 65.3987 2
      vertex 26.5309 65.5201 0.6
      vertex 26.2845 65.3987 0.6
    endloop
  endfacet
  facet normal -0.195136 0.980776 0
    outer loop
      vertex 27.0604 65.662 0.6
      vertex 26.791 65.6084 2
      vertex 27.0604 65.662 2
    endloop
  endfacet
  facet normal -0.195136 0.980776 0
    outer loop
      vertex 26.791 65.6084 2
      vertex 27.0604 65.662 0.6
      vertex 26.791 65.6084 0.6
    endloop
  endfacet
  facet normal 0.997851 -0.0655283 0
    outer loop
      vertex 29.4165 63.3059 2
      vertex 29.4345 63.58 0.6
      vertex 29.4345 63.58 2
    endloop
  endfacet
  facet normal 0.997851 -0.0655283 0
    outer loop
      vertex 29.4345 63.58 0.6
      vertex 29.4165 63.3059 2
      vertex 29.4165 63.3059 0.6
    endloop
  endfacet
  facet normal 0.831322 0.555792 0
    outer loop
      vertex 29.1532 64.63 2
      vertex 29.0005 64.8584 0.6
      vertex 29.0005 64.8584 2
    endloop
  endfacet
  facet normal 0.831322 0.555792 0
    outer loop
      vertex 29.0005 64.8584 0.6
      vertex 29.1532 64.63 2
      vertex 29.1532 64.63 0.6
    endloop
  endfacet
  facet normal -0.0655283 0.997851 0
    outer loop
      vertex 27.3345 65.68 0.6
      vertex 27.0604 65.662 2
      vertex 27.3345 65.68 2
    endloop
  endfacet
  facet normal -0.0655283 0.997851 0
    outer loop
      vertex 27.0604 65.662 2
      vertex 27.3345 65.68 0.6
      vertex 27.0604 65.662 0.6
    endloop
  endfacet
  facet normal 0.659355 0.751832 -0
    outer loop
      vertex 28.8194 65.0649 0.6
      vertex 28.6129 65.246 2
      vertex 28.8194 65.0649 2
    endloop
  endfacet
  facet normal 0.659355 0.751832 0
    outer loop
      vertex 28.6129 65.246 2
      vertex 28.8194 65.0649 0.6
      vertex 28.6129 65.246 0.6
    endloop
  endfacet
  facet normal 0.555792 -0.831322 0
    outer loop
      vertex 28.3845 61.7613 0.6
      vertex 28.6129 61.914 2
      vertex 28.3845 61.7613 2
    endloop
  endfacet
  facet normal 0.555792 -0.831322 0
    outer loop
      vertex 28.6129 61.914 2
      vertex 28.3845 61.7613 0.6
      vertex 28.6129 61.914 0.6
    endloop
  endfacet
  facet normal -0.946921 0.321465 0
    outer loop
      vertex 25.3061 64.1235 0.6
      vertex 25.3944 64.3836 2
      vertex 25.3944 64.3836 0.6
    endloop
  endfacet
  facet normal -0.946921 0.321465 0
    outer loop
      vertex 25.3944 64.3836 2
      vertex 25.3061 64.1235 0.6
      vertex 25.3061 64.1235 2
    endloop
  endfacet
  facet normal 0.946921 0.321465 0
    outer loop
      vertex 29.3629 64.1235 2
      vertex 29.2746 64.3836 0.6
      vertex 29.2746 64.3836 2
    endloop
  endfacet
  facet normal 0.946921 0.321465 0
    outer loop
      vertex 29.2746 64.3836 0.6
      vertex 29.3629 64.1235 2
      vertex 29.3629 64.1235 0.6
    endloop
  endfacet
  facet normal -0.897033 0.441964 0
    outer loop
      vertex 25.3944 64.3836 0.6
      vertex 25.5158 64.63 2
      vertex 25.5158 64.63 0.6
    endloop
  endfacet
  facet normal -0.897033 0.441964 0
    outer loop
      vertex 25.5158 64.63 2
      vertex 25.3944 64.3836 0.6
      vertex 25.3944 64.3836 2
    endloop
  endfacet
  facet normal -0.997851 0.0655283 0
    outer loop
      vertex 25.2345 63.58 0.6
      vertex 25.2525 63.8541 2
      vertex 25.2525 63.8541 0.6
    endloop
  endfacet
  facet normal -0.997851 0.0655283 0
    outer loop
      vertex 25.2525 63.8541 2
      vertex 25.2345 63.58 0.6
      vertex 25.2345 63.58 2
    endloop
  endfacet
  facet normal -0.659355 -0.751832 0
    outer loop
      vertex 25.8496 62.0951 0.6
      vertex 26.0561 61.914 2
      vertex 25.8496 62.0951 2
    endloop
  endfacet
  facet normal -0.659355 -0.751832 -0
    outer loop
      vertex 26.0561 61.914 2
      vertex 25.8496 62.0951 0.6
      vertex 26.0561 61.914 0.6
    endloop
  endfacet
  facet normal 0.195136 -0.980776 0
    outer loop
      vertex 27.6086 61.498 0.6
      vertex 27.878 61.5516 2
      vertex 27.6086 61.498 2
    endloop
  endfacet
  facet normal 0.195136 -0.980776 0
    outer loop
      vertex 27.878 61.5516 2
      vertex 27.6086 61.498 0.6
      vertex 27.878 61.5516 0.6
    endloop
  endfacet
  facet normal -0.555792 -0.831322 0
    outer loop
      vertex 26.0561 61.914 0.6
      vertex 26.2845 61.7613 2
      vertex 26.0561 61.914 2
    endloop
  endfacet
  facet normal -0.555792 -0.831322 -0
    outer loop
      vertex 26.2845 61.7613 2
      vertex 26.0561 61.914 0.6
      vertex 26.2845 61.7613 0.6
    endloop
  endfacet
  facet normal -0.831322 -0.555792 0
    outer loop
      vertex 25.6685 62.3016 0.6
      vertex 25.5158 62.53 2
      vertex 25.5158 62.53 0.6
    endloop
  endfacet
  facet normal -0.831322 -0.555792 0
    outer loop
      vertex 25.5158 62.53 2
      vertex 25.6685 62.3016 0.6
      vertex 25.6685 62.3016 2
    endloop
  endfacet
  facet normal -0.555792 0.831322 0
    outer loop
      vertex 26.2845 65.3987 0.6
      vertex 26.0561 65.246 2
      vertex 26.2845 65.3987 2
    endloop
  endfacet
  facet normal -0.555792 0.831322 0
    outer loop
      vertex 26.0561 65.246 2
      vertex 26.2845 65.3987 0.6
      vertex 26.0561 65.246 0.6
    endloop
  endfacet
  facet normal 0.897033 0.441964 0
    outer loop
      vertex 29.2746 64.3836 2
      vertex 29.1532 64.63 0.6
      vertex 29.1532 64.63 2
    endloop
  endfacet
  facet normal 0.897033 0.441964 0
    outer loop
      vertex 29.1532 64.63 0.6
      vertex 29.2746 64.3836 2
      vertex 29.2746 64.3836 0.6
    endloop
  endfacet
  facet normal 0.555792 0.831322 -0
    outer loop
      vertex 28.6129 65.246 0.6
      vertex 28.3845 65.3987 2
      vertex 28.6129 65.246 2
    endloop
  endfacet
  facet normal 0.555792 0.831322 0
    outer loop
      vertex 28.3845 65.3987 2
      vertex 28.6129 65.246 0.6
      vertex 28.3845 65.3987 0.6
    endloop
  endfacet
  facet normal -0.831322 0.555792 0
    outer loop
      vertex 25.5158 64.63 0.6
      vertex 25.6685 64.8584 2
      vertex 25.6685 64.8584 0.6
    endloop
  endfacet
  facet normal -0.831322 0.555792 0
    outer loop
      vertex 25.6685 64.8584 2
      vertex 25.5158 64.63 0.6
      vertex 25.5158 64.63 2
    endloop
  endfacet
  facet normal -0.441964 -0.897033 0
    outer loop
      vertex 26.2845 61.7613 0.6
      vertex 26.5309 61.6399 2
      vertex 26.2845 61.7613 2
    endloop
  endfacet
  facet normal -0.441964 -0.897033 -0
    outer loop
      vertex 26.5309 61.6399 2
      vertex 26.2845 61.7613 0.6
      vertex 26.5309 61.6399 0.6
    endloop
  endfacet
  facet normal 0.946921 -0.321465 0
    outer loop
      vertex 29.2746 62.7764 2
      vertex 29.3629 63.0365 0.6
      vertex 29.3629 63.0365 2
    endloop
  endfacet
  facet normal 0.946921 -0.321465 0
    outer loop
      vertex 29.3629 63.0365 0.6
      vertex 29.2746 62.7764 2
      vertex 29.2746 62.7764 0.6
    endloop
  endfacet
  facet normal -0.751832 0.659355 0
    outer loop
      vertex 25.6685 64.8584 0.6
      vertex 25.8496 65.0649 2
      vertex 25.8496 65.0649 0.6
    endloop
  endfacet
  facet normal -0.751832 0.659355 0
    outer loop
      vertex 25.8496 65.0649 2
      vertex 25.6685 64.8584 0.6
      vertex 25.6685 64.8584 2
    endloop
  endfacet
  facet normal 0.997851 0.0655283 0
    outer loop
      vertex 29.4345 63.58 2
      vertex 29.4165 63.8541 0.6
      vertex 29.4165 63.8541 2
    endloop
  endfacet
  facet normal 0.997851 0.0655283 0
    outer loop
      vertex 29.4165 63.8541 0.6
      vertex 29.4345 63.58 2
      vertex 29.4345 63.58 0.6
    endloop
  endfacet
  facet normal -0.195136 -0.980776 0
    outer loop
      vertex 26.791 61.5516 0.6
      vertex 27.0604 61.498 2
      vertex 26.791 61.5516 2
    endloop
  endfacet
  facet normal -0.195136 -0.980776 -0
    outer loop
      vertex 27.0604 61.498 2
      vertex 26.791 61.5516 0.6
      vertex 27.0604 61.498 0.6
    endloop
  endfacet
  facet normal -0.751832 -0.659355 0
    outer loop
      vertex 25.8496 62.0951 0.6
      vertex 25.6685 62.3016 2
      vertex 25.6685 62.3016 0.6
    endloop
  endfacet
  facet normal -0.751832 -0.659355 0
    outer loop
      vertex 25.6685 62.3016 2
      vertex 25.8496 62.0951 0.6
      vertex 25.8496 62.0951 2
    endloop
  endfacet
  facet normal -0.946921 -0.321465 0
    outer loop
      vertex 25.3944 62.7764 0.6
      vertex 25.3061 63.0365 2
      vertex 25.3061 63.0365 0.6
    endloop
  endfacet
  facet normal -0.946921 -0.321465 0
    outer loop
      vertex 25.3061 63.0365 2
      vertex 25.3944 62.7764 0.6
      vertex 25.3944 62.7764 2
    endloop
  endfacet
  facet normal -0 0 1
    outer loop
      vertex 29.41 63.5899 2
      vertex 29.4345 63.58 2
      vertex 29.4165 63.8541 2
    endloop
  endfacet
  facet normal 0 0 1
    outer loop
      vertex 29.41 63.5701 2
      vertex 29.4345 63.58 2
      vertex 29.4107 63.58 2
    endloop
  endfacet
  facet normal 0 0 1
    outer loop
      vertex 29.4345 63.58 2
      vertex 29.41 63.5899 2
      vertex 29.4107 63.58 2
    endloop
  endfacet
  facet normal 0 0 1
    outer loop
      vertex 29.4165 63.8541 2
      vertex 29.3929 63.851 2
      vertex 29.41 63.5899 2
    endloop
  endfacet
  facet normal -0 0 1
    outer loop
      vertex 29.3419 64.1076 2
      vertex 29.4165 63.8541 2
      vertex 29.3629 64.1235 2
    endloop
  endfacet
  facet normal 0 0 1
    outer loop
      vertex 29.4165 63.8541 2
      vertex 29.3419 64.1076 2
      vertex 29.3929 63.851 2
    endloop
  endfacet
  facet normal 0 0 1
    outer loop
      vertex 29.3629 64.1235 2
      vertex 29.3399 64.1174 2
      vertex 29.3419 64.1076 2
    endloop
  endfacet
  facet normal -0 0 1
    outer loop
      vertex 29.2559 64.3651 2
      vertex 29.3629 64.1235 2
      vertex 29.2746 64.3836 2
    endloop
  endfacet
  facet normal 0 0 1
    outer loop
      vertex 29.3629 64.1235 2
      vertex 29.2559 64.3651 2
      vertex 29.3399 64.1174 2
    endloop
  endfacet
  facet normal 0 0 1
    outer loop
      vertex 29.2746 64.3836 2
      vertex 29.2527 64.3745 2
      vertex 29.2559 64.3651 2
    endloop
  endfacet
  facet normal 0 0 1
    outer loop
      vertex 29.2746 64.3836 2
      vertex 29.2482 64.3835 2
      vertex 29.2527 64.3745 2
    endloop
  endfacet
  facet normal 0 0 1
    outer loop
      vertex 29.1532 64.63 2
      vertex 29.2482 64.3835 2
      vertex 29.2746 64.3836 2
    endloop
  endfacet
  facet normal 0 0 1
    outer loop
      vertex 29.1532 64.63 2
      vertex 29.1325 64.6181 2
      vertex 29.2482 64.3835 2
    endloop
  endfacet
  facet normal -0 0 1
    outer loop
      vertex 28.9872 64.8356 2
      vertex 29.1532 64.63 2
      vertex 29.0005 64.8584 2
    endloop
  endfacet
  facet normal 0 0 1
    outer loop
      vertex 29.1532 64.63 2
      vertex 28.9872 64.8356 2
      vertex 29.1325 64.6181 2
    endloop
  endfacet
  facet normal 0 0 1
    outer loop
      vertex 29.0005 64.8584 2
      vertex 28.9817 64.8439 2
      vertex 28.9872 64.8356 2
    endloop
  endfacet
  facet normal 0 0 1
    outer loop
      vertex 29.0005 64.8584 2
      vertex 28.9751 64.8514 2
      vertex 28.9817 64.8439 2
    endloop
  endfacet
  facet normal 0 0 1
    outer loop
      vertex 28.8194 65.0649 2
      vertex 28.9751 64.8514 2
      vertex 29.0005 64.8584 2
    endloop
  endfacet
  facet normal 0 0 1
    outer loop
      vertex 28.8194 65.0649 2
      vertex 28.8026 65.0481 2
      vertex 28.9751 64.8514 2
    endloop
  endfacet
  facet normal -0 0 1
    outer loop
      vertex 28.6059 65.2206 2
      vertex 28.8194 65.0649 2
      vertex 28.6129 65.246 2
    endloop
  endfacet
  facet normal 0 0 1
    outer loop
      vertex 28.8194 65.0649 2
      vertex 28.6059 65.2206 2
      vertex 28.8026 65.0481 2
    endloop
  endfacet
  facet normal 0 0 1
    outer loop
      vertex 28.6129 65.246 2
      vertex 28.5984 65.2271 2
      vertex 28.6059 65.2206 2
    endloop
  endfacet
  facet normal 0 0 1
    outer loop
      vertex 28.6129 65.246 2
      vertex 28.5901 65.2327 2
      vertex 28.5984 65.2271 2
    endloop
  endfacet
  facet normal 0 0 1
    outer loop
      vertex 28.3845 65.3987 2
      vertex 28.5901 65.2327 2
      vertex 28.6129 65.246 2
    endloop
  endfacet
  facet normal 0 0 1
    outer loop
      vertex 28.3845 65.3987 2
      vertex 28.3726 65.378 2
      vertex 28.5901 65.2327 2
    endloop
  endfacet
  facet normal -0 0 1
    outer loop
      vertex 28.138 65.4937 2
      vertex 28.3845 65.3987 2
      vertex 28.1381 65.5201 2
    endloop
  endfacet
  facet normal 0 0 1
    outer loop
      vertex 28.3845 65.3987 2
      vertex 28.138 65.4937 2
      vertex 28.3726 65.378 2
    endloop
  endfacet
  facet normal 0 0 1
    outer loop
      vertex 28.1381 65.5201 2
      vertex 28.129 65.4982 2
      vertex 28.138 65.4937 2
    endloop
  endfacet
  facet normal 0 0 1
    outer loop
      vertex 28.1381 65.5201 2
      vertex 28.1196 65.5014 2
      vertex 28.129 65.4982 2
    endloop
  endfacet
  facet normal 0 0 1
    outer loop
      vertex 27.878 65.6084 2
      vertex 28.1196 65.5014 2
      vertex 28.1381 65.5201 2
    endloop
  endfacet
  facet normal 0 0 1
    outer loop
      vertex 27.878 65.6084 2
      vertex 27.8719 65.5854 2
      vertex 28.1196 65.5014 2
    endloop
  endfacet
  facet normal 0 0 1
    outer loop
      vertex 27.878 65.6084 2
      vertex 27.8621 65.5874 2
      vertex 27.8719 65.5854 2
    endloop
  endfacet
  facet normal 0 0 1
    outer loop
      vertex 27.6086 65.662 2
      vertex 27.8621 65.5874 2
      vertex 27.878 65.6084 2
    endloop
  endfacet
  facet normal 0 0 1
    outer loop
      vertex 27.6086 65.662 2
      vertex 27.6055 65.6384 2
      vertex 27.8621 65.5874 2
    endloop
  endfacet
  facet normal 0 0 1
    outer loop
      vertex 27.6086 65.662 2
      vertex 27.3444 65.6555 2
      vertex 27.6055 65.6384 2
    endloop
  endfacet
  facet normal 0 0 1
    outer loop
      vertex 27.3345 65.68 2
      vertex 27.3444 65.6555 2
      vertex 27.6086 65.662 2
    endloop
  endfacet
  facet normal 0 0 1
    outer loop
      vertex 27.3345 65.68 2
      vertex 27.3345 65.6562 2
      vertex 27.3444 65.6555 2
    endloop
  endfacet
  facet normal 0 0 1
    outer loop
      vertex 27.3345 65.68 2
      vertex 27.3246 65.6555 2
      vertex 27.3345 65.6562 2
    endloop
  endfacet
  facet normal -0 0 1
    outer loop
      vertex 27.0604 65.662 2
      vertex 27.3246 65.6555 2
      vertex 27.3345 65.68 2
    endloop
  endfacet
  facet normal 0 0 1
    outer loop
      vertex 27.3246 65.6555 2
      vertex 27.0604 65.662 2
      vertex 27.0635 65.6384 2
    endloop
  endfacet
  facet normal 0 0 1
    outer loop
      vertex 27.0604 65.662 2
      vertex 26.8069 65.5874 2
      vertex 27.0635 65.6384 2
    endloop
  endfacet
  facet normal -0 0 1
    outer loop
      vertex 26.791 65.6084 2
      vertex 26.8069 65.5874 2
      vertex 27.0604 65.662 2
    endloop
  endfacet
  facet normal 0 0 1
    outer loop
      vertex 26.8069 65.5874 2
      vertex 26.791 65.6084 2
      vertex 26.7971 65.5854 2
    endloop
  endfacet
  facet normal 0 0 1
    outer loop
      vertex 26.791 65.6084 2
      vertex 26.5494 65.5014 2
      vertex 26.7971 65.5854 2
    endloop
  endfacet
  facet normal -0 0 1
    outer loop
      vertex 26.5309 65.5201 2
      vertex 26.5494 65.5014 2
      vertex 26.791 65.6084 2
    endloop
  endfacet
  facet normal 0 0 1
    outer loop
      vertex 26.5494 65.5014 2
      vertex 26.5309 65.5201 2
      vertex 26.54 65.4982 2
    endloop
  endfacet
  facet normal 0 0 1
    outer loop
      vertex 26.5309 65.5201 2
      vertex 26.531 65.4937 2
      vertex 26.54 65.4982 2
    endloop
  endfacet
  facet normal 0 0 1
    outer loop
      vertex 26.2845 65.3987 2
      vertex 26.531 65.4937 2
      vertex 26.5309 65.5201 2
    endloop
  endfacet
  facet normal 0 0 1
    outer loop
      vertex 26.531 65.4937 2
      vertex 26.2845 65.3987 2
      vertex 26.2964 65.378 2
    endloop
  endfacet
  facet normal 0 0 1
    outer loop
      vertex 26.2845 65.3987 2
      vertex 26.0789 65.2327 2
      vertex 26.2964 65.378 2
    endloop
  endfacet
  facet normal -0 0 1
    outer loop
      vertex 26.0561 65.246 2
      vertex 26.0789 65.2327 2
      vertex 26.2845 65.3987 2
    endloop
  endfacet
  facet normal 0 0 1
    outer loop
      vertex 26.0789 65.2327 2
      vertex 26.0561 65.246 2
      vertex 26.0706 65.2271 2
    endloop
  endfacet
  facet normal 0 0 1
    outer loop
      vertex 26.0561 65.246 2
      vertex 25.8739 65.0547 2
      vertex 26.0706 65.2271 2
    endloop
  endfacet
  facet normal -0 0 1
    outer loop
      vertex 25.8496 65.0649 2
      vertex 25.8739 65.0547 2
      vertex 26.0561 65.246 2
    endloop
  endfacet
  facet normal 0 0 1
    outer loop
      vertex 25.8739 65.0547 2
      vertex 25.8496 65.0649 2
      vertex 25.8664 65.0481 2
    endloop
  endfacet
  facet normal 0 0 1
    outer loop
      vertex 25.8496 65.0649 2
      vertex 25.8598 65.0406 2
      vertex 25.8664 65.0481 2
    endloop
  endfacet
  facet normal 0 0 1
    outer loop
      vertex 25.6685 64.8584 2
      vertex 25.8598 65.0406 2
      vertex 25.8496 65.0649 2
    endloop
  endfacet
  facet normal 0 0 1
    outer loop
      vertex 25.8598 65.0406 2
      vertex 25.6685 64.8584 2
      vertex 25.6873 64.8439 2
    endloop
  endfacet
  facet normal 0 0 1
    outer loop
      vertex 25.6685 64.8584 2
      vertex 25.542 64.6264 2
      vertex 25.6873 64.8439 2
    endloop
  endfacet
  facet normal -0 0 1
    outer loop
      vertex 25.5158 64.63 2
      vertex 25.542 64.6264 2
      vertex 25.6685 64.8584 2
    endloop
  endfacet
  facet normal 0 0 1
    outer loop
      vertex 25.542 64.6264 2
      vertex 25.5158 64.63 2
      vertex 25.5365 64.6181 2
    endloop
  endfacet
  facet normal 0 0 1
    outer loop
      vertex 25.5158 64.63 2
      vertex 25.4208 64.3835 2
      vertex 25.5365 64.6181 2
    endloop
  endfacet
  facet normal -0 0 1
    outer loop
      vertex 25.3944 64.3836 2
      vertex 25.4208 64.3835 2
      vertex 25.5158 64.63 2
    endloop
  endfacet
  facet normal 0 0 1
    outer loop
      vertex 25.4208 64.3835 2
      vertex 25.3944 64.3836 2
      vertex 25.4164 64.3745 2
    endloop
  endfacet
  facet normal 0 0 1
    outer loop
      vertex 25.3944 64.3836 2
      vertex 25.3323 64.1268 2
      vertex 25.4164 64.3745 2
    endloop
  endfacet
  facet normal 0 0 1
    outer loop
      vertex 25.3061 64.1235 2
      vertex 25.3323 64.1268 2
      vertex 25.3944 64.3836 2
    endloop
  endfacet
  facet normal 0 0 1
    outer loop
      vertex 25.3323 64.1268 2
      vertex 25.3061 64.1235 2
      vertex 25.3291 64.1174 2
    endloop
  endfacet
  facet normal 0 0 1
    outer loop
      vertex 25.3061 64.1235 2
      vertex 25.3271 64.1076 2
      vertex 25.3291 64.1174 2
    endloop
  endfacet
  facet normal 0 0 1
    outer loop
      vertex 25.2525 63.8541 2
      vertex 25.3271 64.1076 2
      vertex 25.3061 64.1235 2
    endloop
  endfacet
  facet normal 0 0 1
    outer loop
      vertex 25.2345 63.58 2
      vertex 25.2754 63.8411 2
      vertex 25.2525 63.8541 2
    endloop
  endfacet
  facet normal 0 0 1
    outer loop
      vertex 25.2761 63.851 2
      vertex 25.2525 63.8541 2
      vertex 25.2754 63.8411 2
    endloop
  endfacet
  facet normal 0 0 1
    outer loop
      vertex 25.3271 64.1076 2
      vertex 25.2525 63.8541 2
      vertex 25.2761 63.851 2
    endloop
  endfacet
  facet normal 0 0 1
    outer loop
      vertex 29.4345 63.58 2
      vertex 29.41 63.5701 2
      vertex 29.4165 63.3059 2
    endloop
  endfacet
  facet normal -0 0 1
    outer loop
      vertex 29.3929 63.309 2
      vertex 29.4165 63.3059 2
      vertex 29.41 63.5701 2
    endloop
  endfacet
  facet normal 0 0 1
    outer loop
      vertex 29.3419 63.0524 2
      vertex 29.4165 63.3059 2
      vertex 29.3929 63.309 2
    endloop
  endfacet
  facet normal 0 0 1
    outer loop
      vertex 29.4165 63.3059 2
      vertex 29.3419 63.0524 2
      vertex 29.3629 63.0365 2
    endloop
  endfacet
  facet normal -0 0 1
    outer loop
      vertex 29.3399 63.0426 2
      vertex 29.3629 63.0365 2
      vertex 29.3419 63.0524 2
    endloop
  endfacet
  facet normal 0 0 1
    outer loop
      vertex 29.2559 62.7949 2
      vertex 29.3629 63.0365 2
      vertex 29.3399 63.0426 2
    endloop
  endfacet
  facet normal 0 0 1
    outer loop
      vertex 29.3629 63.0365 2
      vertex 29.2559 62.7949 2
      vertex 29.2746 62.7764 2
    endloop
  endfacet
  facet normal -0 0 1
    outer loop
      vertex 29.2527 62.7855 2
      vertex 29.2746 62.7764 2
      vertex 29.2559 62.7949 2
    endloop
  endfacet
  facet normal 0 0 1
    outer loop
      vertex 29.1369 62.5508 2
      vertex 29.2746 62.7764 2
      vertex 29.2527 62.7855 2
    endloop
  endfacet
  facet normal 0 0 1
    outer loop
      vertex 29.2746 62.7764 2
      vertex 29.1369 62.5508 2
      vertex 29.1532 62.53 2
    endloop
  endfacet
  facet normal -0 0 1
    outer loop
      vertex 29.1325 62.5419 2
      vertex 29.1532 62.53 2
      vertex 29.1369 62.5508 2
    endloop
  endfacet
  facet normal 0 0 1
    outer loop
      vertex 28.9872 62.3244 2
      vertex 29.1532 62.53 2
      vertex 29.1325 62.5419 2
    endloop
  endfacet
  facet normal 0 0 1
    outer loop
      vertex 29.1532 62.53 2
      vertex 28.9872 62.3244 2
      vertex 29.0005 62.3016 2
    endloop
  endfacet
  facet normal -0 0 1
    outer loop
      vertex 28.9817 62.3161 2
      vertex 29.0005 62.3016 2
      vertex 28.9872 62.3244 2
    endloop
  endfacet
  facet normal -0 0 1
    outer loop
      vertex 28.9751 62.3086 2
      vertex 29.0005 62.3016 2
      vertex 28.9817 62.3161 2
    endloop
  endfacet
  facet normal 0 0 1
    outer loop
      vertex 28.9751 62.3086 2
      vertex 28.8194 62.0951 2
      vertex 29.0005 62.3016 2
    endloop
  endfacet
  facet normal -0 0 1
    outer loop
      vertex 28.8026 62.1119 2
      vertex 28.8194 62.0951 2
      vertex 28.9751 62.3086 2
    endloop
  endfacet
  facet normal 0 0 1
    outer loop
      vertex 28.6059 61.9394 2
      vertex 28.8194 62.0951 2
      vertex 28.8026 62.1119 2
    endloop
  endfacet
  facet normal 0 0 1
    outer loop
      vertex 28.8194 62.0951 2
      vertex 28.6059 61.9394 2
      vertex 28.6129 61.914 2
    endloop
  endfacet
  facet normal -0 0 1
    outer loop
      vertex 28.5984 61.9328 2
      vertex 28.6129 61.914 2
      vertex 28.6059 61.9394 2
    endloop
  endfacet
  facet normal 0 0 1
    outer loop
      vertex 28.3809 61.7875 2
      vertex 28.6129 61.914 2
      vertex 28.5984 61.9328 2
    endloop
  endfacet
  facet normal 0 0 1
    outer loop
      vertex 28.6129 61.914 2
      vertex 28.3809 61.7875 2
      vertex 28.3845 61.7613 2
    endloop
  endfacet
  facet normal -0 0 1
    outer loop
      vertex 28.3726 61.782 2
      vertex 28.3845 61.7613 2
      vertex 28.3809 61.7875 2
    endloop
  endfacet
  facet normal -0 0 1
    outer loop
      vertex 28.3637 61.7776 2
      vertex 28.3845 61.7613 2
      vertex 28.3726 61.782 2
    endloop
  endfacet
  facet normal 0 0 1
    outer loop
      vertex 28.3637 61.7776 2
      vertex 28.1381 61.6399 2
      vertex 28.3845 61.7613 2
    endloop
  endfacet
  facet normal -0 0 1
    outer loop
      vertex 28.129 61.6618 2
      vertex 28.1381 61.6399 2
      vertex 28.3637 61.7776 2
    endloop
  endfacet
  facet normal 0 0 1
    outer loop
      vertex 27.8813 61.5778 2
      vertex 28.1381 61.6399 2
      vertex 28.129 61.6618 2
    endloop
  endfacet
  facet normal -0 0 1
    outer loop
      vertex 27.8813 61.5778 2
      vertex 27.878 61.5516 2
      vertex 28.1381 61.6399 2
    endloop
  endfacet
  facet normal -0 0 1
    outer loop
      vertex 27.8719 61.5746 2
      vertex 27.878 61.5516 2
      vertex 27.8813 61.5778 2
    endloop
  endfacet
  facet normal -0 0 1
    outer loop
      vertex 27.8621 61.5726 2
      vertex 27.878 61.5516 2
      vertex 27.8719 61.5746 2
    endloop
  endfacet
  facet normal 0 0 1
    outer loop
      vertex 27.8621 61.5726 2
      vertex 27.6086 61.498 2
      vertex 27.878 61.5516 2
    endloop
  endfacet
  facet normal -0 0 1
    outer loop
      vertex 27.6055 61.5216 2
      vertex 27.6086 61.498 2
      vertex 27.8621 61.5726 2
    endloop
  endfacet
  facet normal -0 0 1
    outer loop
      vertex 27.5956 61.5209 2
      vertex 27.6086 61.498 2
      vertex 27.6055 61.5216 2
    endloop
  endfacet
  facet normal 0 0 1
    outer loop
      vertex 27.3345 61.48 2
      vertex 27.5956 61.5209 2
      vertex 27.3345 61.5038 2
    endloop
  endfacet
  facet normal 0 0 1
    outer loop
      vertex 27.5956 61.5209 2
      vertex 27.3345 61.48 2
      vertex 27.6086 61.498 2
    endloop
  endfacet
  facet normal 0 0 1
    outer loop
      vertex 27.0734 61.5209 2
      vertex 27.3345 61.48 2
      vertex 27.3345 61.5038 2
    endloop
  endfacet
  facet normal 0 0 1
    outer loop
      vertex 27.0604 61.498 2
      vertex 27.0734 61.5209 2
      vertex 27.0635 61.5216 2
    endloop
  endfacet
  facet normal 0 0 1
    outer loop
      vertex 27.0734 61.5209 2
      vertex 27.0604 61.498 2
      vertex 27.3345 61.48 2
    endloop
  endfacet
  facet normal 0 0 1
    outer loop
      vertex 26.8069 61.5726 2
      vertex 27.0604 61.498 2
      vertex 27.0635 61.5216 2
    endloop
  endfacet
  facet normal 0 0 1
    outer loop
      vertex 26.791 61.5516 2
      vertex 26.8069 61.5726 2
      vertex 26.7971 61.5746 2
    endloop
  endfacet
  facet normal 0 0 1
    outer loop
      vertex 26.8069 61.5726 2
      vertex 26.791 61.5516 2
      vertex 27.0604 61.498 2
    endloop
  endfacet
  facet normal 0 0 1
    outer loop
      vertex 26.7877 61.5778 2
      vertex 26.791 61.5516 2
      vertex 26.7971 61.5746 2
    endloop
  endfacet
  facet normal -0 0 1
    outer loop
      vertex 26.5309 61.6399 2
      vertex 26.7877 61.5778 2
      vertex 26.54 61.6618 2
    endloop
  endfacet
  facet normal 0 0 1
    outer loop
      vertex 26.7877 61.5778 2
      vertex 26.5309 61.6399 2
      vertex 26.791 61.5516 2
    endloop
  endfacet
  facet normal 0 0 1
    outer loop
      vertex 26.3053 61.7776 2
      vertex 26.5309 61.6399 2
      vertex 26.54 61.6618 2
    endloop
  endfacet
  facet normal 0 0 1
    outer loop
      vertex 26.2845 61.7613 2
      vertex 26.3053 61.7776 2
      vertex 26.2964 61.782 2
    endloop
  endfacet
  facet normal 0 0 1
    outer loop
      vertex 26.3053 61.7776 2
      vertex 26.2845 61.7613 2
      vertex 26.5309 61.6399 2
    endloop
  endfacet
  facet normal 0 0 1
    outer loop
      vertex 26.2881 61.7875 2
      vertex 26.2845 61.7613 2
      vertex 26.2964 61.782 2
    endloop
  endfacet
  facet normal -0 0 1
    outer loop
      vertex 26.0561 61.914 2
      vertex 26.2881 61.7875 2
      vertex 26.0706 61.9328 2
    endloop
  endfacet
  facet normal 0 0 1
    outer loop
      vertex 26.2881 61.7875 2
      vertex 26.0561 61.914 2
      vertex 26.2845 61.7613 2
    endloop
  endfacet
  facet normal 0 0 1
    outer loop
      vertex 25.8739 62.1053 2
      vertex 26.0561 61.914 2
      vertex 26.0706 61.9328 2
    endloop
  endfacet
  facet normal 0 0 1
    outer loop
      vertex 25.8496 62.0951 2
      vertex 25.8739 62.1053 2
      vertex 25.8664 62.1119 2
    endloop
  endfacet
  facet normal 0 0 1
    outer loop
      vertex 25.8739 62.1053 2
      vertex 25.8496 62.0951 2
      vertex 26.0561 61.914 2
    endloop
  endfacet
  facet normal 0 0 1
    outer loop
      vertex 25.8598 62.1194 2
      vertex 25.8496 62.0951 2
      vertex 25.8664 62.1119 2
    endloop
  endfacet
  facet normal -0 0 1
    outer loop
      vertex 25.6685 62.3016 2
      vertex 25.8598 62.1194 2
      vertex 25.6873 62.3161 2
    endloop
  endfacet
  facet normal 0 0 1
    outer loop
      vertex 25.8598 62.1194 2
      vertex 25.6685 62.3016 2
      vertex 25.8496 62.0951 2
    endloop
  endfacet
  facet normal 0 0 1
    outer loop
      vertex 25.542 62.5336 2
      vertex 25.6685 62.3016 2
      vertex 25.6873 62.3161 2
    endloop
  endfacet
  facet normal 0 0 1
    outer loop
      vertex 25.5158 62.53 2
      vertex 25.542 62.5336 2
      vertex 25.5365 62.5419 2
    endloop
  endfacet
  facet normal 0 0 1
    outer loop
      vertex 25.542 62.5336 2
      vertex 25.5158 62.53 2
      vertex 25.6685 62.3016 2
    endloop
  endfacet
  facet normal 0 0 1
    outer loop
      vertex 25.5321 62.5508 2
      vertex 25.5158 62.53 2
      vertex 25.5365 62.5419 2
    endloop
  endfacet
  facet normal -0 0 1
    outer loop
      vertex 25.3944 62.7764 2
      vertex 25.5321 62.5508 2
      vertex 25.4164 62.7855 2
    endloop
  endfacet
  facet normal 0 0 1
    outer loop
      vertex 25.5321 62.5508 2
      vertex 25.3944 62.7764 2
      vertex 25.5158 62.53 2
    endloop
  endfacet
  facet normal 0 0 1
    outer loop
      vertex 25.3323 63.0332 2
      vertex 25.3944 62.7764 2
      vertex 25.4164 62.7855 2
    endloop
  endfacet
  facet normal -0 0 1
    outer loop
      vertex 25.3061 63.0365 2
      vertex 25.3323 63.0332 2
      vertex 25.3291 63.0426 2
    endloop
  endfacet
  facet normal 0 0 1
    outer loop
      vertex 25.3323 63.0332 2
      vertex 25.3061 63.0365 2
      vertex 25.3944 62.7764 2
    endloop
  endfacet
  facet normal 0 0 1
    outer loop
      vertex 25.3271 63.0524 2
      vertex 25.3061 63.0365 2
      vertex 25.3291 63.0426 2
    endloop
  endfacet
  facet normal -0 0 1
    outer loop
      vertex 25.2525 63.3059 2
      vertex 25.3271 63.0524 2
      vertex 25.2761 63.309 2
    endloop
  endfacet
  facet normal 0 0 1
    outer loop
      vertex 25.3271 63.0524 2
      vertex 25.2525 63.3059 2
      vertex 25.3061 63.0365 2
    endloop
  endfacet
  facet normal 0 0 1
    outer loop
      vertex 25.2754 63.3189 2
      vertex 25.2525 63.3059 2
      vertex 25.2761 63.309 2
    endloop
  endfacet
  facet normal -0 0 1
    outer loop
      vertex 25.2345 63.58 2
      vertex 25.2754 63.3189 2
      vertex 25.2583 63.58 2
    endloop
  endfacet
  facet normal 0 0 1
    outer loop
      vertex 25.2754 63.8411 2
      vertex 25.2345 63.58 2
      vertex 25.2583 63.58 2
    endloop
  endfacet
  facet normal 0 0 1
    outer loop
      vertex 25.2754 63.3189 2
      vertex 25.2345 63.58 2
      vertex 25.2525 63.3059 2
    endloop
  endfacet
  facet normal 0.980776 -0.195136 0
    outer loop
      vertex 29.3629 63.0365 2
      vertex 29.4165 63.3059 0.6
      vertex 29.4165 63.3059 2
    endloop
  endfacet
  facet normal 0.980776 -0.195136 0
    outer loop
      vertex 29.4165 63.3059 0.6
      vertex 29.3629 63.0365 2
      vertex 29.3629 63.0365 0.6
    endloop
  endfacet
  facet normal 0.321465 0.946921 -0
    outer loop
      vertex 28.1381 65.5201 0.6
      vertex 27.878 65.6084 2
      vertex 28.1381 65.5201 2
    endloop
  endfacet
  facet normal 0.321465 0.946921 0
    outer loop
      vertex 27.878 65.6084 2
      vertex 28.1381 65.5201 0.6
      vertex 27.878 65.6084 0.6
    endloop
  endfacet
  facet normal 0.195136 0.980776 -0
    outer loop
      vertex 27.878 65.6084 0.6
      vertex 27.6086 65.662 2
      vertex 27.878 65.6084 2
    endloop
  endfacet
  facet normal 0.195136 0.980776 0
    outer loop
      vertex 27.6086 65.662 2
      vertex 27.878 65.6084 0.6
      vertex 27.6086 65.662 0.6
    endloop
  endfacet
  facet normal 0.0655283 0.997851 -0
    outer loop
      vertex 27.6086 65.662 0.6
      vertex 27.3345 65.68 2
      vertex 27.6086 65.662 2
    endloop
  endfacet
  facet normal 0.0655283 0.997851 0
    outer loop
      vertex 27.3345 65.68 2
      vertex 27.6086 65.662 0.6
      vertex 27.3345 65.68 0.6
    endloop
  endfacet
  facet normal 0.751832 0.659355 0
    outer loop
      vertex 29.0005 64.8584 2
      vertex 28.8194 65.0649 0.6
      vertex 28.8194 65.0649 2
    endloop
  endfacet
  facet normal 0.751832 0.659355 0
    outer loop
      vertex 28.8194 65.0649 0.6
      vertex 29.0005 64.8584 2
      vertex 29.0005 64.8584 0.6
    endloop
  endfacet
  facet normal 0.831322 -0.555792 0
    outer loop
      vertex 29.0005 62.3016 2
      vertex 29.1532 62.53 0.6
      vertex 29.1532 62.53 2
    endloop
  endfacet
  facet normal 0.831322 -0.555792 0
    outer loop
      vertex 29.1532 62.53 0.6
      vertex 29.0005 62.3016 2
      vertex 29.0005 62.3016 0.6
    endloop
  endfacet
  facet normal 0.897033 -0.441964 0
    outer loop
      vertex 29.1532 62.53 2
      vertex 29.2746 62.7764 0.6
      vertex 29.2746 62.7764 2
    endloop
  endfacet
  facet normal 0.897033 -0.441964 0
    outer loop
      vertex 29.2746 62.7764 0.6
      vertex 29.1532 62.53 2
      vertex 29.1532 62.53 0.6
    endloop
  endfacet
  facet normal 0.0655283 -0.997851 0
    outer loop
      vertex 27.3345 61.48 0.6
      vertex 27.6086 61.498 2
      vertex 27.3345 61.48 2
    endloop
  endfacet
  facet normal 0.0655283 -0.997851 0
    outer loop
      vertex 27.6086 61.498 2
      vertex 27.3345 61.48 0.6
      vertex 27.6086 61.498 0.6
    endloop
  endfacet
  facet normal -0.884943 0.180601 0.429254
    outer loop
      vertex 25.3271 64.1076 2
      vertex 25.789 63.9941 3
      vertex 25.3291 64.1174 2
    endloop
  endfacet
  facet normal -0.885895 0.176057 0.429178
    outer loop
      vertex 25.789 63.9941 3
      vertex 25.3271 64.1076 2
      vertex 25.7482 63.7888 3
    endloop
  endfacet
  facet normal 0.855383 0.290077 0.429157
    outer loop
      vertex 29.3399 64.1174 2
      vertex 29.2559 64.3651 2
      vertex 28.88 63.9941 3
    endloop
  endfacet
  facet normal 0.595536 0.679084 0.429164
    outer loop
      vertex 28.8026 65.0481 2
      vertex 28.6059 65.2206 2
      vertex 28.4659 64.7114 3
    endloop
  endfacet
  facet normal -0.901283 -0.059027 0.429191
    outer loop
      vertex 25.2754 63.3189 2
      vertex 25.7345 63.58 3
      vertex 25.2583 63.58 2
    endloop
  endfacet
  facet normal -0.901266 -0.0591348 0.429211
    outer loop
      vertex 25.2754 63.3189 2
      vertex 25.7482 63.3712 3
      vertex 25.7345 63.58 3
    endloop
  endfacet
  facet normal -0.900919 -0.0637014 0.429286
    outer loop
      vertex 25.7482 63.3712 3
      vertex 25.2754 63.3189 2
      vertex 25.2761 63.309 2
    endloop
  endfacet
  facet normal -0.75266 0.498751 0.429826
    outer loop
      vertex 25.5365 64.6181 2
      vertex 26.0651 64.554 3
      vertex 25.542 64.6264 2
    endloop
  endfacet
  facet normal -0.751119 0.501609 0.429195
    outer loop
      vertex 26.0651 64.554 3
      vertex 25.5365 64.6181 2
      vertex 25.9489 64.38 3
    endloop
  endfacet
  facet normal -0.180601 -0.884943 0.429254
    outer loop
      vertex 26.8069 61.5726 2
      vertex 26.9204 62.0345 3
      vertex 26.7971 61.5746 2
    endloop
  endfacet
  facet normal -0.176057 -0.885895 0.429178
    outer loop
      vertex 26.9204 62.0345 3
      vertex 26.8069 61.5726 2
      vertex 27.1257 61.9937 3
    endloop
  endfacet
  facet normal -0.0637087 0.901023 0.429067
    outer loop
      vertex 27.3246 65.6555 2
      vertex 27.3345 65.18 3
      vertex 27.3345 65.6562 2
    endloop
  endfacet
  facet normal -0.0591367 0.901295 0.429151
    outer loop
      vertex 27.3345 65.18 3
      vertex 27.3246 65.6555 2
      vertex 27.1257 65.1663 3
    endloop
  endfacet
  facet normal -0.900919 0.0637014 0.429286
    outer loop
      vertex 25.2754 63.8411 2
      vertex 25.7482 63.7888 3
      vertex 25.2761 63.851 2
    endloop
  endfacet
  facet normal -0.901266 0.0591348 0.429211
    outer loop
      vertex 25.7482 63.7888 3
      vertex 25.2754 63.8411 2
      vertex 25.7345 63.58 3
    endloop
  endfacet
  facet normal -0.399605 0.809998 0.429207
    outer loop
      vertex 26.54 65.4982 2
      vertex 26.5345 64.9656 3
      vertex 26.7222 65.0582 3
    endloop
  endfacet
  facet normal -0.404128 0.808256 0.428255
    outer loop
      vertex 26.5345 64.9656 3
      vertex 26.54 65.4982 2
      vertex 26.531 65.4937 2
    endloop
  endfacet
  facet normal -0.595447 0.679155 0.429175
    outer loop
      vertex 25.8739 65.0547 2
      vertex 26.2031 64.7114 3
      vertex 26.3605 64.8494 3
    endloop
  endfacet
  facet normal -0.596684 0.67805 0.429203
    outer loop
      vertex 26.2031 64.7114 3
      vertex 25.8739 65.0547 2
      vertex 25.8664 65.0481 2
    endloop
  endfacet
  facet normal -0.855282 0.290388 0.429147
    outer loop
      vertex 25.8563 64.1923 3
      vertex 25.4164 64.3745 2
      vertex 25.3323 64.1268 2
    endloop
  endfacet
  facet normal 0.50173 0.751041 0.429191
    outer loop
      vertex 28.5901 65.2327 2
      vertex 28.3726 65.378 2
      vertex 28.1345 64.9656 3
    endloop
  endfacet
  facet normal 0.176057 -0.885895 0.429178
    outer loop
      vertex 27.8621 61.5726 2
      vertex 27.7486 62.0345 3
      vertex 27.5433 61.9937 3
    endloop
  endfacet
  facet normal 0.180601 -0.884943 0.429254
    outer loop
      vertex 27.7486 62.0345 3
      vertex 27.8621 61.5726 2
      vertex 27.8719 61.5746 2
    endloop
  endfacet
  facet normal 0.404128 0.808256 0.428255
    outer loop
      vertex 28.129 65.4982 2
      vertex 28.1345 64.9656 3
      vertex 28.138 65.4937 2
    endloop
  endfacet
  facet normal 0.399605 0.809998 0.429207
    outer loop
      vertex 28.1345 64.9656 3
      vertex 28.129 65.4982 2
      vertex 27.9468 65.0582 3
    endloop
  endfacet
  facet normal -0.399641 -0.809981 0.429206
    outer loop
      vertex 26.54 61.6618 2
      vertex 26.7222 62.1018 3
      vertex 26.3053 61.7776 2
    endloop
  endfacet
  facet normal 0.809981 -0.399641 0.429206
    outer loop
      vertex 29.1369 62.5508 2
      vertex 29.2527 62.7855 2
      vertex 28.8127 62.9677 3
    endloop
  endfacet
  facet normal 0.751041 -0.50173 0.429191
    outer loop
      vertex 28.9872 62.3244 2
      vertex 29.1325 62.5419 2
      vertex 28.7201 62.78 3
    endloop
  endfacet
  facet normal -0.501618 0.751131 0.429164
    outer loop
      vertex 26.0789 65.2327 2
      vertex 26.3605 64.8494 3
      vertex 26.5345 64.9656 3
    endloop
  endfacet
  facet normal -0.505157 0.748715 0.429235
    outer loop
      vertex 26.3605 64.8494 3
      vertex 26.0789 65.2327 2
      vertex 26.0706 65.2271 2
    endloop
  endfacet
  facet normal -0.595526 -0.679072 0.429196
    outer loop
      vertex 26.0706 61.9328 2
      vertex 26.3605 62.3106 3
      vertex 25.8739 62.1053 2
    endloop
  endfacet
  facet normal 0.176073 -0.885891 0.429181
    outer loop
      vertex 27.6055 61.5216 2
      vertex 27.8621 61.5726 2
      vertex 27.5433 61.9937 3
    endloop
  endfacet
  facet normal -0.498751 -0.75266 0.429826
    outer loop
      vertex 26.2964 61.782 2
      vertex 26.3605 62.3106 3
      vertex 26.2881 61.7875 2
    endloop
  endfacet
  facet normal -0.501609 -0.751119 0.429195
    outer loop
      vertex 26.3605 62.3106 3
      vertex 26.2964 61.782 2
      vertex 26.5345 62.1944 3
    endloop
  endfacet
  facet normal -0.50173 0.751041 0.429191
    outer loop
      vertex 26.5345 64.9656 3
      vertex 26.2964 65.378 2
      vertex 26.0789 65.2327 2
    endloop
  endfacet
  facet normal -0.595346 0.679261 0.429148
    outer loop
      vertex 26.3605 64.8494 3
      vertex 26.0706 65.2271 2
      vertex 25.8739 65.0547 2
    endloop
  endfacet
  facet normal 0.399607 -0.810002 0.429199
    outer loop
      vertex 28.3637 61.7776 2
      vertex 28.1345 62.1944 3
      vertex 27.9468 62.1018 3
    endloop
  endfacet
  facet normal 0.400282 -0.809661 0.429212
    outer loop
      vertex 28.1345 62.1944 3
      vertex 28.3637 61.7776 2
      vertex 28.3726 61.782 2
    endloop
  endfacet
  facet normal -0.679072 0.595526 0.429196
    outer loop
      vertex 26.0651 64.554 3
      vertex 25.8598 65.0406 2
      vertex 25.6873 64.8439 2
    endloop
  endfacet
  facet normal 0.808256 0.404128 0.428255
    outer loop
      vertex 28.7201 64.38 3
      vertex 29.2527 64.3745 2
      vertex 29.2482 64.3835 2
    endloop
  endfacet
  facet normal 0.809998 0.399605 0.429207
    outer loop
      vertex 29.2527 64.3745 2
      vertex 28.7201 64.38 3
      vertex 28.8127 64.1923 3
    endloop
  endfacet
  facet normal 0.501609 -0.751119 0.429195
    outer loop
      vertex 28.3726 61.782 2
      vertex 28.3085 62.3106 3
      vertex 28.1345 62.1944 3
    endloop
  endfacet
  facet normal 0.498751 -0.75266 0.429826
    outer loop
      vertex 28.3085 62.3106 3
      vertex 28.3726 61.782 2
      vertex 28.3809 61.7875 2
    endloop
  endfacet
  facet normal 0.291066 0.855007 0.429235
    outer loop
      vertex 28.1196 65.5014 2
      vertex 27.9468 65.0582 3
      vertex 28.129 65.4982 2
    endloop
  endfacet
  facet normal 0.290402 0.855239 0.429223
    outer loop
      vertex 27.9468 65.0582 3
      vertex 28.1196 65.5014 2
      vertex 27.7486 65.1255 3
    endloop
  endfacet
  facet normal -0.176057 0.885895 0.429178
    outer loop
      vertex 26.8069 65.5874 2
      vertex 26.9204 65.1255 3
      vertex 27.1257 65.1663 3
    endloop
  endfacet
  facet normal -0.180601 0.884943 0.429254
    outer loop
      vertex 26.9204 65.1255 3
      vertex 26.8069 65.5874 2
      vertex 26.7971 65.5854 2
    endloop
  endfacet
  facet normal 0.901295 0.0591367 0.429151
    outer loop
      vertex 28.9345 63.58 3
      vertex 29.41 63.5899 2
      vertex 28.9208 63.7888 3
    endloop
  endfacet
  facet normal 0.901023 0.0637087 0.429067
    outer loop
      vertex 29.41 63.5899 2
      vertex 28.9345 63.58 3
      vertex 29.4107 63.58 2
    endloop
  endfacet
  facet normal 0.901292 -0.0590276 0.429172
    outer loop
      vertex 29.3929 63.309 2
      vertex 29.41 63.5701 2
      vertex 28.9208 63.3712 3
    endloop
  endfacet
  facet normal -0.855109 0.291101 0.42901
    outer loop
      vertex 25.3291 64.1174 2
      vertex 25.8563 64.1923 3
      vertex 25.3323 64.1268 2
    endloop
  endfacet
  facet normal -0.855273 0.290413 0.429148
    outer loop
      vertex 25.8563 64.1923 3
      vertex 25.3291 64.1174 2
      vertex 25.789 63.9941 3
    endloop
  endfacet
  facet normal 0.595536 -0.679084 0.429164
    outer loop
      vertex 28.6059 61.9394 2
      vertex 28.8026 62.1119 2
      vertex 28.4659 62.4486 3
    endloop
  endfacet
  facet normal -0.885891 0.176073 0.429181
    outer loop
      vertex 25.7482 63.7888 3
      vertex 25.3271 64.1076 2
      vertex 25.2761 63.851 2
    endloop
  endfacet
  facet normal -0.901283 0.059027 0.429191
    outer loop
      vertex 25.7345 63.58 3
      vertex 25.2754 63.8411 2
      vertex 25.2583 63.58 2
    endloop
  endfacet
  facet normal 0.59544 -0.679146 0.429199
    outer loop
      vertex 28.5984 61.9328 2
      vertex 28.4659 62.4486 3
      vertex 28.3085 62.3106 3
    endloop
  endfacet
  facet normal 0.596788 -0.678168 0.428873
    outer loop
      vertex 28.4659 62.4486 3
      vertex 28.5984 61.9328 2
      vertex 28.6059 61.9394 2
    endloop
  endfacet
  facet normal 0.810057 0.399504 0.42919
    outer loop
      vertex 29.2482 64.3835 2
      vertex 29.1325 64.6181 2
      vertex 28.7201 64.38 3
    endloop
  endfacet
  facet normal -0.176073 0.885891 0.429181
    outer loop
      vertex 27.1257 65.1663 3
      vertex 27.0635 65.6384 2
      vertex 26.8069 65.5874 2
    endloop
  endfacet
  facet normal 0.678168 0.596788 0.428873
    outer loop
      vertex 28.4659 64.7114 3
      vertex 28.9817 64.8439 2
      vertex 28.9751 64.8514 2
    endloop
  endfacet
  facet normal 0.679146 0.59544 0.429199
    outer loop
      vertex 28.9817 64.8439 2
      vertex 28.4659 64.7114 3
      vertex 28.6039 64.554 3
    endloop
  endfacet
  facet normal -0.290402 0.855239 0.429223
    outer loop
      vertex 26.5494 65.5014 2
      vertex 26.7222 65.0582 3
      vertex 26.9204 65.1255 3
    endloop
  endfacet
  facet normal -0.291066 0.855007 0.429235
    outer loop
      vertex 26.7222 65.0582 3
      vertex 26.5494 65.5014 2
      vertex 26.54 65.4982 2
    endloop
  endfacet
  facet normal 0.0590276 0.901292 0.429172
    outer loop
      vertex 27.5433 65.1663 3
      vertex 27.6055 65.6384 2
      vertex 27.3444 65.6555 2
    endloop
  endfacet
  facet normal 0.501729 -0.75104 0.429194
    outer loop
      vertex 28.3809 61.7875 2
      vertex 28.5984 61.9328 2
      vertex 28.3085 62.3106 3
    endloop
  endfacet
  facet normal 0.180601 0.884943 0.429254
    outer loop
      vertex 27.8621 65.5874 2
      vertex 27.7486 65.1255 3
      vertex 27.8719 65.5854 2
    endloop
  endfacet
  facet normal 0.176057 0.885895 0.429178
    outer loop
      vertex 27.7486 65.1255 3
      vertex 27.8621 65.5874 2
      vertex 27.5433 65.1663 3
    endloop
  endfacet
  facet normal -0.059027 -0.901283 0.429191
    outer loop
      vertex 27.3345 61.5038 2
      vertex 27.3345 61.98 3
      vertex 27.0734 61.5209 2
    endloop
  endfacet
  facet normal -0.176073 -0.885891 0.429181
    outer loop
      vertex 27.0635 61.5216 2
      vertex 27.1257 61.9937 3
      vertex 26.8069 61.5726 2
    endloop
  endfacet
  facet normal 0.810002 -0.399607 0.429199
    outer loop
      vertex 28.7201 62.78 3
      vertex 29.1369 62.5508 2
      vertex 28.8127 62.9677 3
    endloop
  endfacet
  facet normal 0.809661 -0.400282 0.429212
    outer loop
      vertex 29.1369 62.5508 2
      vertex 28.7201 62.78 3
      vertex 29.1325 62.5419 2
    endloop
  endfacet
  facet normal -0.0590276 0.901292 0.429172
    outer loop
      vertex 27.1257 65.1663 3
      vertex 27.3246 65.6555 2
      vertex 27.0635 65.6384 2
    endloop
  endfacet
  facet normal -0.400282 -0.809661 0.429212
    outer loop
      vertex 26.3053 61.7776 2
      vertex 26.5345 62.1944 3
      vertex 26.2964 61.782 2
    endloop
  endfacet
  facet normal -0.399607 -0.810002 0.429199
    outer loop
      vertex 26.5345 62.1944 3
      vertex 26.3053 61.7776 2
      vertex 26.7222 62.1018 3
    endloop
  endfacet
  facet normal 0.399641 -0.809981 0.429206
    outer loop
      vertex 28.129 61.6618 2
      vertex 28.3637 61.7776 2
      vertex 27.9468 62.1018 3
    endloop
  endfacet
  facet normal 0.855239 -0.290402 0.429223
    outer loop
      vertex 28.8127 62.9677 3
      vertex 29.2559 62.7949 2
      vertex 28.88 63.1659 3
    endloop
  endfacet
  facet normal 0.855007 -0.291066 0.429235
    outer loop
      vertex 29.2559 62.7949 2
      vertex 28.8127 62.9677 3
      vertex 29.2527 62.7855 2
    endloop
  endfacet
  facet normal 0.591243 0.682203 0.430152
    outer loop
      vertex 28.5984 65.2271 2
      vertex 28.4659 64.7114 3
      vertex 28.6059 65.2206 2
    endloop
  endfacet
  facet normal 0.595457 0.679166 0.429144
    outer loop
      vertex 28.4659 64.7114 3
      vertex 28.5984 65.2271 2
      vertex 28.3085 64.8494 3
    endloop
  endfacet
  facet normal -0.810057 0.399504 0.42919
    outer loop
      vertex 25.9489 64.38 3
      vertex 25.5365 64.6181 2
      vertex 25.4208 64.3835 2
    endloop
  endfacet
  facet normal 0.884943 0.180601 0.429254
    outer loop
      vertex 28.88 63.9941 3
      vertex 29.3419 64.1076 2
      vertex 29.3399 64.1174 2
    endloop
  endfacet
  facet normal 0.885895 0.176057 0.429178
    outer loop
      vertex 29.3419 64.1076 2
      vertex 28.88 63.9941 3
      vertex 28.9208 63.7888 3
    endloop
  endfacet
  facet normal 0.290069 -0.855359 0.429209
    outer loop
      vertex 28.129 61.6618 2
      vertex 27.9468 62.1018 3
      vertex 27.8813 61.5778 2
    endloop
  endfacet
  facet normal 0.679084 0.595536 0.429164
    outer loop
      vertex 28.9751 64.8514 2
      vertex 28.8026 65.0481 2
      vertex 28.4659 64.7114 3
    endloop
  endfacet
  facet normal -0.501729 -0.75104 0.429194
    outer loop
      vertex 26.2881 61.7875 2
      vertex 26.3605 62.3106 3
      vertex 26.0706 61.9328 2
    endloop
  endfacet
  facet normal -0.67805 0.596684 0.429203
    outer loop
      vertex 25.8598 65.0406 2
      vertex 26.2031 64.7114 3
      vertex 25.8664 65.0481 2
    endloop
  endfacet
  facet normal -0.679155 0.595447 0.429175
    outer loop
      vertex 26.2031 64.7114 3
      vertex 25.8598 65.0406 2
      vertex 26.0651 64.554 3
    endloop
  endfacet
  facet normal -0.811184 0.396579 0.429774
    outer loop
      vertex 25.4164 64.3745 2
      vertex 25.9489 64.38 3
      vertex 25.4208 64.3835 2
    endloop
  endfacet
  facet normal -0.810026 0.399619 0.429141
    outer loop
      vertex 25.9489 64.38 3
      vertex 25.4164 64.3745 2
      vertex 25.8563 64.1923 3
    endloop
  endfacet
  facet normal 0.855007 0.291066 0.429235
    outer loop
      vertex 28.8127 64.1923 3
      vertex 29.2559 64.3651 2
      vertex 29.2527 64.3745 2
    endloop
  endfacet
  facet normal 0.855239 0.290402 0.429223
    outer loop
      vertex 29.2559 64.3651 2
      vertex 28.8127 64.1923 3
      vertex 28.88 63.9941 3
    endloop
  endfacet
  facet normal -0.0637014 -0.900919 0.429286
    outer loop
      vertex 27.0734 61.5209 2
      vertex 27.1257 61.9937 3
      vertex 27.0635 61.5216 2
    endloop
  endfacet
  facet normal -0.0591348 -0.901266 0.429211
    outer loop
      vertex 27.1257 61.9937 3
      vertex 27.0734 61.5209 2
      vertex 27.3345 61.98 3
    endloop
  endfacet
  facet normal -0.399504 0.810057 0.42919
    outer loop
      vertex 26.5345 64.9656 3
      vertex 26.531 65.4937 2
      vertex 26.2964 65.378 2
    endloop
  endfacet
  facet normal 0.751041 0.50173 0.429191
    outer loop
      vertex 29.1325 64.6181 2
      vertex 28.9872 64.8356 2
      vertex 28.7201 64.38 3
    endloop
  endfacet
  facet normal -0.75104 0.501729 0.429194
    outer loop
      vertex 26.0651 64.554 3
      vertex 25.6873 64.8439 2
      vertex 25.542 64.6264 2
    endloop
  endfacet
  facet normal 0.679146 -0.59544 0.429199
    outer loop
      vertex 28.4659 62.4486 3
      vertex 28.9817 62.3161 2
      vertex 28.6039 62.606 3
    endloop
  endfacet
  facet normal 0.678168 -0.596788 0.428873
    outer loop
      vertex 28.9817 62.3161 2
      vertex 28.4659 62.4486 3
      vertex 28.9751 62.3086 2
    endloop
  endfacet
  facet normal -0.290077 0.855383 0.429157
    outer loop
      vertex 26.9204 65.1255 3
      vertex 26.7971 65.5854 2
      vertex 26.5494 65.5014 2
    endloop
  endfacet
  facet normal 0.290413 -0.855273 0.429148
    outer loop
      vertex 27.8719 61.5746 2
      vertex 27.9468 62.1018 3
      vertex 27.7486 62.0345 3
    endloop
  endfacet
  facet normal 0.291101 -0.855109 0.42901
    outer loop
      vertex 27.9468 62.1018 3
      vertex 27.8719 61.5746 2
      vertex 27.8813 61.5778 2
    endloop
  endfacet
  facet normal 0.505157 0.748715 0.429235
    outer loop
      vertex 28.5901 65.2327 2
      vertex 28.3085 64.8494 3
      vertex 28.5984 65.2271 2
    endloop
  endfacet
  facet normal 0.501618 0.751131 0.429164
    outer loop
      vertex 28.3085 64.8494 3
      vertex 28.5901 65.2327 2
      vertex 28.1345 64.9656 3
    endloop
  endfacet
  facet normal 0.855383 -0.290077 0.429157
    outer loop
      vertex 29.2559 62.7949 2
      vertex 29.3399 63.0426 2
      vertex 28.88 63.1659 3
    endloop
  endfacet
  facet normal 0.901292 0.0590276 0.429172
    outer loop
      vertex 29.41 63.5899 2
      vertex 29.3929 63.851 2
      vertex 28.9208 63.7888 3
    endloop
  endfacet
  facet normal 0.885891 0.176073 0.429181
    outer loop
      vertex 29.3929 63.851 2
      vertex 29.3419 64.1076 2
      vertex 28.9208 63.7888 3
    endloop
  endfacet
  facet normal 0.751131 -0.501618 0.429164
    outer loop
      vertex 28.6039 62.606 3
      vertex 28.9872 62.3244 2
      vertex 28.7201 62.78 3
    endloop
  endfacet
  facet normal 0.752946 -0.49894 0.429106
    outer loop
      vertex 28.9872 62.3244 2
      vertex 28.6039 62.606 3
      vertex 28.9817 62.3161 2
    endloop
  endfacet
  facet normal -0.679072 -0.595526 0.429196
    outer loop
      vertex 25.8598 62.1194 2
      vertex 26.0651 62.606 3
      vertex 25.6873 62.3161 2
    endloop
  endfacet
  facet normal 0.885891 -0.176073 0.429181
    outer loop
      vertex 29.3419 63.0524 2
      vertex 29.3929 63.309 2
      vertex 28.9208 63.3712 3
    endloop
  endfacet
  facet normal 0.399504 0.810057 0.42919
    outer loop
      vertex 28.3726 65.378 2
      vertex 28.138 65.4937 2
      vertex 28.1345 64.9656 3
    endloop
  endfacet
  facet normal 0.679084 -0.595536 0.429164
    outer loop
      vertex 28.8026 62.1119 2
      vertex 28.9751 62.3086 2
      vertex 28.4659 62.4486 3
    endloop
  endfacet
  facet normal -0.751119 -0.501609 0.429195
    outer loop
      vertex 25.5365 62.5419 2
      vertex 26.0651 62.606 3
      vertex 25.9489 62.78 3
    endloop
  endfacet
  facet normal -0.75266 -0.498751 0.429826
    outer loop
      vertex 26.0651 62.606 3
      vertex 25.5365 62.5419 2
      vertex 25.542 62.5336 2
    endloop
  endfacet
  facet normal 0.290077 0.855383 0.429157
    outer loop
      vertex 28.1196 65.5014 2
      vertex 27.8719 65.5854 2
      vertex 27.7486 65.1255 3
    endloop
  endfacet
  facet normal 0.0591367 0.901295 0.429151
    outer loop
      vertex 27.3444 65.6555 2
      vertex 27.3345 65.18 3
      vertex 27.5433 65.1663 3
    endloop
  endfacet
  facet normal 0.0637087 0.901023 0.429067
    outer loop
      vertex 27.3345 65.18 3
      vertex 27.3444 65.6555 2
      vertex 27.3345 65.6562 2
    endloop
  endfacet
  facet normal 0.059027 -0.901283 0.429191
    outer loop
      vertex 27.3345 61.5038 2
      vertex 27.5956 61.5209 2
      vertex 27.3345 61.98 3
    endloop
  endfacet
  facet normal -0.596684 -0.67805 0.429203
    outer loop
      vertex 25.8739 62.1053 2
      vertex 26.2031 62.4486 3
      vertex 25.8664 62.1119 2
    endloop
  endfacet
  facet normal -0.595447 -0.679155 0.429175
    outer loop
      vertex 26.2031 62.4486 3
      vertex 25.8739 62.1053 2
      vertex 26.3605 62.3106 3
    endloop
  endfacet
  facet normal 0.0591348 -0.901266 0.429211
    outer loop
      vertex 27.5956 61.5209 2
      vertex 27.5433 61.9937 3
      vertex 27.3345 61.98 3
    endloop
  endfacet
  facet normal 0.0637014 -0.900919 0.429286
    outer loop
      vertex 27.5433 61.9937 3
      vertex 27.5956 61.5209 2
      vertex 27.6055 61.5216 2
    endloop
  endfacet
  facet normal -0.810143 -0.399376 0.429148
    outer loop
      vertex 25.5321 62.5508 2
      vertex 25.8563 62.9677 3
      vertex 25.4164 62.7855 2
    endloop
  endfacet
  facet normal 0.176073 0.885891 0.429181
    outer loop
      vertex 27.8621 65.5874 2
      vertex 27.6055 65.6384 2
      vertex 27.5433 65.1663 3
    endloop
  endfacet
  facet normal 0.752946 0.49894 0.429106
    outer loop
      vertex 28.6039 64.554 3
      vertex 28.9872 64.8356 2
      vertex 28.9817 64.8439 2
    endloop
  endfacet
  facet normal 0.751131 0.501618 0.429164
    outer loop
      vertex 28.9872 64.8356 2
      vertex 28.6039 64.554 3
      vertex 28.7201 64.38 3
    endloop
  endfacet
  facet normal 0.901023 -0.0637087 0.429067
    outer loop
      vertex 28.9345 63.58 3
      vertex 29.41 63.5701 2
      vertex 29.4107 63.58 2
    endloop
  endfacet
  facet normal 0.901295 -0.0591367 0.429151
    outer loop
      vertex 29.41 63.5701 2
      vertex 28.9345 63.58 3
      vertex 28.9208 63.3712 3
    endloop
  endfacet
  facet normal 0.885895 -0.176057 0.429178
    outer loop
      vertex 28.88 63.1659 3
      vertex 29.3419 63.0524 2
      vertex 28.9208 63.3712 3
    endloop
  endfacet
  facet normal 0.884943 -0.180601 0.429254
    outer loop
      vertex 29.3419 63.0524 2
      vertex 28.88 63.1659 3
      vertex 29.3399 63.0426 2
    endloop
  endfacet
  facet normal -0.290069 -0.855359 0.429209
    outer loop
      vertex 26.7877 61.5778 2
      vertex 26.7222 62.1018 3
      vertex 26.54 61.6618 2
    endloop
  endfacet
  facet normal -0.291101 -0.855109 0.42901
    outer loop
      vertex 26.7971 61.5746 2
      vertex 26.7222 62.1018 3
      vertex 26.7877 61.5778 2
    endloop
  endfacet
  facet normal -0.290413 -0.855273 0.429148
    outer loop
      vertex 26.7222 62.1018 3
      vertex 26.7971 61.5746 2
      vertex 26.9204 62.0345 3
    endloop
  endfacet
  facet normal -0.885891 -0.176073 0.429181
    outer loop
      vertex 25.3271 63.0524 2
      vertex 25.7482 63.3712 3
      vertex 25.2761 63.309 2
    endloop
  endfacet
  facet normal -0.855282 -0.290388 0.429147
    outer loop
      vertex 25.4164 62.7855 2
      vertex 25.8563 62.9677 3
      vertex 25.3323 63.0332 2
    endloop
  endfacet
  facet normal -0.679155 -0.595447 0.429175
    outer loop
      vertex 25.8598 62.1194 2
      vertex 26.2031 62.4486 3
      vertex 26.0651 62.606 3
    endloop
  endfacet
  facet normal -0.67805 -0.596684 0.429203
    outer loop
      vertex 26.2031 62.4486 3
      vertex 25.8598 62.1194 2
      vertex 25.8664 62.1119 2
    endloop
  endfacet
  facet normal -0.75104 -0.501729 0.429194
    outer loop
      vertex 25.6873 62.3161 2
      vertex 26.0651 62.606 3
      vertex 25.542 62.5336 2
    endloop
  endfacet
  facet normal -0.885895 -0.176057 0.429178
    outer loop
      vertex 25.3271 63.0524 2
      vertex 25.789 63.1659 3
      vertex 25.7482 63.3712 3
    endloop
  endfacet
  facet normal -0.884943 -0.180601 0.429254
    outer loop
      vertex 25.789 63.1659 3
      vertex 25.3271 63.0524 2
      vertex 25.3291 63.0426 2
    endloop
  endfacet
  facet normal 0 0 1
    outer loop
      vertex 28.9208 63.7888 3
      vertex 28.9208 63.3712 3
      vertex 28.9345 63.58 3
    endloop
  endfacet
  facet normal 0 0 1
    outer loop
      vertex 28.88 63.9941 3
      vertex 28.9208 63.3712 3
      vertex 28.9208 63.7888 3
    endloop
  endfacet
  facet normal 0 0 1
    outer loop
      vertex 28.88 63.9941 3
      vertex 28.88 63.1659 3
      vertex 28.9208 63.3712 3
    endloop
  endfacet
  facet normal 0 0 1
    outer loop
      vertex 28.8127 64.1923 3
      vertex 28.88 63.1659 3
      vertex 28.88 63.9941 3
    endloop
  endfacet
  facet normal 0 0 1
    outer loop
      vertex 28.8127 64.1923 3
      vertex 28.8127 62.9677 3
      vertex 28.88 63.1659 3
    endloop
  endfacet
  facet normal 0 0 1
    outer loop
      vertex 28.7201 64.38 3
      vertex 28.8127 62.9677 3
      vertex 28.8127 64.1923 3
    endloop
  endfacet
  facet normal 0 0 1
    outer loop
      vertex 28.7201 64.38 3
      vertex 28.7201 62.78 3
      vertex 28.8127 62.9677 3
    endloop
  endfacet
  facet normal 0 0 1
    outer loop
      vertex 28.6039 64.554 3
      vertex 28.7201 62.78 3
      vertex 28.7201 64.38 3
    endloop
  endfacet
  facet normal 0 0 1
    outer loop
      vertex 28.6039 64.554 3
      vertex 28.6039 62.606 3
      vertex 28.7201 62.78 3
    endloop
  endfacet
  facet normal 0 0 1
    outer loop
      vertex 28.4659 64.7114 3
      vertex 28.6039 62.606 3
      vertex 28.6039 64.554 3
    endloop
  endfacet
  facet normal 0 0 1
    outer loop
      vertex 28.4659 64.7114 3
      vertex 28.4659 62.4486 3
      vertex 28.6039 62.606 3
    endloop
  endfacet
  facet normal 0 0 1
    outer loop
      vertex 28.3085 64.8494 3
      vertex 28.4659 62.4486 3
      vertex 28.4659 64.7114 3
    endloop
  endfacet
  facet normal 0 0 1
    outer loop
      vertex 28.3085 64.8494 3
      vertex 28.3085 62.3106 3
      vertex 28.4659 62.4486 3
    endloop
  endfacet
  facet normal 0 0 1
    outer loop
      vertex 28.1345 64.9656 3
      vertex 28.3085 62.3106 3
      vertex 28.3085 64.8494 3
    endloop
  endfacet
  facet normal 0 0 1
    outer loop
      vertex 28.1345 64.9656 3
      vertex 28.1345 62.1944 3
      vertex 28.3085 62.3106 3
    endloop
  endfacet
  facet normal 0 0 1
    outer loop
      vertex 27.9468 65.0582 3
      vertex 28.1345 62.1944 3
      vertex 28.1345 64.9656 3
    endloop
  endfacet
  facet normal 0 0 1
    outer loop
      vertex 27.9468 65.0582 3
      vertex 27.9468 62.1018 3
      vertex 28.1345 62.1944 3
    endloop
  endfacet
  facet normal 0 0 1
    outer loop
      vertex 27.7486 65.1255 3
      vertex 27.9468 62.1018 3
      vertex 27.9468 65.0582 3
    endloop
  endfacet
  facet normal 0 0 1
    outer loop
      vertex 27.7486 65.1255 3
      vertex 27.7486 62.0345 3
      vertex 27.9468 62.1018 3
    endloop
  endfacet
  facet normal 0 0 1
    outer loop
      vertex 27.5433 65.1663 3
      vertex 27.7486 62.0345 3
      vertex 27.7486 65.1255 3
    endloop
  endfacet
  facet normal 0 0 1
    outer loop
      vertex 27.5433 65.1663 3
      vertex 27.5433 61.9937 3
      vertex 27.7486 62.0345 3
    endloop
  endfacet
  facet normal 0 0 1
    outer loop
      vertex 27.3345 65.18 3
      vertex 27.5433 61.9937 3
      vertex 27.5433 65.1663 3
    endloop
  endfacet
  facet normal 0 0 1
    outer loop
      vertex 27.3345 65.18 3
      vertex 27.3345 61.98 3
      vertex 27.5433 61.9937 3
    endloop
  endfacet
  facet normal -0 0 1
    outer loop
      vertex 27.1257 65.1663 3
      vertex 27.3345 61.98 3
      vertex 27.3345 65.18 3
    endloop
  endfacet
  facet normal 0 0 1
    outer loop
      vertex 27.1257 65.1663 3
      vertex 27.1257 61.9937 3
      vertex 27.3345 61.98 3
    endloop
  endfacet
  facet normal -0 0 1
    outer loop
      vertex 26.9204 65.1255 3
      vertex 27.1257 61.9937 3
      vertex 27.1257 65.1663 3
    endloop
  endfacet
  facet normal 0 0 1
    outer loop
      vertex 26.9204 65.1255 3
      vertex 26.9204 62.0345 3
      vertex 27.1257 61.9937 3
    endloop
  endfacet
  facet normal -0 0 1
    outer loop
      vertex 26.7222 65.0582 3
      vertex 26.9204 62.0345 3
      vertex 26.9204 65.1255 3
    endloop
  endfacet
  facet normal 0 0 1
    outer loop
      vertex 26.7222 65.0582 3
      vertex 26.7222 62.1018 3
      vertex 26.9204 62.0345 3
    endloop
  endfacet
  facet normal -0 0 1
    outer loop
      vertex 26.5345 64.9656 3
      vertex 26.7222 62.1018 3
      vertex 26.7222 65.0582 3
    endloop
  endfacet
  facet normal 0 0 1
    outer loop
      vertex 26.5345 64.9656 3
      vertex 26.5345 62.1944 3
      vertex 26.7222 62.1018 3
    endloop
  endfacet
  facet normal -0 0 1
    outer loop
      vertex 26.3605 64.8494 3
      vertex 26.5345 62.1944 3
      vertex 26.5345 64.9656 3
    endloop
  endfacet
  facet normal 0 0 1
    outer loop
      vertex 26.3605 64.8494 3
      vertex 26.3605 62.3106 3
      vertex 26.5345 62.1944 3
    endloop
  endfacet
  facet normal -0 0 1
    outer loop
      vertex 26.2031 64.7114 3
      vertex 26.3605 62.3106 3
      vertex 26.3605 64.8494 3
    endloop
  endfacet
  facet normal 0 0 1
    outer loop
      vertex 26.2031 64.7114 3
      vertex 26.2031 62.4486 3
      vertex 26.3605 62.3106 3
    endloop
  endfacet
  facet normal -0 0 1
    outer loop
      vertex 26.0651 64.554 3
      vertex 26.2031 62.4486 3
      vertex 26.2031 64.7114 3
    endloop
  endfacet
  facet normal 0 0 1
    outer loop
      vertex 26.0651 64.554 3
      vertex 26.0651 62.606 3
      vertex 26.2031 62.4486 3
    endloop
  endfacet
  facet normal -0 0 1
    outer loop
      vertex 25.9489 64.38 3
      vertex 26.0651 62.606 3
      vertex 26.0651 64.554 3
    endloop
  endfacet
  facet normal 0 0 1
    outer loop
      vertex 25.9489 64.38 3
      vertex 25.9489 62.78 3
      vertex 26.0651 62.606 3
    endloop
  endfacet
  facet normal -0 0 1
    outer loop
      vertex 25.8563 64.1923 3
      vertex 25.9489 62.78 3
      vertex 25.9489 64.38 3
    endloop
  endfacet
  facet normal 0 0 1
    outer loop
      vertex 25.8563 64.1923 3
      vertex 25.8563 62.9677 3
      vertex 25.9489 62.78 3
    endloop
  endfacet
  facet normal -0 0 1
    outer loop
      vertex 25.789 63.9941 3
      vertex 25.8563 62.9677 3
      vertex 25.8563 64.1923 3
    endloop
  endfacet
  facet normal 0 0 1
    outer loop
      vertex 25.789 63.9941 3
      vertex 25.789 63.1659 3
      vertex 25.8563 62.9677 3
    endloop
  endfacet
  facet normal -0 0 1
    outer loop
      vertex 25.7482 63.7888 3
      vertex 25.789 63.1659 3
      vertex 25.789 63.9941 3
    endloop
  endfacet
  facet normal 0 0 1
    outer loop
      vertex 25.7482 63.7888 3
      vertex 25.7482 63.3712 3
      vertex 25.789 63.1659 3
    endloop
  endfacet
  facet normal 0 -0 1
    outer loop
      vertex 25.7482 63.3712 3
      vertex 25.7482 63.7888 3
      vertex 25.7345 63.58 3
    endloop
  endfacet
  facet normal -0.810002 -0.399607 0.429199
    outer loop
      vertex 25.5321 62.5508 2
      vertex 25.9489 62.78 3
      vertex 25.8563 62.9677 3
    endloop
  endfacet
  facet normal -0.809661 -0.400282 0.429212
    outer loop
      vertex 25.9489 62.78 3
      vertex 25.5321 62.5508 2
      vertex 25.5365 62.5419 2
    endloop
  endfacet
  facet normal -0.855109 -0.291101 0.42901
    outer loop
      vertex 25.8563 62.9677 3
      vertex 25.3291 63.0426 2
      vertex 25.3323 63.0332 2
    endloop
  endfacet
  facet normal -0.855273 -0.290413 0.429148
    outer loop
      vertex 25.3291 63.0426 2
      vertex 25.8563 62.9677 3
      vertex 25.789 63.1659 3
    endloop
  endfacet
  facet normal 0.707107 0 0.707107
    outer loop
      vertex 19.59 65.78 1.6
      vertex 20.59 61.38 0.6
      vertex 20.59 65.78 0.6
    endloop
  endfacet
  facet normal 0.707107 -0 0.707107
    outer loop
      vertex 19.59 61.38 1.6
      vertex 20.59 61.38 0.6
      vertex 19.59 65.78 1.6
    endloop
  endfacet
  facet normal 0 1 0
    outer loop
      vertex 20.59 65.78 0.6
      vertex 19.59 65.78 0.6
      vertex 19.59 65.78 1.6
    endloop
  endfacet
  facet normal 0 -1 0
    outer loop
      vertex 19.59 61.38 0
      vertex 20.59 61.38 0.6
      vertex 19.59 61.38 1.6
    endloop
  endfacet
  facet normal 0 -1 -0
    outer loop
      vertex 20.59 61.38 0.6
      vertex 19.59 61.38 0
      vertex 20.59 61.38 0
    endloop
  endfacet
  facet normal 1 -0 0
    outer loop
      vertex 4.8 55.782 6
      vertex 4.8 63.782 2
      vertex 4.8 63.782 6
    endloop
  endfacet
  facet normal 1 0 0
    outer loop
      vertex 4.8 63.782 2
      vertex 4.8 55.782 6
      vertex 4.8 55.782 2
    endloop
  endfacet
  facet normal 0 0 -1
    outer loop
      vertex 2 55.782 3.9
      vertex 3.4 63.782 3.9
      vertex 3.4 55.782 3.9
    endloop
  endfacet
  facet normal -0 0 -1
    outer loop
      vertex 3.4 63.782 3.9
      vertex 2 55.782 3.9
      vertex 2 63.782 3.9
    endloop
  endfacet
  facet normal -0 0 1
    outer loop
      vertex 2 63.782 6
      vertex 4.8 55.782 6
      vertex 4.8 63.782 6
    endloop
  endfacet
  facet normal 0 0 1
    outer loop
      vertex 4.8 55.782 6
      vertex 2 63.782 6
      vertex 2 55.782 6
    endloop
  endfacet
  facet normal -1 0 0
    outer loop
      vertex 2 55.782 3.9
      vertex 2 63.782 6
      vertex 2 63.782 3.9
    endloop
  endfacet
  facet normal -1 -0 0
    outer loop
      vertex 2 63.782 6
      vertex 2 55.782 3.9
      vertex 2 55.782 6
    endloop
  endfacet
  facet normal 0 -1 0
    outer loop
      vertex 3.4 55.782 3.9
      vertex 2 55.782 6
      vertex 2 55.782 3.9
    endloop
  endfacet
  facet normal 0 -1 0
    outer loop
      vertex 2 55.782 6
      vertex 3.4 55.782 3.9
      vertex 4.8 55.782 6
    endloop
  endfacet
  facet normal 0 -1 0
    outer loop
      vertex 4.8 55.782 2
      vertex 3.4 55.782 3.9
      vertex 3.4 55.782 2
    endloop
  endfacet
  facet normal 0 -1 0
    outer loop
      vertex 3.4 55.782 3.9
      vertex 4.8 55.782 2
      vertex 4.8 55.782 6
    endloop
  endfacet
  facet normal 0 1 0
    outer loop
      vertex 4.8 63.782 6
      vertex 3.4 63.782 3.9
      vertex 2 63.782 6
    endloop
  endfacet
  facet normal 0 1 -0
    outer loop
      vertex 4.8 63.782 2
      vertex 3.4 63.782 3.9
      vertex 4.8 63.782 6
    endloop
  endfacet
  facet normal 0 1 0
    outer loop
      vertex 3.4 63.782 3.9
      vertex 4.8 63.782 2
      vertex 3.4 63.782 2
    endloop
  endfacet
  facet normal 0 1 0
    outer loop
      vertex 2 63.782 6
      vertex 3.4 63.782 3.9
      vertex 2 63.782 3.9
    endloop
  endfacet
  facet normal -1 0 0
    outer loop
      vertex 3.4 55.782 2
      vertex 3.4 63.782 3.9
      vertex 3.4 63.782 2
    endloop
  endfacet
  facet normal -1 -0 0
    outer loop
      vertex 3.4 63.782 3.9
      vertex 3.4 55.782 2
      vertex 3.4 55.782 3.9
    endloop
  endfacet
  facet normal 1 -0 0
    outer loop
      vertex 4.8 36.782 6
      vertex 4.8 44.782 3.25
      vertex 4.8 44.782 6
    endloop
  endfacet
  facet normal 1 0 0
    outer loop
      vertex 4.8 36.782 2
      vertex 4.8 44.782 3.25
      vertex 4.8 36.782 6
    endloop
  endfacet
  facet normal 1 0 0
    outer loop
      vertex 4.8 44.782 3.25
      vertex 4.8 36.782 2
      vertex 4.8 44.782 2
    endloop
  endfacet
  facet normal 0 0 -1
    outer loop
      vertex 2 36.782 3.9
      vertex 3.4 44.782 3.9
      vertex 3.4 36.782 3.9
    endloop
  endfacet
  facet normal -0 0 -1
    outer loop
      vertex 3.4 44.782 3.9
      vertex 2 36.782 3.9
      vertex 2 44.782 3.9
    endloop
  endfacet
  facet normal -0 0 1
    outer loop
      vertex 2 44.782 6
      vertex 4.8 36.782 6
      vertex 4.8 44.782 6
    endloop
  endfacet
  facet normal 0 0 1
    outer loop
      vertex 4.8 36.782 6
      vertex 2 44.782 6
      vertex 2 36.782 6
    endloop
  endfacet
  facet normal -1 0 0
    outer loop
      vertex 2 36.782 3.9
      vertex 2 44.782 6
      vertex 2 44.782 3.9
    endloop
  endfacet
  facet normal -1 -0 0
    outer loop
      vertex 2 44.782 6
      vertex 2 36.782 3.9
      vertex 2 36.782 6
    endloop
  endfacet
  facet normal 0 -1 0
    outer loop
      vertex 3.4 36.782 3.9
      vertex 2 36.782 6
      vertex 2 36.782 3.9
    endloop
  endfacet
  facet normal 0 -1 0
    outer loop
      vertex 2 36.782 6
      vertex 3.4 36.782 3.9
      vertex 4.8 36.782 6
    endloop
  endfacet
  facet normal 0 -1 0
    outer loop
      vertex 4.8 36.782 2
      vertex 3.4 36.782 3.9
      vertex 3.4 36.782 2
    endloop
  endfacet
  facet normal 0 -1 0
    outer loop
      vertex 3.4 36.782 3.9
      vertex 4.8 36.782 2
      vertex 4.8 36.782 6
    endloop
  endfacet
  facet normal 0 -1 0
    outer loop
      vertex 4.8 44.782 2
      vertex 6.05 44.782 3.25
      vertex 4.8 44.782 3.25
    endloop
  endfacet
  facet normal 0 -1 -0
    outer loop
      vertex 6.05 44.782 3.25
      vertex 4.8 44.782 2
      vertex 6.05 44.782 2
    endloop
  endfacet
  facet normal 0 1 0
    outer loop
      vertex 4.8 44.782 6
      vertex 3.4 44.782 3.9
      vertex 2 44.782 6
    endloop
  endfacet
  facet normal 0 1 -0
    outer loop
      vertex 4.8 44.782 3.25
      vertex 3.4 44.782 3.9
      vertex 4.8 44.782 6
    endloop
  endfacet
  facet normal 0 1 0
    outer loop
      vertex 3.4 44.782 3.9
      vertex 4.8 44.782 3.25
      vertex 3.4 44.782 3.25
    endloop
  endfacet
  facet normal 0 1 0
    outer loop
      vertex 2 44.782 6
      vertex 3.4 44.782 3.9
      vertex 2 44.782 3.9
    endloop
  endfacet
  facet normal -1 0 0
    outer loop
      vertex 3.4 47.782 2
      vertex 3.4 44.782 3.25
      vertex 3.4 47.782 3.25
    endloop
  endfacet
  facet normal -1 0 0
    outer loop
      vertex 3.4 36.782 2
      vertex 3.4 44.782 3.25
      vertex 3.4 47.782 2
    endloop
  endfacet
  facet normal -1 0 0
    outer loop
      vertex 3.4 36.782 3.9
      vertex 3.4 44.782 3.25
      vertex 3.4 36.782 2
    endloop
  endfacet
  facet normal -1 0 0
    outer loop
      vertex 3.4 44.782 3.25
      vertex 3.4 36.782 3.9
      vertex 3.4 44.782 3.9
    endloop
  endfacet
  facet normal 1 0 0
    outer loop
      vertex 4.8 25.782 6
      vertex 4.8 19.782 3.25
      vertex 4.8 25.782 2
    endloop
  endfacet
  facet normal 1 -0 0
    outer loop
      vertex 4.8 17.782 6
      vertex 4.8 19.782 3.25
      vertex 4.8 25.782 6
    endloop
  endfacet
  facet normal 1 0 0
    outer loop
      vertex 4.8 19.782 3.25
      vertex 4.8 17.782 6
      vertex 4.8 17.782 3.25
    endloop
  endfacet
  facet normal 1 0 0
    outer loop
      vertex 4.8 25.782 2
      vertex 4.8 19.782 3.25
      vertex 4.8 19.782 2
    endloop
  endfacet
  facet normal 0 0 -1
    outer loop
      vertex 2 17.782 3.9
      vertex 3.4 25.782 3.9
      vertex 3.4 17.782 3.9
    endloop
  endfacet
  facet normal -0 0 -1
    outer loop
      vertex 3.4 25.782 3.9
      vertex 2 17.782 3.9
      vertex 2 25.782 3.9
    endloop
  endfacet
  facet normal -0 0 1
    outer loop
      vertex 2 25.782 6
      vertex 4.8 17.782 6
      vertex 4.8 25.782 6
    endloop
  endfacet
  facet normal 0 0 1
    outer loop
      vertex 4.8 17.782 6
      vertex 2 25.782 6
      vertex 2 17.782 6
    endloop
  endfacet
  facet normal -1 0 0
    outer loop
      vertex 2 17.782 3.9
      vertex 2 25.782 6
      vertex 2 25.782 3.9
    endloop
  endfacet
  facet normal -1 -0 0
    outer loop
      vertex 2 25.782 6
      vertex 2 17.782 3.9
      vertex 2 17.782 6
    endloop
  endfacet
  facet normal 0 -1 0
    outer loop
      vertex 3.4 17.782 3.9
      vertex 2 17.782 6
      vertex 2 17.782 3.9
    endloop
  endfacet
  facet normal 0 -1 0
    outer loop
      vertex 2 17.782 6
      vertex 3.4 17.782 3.9
      vertex 4.8 17.782 6
    endloop
  endfacet
  facet normal 0 -1 0
    outer loop
      vertex 4.8 17.782 3.25
      vertex 3.4 17.782 3.9
      vertex 3.4 17.782 3.25
    endloop
  endfacet
  facet normal 0 -1 0
    outer loop
      vertex 3.4 17.782 3.9
      vertex 4.8 17.782 3.25
      vertex 4.8 17.782 6
    endloop
  endfacet
  facet normal 0 1 0
    outer loop
      vertex 4.8 25.782 6
      vertex 3.4 25.782 3.9
      vertex 2 25.782 6
    endloop
  endfacet
  facet normal 0 1 -0
    outer loop
      vertex 4.8 25.782 2
      vertex 3.4 25.782 3.9
      vertex 4.8 25.782 6
    endloop
  endfacet
  facet normal 0 1 0
    outer loop
      vertex 3.4 25.782 3.9
      vertex 4.8 25.782 2
      vertex 3.4 25.782 2
    endloop
  endfacet
  facet normal 0 1 0
    outer loop
      vertex 2 25.782 6
      vertex 3.4 25.782 3.9
      vertex 2 25.782 3.9
    endloop
  endfacet
  facet normal -1 0 0
    outer loop
      vertex 3.4 25.782 2
      vertex 3.4 17.782 3.25
      vertex 3.4 25.782 3.9
    endloop
  endfacet
  facet normal -1 0 0
    outer loop
      vertex 3.4 16.782 2
      vertex 3.4 17.782 3.25
      vertex 3.4 25.782 2
    endloop
  endfacet
  facet normal -1 -0 0
    outer loop
      vertex 3.4 17.782 3.25
      vertex 3.4 16.782 2
      vertex 3.4 16.782 3.25
    endloop
  endfacet
  facet normal -1 -0 0
    outer loop
      vertex 3.4 25.782 3.9
      vertex 3.4 17.782 3.25
      vertex 3.4 17.782 3.9
    endloop
  endfacet
  facet normal 1 0 0
    outer loop
      vertex 4.8 3.382 3.2
      vertex 4.8 7.782 6
      vertex 4.8 3.382 5.8
    endloop
  endfacet
  facet normal 1 -0 0
    outer loop
      vertex 4.8 0.382 6
      vertex 4.8 3.382 5.8
      vertex 4.8 7.782 6
    endloop
  endfacet
  facet normal 1 0 0
    outer loop
      vertex 4.8 0.782 5.8
      vertex 4.8 0.382 6
      vertex 4.8 0.782 3.2
    endloop
  endfacet
  facet normal 1 0 0
    outer loop
      vertex 4.8 3.382 5.8
      vertex 4.8 0.382 6
      vertex 4.8 0.782 5.8
    endloop
  endfacet
  facet normal 1 0 0
    outer loop
      vertex 4.8 7.782 6
      vertex 4.8 3.382 3.2
      vertex 4.8 7.782 2
    endloop
  endfacet
  facet normal 1 0 0
    outer loop
      vertex 4.8 0.382 2
      vertex 4.8 3.382 3.2
      vertex 4.8 0.782 3.2
    endloop
  endfacet
  facet normal 1 0 0
    outer loop
      vertex 4.8 3.382 3.2
      vertex 4.8 0.382 2
      vertex 4.8 7.782 2
    endloop
  endfacet
  facet normal 1 0 0
    outer loop
      vertex 4.8 0.382 2
      vertex 4.8 0.782 3.2
      vertex 4.8 0.382 6
    endloop
  endfacet
  facet normal 0 0 -1
    outer loop
      vertex 2 0.382 3.9
      vertex 3.4 0.782 3.9
      vertex 3.4 0.382 3.9
    endloop
  endfacet
  facet normal -0 0 -1
    outer loop
      vertex 3.4 0.782 3.9
      vertex 2 0.382 3.9
      vertex 2 0.782 3.9
    endloop
  endfacet
  facet normal 0 0 -1
    outer loop
      vertex 2 3.382 3.9
      vertex 3.4 7.782 3.9
      vertex 3.4 3.382 3.9
    endloop
  endfacet
  facet normal -0 0 -1
    outer loop
      vertex 3.4 7.782 3.9
      vertex 2 3.382 3.9
      vertex 2 7.782 3.9
    endloop
  endfacet
  facet normal -0 0 1
    outer loop
      vertex 2 7.782 6
      vertex 4.8 0.382 6
      vertex 4.8 7.782 6
    endloop
  endfacet
  facet normal 0 0 1
    outer loop
      vertex 4.8 0.382 6
      vertex 2 7.782 6
      vertex 2 0.382 6
    endloop
  endfacet
  facet normal -1 0 0
    outer loop
      vertex 2 0.782 3.9
      vertex 2 0.382 3.9
      vertex 2 0.782 5.8
    endloop
  endfacet
  facet normal -1 0 0
    outer loop
      vertex 2 3.382 5.8
      vertex 2 7.782 3.9
      vertex 2 3.382 3.9
    endloop
  endfacet
  facet normal -1 0 0
    outer loop
      vertex 2 7.782 3.9
      vertex 2 3.382 5.8
      vertex 2 7.782 6
    endloop
  endfacet
  facet normal -1 0 0
    outer loop
      vertex 2 0.382 6
      vertex 2 3.382 5.8
      vertex 2 0.782 5.8
    endloop
  endfacet
  facet normal -1 0 0
    outer loop
      vertex 2 3.382 5.8
      vertex 2 0.382 6
      vertex 2 7.782 6
    endloop
  endfacet
  facet normal -1 0 0
    outer loop
      vertex 2 0.382 6
      vertex 2 0.782 5.8
      vertex 2 0.382 3.9
    endloop
  endfacet
  facet normal 0 -1 0
    outer loop
      vertex 3.4 0.382 3.9
      vertex 2 0.382 6
      vertex 2 0.382 3.9
    endloop
  endfacet
  facet normal 0 -1 0
    outer loop
      vertex 2 0.382 6
      vertex 3.4 0.382 3.9
      vertex 4.8 0.382 6
    endloop
  endfacet
  facet normal 0 -1 0
    outer loop
      vertex 4.8 0.382 2
      vertex 3.4 0.382 3.9
      vertex 3.4 0.382 2
    endloop
  endfacet
  facet normal 0 -1 0
    outer loop
      vertex 3.4 0.382 3.9
      vertex 4.8 0.382 2
      vertex 4.8 0.382 6
    endloop
  endfacet
  facet normal 0 1 0
    outer loop
      vertex 4.8 7.782 6
      vertex 3.4 7.782 3.9
      vertex 2 7.782 6
    endloop
  endfacet
  facet normal 0 1 -0
    outer loop
      vertex 4.8 7.782 2
      vertex 3.4 7.782 3.9
      vertex 4.8 7.782 6
    endloop
  endfacet
  facet normal 0 1 0
    outer loop
      vertex 3.4 7.782 3.9
      vertex 4.8 7.782 2
      vertex 3.4 7.782 2
    endloop
  endfacet
  facet normal 0 1 0
    outer loop
      vertex 2 7.782 6
      vertex 3.4 7.782 3.9
      vertex 2 7.782 3.9
    endloop
  endfacet
  facet normal -1 0 0
    outer loop
      vertex 3.4 7.782 2
      vertex 3.4 3.382 3.2
      vertex 3.4 7.782 3.9
    endloop
  endfacet
  facet normal -1 0 0
    outer loop
      vertex 3.4 0.382 2
      vertex 3.4 3.382 3.2
      vertex 3.4 7.782 2
    endloop
  endfacet
  facet normal -1 -0 0
    outer loop
      vertex 3.4 3.382 3.2
      vertex 3.4 0.382 2
      vertex 3.4 0.782 3.2
    endloop
  endfacet
  facet normal -1 0 0
    outer loop
      vertex 3.4 0.382 3.9
      vertex 3.4 0.782 3.2
      vertex 3.4 0.382 2
    endloop
  endfacet
  facet normal -1 0 0
    outer loop
      vertex 3.4 0.782 3.2
      vertex 3.4 0.382 3.9
      vertex 3.4 0.782 3.9
    endloop
  endfacet
  facet normal -1 -0 0
    outer loop
      vertex 3.4 7.782 3.9
      vertex 3.4 3.382 3.2
      vertex 3.4 3.382 3.9
    endloop
  endfacet
  facet normal 1 -0 0
    outer loop
      vertex 6.05 44.782 3.25
      vertex 6.05 47.782 2
      vertex 6.05 47.782 3.25
    endloop
  endfacet
  facet normal 1 0 0
    outer loop
      vertex 6.05 47.782 2
      vertex 6.05 44.782 3.25
      vertex 6.05 44.782 2
    endloop
  endfacet
  facet normal 0 0 1
    outer loop
      vertex 6.05 47.782 3.25
      vertex 4.8 44.782 3.25
      vertex 6.05 44.782 3.25
    endloop
  endfacet
  facet normal -0 0 1
    outer loop
      vertex 3.4 47.782 3.25
      vertex 4.8 44.782 3.25
      vertex 6.05 47.782 3.25
    endloop
  endfacet
  facet normal 0 0 1
    outer loop
      vertex 4.8 44.782 3.25
      vertex 3.4 47.782 3.25
      vertex 3.4 44.782 3.25
    endloop
  endfacet
  facet normal 0 1 -0
    outer loop
      vertex 6.05 47.782 2
      vertex 3.4 47.782 3.25
      vertex 6.05 47.782 3.25
    endloop
  endfacet
  facet normal 0 1 0
    outer loop
      vertex 3.4 47.782 3.25
      vertex 6.05 47.782 2
      vertex 3.4 47.782 2
    endloop
  endfacet
  facet normal 1 -0 0
    outer loop
      vertex 6.05 16.782 3.25
      vertex 6.05 19.782 2
      vertex 6.05 19.782 3.25
    endloop
  endfacet
  facet normal 1 0 0
    outer loop
      vertex 6.05 19.782 2
      vertex 6.05 16.782 3.25
      vertex 6.05 16.782 2
    endloop
  endfacet
  facet normal 0 0 1
    outer loop
      vertex 4.8 17.782 3.25
      vertex 6.05 19.782 3.25
      vertex 4.8 19.782 3.25
    endloop
  endfacet
  facet normal 0 0 1
    outer loop
      vertex 6.05 19.782 3.25
      vertex 4.8 17.782 3.25
      vertex 6.05 16.782 3.25
    endloop
  endfacet
  facet normal 0 0 1
    outer loop
      vertex 3.4 16.782 3.25
      vertex 4.8 17.782 3.25
      vertex 3.4 17.782 3.25
    endloop
  endfacet
  facet normal 0 0 1
    outer loop
      vertex 4.8 17.782 3.25
      vertex 3.4 16.782 3.25
      vertex 6.05 16.782 3.25
    endloop
  endfacet
  facet normal 0 -1 0
    outer loop
      vertex 3.4 16.782 2
      vertex 6.05 16.782 3.25
      vertex 3.4 16.782 3.25
    endloop
  endfacet
  facet normal 0 -1 -0
    outer loop
      vertex 6.05 16.782 3.25
      vertex 3.4 16.782 2
      vertex 6.05 16.782 2
    endloop
  endfacet
  facet normal 0 1 -0
    outer loop
      vertex 6.05 19.782 2
      vertex 4.8 19.782 3.25
      vertex 6.05 19.782 3.25
    endloop
  endfacet
  facet normal 0 1 0
    outer loop
      vertex 4.8 19.782 3.25
      vertex 6.05 19.782 2
      vertex 4.8 19.782 2
    endloop
  endfacet
  facet normal -1 0 0
    outer loop
      vertex 32.29 55.782 2
      vertex 32.29 63.782 6
      vertex 32.29 63.782 2
    endloop
  endfacet
  facet normal -1 -0 0
    outer loop
      vertex 32.29 63.782 6
      vertex 32.29 55.782 2
      vertex 32.29 55.782 6
    endloop
  endfacet
  facet normal 0 0 -1
    outer loop
      vertex 33.69 55.782 3.9
      vertex 35.09 63.782 3.9
      vertex 35.09 55.782 3.9
    endloop
  endfacet
  facet normal -0 0 -1
    outer loop
      vertex 35.09 63.782 3.9
      vertex 33.69 55.782 3.9
      vertex 33.69 63.782 3.9
    endloop
  endfacet
  facet normal -0 0 1
    outer loop
      vertex 32.29 63.782 6
      vertex 35.09 55.782 6
      vertex 35.09 63.782 6
    endloop
  endfacet
  facet normal 0 0 1
    outer loop
      vertex 35.09 55.782 6
      vertex 32.29 63.782 6
      vertex 32.29 55.782 6
    endloop
  endfacet
  facet normal 1 -0 0
    outer loop
      vertex 35.09 55.782 6
      vertex 35.09 63.782 3.9
      vertex 35.09 63.782 6
    endloop
  endfacet
  facet normal 1 0 0
    outer loop
      vertex 35.09 63.782 3.9
      vertex 35.09 55.782 6
      vertex 35.09 55.782 3.9
    endloop
  endfacet
  facet normal 0 -1 0
    outer loop
      vertex 32.29 55.782 6
      vertex 33.69 55.782 3.9
      vertex 35.09 55.782 6
    endloop
  endfacet
  facet normal 0 -1 0
    outer loop
      vertex 32.29 55.782 2
      vertex 33.69 55.782 3.9
      vertex 32.29 55.782 6
    endloop
  endfacet
  facet normal 0 -1 -0
    outer loop
      vertex 33.69 55.782 3.9
      vertex 32.29 55.782 2
      vertex 33.69 55.782 2
    endloop
  endfacet
  facet normal 0 -1 -0
    outer loop
      vertex 35.09 55.782 6
      vertex 33.69 55.782 3.9
      vertex 35.09 55.782 3.9
    endloop
  endfacet
  facet normal 0 1 0
    outer loop
      vertex 33.69 63.782 3.9
      vertex 35.09 63.782 6
      vertex 35.09 63.782 3.9
    endloop
  endfacet
  facet normal 0 1 0
    outer loop
      vertex 35.09 63.782 6
      vertex 33.69 63.782 3.9
      vertex 32.29 63.782 6
    endloop
  endfacet
  facet normal 0 1 0
    outer loop
      vertex 32.29 63.782 2
      vertex 33.69 63.782 3.9
      vertex 33.69 63.782 2
    endloop
  endfacet
  facet normal 0 1 0
    outer loop
      vertex 33.69 63.782 3.9
      vertex 32.29 63.782 2
      vertex 32.29 63.782 6
    endloop
  endfacet
  facet normal 1 -0 0
    outer loop
      vertex 33.69 55.782 3.9
      vertex 33.69 63.782 2
      vertex 33.69 63.782 3.9
    endloop
  endfacet
  facet normal 1 0 0
    outer loop
      vertex 33.69 63.782 2
      vertex 33.69 55.782 3.9
      vertex 33.69 55.782 2
    endloop
  endfacet
  facet normal -1 0 0
    outer loop
      vertex 32.29 36.782 2
      vertex 32.29 44.782 3.25
      vertex 32.29 44.782 2
    endloop
  endfacet
  facet normal -1 0 0
    outer loop
      vertex 32.29 36.782 6
      vertex 32.29 44.782 3.25
      vertex 32.29 36.782 2
    endloop
  endfacet
  facet normal -1 0 0
    outer loop
      vertex 32.29 44.782 3.25
      vertex 32.29 36.782 6
      vertex 32.29 44.782 6
    endloop
  endfacet
  facet normal 0 0 -1
    outer loop
      vertex 33.69 36.782 3.9
      vertex 35.09 44.782 3.9
      vertex 35.09 36.782 3.9
    endloop
  endfacet
  facet normal -0 0 -1
    outer loop
      vertex 35.09 44.782 3.9
      vertex 33.69 36.782 3.9
      vertex 33.69 44.782 3.9
    endloop
  endfacet
  facet normal -0 0 1
    outer loop
      vertex 32.29 44.782 6
      vertex 35.09 36.782 6
      vertex 35.09 44.782 6
    endloop
  endfacet
  facet normal 0 0 1
    outer loop
      vertex 35.09 36.782 6
      vertex 32.29 44.782 6
      vertex 32.29 36.782 6
    endloop
  endfacet
  facet normal 1 -0 0
    outer loop
      vertex 35.09 36.782 6
      vertex 35.09 44.782 3.9
      vertex 35.09 44.782 6
    endloop
  endfacet
  facet normal 1 0 0
    outer loop
      vertex 35.09 44.782 3.9
      vertex 35.09 36.782 6
      vertex 35.09 36.782 3.9
    endloop
  endfacet
  facet normal 0 -1 0
    outer loop
      vertex 32.29 36.782 6
      vertex 33.69 36.782 3.9
      vertex 35.09 36.782 6
    endloop
  endfacet
  facet normal 0 -1 0
    outer loop
      vertex 32.29 36.782 2
      vertex 33.69 36.782 3.9
      vertex 32.29 36.782 6
    endloop
  endfacet
  facet normal 0 -1 -0
    outer loop
      vertex 33.69 36.782 3.9
      vertex 32.29 36.782 2
      vertex 33.69 36.782 2
    endloop
  endfacet
  facet normal 0 -1 -0
    outer loop
      vertex 35.09 36.782 6
      vertex 33.69 36.782 3.9
      vertex 35.09 36.782 3.9
    endloop
  endfacet
  facet normal 0 -1 0
    outer loop
      vertex 31.04 44.782 2
      vertex 32.29 44.782 3.25
      vertex 31.04 44.782 3.25
    endloop
  endfacet
  facet normal 0 -1 -0
    outer loop
      vertex 32.29 44.782 3.25
      vertex 31.04 44.782 2
      vertex 32.29 44.782 2
    endloop
  endfacet
  facet normal 0 1 0
    outer loop
      vertex 33.69 44.782 3.9
      vertex 35.09 44.782 6
      vertex 35.09 44.782 3.9
    endloop
  endfacet
  facet normal 0 1 0
    outer loop
      vertex 35.09 44.782 6
      vertex 33.69 44.782 3.9
      vertex 32.29 44.782 6
    endloop
  endfacet
  facet normal 0 1 0
    outer loop
      vertex 32.29 44.782 3.25
      vertex 33.69 44.782 3.9
      vertex 33.69 44.782 3.25
    endloop
  endfacet
  facet normal 0 1 0
    outer loop
      vertex 33.69 44.782 3.9
      vertex 32.29 44.782 3.25
      vertex 32.29 44.782 6
    endloop
  endfacet
  facet normal 1 -0 0
    outer loop
      vertex 33.69 44.782 3.25
      vertex 33.69 47.782 2
      vertex 33.69 47.782 3.25
    endloop
  endfacet
  facet normal 1 0 0
    outer loop
      vertex 33.69 36.782 2
      vertex 33.69 44.782 3.25
      vertex 33.69 36.782 3.9
    endloop
  endfacet
  facet normal 1 0 0
    outer loop
      vertex 33.69 44.782 3.25
      vertex 33.69 36.782 2
      vertex 33.69 47.782 2
    endloop
  endfacet
  facet normal 1 0 0
    outer loop
      vertex 33.69 44.782 3.9
      vertex 33.69 36.782 3.9
      vertex 33.69 44.782 3.25
    endloop
  endfacet
  facet normal -1 0 0
    outer loop
      vertex 32.29 19.782 3.25
      vertex 32.29 25.782 2
      vertex 32.29 19.782 2
    endloop
  endfacet
  facet normal -1 0 0
    outer loop
      vertex 32.29 25.782 2
      vertex 32.29 19.782 3.25
      vertex 32.29 25.782 6
    endloop
  endfacet
  facet normal -1 0 0
    outer loop
      vertex 32.29 17.782 6
      vertex 32.29 19.782 3.25
      vertex 32.29 17.782 3.25
    endloop
  endfacet
  facet normal -1 0 0
    outer loop
      vertex 32.29 19.782 3.25
      vertex 32.29 17.782 6
      vertex 32.29 25.782 6
    endloop
  endfacet
  facet normal 0 0 -1
    outer loop
      vertex 33.69 17.782 3.9
      vertex 35.09 25.782 3.9
      vertex 35.09 17.782 3.9
    endloop
  endfacet
  facet normal -0 0 -1
    outer loop
      vertex 35.09 25.782 3.9
      vertex 33.69 17.782 3.9
      vertex 33.69 25.782 3.9
    endloop
  endfacet
  facet normal -0 0 1
    outer loop
      vertex 32.29 25.782 6
      vertex 35.09 17.782 6
      vertex 35.09 25.782 6
    endloop
  endfacet
  facet normal 0 0 1
    outer loop
      vertex 35.09 17.782 6
      vertex 32.29 25.782 6
      vertex 32.29 17.782 6
    endloop
  endfacet
  facet normal 1 -0 0
    outer loop
      vertex 35.09 17.782 6
      vertex 35.09 25.782 3.9
      vertex 35.09 25.782 6
    endloop
  endfacet
  facet normal 1 0 0
    outer loop
      vertex 35.09 25.782 3.9
      vertex 35.09 17.782 6
      vertex 35.09 17.782 3.9
    endloop
  endfacet
  facet normal 0 -1 0
    outer loop
      vertex 32.29 17.782 6
      vertex 33.69 17.782 3.9
      vertex 35.09 17.782 6
    endloop
  endfacet
  facet normal 0 -1 0
    outer loop
      vertex 32.29 17.782 3.25
      vertex 33.69 17.782 3.9
      vertex 32.29 17.782 6
    endloop
  endfacet
  facet normal 0 -1 -0
    outer loop
      vertex 33.69 17.782 3.9
      vertex 32.29 17.782 3.25
      vertex 33.69 17.782 3.25
    endloop
  endfacet
  facet normal 0 -1 -0
    outer loop
      vertex 35.09 17.782 6
      vertex 33.69 17.782 3.9
      vertex 35.09 17.782 3.9
    endloop
  endfacet
  facet normal 0 1 0
    outer loop
      vertex 33.69 25.782 3.9
      vertex 35.09 25.782 6
      vertex 35.09 25.782 3.9
    endloop
  endfacet
  facet normal 0 1 0
    outer loop
      vertex 35.09 25.782 6
      vertex 33.69 25.782 3.9
      vertex 32.29 25.782 6
    endloop
  endfacet
  facet normal 0 1 0
    outer loop
      vertex 32.29 25.782 2
      vertex 33.69 25.782 3.9
      vertex 33.69 25.782 2
    endloop
  endfacet
  facet normal 0 1 0
    outer loop
      vertex 33.69 25.782 3.9
      vertex 32.29 25.782 2
      vertex 32.29 25.782 6
    endloop
  endfacet
  facet normal 1 0 0
    outer loop
      vertex 33.69 17.782 3.25
      vertex 33.69 25.782 3.9
      vertex 33.69 17.782 3.9
    endloop
  endfacet
  facet normal 1 0 0
    outer loop
      vertex 33.69 25.782 3.9
      vertex 33.69 17.782 3.25
      vertex 33.69 25.782 2
    endloop
  endfacet
  facet normal 1 0 0
    outer loop
      vertex 33.69 16.782 2
      vertex 33.69 17.782 3.25
      vertex 33.69 16.782 3.25
    endloop
  endfacet
  facet normal 1 0 0
    outer loop
      vertex 33.69 17.782 3.25
      vertex 33.69 16.782 2
      vertex 33.69 25.782 2
    endloop
  endfacet
  facet normal -1 0 0
    outer loop
      vertex 32.29 7.782 2
      vertex 32.29 3.382 3.2
      vertex 32.29 7.782 6
    endloop
  endfacet
  facet normal -1 0 0
    outer loop
      vertex 32.29 0.382 2
      vertex 32.29 3.382 3.2
      vertex 32.29 7.782 2
    endloop
  endfacet
  facet normal -1 0 0
    outer loop
      vertex 32.29 0.382 6
      vertex 32.29 0.782 3.2
      vertex 32.29 0.382 2
    endloop
  endfacet
  facet normal -1 -0 0
    outer loop
      vertex 32.29 3.382 3.2
      vertex 32.29 0.382 2
      vertex 32.29 0.782 3.2
    endloop
  endfacet
  facet normal -1 0 0
    outer loop
      vertex 32.29 3.382 5.8
      vertex 32.29 7.782 6
      vertex 32.29 3.382 3.2
    endloop
  endfacet
  facet normal -1 0 0
    outer loop
      vertex 32.29 0.382 6
      vertex 32.29 3.382 5.8
      vertex 32.29 0.782 5.8
    endloop
  endfacet
  facet normal -1 0 0
    outer loop
      vertex 32.29 3.382 5.8
      vertex 32.29 0.382 6
      vertex 32.29 7.782 6
    endloop
  endfacet
  facet normal -1 0 0
    outer loop
      vertex 32.29 0.782 3.2
      vertex 32.29 0.382 6
      vertex 32.29 0.782 5.8
    endloop
  endfacet
  facet normal 0 0 -1
    outer loop
      vertex 33.69 0.382 3.9
      vertex 35.09 0.782 3.9
      vertex 35.09 0.382 3.9
    endloop
  endfacet
  facet normal -0 0 -1
    outer loop
      vertex 35.09 0.782 3.9
      vertex 33.69 0.382 3.9
      vertex 33.69 0.782 3.9
    endloop
  endfacet
  facet normal 0 0 -1
    outer loop
      vertex 33.69 3.382 3.9
      vertex 35.09 7.782 3.9
      vertex 35.09 3.382 3.9
    endloop
  endfacet
  facet normal -0 0 -1
    outer loop
      vertex 35.09 7.782 3.9
      vertex 33.69 3.382 3.9
      vertex 33.69 7.782 3.9
    endloop
  endfacet
  facet normal -0 0 1
    outer loop
      vertex 32.29 7.782 6
      vertex 35.09 0.382 6
      vertex 35.09 7.782 6
    endloop
  endfacet
  facet normal 0 0 1
    outer loop
      vertex 35.09 0.382 6
      vertex 32.29 7.782 6
      vertex 32.29 0.382 6
    endloop
  endfacet
  facet normal 1 0 0
    outer loop
      vertex 35.09 7.782 6
      vertex 35.09 3.382 5.8
      vertex 35.09 7.782 3.9
    endloop
  endfacet
  facet normal 1 -0 0
    outer loop
      vertex 35.09 0.382 6
      vertex 35.09 3.382 5.8
      vertex 35.09 7.782 6
    endloop
  endfacet
  facet normal 1 0 0
    outer loop
      vertex 35.09 3.382 5.8
      vertex 35.09 0.382 6
      vertex 35.09 0.782 5.8
    endloop
  endfacet
  facet normal 1 0 0
    outer loop
      vertex 35.09 0.382 3.9
      vertex 35.09 0.782 5.8
      vertex 35.09 0.382 6
    endloop
  endfacet
  facet normal 1 0 0
    outer loop
      vertex 35.09 0.782 5.8
      vertex 35.09 0.382 3.9
      vertex 35.09 0.782 3.9
    endloop
  endfacet
  facet normal 1 0 0
    outer loop
      vertex 35.09 7.782 3.9
      vertex 35.09 3.382 5.8
      vertex 35.09 3.382 3.9
    endloop
  endfacet
  facet normal 0 -1 0
    outer loop
      vertex 32.29 0.382 6
      vertex 33.69 0.382 3.9
      vertex 35.09 0.382 6
    endloop
  endfacet
  facet normal 0 -1 0
    outer loop
      vertex 32.29 0.382 2
      vertex 33.69 0.382 3.9
      vertex 32.29 0.382 6
    endloop
  endfacet
  facet normal 0 -1 -0
    outer loop
      vertex 33.69 0.382 3.9
      vertex 32.29 0.382 2
      vertex 33.69 0.382 2
    endloop
  endfacet
  facet normal 0 -1 -0
    outer loop
      vertex 35.09 0.382 6
      vertex 33.69 0.382 3.9
      vertex 35.09 0.382 3.9
    endloop
  endfacet
  facet normal 0 1 0
    outer loop
      vertex 33.69 7.782 3.9
      vertex 35.09 7.782 6
      vertex 35.09 7.782 3.9
    endloop
  endfacet
  facet normal 0 1 0
    outer loop
      vertex 35.09 7.782 6
      vertex 33.69 7.782 3.9
      vertex 32.29 7.782 6
    endloop
  endfacet
  facet normal 0 1 0
    outer loop
      vertex 32.29 7.782 2
      vertex 33.69 7.782 3.9
      vertex 33.69 7.782 2
    endloop
  endfacet
  facet normal 0 1 0
    outer loop
      vertex 33.69 7.782 3.9
      vertex 32.29 7.782 2
      vertex 32.29 7.782 6
    endloop
  endfacet
  facet normal 1 0 0
    outer loop
      vertex 33.69 0.782 3.9
      vertex 33.69 0.382 3.9
      vertex 33.69 0.782 3.2
    endloop
  endfacet
  facet normal 1 0 0
    outer loop
      vertex 33.69 3.382 3.2
      vertex 33.69 7.782 3.9
      vertex 33.69 3.382 3.9
    endloop
  endfacet
  facet normal 1 0 0
    outer loop
      vertex 33.69 7.782 3.9
      vertex 33.69 3.382 3.2
      vertex 33.69 7.782 2
    endloop
  endfacet
  facet normal 1 0 0
    outer loop
      vertex 33.69 0.382 2
      vertex 33.69 3.382 3.2
      vertex 33.69 0.782 3.2
    endloop
  endfacet
  facet normal 1 0 0
    outer loop
      vertex 33.69 3.382 3.2
      vertex 33.69 0.382 2
      vertex 33.69 7.782 2
    endloop
  endfacet
  facet normal 1 0 0
    outer loop
      vertex 33.69 0.382 2
      vertex 33.69 0.782 3.2
      vertex 33.69 0.382 3.9
    endloop
  endfacet
  facet normal -1 0 0
    outer loop
      vertex 31.04 44.782 2
      vertex 31.04 47.782 3.25
      vertex 31.04 47.782 2
    endloop
  endfacet
  facet normal -1 -0 0
    outer loop
      vertex 31.04 47.782 3.25
      vertex 31.04 44.782 2
      vertex 31.04 44.782 3.25
    endloop
  endfacet
  facet normal 0 0 1
    outer loop
      vertex 33.69 47.782 3.25
      vertex 32.29 44.782 3.25
      vertex 33.69 44.782 3.25
    endloop
  endfacet
  facet normal -0 0 1
    outer loop
      vertex 31.04 47.782 3.25
      vertex 32.29 44.782 3.25
      vertex 33.69 47.782 3.25
    endloop
  endfacet
  facet normal 0 0 1
    outer loop
      vertex 32.29 44.782 3.25
      vertex 31.04 47.782 3.25
      vertex 31.04 44.782 3.25
    endloop
  endfacet
  facet normal 0 1 -0
    outer loop
      vertex 33.69 47.782 2
      vertex 31.04 47.782 3.25
      vertex 33.69 47.782 3.25
    endloop
  endfacet
  facet normal 0 1 0
    outer loop
      vertex 31.04 47.782 3.25
      vertex 33.69 47.782 2
      vertex 31.04 47.782 2
    endloop
  endfacet
  facet normal -1 0 0
    outer loop
      vertex 31.04 16.782 2
      vertex 31.04 19.782 3.25
      vertex 31.04 19.782 2
    endloop
  endfacet
  facet normal -1 -0 0
    outer loop
      vertex 31.04 19.782 3.25
      vertex 31.04 16.782 2
      vertex 31.04 16.782 3.25
    endloop
  endfacet
  facet normal 0 0 1
    outer loop
      vertex 32.29 19.782 3.25
      vertex 31.04 19.782 3.25
      vertex 32.29 17.782 3.25
    endloop
  endfacet
  facet normal -0 0 1
    outer loop
      vertex 32.29 17.782 3.25
      vertex 33.69 16.782 3.25
      vertex 33.69 17.782 3.25
    endloop
  endfacet
  facet normal 0 0 1
    outer loop
      vertex 32.29 17.782 3.25
      vertex 31.04 16.782 3.25
      vertex 33.69 16.782 3.25
    endloop
  endfacet
  facet normal 0 0 1
    outer loop
      vertex 31.04 16.782 3.25
      vertex 32.29 17.782 3.25
      vertex 31.04 19.782 3.25
    endloop
  endfacet
  facet normal 0 -1 0
    outer loop
      vertex 31.04 16.782 2
      vertex 33.69 16.782 3.25
      vertex 31.04 16.782 3.25
    endloop
  endfacet
  facet normal 0 -1 -0
    outer loop
      vertex 33.69 16.782 3.25
      vertex 31.04 16.782 2
      vertex 33.69 16.782 2
    endloop
  endfacet
  facet normal 0 1 -0
    outer loop
      vertex 32.29 19.782 2
      vertex 31.04 19.782 3.25
      vertex 32.29 19.782 3.25
    endloop
  endfacet
  facet normal 0 1 0
    outer loop
      vertex 31.04 19.782 3.25
      vertex 32.29 19.782 2
      vertex 31.04 19.782 2
    endloop
  endfacet
  facet normal -0 0 1
    outer loop
      vertex 1.73895 68.7649 3.5
      vertex 1.95 66.982 3.5
      vertex 1.95 68.7787 3.5
    endloop
  endfacet
  facet normal -0 0 1
    outer loop
      vertex 1.48236 68.7139 3.5
      vertex 1.95 66.982 3.5
      vertex 1.73895 68.7649 3.5
    endloop
  endfacet
  facet normal -0 0 1
    outer loop
      vertex 1.23463 68.6298 3.5
      vertex 1.95 66.982 3.5
      vertex 1.48236 68.7139 3.5
    endloop
  endfacet
  facet normal -0 0 1
    outer loop
      vertex 1 68.5141 3.5
      vertex 1.95 66.982 3.5
      vertex 1.23463 68.6298 3.5
    endloop
  endfacet
  facet normal -0 0 1
    outer loop
      vertex 0.782476 68.3687 3.5
      vertex 1.95 66.982 3.5
      vertex 1 68.5141 3.5
    endloop
  endfacet
  facet normal -0 0 1
    outer loop
      vertex 0.585786 68.1962 3.5
      vertex 1.95 66.982 3.5
      vertex 0.782476 68.3687 3.5
    endloop
  endfacet
  facet normal -0 0 1
    outer loop
      vertex 0.413293 67.9995 3.5
      vertex 1.95 66.982 3.5
      vertex 0.585786 68.1962 3.5
    endloop
  endfacet
  facet normal -0 0 1
    outer loop
      vertex 0.267949 67.782 3.5
      vertex 1.95 66.982 3.5
      vertex 0.413293 67.9995 3.5
    endloop
  endfacet
  facet normal -0 0 1
    outer loop
      vertex 0.152241 67.5474 3.5
      vertex 1.95 66.982 3.5
      vertex 0.267949 67.782 3.5
    endloop
  endfacet
  facet normal -0 0 1
    outer loop
      vertex 0.0681477 67.2996 3.5
      vertex 1.95 66.982 3.5
      vertex 0.152241 67.5474 3.5
    endloop
  endfacet
  facet normal -0 0 1
    outer loop
      vertex 0.0171099 67.0431 3.5
      vertex 1.95 66.982 3.5
      vertex 0.0681477 67.2996 3.5
    endloop
  endfacet
  facet normal 0 0 1
    outer loop
      vertex 1.95 66.982 3.5
      vertex 0.0171099 67.0431 3.5
      vertex 0.0131084 66.982 3.5
    endloop
  endfacet
  facet normal 0 0 1
    outer loop
      vertex 35.14 66.982 3.5
      vertex 37.0729 67.0431 3.5
      vertex 37.0219 67.2996 3.5
    endloop
  endfacet
  facet normal 0 0 1
    outer loop
      vertex 35.14 66.982 3.5
      vertex 37.0219 67.2996 3.5
      vertex 36.9378 67.5474 3.5
    endloop
  endfacet
  facet normal 0 0 1
    outer loop
      vertex 35.14 66.982 3.5
      vertex 36.9378 67.5474 3.5
      vertex 36.8221 67.782 3.5
    endloop
  endfacet
  facet normal 0 0 1
    outer loop
      vertex 35.14 66.982 3.5
      vertex 36.8221 67.782 3.5
      vertex 36.6767 67.9995 3.5
    endloop
  endfacet
  facet normal 0 0 1
    outer loop
      vertex 35.14 66.982 3.5
      vertex 36.6767 67.9995 3.5
      vertex 36.5042 68.1962 3.5
    endloop
  endfacet
  facet normal 0 0 1
    outer loop
      vertex 35.14 66.982 3.5
      vertex 36.5042 68.1962 3.5
      vertex 36.3075 68.3687 3.5
    endloop
  endfacet
  facet normal 0 0 1
    outer loop
      vertex 35.14 66.982 3.5
      vertex 36.3075 68.3687 3.5
      vertex 36.09 68.5141 3.5
    endloop
  endfacet
  facet normal 0 0 1
    outer loop
      vertex 35.14 66.982 3.5
      vertex 36.09 68.5141 3.5
      vertex 35.8554 68.6298 3.5
    endloop
  endfacet
  facet normal 0 0 1
    outer loop
      vertex 35.14 66.982 3.5
      vertex 35.8554 68.6298 3.5
      vertex 35.6076 68.7139 3.5
    endloop
  endfacet
  facet normal 0 0 1
    outer loop
      vertex 35.14 66.982 3.5
      vertex 35.6076 68.7139 3.5
      vertex 35.3511 68.7649 3.5
    endloop
  endfacet
  facet normal 0 0 1
    outer loop
      vertex 35.14 66.982 3.5
      vertex 35.3511 68.7649 3.5
      vertex 35.14 68.7787 3.5
    endloop
  endfacet
  facet normal 0 0 1
    outer loop
      vertex 37.0729 67.0431 3.5
      vertex 35.14 66.982 3.5
      vertex 37.0769 66.982 3.5
    endloop
  endfacet
  facet normal -0 0 1
    outer loop
      vertex 4.9 68.782 3.5
      vertex 10.545 66.982 3.5
      vertex 10.545 68.782 3.5
    endloop
  endfacet
  facet normal 0 0 1
    outer loop
      vertex 10.545 66.982 3.5
      vertex 4.9 68.782 3.5
      vertex 4.9 66.982 3.5
    endloop
  endfacet
  facet normal -0 0 1
    outer loop
      vertex 26.545 68.782 3.5
      vertex 32.19 66.982 3.5
      vertex 32.19 68.782 3.5
    endloop
  endfacet
  facet normal 0 0 1
    outer loop
      vertex 32.19 66.982 3.5
      vertex 26.545 68.782 3.5
      vertex 26.545 66.982 3.5
    endloop
  endfacet
  facet normal 0 -1 0
    outer loop
      vertex 0.0131084 66.982 2
      vertex 1.95 66.982 3.5
      vertex 0.0131084 66.982 3.5
    endloop
  endfacet
  facet normal 0 -1 -0
    outer loop
      vertex 1.95 66.982 3.5
      vertex 0.0131084 66.982 2
      vertex 4.9 66.982 3.5
    endloop
  endfacet
  facet normal 0 -1 0
    outer loop
      vertex 10.545 66.982 2
      vertex 4.9 66.982 3.5
      vertex 0.0131084 66.982 2
    endloop
  endfacet
  facet normal 0 -1 0
    outer loop
      vertex 4.9 66.982 3.5
      vertex 10.545 66.982 2
      vertex 10.545 66.982 3.5
    endloop
  endfacet
  facet normal 0 -1 0
    outer loop
      vertex 1.95 66.982 3.5
      vertex 4.9 66.982 6.1
      vertex 1.95 66.982 6.1
    endloop
  endfacet
  facet normal 0 -1 -0
    outer loop
      vertex 4.9 66.982 6.1
      vertex 1.95 66.982 3.5
      vertex 4.9 66.982 3.5
    endloop
  endfacet
  facet normal 0 -1 0
    outer loop
      vertex 26.545 66.982 2
      vertex 32.19 66.982 3.5
      vertex 26.545 66.982 3.5
    endloop
  endfacet
  facet normal 0 -1 0
    outer loop
      vertex 37.0769 66.982 2
      vertex 32.19 66.982 3.5
      vertex 26.545 66.982 2
    endloop
  endfacet
  facet normal 0 -1 0
    outer loop
      vertex 32.19 66.982 3.5
      vertex 37.0769 66.982 2
      vertex 35.14 66.982 3.5
    endloop
  endfacet
  facet normal 0 -1 0
    outer loop
      vertex 35.14 66.982 3.5
      vertex 37.0769 66.982 2
      vertex 37.0769 66.982 3.5
    endloop
  endfacet
  facet normal 0 -1 0
    outer loop
      vertex 32.19 66.982 3.5
      vertex 35.14 66.982 6.1
      vertex 32.19 66.982 6.1
    endloop
  endfacet
  facet normal 0 -1 -0
    outer loop
      vertex 35.14 66.982 6.1
      vertex 32.19 66.982 3.5
      vertex 35.14 66.982 3.5
    endloop
  endfacet
  facet normal -1 0 0
    outer loop
      vertex 26.545 66.982 2
      vertex 26.545 68.782 3.5
      vertex 26.545 68.782 2
    endloop
  endfacet
  facet normal -1 -0 0
    outer loop
      vertex 26.545 68.782 3.5
      vertex 26.545 66.982 2
      vertex 26.545 66.982 3.5
    endloop
  endfacet
  facet normal 1 -0 0
    outer loop
      vertex 10.545 66.982 3.5
      vertex 10.545 68.782 2
      vertex 10.545 68.782 3.5
    endloop
  endfacet
  facet normal 1 0 0
    outer loop
      vertex 10.545 68.782 2
      vertex 10.545 66.982 3.5
      vertex 10.545 66.982 2
    endloop
  endfacet
  facet normal 1 -0 0
    outer loop
      vertex 4.9 66.982 6.1
      vertex 4.9 68.782 3.5
      vertex 4.9 68.782 6.1
    endloop
  endfacet
  facet normal 1 0 0
    outer loop
      vertex 4.9 68.782 3.5
      vertex 4.9 66.982 6.1
      vertex 4.9 66.982 3.5
    endloop
  endfacet
  facet normal -0 0 1
    outer loop
      vertex 2 68.782 6.1
      vertex 4.9 66.982 6.1
      vertex 4.9 68.782 6.1
    endloop
  endfacet
  facet normal 0 0 1
    outer loop
      vertex 1.95 66.982 6.1
      vertex 2 68.782 6.1
      vertex 1.95 68.7787 6.1
    endloop
  endfacet
  facet normal 0 0 1
    outer loop
      vertex 2 68.782 6.1
      vertex 1.95 66.982 6.1
      vertex 4.9 66.982 6.1
    endloop
  endfacet
  facet normal 0 0 1
    outer loop
      vertex 35.09 68.782 6.1
      vertex 35.14 66.982 6.1
      vertex 35.14 68.7787 6.1
    endloop
  endfacet
  facet normal 0 0 1
    outer loop
      vertex 32.19 66.982 6.1
      vertex 35.09 68.782 6.1
      vertex 32.19 68.782 6.1
    endloop
  endfacet
  facet normal 0 0 1
    outer loop
      vertex 35.09 68.782 6.1
      vertex 32.19 66.982 6.1
      vertex 35.14 66.982 6.1
    endloop
  endfacet
  facet normal -1 0 0
    outer loop
      vertex 1.95 66.982 3.5
      vertex 1.95 68.7787 6.1
      vertex 1.95 68.7787 3.5
    endloop
  endfacet
  facet normal -1 -0 0
    outer loop
      vertex 1.95 68.7787 6.1
      vertex 1.95 66.982 3.5
      vertex 1.95 66.982 6.1
    endloop
  endfacet
  facet normal 1 -0 0
    outer loop
      vertex 35.14 66.982 6.1
      vertex 35.14 68.7787 3.5
      vertex 35.14 68.7787 6.1
    endloop
  endfacet
  facet normal 1 0 0
    outer loop
      vertex 35.14 68.7787 3.5
      vertex 35.14 66.982 6.1
      vertex 35.14 66.982 3.5
    endloop
  endfacet
  facet normal -1 0 0
    outer loop
      vertex 32.19 66.982 3.5
      vertex 32.19 68.782 6.1
      vertex 32.19 68.782 3.5
    endloop
  endfacet
  facet normal -1 -0 0
    outer loop
      vertex 32.19 68.782 6.1
      vertex 32.19 66.982 3.5
      vertex 32.19 66.982 6.1
    endloop
  endfacet
  facet normal -0 0 1
    outer loop
      vertex 3.4 3.382 3.2
      vertex 4.8 0.782 3.2
      vertex 4.8 3.382 3.2
    endloop
  endfacet
  facet normal 0 0 1
    outer loop
      vertex 4.8 0.782 3.2
      vertex 3.4 3.382 3.2
      vertex 3.4 0.782 3.2
    endloop
  endfacet
  facet normal -0 0 1
    outer loop
      vertex 32.29 3.382 3.2
      vertex 33.69 0.782 3.2
      vertex 33.69 3.382 3.2
    endloop
  endfacet
  facet normal 0 0 1
    outer loop
      vertex 33.69 0.782 3.2
      vertex 32.29 3.382 3.2
      vertex 32.29 0.782 3.2
    endloop
  endfacet
  facet normal 0 0 -1
    outer loop
      vertex 2 0.782 5.8
      vertex 4.8 3.382 5.8
      vertex 4.8 0.782 5.8
    endloop
  endfacet
  facet normal -0 0 -1
    outer loop
      vertex 4.8 3.382 5.8
      vertex 2 0.782 5.8
      vertex 2 3.382 5.8
    endloop
  endfacet
  facet normal 0 0 -1
    outer loop
      vertex 32.29 0.782 5.8
      vertex 35.09 3.382 5.8
      vertex 35.09 0.782 5.8
    endloop
  endfacet
  facet normal -0 0 -1
    outer loop
      vertex 35.09 3.382 5.8
      vertex 32.29 0.782 5.8
      vertex 32.29 3.382 5.8
    endloop
  endfacet
  facet normal 0 1 0
    outer loop
      vertex 4.8 0.782 5.8
      vertex 3.4 0.782 3.9
      vertex 2 0.782 5.8
    endloop
  endfacet
  facet normal 0 1 -0
    outer loop
      vertex 4.8 0.782 3.2
      vertex 3.4 0.782 3.9
      vertex 4.8 0.782 5.8
    endloop
  endfacet
  facet normal 0 1 0
    outer loop
      vertex 3.4 0.782 3.9
      vertex 4.8 0.782 3.2
      vertex 3.4 0.782 3.2
    endloop
  endfacet
  facet normal 0 1 0
    outer loop
      vertex 2 0.782 5.8
      vertex 3.4 0.782 3.9
      vertex 2 0.782 3.9
    endloop
  endfacet
  facet normal 0 1 0
    outer loop
      vertex 33.69 0.782 3.9
      vertex 35.09 0.782 5.8
      vertex 35.09 0.782 3.9
    endloop
  endfacet
  facet normal 0 1 0
    outer loop
      vertex 35.09 0.782 5.8
      vertex 33.69 0.782 3.9
      vertex 32.29 0.782 5.8
    endloop
  endfacet
  facet normal 0 1 0
    outer loop
      vertex 32.29 0.782 3.2
      vertex 33.69 0.782 3.9
      vertex 33.69 0.782 3.2
    endloop
  endfacet
  facet normal 0 1 0
    outer loop
      vertex 33.69 0.782 3.9
      vertex 32.29 0.782 3.2
      vertex 32.29 0.782 5.8
    endloop
  endfacet
  facet normal 0 -1 0
    outer loop
      vertex 3.4 3.382 3.9
      vertex 2 3.382 5.8
      vertex 2 3.382 3.9
    endloop
  endfacet
  facet normal 0 -1 0
    outer loop
      vertex 2 3.382 5.8
      vertex 3.4 3.382 3.9
      vertex 4.8 3.382 5.8
    endloop
  endfacet
  facet normal 0 -1 0
    outer loop
      vertex 4.8 3.382 3.2
      vertex 3.4 3.382 3.9
      vertex 3.4 3.382 3.2
    endloop
  endfacet
  facet normal 0 -1 0
    outer loop
      vertex 3.4 3.382 3.9
      vertex 4.8 3.382 3.2
      vertex 4.8 3.382 5.8
    endloop
  endfacet
  facet normal 0 -1 0
    outer loop
      vertex 32.29 3.382 5.8
      vertex 33.69 3.382 3.9
      vertex 35.09 3.382 5.8
    endloop
  endfacet
  facet normal 0 -1 0
    outer loop
      vertex 32.29 3.382 3.2
      vertex 33.69 3.382 3.9
      vertex 32.29 3.382 5.8
    endloop
  endfacet
  facet normal 0 -1 -0
    outer loop
      vertex 33.69 3.382 3.9
      vertex 32.29 3.382 3.2
      vertex 33.69 3.382 3.2
    endloop
  endfacet
  facet normal 0 -1 -0
    outer loop
      vertex 35.09 3.382 5.8
      vertex 33.69 3.382 3.9
      vertex 35.09 3.382 3.9
    endloop
  endfacet
endsolid OpenSCAD_Model
