solid OpenSCAD_Model
  facet normal -0.997859 -0.0654023 0
    outer loop
      vertex 0.0171099 1.73895 13.4
      vertex 0 2 14.9
      vertex 0 2 0
    endloop
  endfacet
  facet normal -0.997859 -0.0654023 -0
    outer loop
      vertex 0.0171099 1.73895 13.4
      vertex 0 2 0
      vertex 0.0171099 1.73895 0
    endloop
  endfacet
  facet normal -0.997859 -0.0654023 -0
    outer loop
      vertex 0.0171099 1.73895 16.9
      vertex 0 2 14.9
      vertex 0.0171099 1.73895 13.4
    endloop
  endfacet
  facet normal -0.997859 -0.0654023 0
    outer loop
      vertex 0 2 14.9
      vertex 0.0171099 1.73895 16.9
      vertex 0 2 16.9
    endloop
  endfacet
  facet normal 0.831344 0.555758 0
    outer loop
      vertex 36.8221 67.782 14.9
      vertex 36.6767 67.9995 13.7
      vertex 36.6767 67.9995 14.9
    endloop
  endfacet
  facet normal 0.831344 0.555758 0
    outer loop
      vertex 36.6767 67.9995 13.7
      vertex 36.8221 67.782 14.9
      vertex 36.8221 67.782 13.7
    endloop
  endfacet
  facet normal 0.831344 0.555758 0
    outer loop
      vertex 36.8221 67.782 11.1
      vertex 36.6767 67.9995 0
      vertex 36.6767 67.9995 11.1
    endloop
  endfacet
  facet normal 0.831344 0.555758 0
    outer loop
      vertex 36.6767 67.9995 0
      vertex 36.8221 67.782 11.1
      vertex 36.8221 67.782 0
    endloop
  endfacet
  facet normal 0.980801 0.195013 0
    outer loop
      vertex 37.0729 67.0431 14.9
      vertex 37.0219 67.2996 13.7
      vertex 37.0219 67.2996 14.9
    endloop
  endfacet
  facet normal 0.980801 0.195013 0
    outer loop
      vertex 37.0219 67.2996 13.7
      vertex 37.0729 67.0431 14.9
      vertex 37.0729 67.0431 13.7
    endloop
  endfacet
  facet normal 0.980801 0.195013 0
    outer loop
      vertex 37.0729 67.0431 11.1
      vertex 37.0219 67.2996 0
      vertex 37.0219 67.2996 11.1
    endloop
  endfacet
  facet normal 0.980801 0.195013 0
    outer loop
      vertex 37.0219 67.2996 0
      vertex 37.0729 67.0431 11.1
      vertex 37.0729 67.0431 0
    endloop
  endfacet
  facet normal 0.751826 -0.659362 0
    outer loop
      vertex 36.5042 0.585786 13.4
      vertex 36.6767 0.782476 0
      vertex 36.6767 0.782476 13.4
    endloop
  endfacet
  facet normal 0.751826 -0.659362 0
    outer loop
      vertex 36.6767 0.782476 0
      vertex 36.5042 0.585786 13.4
      vertex 36.5042 0.585786 0
    endloop
  endfacet
  facet normal -0.946957 0.321359 0
    outer loop
      vertex 0.0681477 67.2996 13.8
      vertex 0.152241 67.5474 14.9
      vertex 0.152241 67.5474 13.8
    endloop
  endfacet
  facet normal -0.946957 0.321359 0
    outer loop
      vertex 0.152241 67.5474 14.9
      vertex 0.0681477 67.2996 13.8
      vertex 0.0681477 67.2996 14.9
    endloop
  endfacet
  facet normal -0.946957 0.321359 0
    outer loop
      vertex 0.0681477 67.2996 0
      vertex 0.152241 67.5474 11.1
      vertex 0.152241 67.5474 0
    endloop
  endfacet
  facet normal -0.946957 0.321359 0
    outer loop
      vertex 0.152241 67.5474 11.1
      vertex 0.0681477 67.2996 0
      vertex 0.0681477 67.2996 11.1
    endloop
  endfacet
  facet normal -0.980786 -0.195086 0
    outer loop
      vertex 0.0681477 1.48236 0
      vertex 0.0171099 1.73895 13.4
      vertex 0.0171099 1.73895 0
    endloop
  endfacet
  facet normal -0.980786 -0.195086 0
    outer loop
      vertex 0.0171099 1.73895 13.4
      vertex 0.0681477 1.48236 0
      vertex 0.0681477 1.48236 13.4
    endloop
  endfacet
  facet normal -0.831471 -0.555568 0
    outer loop
      vertex 0.413293 0.782476 0
      vertex 0.267949 1 13.4
      vertex 0.267949 1 0
    endloop
  endfacet
  facet normal -0.831471 -0.555568 0
    outer loop
      vertex 0.267949 1 13.4
      vertex 0.413293 0.782476 0
      vertex 0.413293 0.782476 13.4
    endloop
  endfacet
  facet normal 0 0 1
    outer loop
      vertex 33.89 1.8 14.9
      vertex 37.09 2 14.9
      vertex 37.09 66.782 14.9
    endloop
  endfacet
  facet normal 0 0 1
    outer loop
      vertex 35.09 68.782 14.9
      vertex 37.09 66.782 14.9
      vertex 37.0729 67.0431 14.9
    endloop
  endfacet
  facet normal 0 0 1
    outer loop
      vertex 35.09 68.782 14.9
      vertex 37.0729 67.0431 14.9
      vertex 37.0219 67.2996 14.9
    endloop
  endfacet
  facet normal 0 0 1
    outer loop
      vertex 35.09 68.782 14.9
      vertex 37.0219 67.2996 14.9
      vertex 36.9378 67.5474 14.9
    endloop
  endfacet
  facet normal 0 0 1
    outer loop
      vertex 35.09 68.782 14.9
      vertex 36.9378 67.5474 14.9
      vertex 36.8221 67.782 14.9
    endloop
  endfacet
  facet normal 0 0 1
    outer loop
      vertex 35.09 68.782 14.9
      vertex 36.8221 67.782 14.9
      vertex 36.6767 67.9995 14.9
    endloop
  endfacet
  facet normal 0 0 1
    outer loop
      vertex 35.09 68.782 14.9
      vertex 36.6767 67.9995 14.9
      vertex 36.5042 68.1962 14.9
    endloop
  endfacet
  facet normal 0 0 1
    outer loop
      vertex 35.09 68.782 14.9
      vertex 36.5042 68.1962 14.9
      vertex 36.3075 68.3687 14.9
    endloop
  endfacet
  facet normal 0 0 1
    outer loop
      vertex 35.09 68.782 14.9
      vertex 36.3075 68.3687 14.9
      vertex 36.09 68.5141 14.9
    endloop
  endfacet
  facet normal 0 0 1
    outer loop
      vertex 35.09 68.782 14.9
      vertex 36.09 68.5141 14.9
      vertex 35.8554 68.6298 14.9
    endloop
  endfacet
  facet normal 0 0 1
    outer loop
      vertex 35.09 68.782 14.9
      vertex 35.8554 68.6298 14.9
      vertex 35.6076 68.7139 14.9
    endloop
  endfacet
  facet normal 0 0 1
    outer loop
      vertex 35.09 68.782 14.9
      vertex 35.6076 68.7139 14.9
      vertex 35.3511 68.7649 14.9
    endloop
  endfacet
  facet normal 0 0 1
    outer loop
      vertex 37.09 66.782 14.9
      vertex 35.09 68.782 14.9
      vertex 33.89 68.782 14.9
    endloop
  endfacet
  facet normal 0 0 1
    outer loop
      vertex 37.09 66.782 14.9
      vertex 33.89 68.782 14.9
      vertex 33.89 1.8 14.9
    endloop
  endfacet
  facet normal 0 0 1
    outer loop
      vertex 37.09 2 14.9
      vertex 33.89 1.8 14.9
      vertex 37.0769 1.8 14.9
    endloop
  endfacet
  facet normal 0 0 1
    outer loop
      vertex 0 66.782 14.9
      vertex 3.2 68.782 14.9
      vertex 2 68.782 14.9
    endloop
  endfacet
  facet normal 0 0 1
    outer loop
      vertex 0 66.782 14.9
      vertex 2 68.782 14.9
      vertex 1.73895 68.7649 14.9
    endloop
  endfacet
  facet normal 0 0 1
    outer loop
      vertex 0 66.782 14.9
      vertex 1.73895 68.7649 14.9
      vertex 1.48236 68.7139 14.9
    endloop
  endfacet
  facet normal 0 0 1
    outer loop
      vertex 0 66.782 14.9
      vertex 1.48236 68.7139 14.9
      vertex 1.23463 68.6298 14.9
    endloop
  endfacet
  facet normal 0 0 1
    outer loop
      vertex 0 66.782 14.9
      vertex 1.23463 68.6298 14.9
      vertex 1 68.5141 14.9
    endloop
  endfacet
  facet normal 0 0 1
    outer loop
      vertex 0 66.782 14.9
      vertex 1 68.5141 14.9
      vertex 0.782476 68.3687 14.9
    endloop
  endfacet
  facet normal 0 0 1
    outer loop
      vertex 0 66.782 14.9
      vertex 0.782476 68.3687 14.9
      vertex 0.585786 68.1962 14.9
    endloop
  endfacet
  facet normal 0 0 1
    outer loop
      vertex 0 66.782 14.9
      vertex 0.585786 68.1962 14.9
      vertex 0.413293 67.9995 14.9
    endloop
  endfacet
  facet normal 0 0 1
    outer loop
      vertex 0 66.782 14.9
      vertex 0.413293 67.9995 14.9
      vertex 0.267949 67.782 14.9
    endloop
  endfacet
  facet normal 0 0 1
    outer loop
      vertex 0 66.782 14.9
      vertex 0.267949 67.782 14.9
      vertex 0.152241 67.5474 14.9
    endloop
  endfacet
  facet normal 0 0 1
    outer loop
      vertex 0 66.782 14.9
      vertex 0.152241 67.5474 14.9
      vertex 0.0681477 67.2996 14.9
    endloop
  endfacet
  facet normal 0 0 1
    outer loop
      vertex 0 66.782 14.9
      vertex 0.0681477 67.2996 14.9
      vertex 0.0171099 67.0431 14.9
    endloop
  endfacet
  facet normal 0 0 1
    outer loop
      vertex 3.2 68.782 14.9
      vertex 0 66.782 14.9
      vertex 3.2 1.8 14.9
    endloop
  endfacet
  facet normal -0 0 1
    outer loop
      vertex 0 2 14.9
      vertex 3.2 1.8 14.9
      vertex 0 66.782 14.9
    endloop
  endfacet
  facet normal 0 0 1
    outer loop
      vertex 3.2 1.8 14.9
      vertex 0 2 14.9
      vertex 0.0131084 1.8 14.9
    endloop
  endfacet
  facet normal -0 0 1
    outer loop
      vertex 5.05 68.782 14.9
      vertex 32.04 66.982 14.9
      vertex 32.04 68.782 14.9
    endloop
  endfacet
  facet normal 0 0 1
    outer loop
      vertex 32.04 66.982 14.9
      vertex 5.05 68.782 14.9
      vertex 5.05 66.982 14.9
    endloop
  endfacet
  facet normal 0.321359 -0.946957 0
    outer loop
      vertex 35.6076 0.0681477 0
      vertex 35.8554 0.152241 13.4
      vertex 35.6076 0.0681477 13.4
    endloop
  endfacet
  facet normal 0.321359 -0.946957 0
    outer loop
      vertex 35.8554 0.152241 13.4
      vertex 35.6076 0.0681477 0
      vertex 35.8554 0.152241 0
    endloop
  endfacet
  facet normal -1 0 0
    outer loop
      vertex 0 66.782 0
      vertex 0 65.4 11.1
      vertex 0 66.782 11.1
    endloop
  endfacet
  facet normal -1 0 0
    outer loop
      vertex 0 65.4 11.1
      vertex 0 65.3 11.2
      vertex 0 65.4 11.2
    endloop
  endfacet
  facet normal -1 0 0
    outer loop
      vertex 0 66.782 0
      vertex 0 65.3 11.2
      vertex 0 65.4 11.1
    endloop
  endfacet
  facet normal -1 0 0
    outer loop
      vertex 0 2 14.9
      vertex 0 65.3 11.2
      vertex 0 2 0
    endloop
  endfacet
  facet normal -1 0 0
    outer loop
      vertex 0 2 0
      vertex 0 65.3 11.2
      vertex 0 66.782 0
    endloop
  endfacet
  facet normal -1 0 0
    outer loop
      vertex 0 65.3 13.8
      vertex 0 66.782 14.9
      vertex 0 66.782 13.8
    endloop
  endfacet
  facet normal -1 0 0
    outer loop
      vertex 0 65.3 11.2
      vertex 0 2 14.9
      vertex 0 65.3 13.8
    endloop
  endfacet
  facet normal -1 0 0
    outer loop
      vertex 0 65.3 13.8
      vertex 0 2 14.9
      vertex 0 66.782 14.9
    endloop
  endfacet
  facet normal 0 -1 0
    outer loop
      vertex 2 0 0
      vertex 5.05 0 10.7
      vertex 2 0 10.7
    endloop
  endfacet
  facet normal 0 -1 -0
    outer loop
      vertex 10.545 0 6.2
      vertex 2 0 0
      vertex 26.545 0 6.2
    endloop
  endfacet
  facet normal 0 -1 -0
    outer loop
      vertex 5.05 0 10.7
      vertex 2 0 0
      vertex 10.545 0 6.2
    endloop
  endfacet
  facet normal 0 -1 0
    outer loop
      vertex 5.05 0 10.7
      vertex 10.545 0 13.4
      vertex 5.05 0 13.4
    endloop
  endfacet
  facet normal 0 -1 -0
    outer loop
      vertex 10.545 0 13.4
      vertex 5.05 0 10.7
      vertex 10.545 0 6.2
    endloop
  endfacet
  facet normal 0 -1 0
    outer loop
      vertex 26.545 0 13.4
      vertex 32.04 0 13.2
      vertex 32.04 0 13.4
    endloop
  endfacet
  facet normal 0 -1 0
    outer loop
      vertex 26.545 0 13.4
      vertex 32.04 0 10.7
      vertex 32.04 0 13.2
    endloop
  endfacet
  facet normal 0 -1 0
    outer loop
      vertex 26.545 0 6.2
      vertex 32.04 0 10.7
      vertex 26.545 0 13.4
    endloop
  endfacet
  facet normal 0 -1 0
    outer loop
      vertex 35.09 0 0
      vertex 32.04 0 10.7
      vertex 26.545 0 6.2
    endloop
  endfacet
  facet normal 0 -1 0
    outer loop
      vertex 32.04 0 10.7
      vertex 35.09 0 0
      vertex 35.09 0 10.7
    endloop
  endfacet
  facet normal 0 -1 0
    outer loop
      vertex 35.09 0 0
      vertex 26.545 0 6.2
      vertex 2 0 0
    endloop
  endfacet
  facet normal -0.896889 0.442255 0
    outer loop
      vertex 0.2 67.6442 13.8
      vertex 0.267949 67.782 13.7465
      vertex 0.2 67.6442 13.75
    endloop
  endfacet
  facet normal -0.896889 0.442255 0
    outer loop
      vertex 0.267949 67.782 13.7465
      vertex 0.2 67.6442 13.8
      vertex 0.267949 67.782 14.9
    endloop
  endfacet
  facet normal -0.89679 0.442457 0
    outer loop
      vertex 0.152241 67.5474 14.9
      vertex 0.2 67.6442 13.8
      vertex 0.152241 67.5474 13.8
    endloop
  endfacet
  facet normal -0.896848 0.442338 -1.29526e-05
    outer loop
      vertex 0.2 67.6442 13.8
      vertex 0.152241 67.5474 14.9
      vertex 0.267949 67.782 14.9
    endloop
  endfacet
  facet normal -0.896848 0.442338 0
    outer loop
      vertex 0.152241 67.5474 0
      vertex 0.267949 67.782 11.1
      vertex 0.267949 67.782 0
    endloop
  endfacet
  facet normal -0.896848 0.442338 0
    outer loop
      vertex 0.267949 67.782 11.1
      vertex 0.152241 67.5474 0
      vertex 0.152241 67.5474 11.1
    endloop
  endfacet
  facet normal -0.0654043 -0.997859 0
    outer loop
      vertex 1.73895 0.0171099 13.4
      vertex 1.8 0.0131084 10.7
      vertex 1.8 0.0131084 13.4
    endloop
  endfacet
  facet normal -0.0654043 -0.997859 0
    outer loop
      vertex 1.73895 0.0171099 0
      vertex 1.8 0.0131084 10.7
      vertex 1.73895 0.0171099 13.4
    endloop
  endfacet
  facet normal -0.0654017 -0.997859 -1.50052e-08
    outer loop
      vertex 1.73895 0.0171099 0
      vertex 2 0 10.7
      vertex 1.8 0.0131084 10.7
    endloop
  endfacet
  facet normal -0.0654023 -0.997859 -0
    outer loop
      vertex 2 0 10.7
      vertex 1.73895 0.0171099 0
      vertex 2 0 0
    endloop
  endfacet
  facet normal 0.896883 -0.442268 0
    outer loop
      vertex 36.8221 1 13.4
      vertex 36.9378 1.23463 0
      vertex 36.9378 1.23463 13.4
    endloop
  endfacet
  facet normal 0.896883 -0.442268 0
    outer loop
      vertex 36.9378 1.23463 0
      vertex 36.8221 1 13.4
      vertex 36.8221 1 0
    endloop
  endfacet
  facet normal 0.831372 -0.555716 0
    outer loop
      vertex 36.6767 0.782476 13.4
      vertex 36.8221 1 0
      vertex 36.8221 1 13.4
    endloop
  endfacet
  facet normal 0.831372 -0.555716 0
    outer loop
      vertex 36.8221 1 0
      vertex 36.6767 0.782476 13.4
      vertex 36.6767 0.782476 0
    endloop
  endfacet
  facet normal 1 0 0
    outer loop
      vertex 37.09 66.782 14.9
      vertex 37.09 65.4 13.7
      vertex 37.09 66.782 13.7
    endloop
  endfacet
  facet normal 1 0 0
    outer loop
      vertex 37.09 65.4 13.7
      vertex 37.09 2 14.9
      vertex 37.09 65.4 11.1
    endloop
  endfacet
  facet normal 1 -0 0
    outer loop
      vertex 37.09 2 14.9
      vertex 37.09 65.4 13.7
      vertex 37.09 66.782 14.9
    endloop
  endfacet
  facet normal 1 -0 0
    outer loop
      vertex 37.09 65.4 11.1
      vertex 37.09 66.782 0
      vertex 37.09 66.782 11.1
    endloop
  endfacet
  facet normal 1 0 0
    outer loop
      vertex 37.09 2 0
      vertex 37.09 65.4 11.1
      vertex 37.09 2 14.9
    endloop
  endfacet
  facet normal 1 0 0
    outer loop
      vertex 37.09 65.4 11.1
      vertex 37.09 2 0
      vertex 37.09 66.782 0
    endloop
  endfacet
  facet normal 0.0653521 0.997862 -9.21719e-07
    outer loop
      vertex 35.3511 68.7649 14.9
      vertex 35.29 68.7689 13.2
      vertex 35.09 68.782 14.9
    endloop
  endfacet
  facet normal 0.0653266 0.997864 0
    outer loop
      vertex 35.3511 68.7649 14.9
      vertex 35.29 68.7689 10.7
      vertex 35.29 68.7689 13.2
    endloop
  endfacet
  facet normal 0.0653266 0.997864 -0
    outer loop
      vertex 35.3511 68.7649 0
      vertex 35.29 68.7689 10.7
      vertex 35.3511 68.7649 14.9
    endloop
  endfacet
  facet normal 0.0653599 0.997862 1.91179e-07
    outer loop
      vertex 35.3511 68.7649 0
      vertex 35.09 68.782 10.7
      vertex 35.29 68.7689 10.7
    endloop
  endfacet
  facet normal 0.0653521 0.997862 0
    outer loop
      vertex 35.09 68.782 10.7
      vertex 35.3511 68.7649 0
      vertex 35.09 68.782 0
    endloop
  endfacet
  facet normal 0.0653599 0.997862 0
    outer loop
      vertex 35.09 68.782 14.9
      vertex 35.29 68.7689 13.2
      vertex 35.09 68.782 13.2
    endloop
  endfacet
  facet normal -0.94693 -0.32144 0
    outer loop
      vertex 0.152241 1.23463 0
      vertex 0.0681477 1.48236 13.4
      vertex 0.0681477 1.48236 0
    endloop
  endfacet
  facet normal -0.94693 -0.32144 0
    outer loop
      vertex 0.0681477 1.48236 13.4
      vertex 0.152241 1.23463 0
      vertex 0.152241 1.23463 13.4
    endloop
  endfacet
  facet normal 0.195013 0.980801 -0
    outer loop
      vertex 35.6076 68.7139 0
      vertex 35.3511 68.7649 14.9
      vertex 35.6076 68.7139 14.9
    endloop
  endfacet
  facet normal 0.195013 0.980801 0
    outer loop
      vertex 35.3511 68.7649 14.9
      vertex 35.6076 68.7139 0
      vertex 35.3511 68.7649 0
    endloop
  endfacet
  facet normal -0.980773 0.195152 0
    outer loop
      vertex 0.0171099 67.0431 13.8
      vertex 0.0681477 67.2996 14.9
      vertex 0.0681477 67.2996 13.8
    endloop
  endfacet
  facet normal -0.980773 0.195152 0
    outer loop
      vertex 0.0681477 67.2996 14.9
      vertex 0.0171099 67.0431 13.8
      vertex 0.0171099 67.0431 14.9
    endloop
  endfacet
  facet normal -0.980773 0.195152 0
    outer loop
      vertex 0.0171099 67.0431 0
      vertex 0.0681477 67.2996 11.1
      vertex 0.0681477 67.2996 0
    endloop
  endfacet
  facet normal -0.980773 0.195152 0
    outer loop
      vertex 0.0681477 67.2996 11.1
      vertex 0.0171099 67.0431 0
      vertex 0.0171099 67.0431 11.1
    endloop
  endfacet
  facet normal 0 1 -0
    outer loop
      vertex 35.09 68.782 0
      vertex 32.04 68.782 10.7
      vertex 35.09 68.782 10.7
    endloop
  endfacet
  facet normal 0 1 0
    outer loop
      vertex 32.04 68.782 10.7
      vertex 35.09 68.782 0
      vertex 5.05 68.782 10.7
    endloop
  endfacet
  facet normal 0 1 0
    outer loop
      vertex 2 68.782 0
      vertex 5.05 68.782 10.7
      vertex 35.09 68.782 0
    endloop
  endfacet
  facet normal 0 1 0
    outer loop
      vertex 5.05 68.782 10.7
      vertex 2 68.782 0
      vertex 2 68.782 10.7
    endloop
  endfacet
  facet normal 0 1 -0
    outer loop
      vertex 32.04 68.782 10.7
      vertex 5.05 68.782 14.9
      vertex 32.04 68.782 14.9
    endloop
  endfacet
  facet normal 0 1 0
    outer loop
      vertex 5.05 68.782 14.9
      vertex 32.04 68.782 10.7
      vertex 5.05 68.782 10.7
    endloop
  endfacet
  facet normal 0 1 -0
    outer loop
      vertex 35.09 68.782 13.2
      vertex 33.89 68.782 14.9
      vertex 35.09 68.782 14.9
    endloop
  endfacet
  facet normal 0 1 0
    outer loop
      vertex 33.89 68.782 14.9
      vertex 35.09 68.782 13.2
      vertex 33.89 68.782 13.2
    endloop
  endfacet
  facet normal 0 1 -0
    outer loop
      vertex 3.2 68.782 13.2
      vertex 2 68.782 14.9
      vertex 3.2 68.782 14.9
    endloop
  endfacet
  facet normal 0 1 0
    outer loop
      vertex 2 68.782 14.9
      vertex 3.2 68.782 13.2
      vertex 2 68.782 13.2
    endloop
  endfacet
  facet normal -0.442268 0.896883 0
    outer loop
      vertex 1.23463 68.6298 0
      vertex 1 68.5141 14.9
      vertex 1.23463 68.6298 14.9
    endloop
  endfacet
  facet normal -0.442268 0.896883 0
    outer loop
      vertex 1 68.5141 14.9
      vertex 1.23463 68.6298 0
      vertex 1 68.5141 0
    endloop
  endfacet
  facet normal -0.442293 -0.896871 0
    outer loop
      vertex 1 0.267949 0
      vertex 1.23463 0.152241 13.4
      vertex 1 0.267949 13.4
    endloop
  endfacet
  facet normal -0.442293 -0.896871 -0
    outer loop
      vertex 1.23463 0.152241 13.4
      vertex 1 0.267949 0
      vertex 1.23463 0.152241 0
    endloop
  endfacet
  facet normal 0.659328 -0.751855 0
    outer loop
      vertex 36.3075 0.413293 0
      vertex 36.5042 0.585786 13.4
      vertex 36.3075 0.413293 13.4
    endloop
  endfacet
  facet normal 0.659328 -0.751855 0
    outer loop
      vertex 36.5042 0.585786 13.4
      vertex 36.3075 0.413293 0
      vertex 36.5042 0.585786 0
    endloop
  endfacet
  facet normal -0.195086 -0.980786 0
    outer loop
      vertex 1.48236 0.0681477 0
      vertex 1.73895 0.0171099 13.4
      vertex 1.48236 0.0681477 13.4
    endloop
  endfacet
  facet normal -0.195086 -0.980786 -0
    outer loop
      vertex 1.73895 0.0171099 13.4
      vertex 1.48236 0.0681477 0
      vertex 1.73895 0.0171099 0
    endloop
  endfacet
  facet normal 0.751769 0.659426 -0
    outer loop
      vertex 36.6763 68 11.1
      vertex 36.5042 68.1962 14.9
      vertex 36.6763 68 13.7
    endloop
  endfacet
  facet normal 0.751842 0.659343 2.41122e-05
    outer loop
      vertex 36.6767 67.9995 14.9
      vertex 36.6763 68 13.7
      vertex 36.5042 68.1962 14.9
    endloop
  endfacet
  facet normal 0.780869 0.624695 0
    outer loop
      vertex 36.6763 68 13.7
      vertex 36.6767 67.9995 14.9
      vertex 36.6767 67.9995 13.7
    endloop
  endfacet
  facet normal 0.751769 0.659426 0
    outer loop
      vertex 36.5042 68.1962 14.9
      vertex 36.6763 68 11.1
      vertex 36.5042 68.1962 0
    endloop
  endfacet
  facet normal 0.780869 0.624695 -0
    outer loop
      vertex 36.6767 67.9995 0
      vertex 36.6763 68 11.1
      vertex 36.6767 67.9995 11.1
    endloop
  endfacet
  facet normal 0.751842 0.659343 -2.60673e-06
    outer loop
      vertex 36.6763 68 11.1
      vertex 36.6767 67.9995 0
      vertex 36.5042 68.1962 0
    endloop
  endfacet
  facet normal 0.94695 0.321382 0
    outer loop
      vertex 37.0219 67.2996 14.9
      vertex 36.9378 67.5474 13.7
      vertex 36.9378 67.5474 14.9
    endloop
  endfacet
  facet normal 0.94695 0.321382 0
    outer loop
      vertex 36.9378 67.5474 13.7
      vertex 37.0219 67.2996 14.9
      vertex 37.0219 67.2996 13.7
    endloop
  endfacet
  facet normal 0.94695 0.321382 0
    outer loop
      vertex 37.0219 67.2996 11.1
      vertex 36.9378 67.5474 0
      vertex 36.9378 67.5474 11.1
    endloop
  endfacet
  facet normal 0.94695 0.321382 0
    outer loop
      vertex 36.9378 67.5474 0
      vertex 37.0219 67.2996 11.1
      vertex 37.0219 67.2996 0
    endloop
  endfacet
  facet normal -0.32144 -0.94693 0
    outer loop
      vertex 1.23463 0.152241 0
      vertex 1.48236 0.0681477 13.4
      vertex 1.23463 0.152241 13.4
    endloop
  endfacet
  facet normal -0.32144 -0.94693 -0
    outer loop
      vertex 1.48236 0.0681477 13.4
      vertex 1.23463 0.152241 0
      vertex 1.48236 0.0681477 0
    endloop
  endfacet
  facet normal 0.946922 -0.321463 0
    outer loop
      vertex 36.9378 1.23463 13.4
      vertex 37.0219 1.48236 0
      vertex 37.0219 1.48236 13.4
    endloop
  endfacet
  facet normal 0.946922 -0.321463 0
    outer loop
      vertex 37.0219 1.48236 0
      vertex 36.9378 1.23463 13.4
      vertex 36.9378 1.23463 0
    endloop
  endfacet
  facet normal -0.555716 0.831372 0
    outer loop
      vertex 1 68.5141 0
      vertex 0.782476 68.3687 14.9
      vertex 1 68.5141 14.9
    endloop
  endfacet
  facet normal -0.555716 0.831372 0
    outer loop
      vertex 0.782476 68.3687 14.9
      vertex 1 68.5141 0
      vertex 0.782476 68.3687 0
    endloop
  endfacet
  facet normal -0.896871 -0.442293 0
    outer loop
      vertex 0.267949 1 0
      vertex 0.152241 1.23463 13.4
      vertex 0.152241 1.23463 0
    endloop
  endfacet
  facet normal -0.896871 -0.442293 0
    outer loop
      vertex 0.152241 1.23463 13.4
      vertex 0.267949 1 0
      vertex 0.267949 1 13.4
    endloop
  endfacet
  facet normal 0.997861 -0.0653646 0
    outer loop
      vertex 37.0729 1.73895 16.9
      vertex 37.09 2 14.9
      vertex 37.09 2 16.9
    endloop
  endfacet
  facet normal 0.997861 -0.0653646 0
    outer loop
      vertex 37.09 2 14.9
      vertex 37.0729 1.73895 16.9
      vertex 37.0729 1.73895 13.4
    endloop
  endfacet
  facet normal 0.997861 -0.0653646 0
    outer loop
      vertex 37.09 2 14.9
      vertex 37.0729 1.73895 13.4
      vertex 37.09 2 0
    endloop
  endfacet
  facet normal 0.997861 -0.0653646 0
    outer loop
      vertex 37.09 2 0
      vertex 37.0729 1.73895 13.4
      vertex 37.0729 1.73895 0
    endloop
  endfacet
  facet normal -0.555568 -0.831471 0
    outer loop
      vertex 0.782476 0.413293 0
      vertex 1 0.267949 13.4
      vertex 0.782476 0.413293 13.4
    endloop
  endfacet
  facet normal -0.555568 -0.831471 -0
    outer loop
      vertex 1 0.267949 13.4
      vertex 0.782476 0.413293 0
      vertex 1 0.267949 0
    endloop
  endfacet
  facet normal 0.442314 0.89686 -0
    outer loop
      vertex 36.09 68.5141 0
      vertex 35.8554 68.6298 14.9
      vertex 36.09 68.5141 14.9
    endloop
  endfacet
  facet normal 0.442314 0.89686 0
    outer loop
      vertex 35.8554 68.6298 14.9
      vertex 36.09 68.5141 0
      vertex 35.8554 68.6298 0
    endloop
  endfacet
  facet normal 0.980814 -0.194947 0
    outer loop
      vertex 37.0219 1.48236 13.4
      vertex 37.0729 1.73895 0
      vertex 37.0729 1.73895 13.4
    endloop
  endfacet
  facet normal 0.980814 -0.194947 0
    outer loop
      vertex 37.0729 1.73895 0
      vertex 37.0219 1.48236 13.4
      vertex 37.0219 1.48236 0
    endloop
  endfacet
  facet normal -0.194947 0.980814 0
    outer loop
      vertex 1.73895 68.7649 0
      vertex 1.48236 68.7139 14.9
      vertex 1.73895 68.7649 14.9
    endloop
  endfacet
  facet normal -0.194947 0.980814 0
    outer loop
      vertex 1.48236 68.7139 14.9
      vertex 1.73895 68.7649 0
      vertex 1.48236 68.7139 0
    endloop
  endfacet
  facet normal -0.99786 0.0653898 0
    outer loop
      vertex 0 66.782 13.8
      vertex 0.0171099 67.0431 14.9
      vertex 0.0171099 67.0431 13.8
    endloop
  endfacet
  facet normal -0.99786 0.0653898 0
    outer loop
      vertex 0.0171099 67.0431 14.9
      vertex 0 66.782 13.8
      vertex 0 66.782 14.9
    endloop
  endfacet
  facet normal -0.99786 0.0653898 0
    outer loop
      vertex 0 66.782 0
      vertex 0.0171099 67.0431 11.1
      vertex 0.0171099 67.0431 0
    endloop
  endfacet
  facet normal -0.99786 0.0653898 0
    outer loop
      vertex 0.0171099 67.0431 11.1
      vertex 0 66.782 0
      vertex 0 66.782 11.1
    endloop
  endfacet
  facet normal 0.55561 -0.831443 0
    outer loop
      vertex 36.09 0.267949 0
      vertex 36.3075 0.413293 13.4
      vertex 36.09 0.267949 13.4
    endloop
  endfacet
  facet normal 0.55561 -0.831443 0
    outer loop
      vertex 36.3075 0.413293 13.4
      vertex 36.09 0.267949 0
      vertex 36.3075 0.413293 0
    endloop
  endfacet
  facet normal 0 0 -1
    outer loop
      vertex 26.1897 53.8434 0
      vertex 37.09 66.782 0
      vertex 26.1897 48.1566 0
    endloop
  endfacet
  facet normal 0 0 -1
    outer loop
      vertex 37.09 66.782 0
      vertex 26.1897 53.8434 0
      vertex 26.2 54 0
    endloop
  endfacet
  facet normal 0 0 -1
    outer loop
      vertex 26.1591 48.3106 0
      vertex 26.1897 53.8434 0
      vertex 26.1897 48.1566 0
    endloop
  endfacet
  facet normal 0 0 -1
    outer loop
      vertex 26.1591 48.3106 0
      vertex 26.1591 53.6894 0
      vertex 26.1897 53.8434 0
    endloop
  endfacet
  facet normal 0 0 -1
    outer loop
      vertex 26.1087 48.4592 0
      vertex 26.1591 53.6894 0
      vertex 26.1591 48.3106 0
    endloop
  endfacet
  facet normal 0 0 -1
    outer loop
      vertex 26.1087 48.4592 0
      vertex 26.1087 53.5408 0
      vertex 26.1591 53.6894 0
    endloop
  endfacet
  facet normal 0 0 -1
    outer loop
      vertex 26.0392 48.6 0
      vertex 26.1087 53.5408 0
      vertex 26.1087 48.4592 0
    endloop
  endfacet
  facet normal 0 0 -1
    outer loop
      vertex 26.0392 48.6 0
      vertex 26.0392 53.4 0
      vertex 26.1087 53.5408 0
    endloop
  endfacet
  facet normal 0 0 -1
    outer loop
      vertex 25.952 48.7305 0
      vertex 26.0392 53.4 0
      vertex 26.0392 48.6 0
    endloop
  endfacet
  facet normal 0 0 -1
    outer loop
      vertex 25.952 48.7305 0
      vertex 25.952 53.2695 0
      vertex 26.0392 53.4 0
    endloop
  endfacet
  facet normal 0 0 -1
    outer loop
      vertex 25.8485 48.8485 0
      vertex 25.952 53.2695 0
      vertex 25.952 48.7305 0
    endloop
  endfacet
  facet normal 0 0 -1
    outer loop
      vertex 25.8485 48.8485 0
      vertex 25.8485 53.1515 0
      vertex 25.952 53.2695 0
    endloop
  endfacet
  facet normal 0 0 -1
    outer loop
      vertex 25.7305 48.952 0
      vertex 25.8485 53.1515 0
      vertex 25.8485 48.8485 0
    endloop
  endfacet
  facet normal 0 0 -1
    outer loop
      vertex 25.7305 48.952 0
      vertex 25.7305 53.048 0
      vertex 25.8485 53.1515 0
    endloop
  endfacet
  facet normal 0 0 -1
    outer loop
      vertex 25.6 49.0392 0
      vertex 25.7305 53.048 0
      vertex 25.7305 48.952 0
    endloop
  endfacet
  facet normal 0 0 -1
    outer loop
      vertex 25.6 49.0392 0
      vertex 25.6 52.9608 0
      vertex 25.7305 53.048 0
    endloop
  endfacet
  facet normal 0 0 -1
    outer loop
      vertex 25.4592 49.1087 0
      vertex 25.6 52.9608 0
      vertex 25.6 49.0392 0
    endloop
  endfacet
  facet normal 0 0 -1
    outer loop
      vertex 25.4592 49.1087 0
      vertex 25.4592 52.8913 0
      vertex 25.6 52.9608 0
    endloop
  endfacet
  facet normal 0 0 -1
    outer loop
      vertex 25.3106 49.1591 0
      vertex 25.4592 52.8913 0
      vertex 25.4592 49.1087 0
    endloop
  endfacet
  facet normal 0 0 -1
    outer loop
      vertex 25.3106 49.1591 0
      vertex 25.3106 52.8409 0
      vertex 25.4592 52.8913 0
    endloop
  endfacet
  facet normal 0 0 -1
    outer loop
      vertex 25.1566 49.1897 0
      vertex 25.3106 52.8409 0
      vertex 25.3106 49.1591 0
    endloop
  endfacet
  facet normal 0 0 -1
    outer loop
      vertex 25.1566 49.1897 0
      vertex 25.1566 52.8103 0
      vertex 25.3106 52.8409 0
    endloop
  endfacet
  facet normal 0 0 -1
    outer loop
      vertex 25 49.2 0
      vertex 25.1566 52.8103 0
      vertex 25.1566 49.1897 0
    endloop
  endfacet
  facet normal 0 0 -1
    outer loop
      vertex 25 49.2 0
      vertex 25 52.8 0
      vertex 25.1566 52.8103 0
    endloop
  endfacet
  facet normal 0 0 -1
    outer loop
      vertex 12 49.2 0
      vertex 25 52.8 0
      vertex 25 49.2 0
    endloop
  endfacet
  facet normal 0 0 -1
    outer loop
      vertex 12 49.2 0
      vertex 12 52.8 0
      vertex 25 52.8 0
    endloop
  endfacet
  facet normal 0 0 -1
    outer loop
      vertex 11.8434 49.1897 0
      vertex 12 52.8 0
      vertex 12 49.2 0
    endloop
  endfacet
  facet normal 0 0 -1
    outer loop
      vertex 11.8434 49.1897 0
      vertex 11.8434 52.8103 0
      vertex 12 52.8 0
    endloop
  endfacet
  facet normal 0 0 -1
    outer loop
      vertex 11.6894 49.1591 0
      vertex 11.8434 52.8103 0
      vertex 11.8434 49.1897 0
    endloop
  endfacet
  facet normal 0 0 -1
    outer loop
      vertex 11.6894 49.1591 0
      vertex 11.6894 52.8409 0
      vertex 11.8434 52.8103 0
    endloop
  endfacet
  facet normal 0 0 -1
    outer loop
      vertex 11.5408 49.1087 0
      vertex 11.6894 52.8409 0
      vertex 11.6894 49.1591 0
    endloop
  endfacet
  facet normal 0 0 -1
    outer loop
      vertex 11.5408 49.1087 0
      vertex 11.5408 52.8913 0
      vertex 11.6894 52.8409 0
    endloop
  endfacet
  facet normal 0 0 -1
    outer loop
      vertex 11.4 49.0392 0
      vertex 11.5408 52.8913 0
      vertex 11.5408 49.1087 0
    endloop
  endfacet
  facet normal 0 0 -1
    outer loop
      vertex 11.4 49.0392 0
      vertex 11.4 52.9608 0
      vertex 11.5408 52.8913 0
    endloop
  endfacet
  facet normal 0 0 -1
    outer loop
      vertex 11.2695 48.952 0
      vertex 11.4 52.9608 0
      vertex 11.4 49.0392 0
    endloop
  endfacet
  facet normal 0 0 -1
    outer loop
      vertex 11.2695 48.952 0
      vertex 11.2695 53.048 0
      vertex 11.4 52.9608 0
    endloop
  endfacet
  facet normal 0 0 -1
    outer loop
      vertex 11.1515 48.8485 0
      vertex 11.2695 53.048 0
      vertex 11.2695 48.952 0
    endloop
  endfacet
  facet normal 0 0 -1
    outer loop
      vertex 11.1515 48.8485 0
      vertex 11.1515 53.1515 0
      vertex 11.2695 53.048 0
    endloop
  endfacet
  facet normal 0 0 -1
    outer loop
      vertex 11.048 48.7305 0
      vertex 11.1515 53.1515 0
      vertex 11.1515 48.8485 0
    endloop
  endfacet
  facet normal 0 0 -1
    outer loop
      vertex 11.048 48.7305 0
      vertex 11.048 53.2695 0
      vertex 11.1515 53.1515 0
    endloop
  endfacet
  facet normal 0 0 -1
    outer loop
      vertex 10.9608 48.6 0
      vertex 11.048 53.2695 0
      vertex 11.048 48.7305 0
    endloop
  endfacet
  facet normal 0 0 -1
    outer loop
      vertex 10.9608 48.6 0
      vertex 10.9608 53.4 0
      vertex 11.048 53.2695 0
    endloop
  endfacet
  facet normal 0 0 -1
    outer loop
      vertex 10.8913 48.4592 0
      vertex 10.9608 53.4 0
      vertex 10.9608 48.6 0
    endloop
  endfacet
  facet normal 0 0 -1
    outer loop
      vertex 10.8913 48.4592 0
      vertex 10.8913 53.5408 0
      vertex 10.9608 53.4 0
    endloop
  endfacet
  facet normal 0 0 -1
    outer loop
      vertex 10.8409 48.3106 0
      vertex 10.8913 53.5408 0
      vertex 10.8913 48.4592 0
    endloop
  endfacet
  facet normal 0 0 -1
    outer loop
      vertex 10.8409 48.3106 0
      vertex 10.8409 53.6894 0
      vertex 10.8913 53.5408 0
    endloop
  endfacet
  facet normal 0 0 -1
    outer loop
      vertex 10.8103 48.1566 0
      vertex 10.8409 53.6894 0
      vertex 10.8409 48.3106 0
    endloop
  endfacet
  facet normal 0 0 -1
    outer loop
      vertex 10.8103 48.1566 0
      vertex 10.8103 53.8434 0
      vertex 10.8409 53.6894 0
    endloop
  endfacet
  facet normal 0 0 -1
    outer loop
      vertex 0 66.782 0
      vertex 10.8103 48.1566 0
      vertex 10.8 48 0
    endloop
  endfacet
  facet normal 0 0 -1
    outer loop
      vertex 10.8103 48.1566 0
      vertex 0 66.782 0
      vertex 10.8103 53.8434 0
    endloop
  endfacet
  facet normal 0 0 -1
    outer loop
      vertex 26.1897 47.8434 0
      vertex 37.09 66.782 0
      vertex 26.1897 42.1566 0
    endloop
  endfacet
  facet normal 0 0 -1
    outer loop
      vertex 37.09 66.782 0
      vertex 26.1897 47.8434 0
      vertex 26.2 48 0
    endloop
  endfacet
  facet normal 0 0 -1
    outer loop
      vertex 26.1591 42.3106 0
      vertex 26.1897 47.8434 0
      vertex 26.1897 42.1566 0
    endloop
  endfacet
  facet normal 0 0 -1
    outer loop
      vertex 26.1591 42.3106 0
      vertex 26.1591 47.6894 0
      vertex 26.1897 47.8434 0
    endloop
  endfacet
  facet normal 0 0 -1
    outer loop
      vertex 26.1087 42.4592 0
      vertex 26.1591 47.6894 0
      vertex 26.1591 42.3106 0
    endloop
  endfacet
  facet normal 0 0 -1
    outer loop
      vertex 26.1087 42.4592 0
      vertex 26.1087 47.5408 0
      vertex 26.1591 47.6894 0
    endloop
  endfacet
  facet normal 0 0 -1
    outer loop
      vertex 26.0392 42.6 0
      vertex 26.1087 47.5408 0
      vertex 26.1087 42.4592 0
    endloop
  endfacet
  facet normal 0 0 -1
    outer loop
      vertex 26.0392 42.6 0
      vertex 26.0392 47.4 0
      vertex 26.1087 47.5408 0
    endloop
  endfacet
  facet normal 0 0 -1
    outer loop
      vertex 25.952 42.7305 0
      vertex 26.0392 47.4 0
      vertex 26.0392 42.6 0
    endloop
  endfacet
  facet normal 0 0 -1
    outer loop
      vertex 25.952 42.7305 0
      vertex 25.952 47.2695 0
      vertex 26.0392 47.4 0
    endloop
  endfacet
  facet normal 0 0 -1
    outer loop
      vertex 25.8485 42.8485 0
      vertex 25.952 47.2695 0
      vertex 25.952 42.7305 0
    endloop
  endfacet
  facet normal 0 0 -1
    outer loop
      vertex 25.8485 42.8485 0
      vertex 25.8485 47.1515 0
      vertex 25.952 47.2695 0
    endloop
  endfacet
  facet normal 0 0 -1
    outer loop
      vertex 25.7305 42.952 0
      vertex 25.8485 47.1515 0
      vertex 25.8485 42.8485 0
    endloop
  endfacet
  facet normal 0 0 -1
    outer loop
      vertex 25.7305 42.952 0
      vertex 25.7305 47.048 0
      vertex 25.8485 47.1515 0
    endloop
  endfacet
  facet normal 0 0 -1
    outer loop
      vertex 25.6 43.0392 0
      vertex 25.7305 47.048 0
      vertex 25.7305 42.952 0
    endloop
  endfacet
  facet normal 0 0 -1
    outer loop
      vertex 25.6 43.0392 0
      vertex 25.6 46.9608 0
      vertex 25.7305 47.048 0
    endloop
  endfacet
  facet normal 0 0 -1
    outer loop
      vertex 25.4592 43.1087 0
      vertex 25.6 46.9608 0
      vertex 25.6 43.0392 0
    endloop
  endfacet
  facet normal 0 0 -1
    outer loop
      vertex 25.4592 43.1087 0
      vertex 25.4592 46.8913 0
      vertex 25.6 46.9608 0
    endloop
  endfacet
  facet normal 0 0 -1
    outer loop
      vertex 25.3106 43.1591 0
      vertex 25.4592 46.8913 0
      vertex 25.4592 43.1087 0
    endloop
  endfacet
  facet normal 0 0 -1
    outer loop
      vertex 25.3106 43.1591 0
      vertex 25.3106 46.8409 0
      vertex 25.4592 46.8913 0
    endloop
  endfacet
  facet normal 0 0 -1
    outer loop
      vertex 25.1566 43.1897 0
      vertex 25.3106 46.8409 0
      vertex 25.3106 43.1591 0
    endloop
  endfacet
  facet normal 0 0 -1
    outer loop
      vertex 25.1566 43.1897 0
      vertex 25.1566 46.8103 0
      vertex 25.3106 46.8409 0
    endloop
  endfacet
  facet normal 0 0 -1
    outer loop
      vertex 25 43.2 0
      vertex 25.1566 46.8103 0
      vertex 25.1566 43.1897 0
    endloop
  endfacet
  facet normal 0 0 -1
    outer loop
      vertex 25 43.2 0
      vertex 25 46.8 0
      vertex 25.1566 46.8103 0
    endloop
  endfacet
  facet normal 0 0 -1
    outer loop
      vertex 12 43.2 0
      vertex 25 46.8 0
      vertex 25 43.2 0
    endloop
  endfacet
  facet normal 0 0 -1
    outer loop
      vertex 12 43.2 0
      vertex 12 46.8 0
      vertex 25 46.8 0
    endloop
  endfacet
  facet normal 0 0 -1
    outer loop
      vertex 11.8434 43.1897 0
      vertex 12 46.8 0
      vertex 12 43.2 0
    endloop
  endfacet
  facet normal 0 0 -1
    outer loop
      vertex 11.8434 43.1897 0
      vertex 11.8434 46.8103 0
      vertex 12 46.8 0
    endloop
  endfacet
  facet normal 0 0 -1
    outer loop
      vertex 11.6894 43.1591 0
      vertex 11.8434 46.8103 0
      vertex 11.8434 43.1897 0
    endloop
  endfacet
  facet normal 0 0 -1
    outer loop
      vertex 11.6894 43.1591 0
      vertex 11.6894 46.8409 0
      vertex 11.8434 46.8103 0
    endloop
  endfacet
  facet normal 0 0 -1
    outer loop
      vertex 11.5408 43.1087 0
      vertex 11.6894 46.8409 0
      vertex 11.6894 43.1591 0
    endloop
  endfacet
  facet normal 0 0 -1
    outer loop
      vertex 11.5408 43.1087 0
      vertex 11.5408 46.8913 0
      vertex 11.6894 46.8409 0
    endloop
  endfacet
  facet normal 0 0 -1
    outer loop
      vertex 11.4 43.0392 0
      vertex 11.5408 46.8913 0
      vertex 11.5408 43.1087 0
    endloop
  endfacet
  facet normal 0 0 -1
    outer loop
      vertex 11.4 43.0392 0
      vertex 11.4 46.9608 0
      vertex 11.5408 46.8913 0
    endloop
  endfacet
  facet normal 0 0 -1
    outer loop
      vertex 11.2695 42.952 0
      vertex 11.4 46.9608 0
      vertex 11.4 43.0392 0
    endloop
  endfacet
  facet normal 0 0 -1
    outer loop
      vertex 11.2695 42.952 0
      vertex 11.2695 47.048 0
      vertex 11.4 46.9608 0
    endloop
  endfacet
  facet normal 0 0 -1
    outer loop
      vertex 11.1515 42.8485 0
      vertex 11.2695 47.048 0
      vertex 11.2695 42.952 0
    endloop
  endfacet
  facet normal 0 0 -1
    outer loop
      vertex 11.1515 42.8485 0
      vertex 11.1515 47.1515 0
      vertex 11.2695 47.048 0
    endloop
  endfacet
  facet normal 0 0 -1
    outer loop
      vertex 11.048 42.7305 0
      vertex 11.1515 47.1515 0
      vertex 11.1515 42.8485 0
    endloop
  endfacet
  facet normal 0 0 -1
    outer loop
      vertex 11.048 42.7305 0
      vertex 11.048 47.2695 0
      vertex 11.1515 47.1515 0
    endloop
  endfacet
  facet normal 0 0 -1
    outer loop
      vertex 10.9608 42.6 0
      vertex 11.048 47.2695 0
      vertex 11.048 42.7305 0
    endloop
  endfacet
  facet normal 0 0 -1
    outer loop
      vertex 10.9608 42.6 0
      vertex 10.9608 47.4 0
      vertex 11.048 47.2695 0
    endloop
  endfacet
  facet normal 0 0 -1
    outer loop
      vertex 10.8913 42.4592 0
      vertex 10.9608 47.4 0
      vertex 10.9608 42.6 0
    endloop
  endfacet
  facet normal 0 0 -1
    outer loop
      vertex 10.8913 42.4592 0
      vertex 10.8913 47.5408 0
      vertex 10.9608 47.4 0
    endloop
  endfacet
  facet normal 0 0 -1
    outer loop
      vertex 10.8409 42.3106 0
      vertex 10.8913 47.5408 0
      vertex 10.8913 42.4592 0
    endloop
  endfacet
  facet normal 0 0 -1
    outer loop
      vertex 10.8409 42.3106 0
      vertex 10.8409 47.6894 0
      vertex 10.8913 47.5408 0
    endloop
  endfacet
  facet normal 0 0 -1
    outer loop
      vertex 10.8103 42.1566 0
      vertex 10.8409 47.6894 0
      vertex 10.8409 42.3106 0
    endloop
  endfacet
  facet normal 0 0 -1
    outer loop
      vertex 10.8103 42.1566 0
      vertex 10.8103 47.8434 0
      vertex 10.8409 47.6894 0
    endloop
  endfacet
  facet normal 0 0 -1
    outer loop
      vertex 0 66.782 0
      vertex 10.8103 42.1566 0
      vertex 10.8 42 0
    endloop
  endfacet
  facet normal 0 0 -1
    outer loop
      vertex 10.8103 42.1566 0
      vertex 0 66.782 0
      vertex 10.8103 47.8434 0
    endloop
  endfacet
  facet normal 0 0 -1
    outer loop
      vertex 26.1897 36.1566 0
      vertex 26.2 42 0
      vertex 26.2 36 0
    endloop
  endfacet
  facet normal 0 0 -1
    outer loop
      vertex 26.1897 36.1566 0
      vertex 26.1897 41.8434 0
      vertex 26.2 42 0
    endloop
  endfacet
  facet normal 0 0 -1
    outer loop
      vertex 26.1591 36.3106 0
      vertex 26.1897 41.8434 0
      vertex 26.1897 36.1566 0
    endloop
  endfacet
  facet normal 0 0 -1
    outer loop
      vertex 26.1591 36.3106 0
      vertex 26.1591 41.6894 0
      vertex 26.1897 41.8434 0
    endloop
  endfacet
  facet normal 0 0 -1
    outer loop
      vertex 26.1087 36.4592 0
      vertex 26.1591 41.6894 0
      vertex 26.1591 36.3106 0
    endloop
  endfacet
  facet normal 0 0 -1
    outer loop
      vertex 26.1087 36.4592 0
      vertex 26.1087 41.5408 0
      vertex 26.1591 41.6894 0
    endloop
  endfacet
  facet normal 0 0 -1
    outer loop
      vertex 26.0392 36.6 0
      vertex 26.1087 41.5408 0
      vertex 26.1087 36.4592 0
    endloop
  endfacet
  facet normal 0 0 -1
    outer loop
      vertex 26.0392 36.6 0
      vertex 26.0392 41.4 0
      vertex 26.1087 41.5408 0
    endloop
  endfacet
  facet normal 0 0 -1
    outer loop
      vertex 25.952 36.7305 0
      vertex 26.0392 41.4 0
      vertex 26.0392 36.6 0
    endloop
  endfacet
  facet normal 0 0 -1
    outer loop
      vertex 25.952 36.7305 0
      vertex 25.952 41.2695 0
      vertex 26.0392 41.4 0
    endloop
  endfacet
  facet normal 0 0 -1
    outer loop
      vertex 25.8485 36.8485 0
      vertex 25.952 41.2695 0
      vertex 25.952 36.7305 0
    endloop
  endfacet
  facet normal 0 0 -1
    outer loop
      vertex 25.8485 36.8485 0
      vertex 25.8485 41.1515 0
      vertex 25.952 41.2695 0
    endloop
  endfacet
  facet normal 0 0 -1
    outer loop
      vertex 25.7305 36.952 0
      vertex 25.8485 41.1515 0
      vertex 25.8485 36.8485 0
    endloop
  endfacet
  facet normal 0 0 -1
    outer loop
      vertex 25.7305 36.952 0
      vertex 25.7305 41.048 0
      vertex 25.8485 41.1515 0
    endloop
  endfacet
  facet normal 0 0 -1
    outer loop
      vertex 25.6 37.0392 0
      vertex 25.7305 41.048 0
      vertex 25.7305 36.952 0
    endloop
  endfacet
  facet normal 0 0 -1
    outer loop
      vertex 25.6 37.0392 0
      vertex 25.6 40.9608 0
      vertex 25.7305 41.048 0
    endloop
  endfacet
  facet normal 0 0 -1
    outer loop
      vertex 25.4592 37.1087 0
      vertex 25.6 40.9608 0
      vertex 25.6 37.0392 0
    endloop
  endfacet
  facet normal 0 0 -1
    outer loop
      vertex 25.4592 37.1087 0
      vertex 25.4592 40.8913 0
      vertex 25.6 40.9608 0
    endloop
  endfacet
  facet normal 0 0 -1
    outer loop
      vertex 25.3106 37.1591 0
      vertex 25.4592 40.8913 0
      vertex 25.4592 37.1087 0
    endloop
  endfacet
  facet normal 0 0 -1
    outer loop
      vertex 25.3106 37.1591 0
      vertex 25.3106 40.8409 0
      vertex 25.4592 40.8913 0
    endloop
  endfacet
  facet normal 0 0 -1
    outer loop
      vertex 25.1566 37.1897 0
      vertex 25.3106 40.8409 0
      vertex 25.3106 37.1591 0
    endloop
  endfacet
  facet normal 0 0 -1
    outer loop
      vertex 25.1566 37.1897 0
      vertex 25.1566 40.8103 0
      vertex 25.3106 40.8409 0
    endloop
  endfacet
  facet normal 0 0 -1
    outer loop
      vertex 25 37.2 0
      vertex 25.1566 40.8103 0
      vertex 25.1566 37.1897 0
    endloop
  endfacet
  facet normal 0 0 -1
    outer loop
      vertex 25 37.2 0
      vertex 25 40.8 0
      vertex 25.1566 40.8103 0
    endloop
  endfacet
  facet normal 0 0 -1
    outer loop
      vertex 12 37.2 0
      vertex 25 40.8 0
      vertex 25 37.2 0
    endloop
  endfacet
  facet normal 0 0 -1
    outer loop
      vertex 12 37.2 0
      vertex 12 40.8 0
      vertex 25 40.8 0
    endloop
  endfacet
  facet normal 0 0 -1
    outer loop
      vertex 11.8434 37.1897 0
      vertex 12 40.8 0
      vertex 12 37.2 0
    endloop
  endfacet
  facet normal 0 0 -1
    outer loop
      vertex 11.8434 37.1897 0
      vertex 11.8434 40.8103 0
      vertex 12 40.8 0
    endloop
  endfacet
  facet normal 0 0 -1
    outer loop
      vertex 11.6894 37.1591 0
      vertex 11.8434 40.8103 0
      vertex 11.8434 37.1897 0
    endloop
  endfacet
  facet normal 0 0 -1
    outer loop
      vertex 11.6894 37.1591 0
      vertex 11.6894 40.8409 0
      vertex 11.8434 40.8103 0
    endloop
  endfacet
  facet normal 0 0 -1
    outer loop
      vertex 11.5408 37.1087 0
      vertex 11.6894 40.8409 0
      vertex 11.6894 37.1591 0
    endloop
  endfacet
  facet normal 0 0 -1
    outer loop
      vertex 11.5408 37.1087 0
      vertex 11.5408 40.8913 0
      vertex 11.6894 40.8409 0
    endloop
  endfacet
  facet normal 0 0 -1
    outer loop
      vertex 11.4 37.0392 0
      vertex 11.5408 40.8913 0
      vertex 11.5408 37.1087 0
    endloop
  endfacet
  facet normal 0 0 -1
    outer loop
      vertex 11.4 37.0392 0
      vertex 11.4 40.9608 0
      vertex 11.5408 40.8913 0
    endloop
  endfacet
  facet normal 0 0 -1
    outer loop
      vertex 11.2695 36.952 0
      vertex 11.4 40.9608 0
      vertex 11.4 37.0392 0
    endloop
  endfacet
  facet normal 0 0 -1
    outer loop
      vertex 11.2695 36.952 0
      vertex 11.2695 41.048 0
      vertex 11.4 40.9608 0
    endloop
  endfacet
  facet normal 0 0 -1
    outer loop
      vertex 11.1515 36.8485 0
      vertex 11.2695 41.048 0
      vertex 11.2695 36.952 0
    endloop
  endfacet
  facet normal 0 0 -1
    outer loop
      vertex 11.1515 36.8485 0
      vertex 11.1515 41.1515 0
      vertex 11.2695 41.048 0
    endloop
  endfacet
  facet normal 0 0 -1
    outer loop
      vertex 11.048 36.7305 0
      vertex 11.1515 41.1515 0
      vertex 11.1515 36.8485 0
    endloop
  endfacet
  facet normal 0 0 -1
    outer loop
      vertex 11.048 36.7305 0
      vertex 11.048 41.2695 0
      vertex 11.1515 41.1515 0
    endloop
  endfacet
  facet normal 0 0 -1
    outer loop
      vertex 10.9608 36.6 0
      vertex 11.048 41.2695 0
      vertex 11.048 36.7305 0
    endloop
  endfacet
  facet normal 0 0 -1
    outer loop
      vertex 10.9608 36.6 0
      vertex 10.9608 41.4 0
      vertex 11.048 41.2695 0
    endloop
  endfacet
  facet normal 0 0 -1
    outer loop
      vertex 10.8913 36.4592 0
      vertex 10.9608 41.4 0
      vertex 10.9608 36.6 0
    endloop
  endfacet
  facet normal 0 0 -1
    outer loop
      vertex 10.8913 36.4592 0
      vertex 10.8913 41.5408 0
      vertex 10.9608 41.4 0
    endloop
  endfacet
  facet normal 0 0 -1
    outer loop
      vertex 10.8409 36.3106 0
      vertex 10.8913 41.5408 0
      vertex 10.8913 36.4592 0
    endloop
  endfacet
  facet normal 0 0 -1
    outer loop
      vertex 10.8409 36.3106 0
      vertex 10.8409 41.6894 0
      vertex 10.8913 41.5408 0
    endloop
  endfacet
  facet normal 0 0 -1
    outer loop
      vertex 10.8103 36.1566 0
      vertex 10.8409 41.6894 0
      vertex 10.8409 36.3106 0
    endloop
  endfacet
  facet normal 0 0 -1
    outer loop
      vertex 10.8103 36.1566 0
      vertex 10.8103 41.8434 0
      vertex 10.8409 41.6894 0
    endloop
  endfacet
  facet normal 0 0 -1
    outer loop
      vertex 10.8 36 0
      vertex 10.8103 41.8434 0
      vertex 10.8103 36.1566 0
    endloop
  endfacet
  facet normal -0 0 -1
    outer loop
      vertex 10.8103 41.8434 0
      vertex 10.8 36 0
      vertex 10.8 42 0
    endloop
  endfacet
  facet normal 0 0 -1
    outer loop
      vertex 26.1897 30.1566 0
      vertex 26.2 36 0
      vertex 26.2 30 0
    endloop
  endfacet
  facet normal 0 0 -1
    outer loop
      vertex 26.1897 30.1566 0
      vertex 26.1897 35.8434 0
      vertex 26.2 36 0
    endloop
  endfacet
  facet normal 0 0 -1
    outer loop
      vertex 26.1591 30.3106 0
      vertex 26.1897 35.8434 0
      vertex 26.1897 30.1566 0
    endloop
  endfacet
  facet normal 0 0 -1
    outer loop
      vertex 26.1591 30.3106 0
      vertex 26.1591 35.6894 0
      vertex 26.1897 35.8434 0
    endloop
  endfacet
  facet normal 0 0 -1
    outer loop
      vertex 26.1087 30.4592 0
      vertex 26.1591 35.6894 0
      vertex 26.1591 30.3106 0
    endloop
  endfacet
  facet normal 0 0 -1
    outer loop
      vertex 26.1087 30.4592 0
      vertex 26.1087 35.5408 0
      vertex 26.1591 35.6894 0
    endloop
  endfacet
  facet normal 0 0 -1
    outer loop
      vertex 26.0392 30.6 0
      vertex 26.1087 35.5408 0
      vertex 26.1087 30.4592 0
    endloop
  endfacet
  facet normal 0 0 -1
    outer loop
      vertex 26.0392 30.6 0
      vertex 26.0392 35.4 0
      vertex 26.1087 35.5408 0
    endloop
  endfacet
  facet normal 0 0 -1
    outer loop
      vertex 25.952 30.7305 0
      vertex 26.0392 35.4 0
      vertex 26.0392 30.6 0
    endloop
  endfacet
  facet normal 0 0 -1
    outer loop
      vertex 25.952 30.7305 0
      vertex 25.952 35.2695 0
      vertex 26.0392 35.4 0
    endloop
  endfacet
  facet normal 0 0 -1
    outer loop
      vertex 25.8485 30.8485 0
      vertex 25.952 35.2695 0
      vertex 25.952 30.7305 0
    endloop
  endfacet
  facet normal 0 0 -1
    outer loop
      vertex 25.8485 30.8485 0
      vertex 25.8485 35.1515 0
      vertex 25.952 35.2695 0
    endloop
  endfacet
  facet normal 0 0 -1
    outer loop
      vertex 25.7305 30.952 0
      vertex 25.8485 35.1515 0
      vertex 25.8485 30.8485 0
    endloop
  endfacet
  facet normal 0 0 -1
    outer loop
      vertex 25.7305 30.952 0
      vertex 25.7305 35.048 0
      vertex 25.8485 35.1515 0
    endloop
  endfacet
  facet normal 0 0 -1
    outer loop
      vertex 25.6 31.0392 0
      vertex 25.7305 35.048 0
      vertex 25.7305 30.952 0
    endloop
  endfacet
  facet normal 0 0 -1
    outer loop
      vertex 25.6 31.0392 0
      vertex 25.6 34.9608 0
      vertex 25.7305 35.048 0
    endloop
  endfacet
  facet normal 0 0 -1
    outer loop
      vertex 25.4592 31.1087 0
      vertex 25.6 34.9608 0
      vertex 25.6 31.0392 0
    endloop
  endfacet
  facet normal 0 0 -1
    outer loop
      vertex 25.4592 31.1087 0
      vertex 25.4592 34.8913 0
      vertex 25.6 34.9608 0
    endloop
  endfacet
  facet normal 0 0 -1
    outer loop
      vertex 25.3106 31.1591 0
      vertex 25.4592 34.8913 0
      vertex 25.4592 31.1087 0
    endloop
  endfacet
  facet normal 0 0 -1
    outer loop
      vertex 25.3106 31.1591 0
      vertex 25.3106 34.8409 0
      vertex 25.4592 34.8913 0
    endloop
  endfacet
  facet normal 0 0 -1
    outer loop
      vertex 25.1566 31.1897 0
      vertex 25.3106 34.8409 0
      vertex 25.3106 31.1591 0
    endloop
  endfacet
  facet normal 0 0 -1
    outer loop
      vertex 25.1566 31.1897 0
      vertex 25.1566 34.8103 0
      vertex 25.3106 34.8409 0
    endloop
  endfacet
  facet normal 0 0 -1
    outer loop
      vertex 25 31.2 0
      vertex 25.1566 34.8103 0
      vertex 25.1566 31.1897 0
    endloop
  endfacet
  facet normal 0 0 -1
    outer loop
      vertex 25 31.2 0
      vertex 25 34.8 0
      vertex 25.1566 34.8103 0
    endloop
  endfacet
  facet normal 0 0 -1
    outer loop
      vertex 12 31.2 0
      vertex 25 34.8 0
      vertex 25 31.2 0
    endloop
  endfacet
  facet normal 0 0 -1
    outer loop
      vertex 12 31.2 0
      vertex 12 34.8 0
      vertex 25 34.8 0
    endloop
  endfacet
  facet normal 0 0 -1
    outer loop
      vertex 11.8434 31.1897 0
      vertex 12 34.8 0
      vertex 12 31.2 0
    endloop
  endfacet
  facet normal 0 0 -1
    outer loop
      vertex 11.8434 31.1897 0
      vertex 11.8434 34.8103 0
      vertex 12 34.8 0
    endloop
  endfacet
  facet normal 0 0 -1
    outer loop
      vertex 11.6894 31.1591 0
      vertex 11.8434 34.8103 0
      vertex 11.8434 31.1897 0
    endloop
  endfacet
  facet normal 0 0 -1
    outer loop
      vertex 11.6894 31.1591 0
      vertex 11.6894 34.8409 0
      vertex 11.8434 34.8103 0
    endloop
  endfacet
  facet normal 0 0 -1
    outer loop
      vertex 11.5408 31.1087 0
      vertex 11.6894 34.8409 0
      vertex 11.6894 31.1591 0
    endloop
  endfacet
  facet normal 0 0 -1
    outer loop
      vertex 11.5408 31.1087 0
      vertex 11.5408 34.8913 0
      vertex 11.6894 34.8409 0
    endloop
  endfacet
  facet normal 0 0 -1
    outer loop
      vertex 11.4 31.0392 0
      vertex 11.5408 34.8913 0
      vertex 11.5408 31.1087 0
    endloop
  endfacet
  facet normal 0 0 -1
    outer loop
      vertex 11.4 31.0392 0
      vertex 11.4 34.9608 0
      vertex 11.5408 34.8913 0
    endloop
  endfacet
  facet normal 0 0 -1
    outer loop
      vertex 11.2695 30.952 0
      vertex 11.4 34.9608 0
      vertex 11.4 31.0392 0
    endloop
  endfacet
  facet normal 0 0 -1
    outer loop
      vertex 11.2695 30.952 0
      vertex 11.2695 35.048 0
      vertex 11.4 34.9608 0
    endloop
  endfacet
  facet normal 0 0 -1
    outer loop
      vertex 11.1515 30.8485 0
      vertex 11.2695 35.048 0
      vertex 11.2695 30.952 0
    endloop
  endfacet
  facet normal 0 0 -1
    outer loop
      vertex 11.1515 30.8485 0
      vertex 11.1515 35.1515 0
      vertex 11.2695 35.048 0
    endloop
  endfacet
  facet normal 0 0 -1
    outer loop
      vertex 11.048 30.7305 0
      vertex 11.1515 35.1515 0
      vertex 11.1515 30.8485 0
    endloop
  endfacet
  facet normal 0 0 -1
    outer loop
      vertex 11.048 30.7305 0
      vertex 11.048 35.2695 0
      vertex 11.1515 35.1515 0
    endloop
  endfacet
  facet normal 0 0 -1
    outer loop
      vertex 10.9608 30.6 0
      vertex 11.048 35.2695 0
      vertex 11.048 30.7305 0
    endloop
  endfacet
  facet normal 0 0 -1
    outer loop
      vertex 10.9608 30.6 0
      vertex 10.9608 35.4 0
      vertex 11.048 35.2695 0
    endloop
  endfacet
  facet normal 0 0 -1
    outer loop
      vertex 10.8913 30.4592 0
      vertex 10.9608 35.4 0
      vertex 10.9608 30.6 0
    endloop
  endfacet
  facet normal 0 0 -1
    outer loop
      vertex 10.8913 30.4592 0
      vertex 10.8913 35.5408 0
      vertex 10.9608 35.4 0
    endloop
  endfacet
  facet normal 0 0 -1
    outer loop
      vertex 10.8409 30.3106 0
      vertex 10.8913 35.5408 0
      vertex 10.8913 30.4592 0
    endloop
  endfacet
  facet normal 0 0 -1
    outer loop
      vertex 10.8409 30.3106 0
      vertex 10.8409 35.6894 0
      vertex 10.8913 35.5408 0
    endloop
  endfacet
  facet normal 0 0 -1
    outer loop
      vertex 10.8103 30.1566 0
      vertex 10.8409 35.6894 0
      vertex 10.8409 30.3106 0
    endloop
  endfacet
  facet normal 0 0 -1
    outer loop
      vertex 10.8103 30.1566 0
      vertex 10.8103 35.8434 0
      vertex 10.8409 35.6894 0
    endloop
  endfacet
  facet normal 0 0 -1
    outer loop
      vertex 10.8 30 0
      vertex 10.8103 35.8434 0
      vertex 10.8103 30.1566 0
    endloop
  endfacet
  facet normal -0 0 -1
    outer loop
      vertex 10.8103 35.8434 0
      vertex 10.8 30 0
      vertex 10.8 36 0
    endloop
  endfacet
  facet normal 0 0 -1
    outer loop
      vertex 26.1897 29.8434 0
      vertex 37.09 2 0
      vertex 26.1897 24.1566 0
    endloop
  endfacet
  facet normal 0 0 -1
    outer loop
      vertex 37.09 2 0
      vertex 26.1897 29.8434 0
      vertex 26.2 30 0
    endloop
  endfacet
  facet normal 0 0 -1
    outer loop
      vertex 26.1591 24.3106 0
      vertex 26.1897 29.8434 0
      vertex 26.1897 24.1566 0
    endloop
  endfacet
  facet normal 0 0 -1
    outer loop
      vertex 26.1591 24.3106 0
      vertex 26.1591 29.6894 0
      vertex 26.1897 29.8434 0
    endloop
  endfacet
  facet normal 0 0 -1
    outer loop
      vertex 26.1087 24.4592 0
      vertex 26.1591 29.6894 0
      vertex 26.1591 24.3106 0
    endloop
  endfacet
  facet normal 0 0 -1
    outer loop
      vertex 26.1087 24.4592 0
      vertex 26.1087 29.5408 0
      vertex 26.1591 29.6894 0
    endloop
  endfacet
  facet normal 0 0 -1
    outer loop
      vertex 26.0392 24.6 0
      vertex 26.1087 29.5408 0
      vertex 26.1087 24.4592 0
    endloop
  endfacet
  facet normal 0 0 -1
    outer loop
      vertex 26.0392 24.6 0
      vertex 26.0392 29.4 0
      vertex 26.1087 29.5408 0
    endloop
  endfacet
  facet normal 0 0 -1
    outer loop
      vertex 25.952 24.7305 0
      vertex 26.0392 29.4 0
      vertex 26.0392 24.6 0
    endloop
  endfacet
  facet normal 0 0 -1
    outer loop
      vertex 25.952 24.7305 0
      vertex 25.952 29.2695 0
      vertex 26.0392 29.4 0
    endloop
  endfacet
  facet normal 0 0 -1
    outer loop
      vertex 25.8485 24.8485 0
      vertex 25.952 29.2695 0
      vertex 25.952 24.7305 0
    endloop
  endfacet
  facet normal 0 0 -1
    outer loop
      vertex 25.8485 24.8485 0
      vertex 25.8485 29.1515 0
      vertex 25.952 29.2695 0
    endloop
  endfacet
  facet normal 0 0 -1
    outer loop
      vertex 25.7305 24.952 0
      vertex 25.8485 29.1515 0
      vertex 25.8485 24.8485 0
    endloop
  endfacet
  facet normal 0 0 -1
    outer loop
      vertex 25.7305 24.952 0
      vertex 25.7305 29.048 0
      vertex 25.8485 29.1515 0
    endloop
  endfacet
  facet normal 0 0 -1
    outer loop
      vertex 25.6 25.0392 0
      vertex 25.7305 29.048 0
      vertex 25.7305 24.952 0
    endloop
  endfacet
  facet normal 0 0 -1
    outer loop
      vertex 25.6 25.0392 0
      vertex 25.6 28.9608 0
      vertex 25.7305 29.048 0
    endloop
  endfacet
  facet normal 0 0 -1
    outer loop
      vertex 25.4592 25.1087 0
      vertex 25.6 28.9608 0
      vertex 25.6 25.0392 0
    endloop
  endfacet
  facet normal 0 0 -1
    outer loop
      vertex 25.4592 25.1087 0
      vertex 25.4592 28.8913 0
      vertex 25.6 28.9608 0
    endloop
  endfacet
  facet normal 0 0 -1
    outer loop
      vertex 25.3106 25.1591 0
      vertex 25.4592 28.8913 0
      vertex 25.4592 25.1087 0
    endloop
  endfacet
  facet normal 0 0 -1
    outer loop
      vertex 25.3106 25.1591 0
      vertex 25.3106 28.8409 0
      vertex 25.4592 28.8913 0
    endloop
  endfacet
  facet normal 0 0 -1
    outer loop
      vertex 25.1566 25.1897 0
      vertex 25.3106 28.8409 0
      vertex 25.3106 25.1591 0
    endloop
  endfacet
  facet normal 0 0 -1
    outer loop
      vertex 25.1566 25.1897 0
      vertex 25.1566 28.8103 0
      vertex 25.3106 28.8409 0
    endloop
  endfacet
  facet normal 0 0 -1
    outer loop
      vertex 25 25.2 0
      vertex 25.1566 28.8103 0
      vertex 25.1566 25.1897 0
    endloop
  endfacet
  facet normal 0 0 -1
    outer loop
      vertex 25 25.2 0
      vertex 25 28.8 0
      vertex 25.1566 28.8103 0
    endloop
  endfacet
  facet normal 0 0 -1
    outer loop
      vertex 12 25.2 0
      vertex 25 28.8 0
      vertex 25 25.2 0
    endloop
  endfacet
  facet normal 0 0 -1
    outer loop
      vertex 12 25.2 0
      vertex 12 28.8 0
      vertex 25 28.8 0
    endloop
  endfacet
  facet normal 0 0 -1
    outer loop
      vertex 11.8434 25.1897 0
      vertex 12 28.8 0
      vertex 12 25.2 0
    endloop
  endfacet
  facet normal 0 0 -1
    outer loop
      vertex 11.8434 25.1897 0
      vertex 11.8434 28.8103 0
      vertex 12 28.8 0
    endloop
  endfacet
  facet normal 0 0 -1
    outer loop
      vertex 11.6894 25.1591 0
      vertex 11.8434 28.8103 0
      vertex 11.8434 25.1897 0
    endloop
  endfacet
  facet normal 0 0 -1
    outer loop
      vertex 11.6894 25.1591 0
      vertex 11.6894 28.8409 0
      vertex 11.8434 28.8103 0
    endloop
  endfacet
  facet normal 0 0 -1
    outer loop
      vertex 11.5408 25.1087 0
      vertex 11.6894 28.8409 0
      vertex 11.6894 25.1591 0
    endloop
  endfacet
  facet normal 0 0 -1
    outer loop
      vertex 11.5408 25.1087 0
      vertex 11.5408 28.8913 0
      vertex 11.6894 28.8409 0
    endloop
  endfacet
  facet normal 0 0 -1
    outer loop
      vertex 11.4 25.0392 0
      vertex 11.5408 28.8913 0
      vertex 11.5408 25.1087 0
    endloop
  endfacet
  facet normal 0 0 -1
    outer loop
      vertex 11.4 25.0392 0
      vertex 11.4 28.9608 0
      vertex 11.5408 28.8913 0
    endloop
  endfacet
  facet normal 0 0 -1
    outer loop
      vertex 11.2695 24.952 0
      vertex 11.4 28.9608 0
      vertex 11.4 25.0392 0
    endloop
  endfacet
  facet normal 0 0 -1
    outer loop
      vertex 11.2695 24.952 0
      vertex 11.2695 29.048 0
      vertex 11.4 28.9608 0
    endloop
  endfacet
  facet normal 0 0 -1
    outer loop
      vertex 11.1515 24.8485 0
      vertex 11.2695 29.048 0
      vertex 11.2695 24.952 0
    endloop
  endfacet
  facet normal 0 0 -1
    outer loop
      vertex 11.1515 24.8485 0
      vertex 11.1515 29.1515 0
      vertex 11.2695 29.048 0
    endloop
  endfacet
  facet normal 0 0 -1
    outer loop
      vertex 11.048 24.7305 0
      vertex 11.1515 29.1515 0
      vertex 11.1515 24.8485 0
    endloop
  endfacet
  facet normal 0 0 -1
    outer loop
      vertex 11.048 24.7305 0
      vertex 11.048 29.2695 0
      vertex 11.1515 29.1515 0
    endloop
  endfacet
  facet normal 0 0 -1
    outer loop
      vertex 10.9608 24.6 0
      vertex 11.048 29.2695 0
      vertex 11.048 24.7305 0
    endloop
  endfacet
  facet normal 0 0 -1
    outer loop
      vertex 10.9608 24.6 0
      vertex 10.9608 29.4 0
      vertex 11.048 29.2695 0
    endloop
  endfacet
  facet normal 0 0 -1
    outer loop
      vertex 10.8913 24.4592 0
      vertex 10.9608 29.4 0
      vertex 10.9608 24.6 0
    endloop
  endfacet
  facet normal 0 0 -1
    outer loop
      vertex 10.8913 24.4592 0
      vertex 10.8913 29.5408 0
      vertex 10.9608 29.4 0
    endloop
  endfacet
  facet normal 0 0 -1
    outer loop
      vertex 10.8409 24.3106 0
      vertex 10.8913 29.5408 0
      vertex 10.8913 24.4592 0
    endloop
  endfacet
  facet normal 0 0 -1
    outer loop
      vertex 10.8409 24.3106 0
      vertex 10.8409 29.6894 0
      vertex 10.8913 29.5408 0
    endloop
  endfacet
  facet normal 0 0 -1
    outer loop
      vertex 10.8103 24.1566 0
      vertex 10.8409 29.6894 0
      vertex 10.8409 24.3106 0
    endloop
  endfacet
  facet normal 0 0 -1
    outer loop
      vertex 10.8103 24.1566 0
      vertex 10.8103 29.8434 0
      vertex 10.8409 29.6894 0
    endloop
  endfacet
  facet normal 0 0 -1
    outer loop
      vertex 0 2 0
      vertex 10.8103 24.1566 0
      vertex 10.8 24 0
    endloop
  endfacet
  facet normal -0 0 -1
    outer loop
      vertex 10.8103 24.1566 0
      vertex 0 2 0
      vertex 10.8103 29.8434 0
    endloop
  endfacet
  facet normal 0 0 -1
    outer loop
      vertex 26.1897 23.8434 0
      vertex 37.09 2 0
      vertex 26.1897 18.1566 0
    endloop
  endfacet
  facet normal 0 0 -1
    outer loop
      vertex 37.09 2 0
      vertex 26.1897 23.8434 0
      vertex 26.2 24 0
    endloop
  endfacet
  facet normal 0 0 -1
    outer loop
      vertex 26.1591 18.3106 0
      vertex 26.1897 23.8434 0
      vertex 26.1897 18.1566 0
    endloop
  endfacet
  facet normal 0 0 -1
    outer loop
      vertex 26.1591 18.3106 0
      vertex 26.1591 23.6894 0
      vertex 26.1897 23.8434 0
    endloop
  endfacet
  facet normal 0 0 -1
    outer loop
      vertex 26.1087 18.4592 0
      vertex 26.1591 23.6894 0
      vertex 26.1591 18.3106 0
    endloop
  endfacet
  facet normal 0 0 -1
    outer loop
      vertex 26.1087 18.4592 0
      vertex 26.1087 23.5408 0
      vertex 26.1591 23.6894 0
    endloop
  endfacet
  facet normal 0 0 -1
    outer loop
      vertex 26.0392 18.6 0
      vertex 26.1087 23.5408 0
      vertex 26.1087 18.4592 0
    endloop
  endfacet
  facet normal 0 0 -1
    outer loop
      vertex 26.0392 18.6 0
      vertex 26.0392 23.4 0
      vertex 26.1087 23.5408 0
    endloop
  endfacet
  facet normal 0 0 -1
    outer loop
      vertex 25.952 18.7305 0
      vertex 26.0392 23.4 0
      vertex 26.0392 18.6 0
    endloop
  endfacet
  facet normal 0 0 -1
    outer loop
      vertex 25.952 18.7305 0
      vertex 25.952 23.2695 0
      vertex 26.0392 23.4 0
    endloop
  endfacet
  facet normal 0 0 -1
    outer loop
      vertex 25.8485 18.8485 0
      vertex 25.952 23.2695 0
      vertex 25.952 18.7305 0
    endloop
  endfacet
  facet normal 0 0 -1
    outer loop
      vertex 25.8485 18.8485 0
      vertex 25.8485 23.1515 0
      vertex 25.952 23.2695 0
    endloop
  endfacet
  facet normal 0 0 -1
    outer loop
      vertex 25.7305 18.952 0
      vertex 25.8485 23.1515 0
      vertex 25.8485 18.8485 0
    endloop
  endfacet
  facet normal 0 0 -1
    outer loop
      vertex 25.7305 18.952 0
      vertex 25.7305 23.048 0
      vertex 25.8485 23.1515 0
    endloop
  endfacet
  facet normal 0 0 -1
    outer loop
      vertex 25.6 19.0392 0
      vertex 25.7305 23.048 0
      vertex 25.7305 18.952 0
    endloop
  endfacet
  facet normal 0 0 -1
    outer loop
      vertex 25.6 19.0392 0
      vertex 25.6 22.9608 0
      vertex 25.7305 23.048 0
    endloop
  endfacet
  facet normal 0 0 -1
    outer loop
      vertex 25.4592 19.1087 0
      vertex 25.6 22.9608 0
      vertex 25.6 19.0392 0
    endloop
  endfacet
  facet normal 0 0 -1
    outer loop
      vertex 25.4592 19.1087 0
      vertex 25.4592 22.8913 0
      vertex 25.6 22.9608 0
    endloop
  endfacet
  facet normal 0 0 -1
    outer loop
      vertex 25.3106 19.1591 0
      vertex 25.4592 22.8913 0
      vertex 25.4592 19.1087 0
    endloop
  endfacet
  facet normal 0 0 -1
    outer loop
      vertex 25.3106 19.1591 0
      vertex 25.3106 22.8409 0
      vertex 25.4592 22.8913 0
    endloop
  endfacet
  facet normal 0 0 -1
    outer loop
      vertex 25.1566 19.1897 0
      vertex 25.3106 22.8409 0
      vertex 25.3106 19.1591 0
    endloop
  endfacet
  facet normal 0 0 -1
    outer loop
      vertex 25.1566 19.1897 0
      vertex 25.1566 22.8103 0
      vertex 25.3106 22.8409 0
    endloop
  endfacet
  facet normal 0 0 -1
    outer loop
      vertex 25 19.2 0
      vertex 25.1566 22.8103 0
      vertex 25.1566 19.1897 0
    endloop
  endfacet
  facet normal 0 0 -1
    outer loop
      vertex 25 19.2 0
      vertex 25 22.8 0
      vertex 25.1566 22.8103 0
    endloop
  endfacet
  facet normal 0 0 -1
    outer loop
      vertex 12 19.2 0
      vertex 25 22.8 0
      vertex 25 19.2 0
    endloop
  endfacet
  facet normal 0 0 -1
    outer loop
      vertex 12 19.2 0
      vertex 12 22.8 0
      vertex 25 22.8 0
    endloop
  endfacet
  facet normal 0 0 -1
    outer loop
      vertex 11.8434 19.1897 0
      vertex 12 22.8 0
      vertex 12 19.2 0
    endloop
  endfacet
  facet normal 0 0 -1
    outer loop
      vertex 11.8434 19.1897 0
      vertex 11.8434 22.8103 0
      vertex 12 22.8 0
    endloop
  endfacet
  facet normal 0 0 -1
    outer loop
      vertex 11.6894 19.1591 0
      vertex 11.8434 22.8103 0
      vertex 11.8434 19.1897 0
    endloop
  endfacet
  facet normal 0 0 -1
    outer loop
      vertex 11.6894 19.1591 0
      vertex 11.6894 22.8409 0
      vertex 11.8434 22.8103 0
    endloop
  endfacet
  facet normal 0 0 -1
    outer loop
      vertex 11.5408 19.1087 0
      vertex 11.6894 22.8409 0
      vertex 11.6894 19.1591 0
    endloop
  endfacet
  facet normal 0 0 -1
    outer loop
      vertex 11.5408 19.1087 0
      vertex 11.5408 22.8913 0
      vertex 11.6894 22.8409 0
    endloop
  endfacet
  facet normal 0 0 -1
    outer loop
      vertex 11.4 19.0392 0
      vertex 11.5408 22.8913 0
      vertex 11.5408 19.1087 0
    endloop
  endfacet
  facet normal 0 0 -1
    outer loop
      vertex 11.4 19.0392 0
      vertex 11.4 22.9608 0
      vertex 11.5408 22.8913 0
    endloop
  endfacet
  facet normal 0 0 -1
    outer loop
      vertex 11.2695 18.952 0
      vertex 11.4 22.9608 0
      vertex 11.4 19.0392 0
    endloop
  endfacet
  facet normal 0 0 -1
    outer loop
      vertex 11.2695 18.952 0
      vertex 11.2695 23.048 0
      vertex 11.4 22.9608 0
    endloop
  endfacet
  facet normal 0 0 -1
    outer loop
      vertex 11.1515 18.8485 0
      vertex 11.2695 23.048 0
      vertex 11.2695 18.952 0
    endloop
  endfacet
  facet normal 0 0 -1
    outer loop
      vertex 11.1515 18.8485 0
      vertex 11.1515 23.1515 0
      vertex 11.2695 23.048 0
    endloop
  endfacet
  facet normal 0 0 -1
    outer loop
      vertex 11.048 18.7305 0
      vertex 11.1515 23.1515 0
      vertex 11.1515 18.8485 0
    endloop
  endfacet
  facet normal 0 0 -1
    outer loop
      vertex 11.048 18.7305 0
      vertex 11.048 23.2695 0
      vertex 11.1515 23.1515 0
    endloop
  endfacet
  facet normal 0 0 -1
    outer loop
      vertex 10.9608 18.6 0
      vertex 11.048 23.2695 0
      vertex 11.048 18.7305 0
    endloop
  endfacet
  facet normal 0 0 -1
    outer loop
      vertex 10.9608 18.6 0
      vertex 10.9608 23.4 0
      vertex 11.048 23.2695 0
    endloop
  endfacet
  facet normal 0 0 -1
    outer loop
      vertex 10.8913 18.4592 0
      vertex 10.9608 23.4 0
      vertex 10.9608 18.6 0
    endloop
  endfacet
  facet normal 0 0 -1
    outer loop
      vertex 10.8913 18.4592 0
      vertex 10.8913 23.5408 0
      vertex 10.9608 23.4 0
    endloop
  endfacet
  facet normal 0 0 -1
    outer loop
      vertex 10.8409 18.3106 0
      vertex 10.8913 23.5408 0
      vertex 10.8913 18.4592 0
    endloop
  endfacet
  facet normal 0 0 -1
    outer loop
      vertex 10.8409 18.3106 0
      vertex 10.8409 23.6894 0
      vertex 10.8913 23.5408 0
    endloop
  endfacet
  facet normal 0 0 -1
    outer loop
      vertex 10.8103 18.1566 0
      vertex 10.8409 23.6894 0
      vertex 10.8409 18.3106 0
    endloop
  endfacet
  facet normal 0 0 -1
    outer loop
      vertex 10.8103 18.1566 0
      vertex 10.8103 23.8434 0
      vertex 10.8409 23.6894 0
    endloop
  endfacet
  facet normal 0 0 -1
    outer loop
      vertex 0 2 0
      vertex 10.8103 18.1566 0
      vertex 10.8 18 0
    endloop
  endfacet
  facet normal -0 0 -1
    outer loop
      vertex 10.8103 18.1566 0
      vertex 0 2 0
      vertex 10.8103 23.8434 0
    endloop
  endfacet
  facet normal 0 0 -1
    outer loop
      vertex 35.09 0 0
      vertex 37.09 2 0
      vertex 37.0729 1.73895 0
    endloop
  endfacet
  facet normal 0 0 -1
    outer loop
      vertex 37.09 2 0
      vertex 26.2 36 0
      vertex 37.09 66.782 0
    endloop
  endfacet
  facet normal 0 0 -1
    outer loop
      vertex 35.09 0 0
      vertex 37.0729 1.73895 0
      vertex 37.0219 1.48236 0
    endloop
  endfacet
  facet normal 0 0 -1
    outer loop
      vertex 26.2 42 0
      vertex 37.09 66.782 0
      vertex 26.2 36 0
    endloop
  endfacet
  facet normal 0 0 -1
    outer loop
      vertex 35.09 0 0
      vertex 37.0219 1.48236 0
      vertex 36.9378 1.23463 0
    endloop
  endfacet
  facet normal 0 0 -1
    outer loop
      vertex 26.1897 42.1566 0
      vertex 37.09 66.782 0
      vertex 26.2 42 0
    endloop
  endfacet
  facet normal 0 0 -1
    outer loop
      vertex 35.09 0 0
      vertex 36.9378 1.23463 0
      vertex 36.8221 1 0
    endloop
  endfacet
  facet normal 0 0 -1
    outer loop
      vertex 26.1897 48.1566 0
      vertex 37.09 66.782 0
      vertex 26.2 48 0
    endloop
  endfacet
  facet normal 0 0 -1
    outer loop
      vertex 35.09 0 0
      vertex 36.8221 1 0
      vertex 36.6767 0.782476 0
    endloop
  endfacet
  facet normal 0 0 -1
    outer loop
      vertex 26.1897 54.1566 0
      vertex 37.09 66.782 0
      vertex 26.2 54 0
    endloop
  endfacet
  facet normal 0 0 -1
    outer loop
      vertex 35.09 0 0
      vertex 36.6767 0.782476 0
      vertex 36.5042 0.585786 0
    endloop
  endfacet
  facet normal 0 0 -1
    outer loop
      vertex 26.1591 54.3106 0
      vertex 37.09 66.782 0
      vertex 26.1897 54.1566 0
    endloop
  endfacet
  facet normal 0 0 -1
    outer loop
      vertex 35.09 0 0
      vertex 36.5042 0.585786 0
      vertex 36.3075 0.413293 0
    endloop
  endfacet
  facet normal 0 0 -1
    outer loop
      vertex 26.1087 54.4592 0
      vertex 37.09 66.782 0
      vertex 26.1591 54.3106 0
    endloop
  endfacet
  facet normal 0 0 -1
    outer loop
      vertex 35.09 0 0
      vertex 36.3075 0.413293 0
      vertex 36.09 0.267949 0
    endloop
  endfacet
  facet normal 0 0 -1
    outer loop
      vertex 26.0392 54.6 0
      vertex 37.09 66.782 0
      vertex 26.1087 54.4592 0
    endloop
  endfacet
  facet normal 0 0 -1
    outer loop
      vertex 35.09 0 0
      vertex 36.09 0.267949 0
      vertex 35.8554 0.152241 0
    endloop
  endfacet
  facet normal 0 0 -1
    outer loop
      vertex 25.952 54.7305 0
      vertex 37.09 66.782 0
      vertex 26.0392 54.6 0
    endloop
  endfacet
  facet normal 0 0 -1
    outer loop
      vertex 35.09 0 0
      vertex 35.8554 0.152241 0
      vertex 35.6076 0.0681477 0
    endloop
  endfacet
  facet normal 0 0 -1
    outer loop
      vertex 25.8485 54.8485 0
      vertex 37.09 66.782 0
      vertex 25.952 54.7305 0
    endloop
  endfacet
  facet normal 0 0 -1
    outer loop
      vertex 35.09 0 0
      vertex 35.6076 0.0681477 0
      vertex 35.3511 0.0171099 0
    endloop
  endfacet
  facet normal 0 0 -1
    outer loop
      vertex 25.7305 54.952 0
      vertex 37.09 66.782 0
      vertex 25.8485 54.8485 0
    endloop
  endfacet
  facet normal -0 0 -1
    outer loop
      vertex 37.09 2 0
      vertex 35.09 0 0
      vertex 25.4592 16.8913 0
    endloop
  endfacet
  facet normal 0 -0 -1
    outer loop
      vertex 35.09 68.782 0
      vertex 37.09 66.782 0
      vertex 25.7305 54.952 0
    endloop
  endfacet
  facet normal 0 0 -1
    outer loop
      vertex 26.1897 18.1566 0
      vertex 37.09 2 0
      vertex 26.2 18 0
    endloop
  endfacet
  facet normal 0 0 -1
    outer loop
      vertex 37.09 2 0
      vertex 26.1897 17.8434 0
      vertex 26.2 18 0
    endloop
  endfacet
  facet normal 0 0 -1
    outer loop
      vertex 37.09 2 0
      vertex 26.1591 17.6894 0
      vertex 26.1897 17.8434 0
    endloop
  endfacet
  facet normal 0 0 -1
    outer loop
      vertex 37.09 2 0
      vertex 26.1087 17.5408 0
      vertex 26.1591 17.6894 0
    endloop
  endfacet
  facet normal 0 0 -1
    outer loop
      vertex 37.09 2 0
      vertex 26.0392 17.4 0
      vertex 26.1087 17.5408 0
    endloop
  endfacet
  facet normal 0 0 -1
    outer loop
      vertex 37.09 2 0
      vertex 25.952 17.2695 0
      vertex 26.0392 17.4 0
    endloop
  endfacet
  facet normal 0 0 -1
    outer loop
      vertex 37.09 2 0
      vertex 25.8485 17.1515 0
      vertex 25.952 17.2695 0
    endloop
  endfacet
  facet normal 0 0 -1
    outer loop
      vertex 37.09 2 0
      vertex 25.7305 17.048 0
      vertex 25.8485 17.1515 0
    endloop
  endfacet
  facet normal 0 0 -1
    outer loop
      vertex 37.09 2 0
      vertex 25.6 16.9608 0
      vertex 25.7305 17.048 0
    endloop
  endfacet
  facet normal 0 0 -1
    outer loop
      vertex 37.09 2 0
      vertex 25.4592 16.8913 0
      vertex 25.6 16.9608 0
    endloop
  endfacet
  facet normal 0 0 -1
    outer loop
      vertex 35.09 0 0
      vertex 25.3106 16.8409 0
      vertex 25.4592 16.8913 0
    endloop
  endfacet
  facet normal 0 0 -1
    outer loop
      vertex 35.09 0 0
      vertex 25.1566 16.8103 0
      vertex 25.3106 16.8409 0
    endloop
  endfacet
  facet normal 0 0 -1
    outer loop
      vertex 35.09 0 0
      vertex 25 16.8 0
      vertex 25.1566 16.8103 0
    endloop
  endfacet
  facet normal 0 0 -1
    outer loop
      vertex 35.09 0 0
      vertex 12 16.8 0
      vertex 25 16.8 0
    endloop
  endfacet
  facet normal 0 0 -1
    outer loop
      vertex 2 0 0
      vertex 12 16.8 0
      vertex 35.09 0 0
    endloop
  endfacet
  facet normal -0 0 -1
    outer loop
      vertex 12 16.8 0
      vertex 2 0 0
      vertex 11.8434 16.8103 0
    endloop
  endfacet
  facet normal -0 0 -1
    outer loop
      vertex 11.8434 16.8103 0
      vertex 2 0 0
      vertex 11.6894 16.8409 0
    endloop
  endfacet
  facet normal -0 0 -1
    outer loop
      vertex 11.6894 16.8409 0
      vertex 2 0 0
      vertex 11.5408 16.8913 0
    endloop
  endfacet
  facet normal 0 0 -1
    outer loop
      vertex 0 2 0
      vertex 11.5408 16.8913 0
      vertex 2 0 0
    endloop
  endfacet
  facet normal -0 0 -1
    outer loop
      vertex 10.8103 23.8434 0
      vertex 0 2 0
      vertex 10.8 24 0
    endloop
  endfacet
  facet normal -0 0 -1
    outer loop
      vertex 10.8103 29.8434 0
      vertex 0 2 0
      vertex 10.8 30 0
    endloop
  endfacet
  facet normal -0 0 -1
    outer loop
      vertex 10.8 30 0
      vertex 0 2 0
      vertex 10.8 36 0
    endloop
  endfacet
  facet normal 0 0 -1
    outer loop
      vertex 0 66.782 0
      vertex 10.8 36 0
      vertex 0 2 0
    endloop
  endfacet
  facet normal 0 0 -1
    outer loop
      vertex 10.8 36 0
      vertex 0 66.782 0
      vertex 10.8 42 0
    endloop
  endfacet
  facet normal -0 0 -1
    outer loop
      vertex 10.8103 17.8434 0
      vertex 0 2 0
      vertex 10.8 18 0
    endloop
  endfacet
  facet normal -0 0 -1
    outer loop
      vertex 10.8409 17.6894 0
      vertex 0 2 0
      vertex 10.8103 17.8434 0
    endloop
  endfacet
  facet normal -0 0 -1
    outer loop
      vertex 10.8913 17.5408 0
      vertex 0 2 0
      vertex 10.8409 17.6894 0
    endloop
  endfacet
  facet normal -0 0 -1
    outer loop
      vertex 10.9608 17.4 0
      vertex 0 2 0
      vertex 10.8913 17.5408 0
    endloop
  endfacet
  facet normal -0 0 -1
    outer loop
      vertex 11.048 17.2695 0
      vertex 0 2 0
      vertex 10.9608 17.4 0
    endloop
  endfacet
  facet normal -0 0 -1
    outer loop
      vertex 11.1515 17.1515 0
      vertex 0 2 0
      vertex 11.048 17.2695 0
    endloop
  endfacet
  facet normal -0 0 -1
    outer loop
      vertex 11.2695 17.048 0
      vertex 0 2 0
      vertex 11.1515 17.1515 0
    endloop
  endfacet
  facet normal -0 0 -1
    outer loop
      vertex 11.4 16.9608 0
      vertex 0 2 0
      vertex 11.2695 17.048 0
    endloop
  endfacet
  facet normal -0 0 -1
    outer loop
      vertex 11.5408 16.8913 0
      vertex 0 2 0
      vertex 11.4 16.9608 0
    endloop
  endfacet
  facet normal 0 0 -1
    outer loop
      vertex 26.1897 24.1566 0
      vertex 37.09 2 0
      vertex 26.2 24 0
    endloop
  endfacet
  facet normal 0 0 -1
    outer loop
      vertex 37.09 2 0
      vertex 26.2 30 0
      vertex 26.2 36 0
    endloop
  endfacet
  facet normal 0 0 -1
    outer loop
      vertex 37.09 66.782 0
      vertex 35.09 68.782 0
      vertex 37.0729 67.0431 0
    endloop
  endfacet
  facet normal 0 0 -1
    outer loop
      vertex 37.0219 67.2996 0
      vertex 35.09 68.782 0
      vertex 36.9378 67.5474 0
    endloop
  endfacet
  facet normal 0 0 -1
    outer loop
      vertex 36.9378 67.5474 0
      vertex 35.09 68.782 0
      vertex 36.8221 67.782 0
    endloop
  endfacet
  facet normal 0 0 -1
    outer loop
      vertex 36.6767 67.9995 0
      vertex 35.09 68.782 0
      vertex 36.5042 68.1962 0
    endloop
  endfacet
  facet normal 0 0 -1
    outer loop
      vertex 36.5042 68.1962 0
      vertex 35.09 68.782 0
      vertex 36.3075 68.3687 0
    endloop
  endfacet
  facet normal 0 0 -1
    outer loop
      vertex 36.09 68.5141 0
      vertex 35.09 68.782 0
      vertex 35.8554 68.6298 0
    endloop
  endfacet
  facet normal 0 0 -1
    outer loop
      vertex 35.8554 68.6298 0
      vertex 35.09 68.782 0
      vertex 35.6076 68.7139 0
    endloop
  endfacet
  facet normal 0 0 -1
    outer loop
      vertex 35.6076 68.7139 0
      vertex 35.09 68.782 0
      vertex 35.3511 68.7649 0
    endloop
  endfacet
  facet normal 0 0 -1
    outer loop
      vertex 36.3075 68.3687 0
      vertex 35.09 68.782 0
      vertex 36.09 68.5141 0
    endloop
  endfacet
  facet normal 0 0 -1
    outer loop
      vertex 36.8221 67.782 0
      vertex 35.09 68.782 0
      vertex 36.6767 67.9995 0
    endloop
  endfacet
  facet normal 0 0 -1
    outer loop
      vertex 37.0729 67.0431 0
      vertex 35.09 68.782 0
      vertex 37.0219 67.2996 0
    endloop
  endfacet
  facet normal 0 0 -1
    outer loop
      vertex 25.6 55.0392 0
      vertex 35.09 68.782 0
      vertex 25.7305 54.952 0
    endloop
  endfacet
  facet normal 0 0 -1
    outer loop
      vertex 25.4592 55.1087 0
      vertex 35.09 68.782 0
      vertex 25.6 55.0392 0
    endloop
  endfacet
  facet normal 0 0 -1
    outer loop
      vertex 25.3106 55.1591 0
      vertex 35.09 68.782 0
      vertex 25.4592 55.1087 0
    endloop
  endfacet
  facet normal 0 0 -1
    outer loop
      vertex 25.1566 55.1897 0
      vertex 35.09 68.782 0
      vertex 25.3106 55.1591 0
    endloop
  endfacet
  facet normal 0 0 -1
    outer loop
      vertex 25 55.2 0
      vertex 35.09 68.782 0
      vertex 25.1566 55.1897 0
    endloop
  endfacet
  facet normal 0 0 -1
    outer loop
      vertex 12 55.2 0
      vertex 35.09 68.782 0
      vertex 25 55.2 0
    endloop
  endfacet
  facet normal 0 0 -1
    outer loop
      vertex 2 68.782 0
      vertex 12 55.2 0
      vertex 11.8434 55.1897 0
    endloop
  endfacet
  facet normal 0 0 -1
    outer loop
      vertex 2 68.782 0
      vertex 11.8434 55.1897 0
      vertex 11.6894 55.1591 0
    endloop
  endfacet
  facet normal 0 0 -1
    outer loop
      vertex 2 68.782 0
      vertex 11.6894 55.1591 0
      vertex 11.5408 55.1087 0
    endloop
  endfacet
  facet normal 0 0 -1
    outer loop
      vertex 2 68.782 0
      vertex 11.5408 55.1087 0
      vertex 11.4 55.0392 0
    endloop
  endfacet
  facet normal 0 0 -1
    outer loop
      vertex 10.8103 47.8434 0
      vertex 0 66.782 0
      vertex 10.8 48 0
    endloop
  endfacet
  facet normal 0 0 -1
    outer loop
      vertex 12 55.2 0
      vertex 2 68.782 0
      vertex 35.09 68.782 0
    endloop
  endfacet
  facet normal 0 0 -1
    outer loop
      vertex 0 66.782 0
      vertex 11.4 55.0392 0
      vertex 11.2695 54.952 0
    endloop
  endfacet
  facet normal 0 0 -1
    outer loop
      vertex 0 66.782 0
      vertex 11.2695 54.952 0
      vertex 11.1515 54.8485 0
    endloop
  endfacet
  facet normal 0 0 -1
    outer loop
      vertex 0 66.782 0
      vertex 11.1515 54.8485 0
      vertex 11.048 54.7305 0
    endloop
  endfacet
  facet normal 0 0 -1
    outer loop
      vertex 0 66.782 0
      vertex 11.048 54.7305 0
      vertex 10.9608 54.6 0
    endloop
  endfacet
  facet normal 0 0 -1
    outer loop
      vertex 0 66.782 0
      vertex 10.9608 54.6 0
      vertex 10.8913 54.4592 0
    endloop
  endfacet
  facet normal 0 0 -1
    outer loop
      vertex 0 66.782 0
      vertex 10.8913 54.4592 0
      vertex 10.8409 54.3106 0
    endloop
  endfacet
  facet normal 0 0 -1
    outer loop
      vertex 0 66.782 0
      vertex 10.8409 54.3106 0
      vertex 10.8103 54.1566 0
    endloop
  endfacet
  facet normal 0 0 -1
    outer loop
      vertex 10.8103 53.8434 0
      vertex 0 66.782 0
      vertex 10.8 54 0
    endloop
  endfacet
  facet normal 0 0 -1
    outer loop
      vertex 0 2 0
      vertex 2 0 0
      vertex 1.73895 0.0171099 0
    endloop
  endfacet
  facet normal 0 0 -1
    outer loop
      vertex 10.8 54 0
      vertex 0 66.782 0
      vertex 10.8103 54.1566 0
    endloop
  endfacet
  facet normal 0 0 -1
    outer loop
      vertex 0 2 0
      vertex 1.73895 0.0171099 0
      vertex 1.48236 0.0681477 0
    endloop
  endfacet
  facet normal 0 0 -1
    outer loop
      vertex 11.4 55.0392 0
      vertex 0 66.782 0
      vertex 2 68.782 0
    endloop
  endfacet
  facet normal 0 0 -1
    outer loop
      vertex 0 2 0
      vertex 1.48236 0.0681477 0
      vertex 1.23463 0.152241 0
    endloop
  endfacet
  facet normal 0 0 -1
    outer loop
      vertex 2 68.782 0
      vertex 0 66.782 0
      vertex 1.73895 68.7649 0
    endloop
  endfacet
  facet normal 0 0 -1
    outer loop
      vertex 0 2 0
      vertex 1.23463 0.152241 0
      vertex 1 0.267949 0
    endloop
  endfacet
  facet normal 0 0 -1
    outer loop
      vertex 1.73895 68.7649 0
      vertex 0 66.782 0
      vertex 1.48236 68.7139 0
    endloop
  endfacet
  facet normal 0 0 -1
    outer loop
      vertex 0 2 0
      vertex 1 0.267949 0
      vertex 0.782476 0.413293 0
    endloop
  endfacet
  facet normal 0 0 -1
    outer loop
      vertex 1.48236 68.7139 0
      vertex 0 66.782 0
      vertex 1.23463 68.6298 0
    endloop
  endfacet
  facet normal 0 0 -1
    outer loop
      vertex 0 2 0
      vertex 0.782476 0.413293 0
      vertex 0.585786 0.585786 0
    endloop
  endfacet
  facet normal 0 0 -1
    outer loop
      vertex 1.23463 68.6298 0
      vertex 0 66.782 0
      vertex 1 68.5141 0
    endloop
  endfacet
  facet normal 0 0 -1
    outer loop
      vertex 0 2 0
      vertex 0.585786 0.585786 0
      vertex 0.413293 0.782476 0
    endloop
  endfacet
  facet normal 0 0 -1
    outer loop
      vertex 1 68.5141 0
      vertex 0 66.782 0
      vertex 0.782476 68.3687 0
    endloop
  endfacet
  facet normal 0 0 -1
    outer loop
      vertex 0 2 0
      vertex 0.413293 0.782476 0
      vertex 0.267949 1 0
    endloop
  endfacet
  facet normal 0 0 -1
    outer loop
      vertex 0.782476 68.3687 0
      vertex 0 66.782 0
      vertex 0.585786 68.1962 0
    endloop
  endfacet
  facet normal 0 0 -1
    outer loop
      vertex 0 2 0
      vertex 0.267949 1 0
      vertex 0.152241 1.23463 0
    endloop
  endfacet
  facet normal 0 0 -1
    outer loop
      vertex 0.585786 68.1962 0
      vertex 0 66.782 0
      vertex 0.413293 67.9995 0
    endloop
  endfacet
  facet normal 0 0 -1
    outer loop
      vertex 0 2 0
      vertex 0.152241 1.23463 0
      vertex 0.0681477 1.48236 0
    endloop
  endfacet
  facet normal 0 0 -1
    outer loop
      vertex 0.413293 67.9995 0
      vertex 0 66.782 0
      vertex 0.267949 67.782 0
    endloop
  endfacet
  facet normal 0 0 -1
    outer loop
      vertex 0 2 0
      vertex 0.0681477 1.48236 0
      vertex 0.0171099 1.73895 0
    endloop
  endfacet
  facet normal 0 0 -1
    outer loop
      vertex 0.267949 67.782 0
      vertex 0 66.782 0
      vertex 0.152241 67.5474 0
    endloop
  endfacet
  facet normal 0 0 -1
    outer loop
      vertex 0.152241 67.5474 0
      vertex 0 66.782 0
      vertex 0.0681477 67.2996 0
    endloop
  endfacet
  facet normal 0 0 -1
    outer loop
      vertex 0.0681477 67.2996 0
      vertex 0 66.782 0
      vertex 0.0171099 67.0431 0
    endloop
  endfacet
  facet normal 0.555758 0.831344 -0
    outer loop
      vertex 36.3075 68.3687 0
      vertex 36.09 68.5141 14.9
      vertex 36.3075 68.3687 14.9
    endloop
  endfacet
  facet normal 0.555758 0.831344 0
    outer loop
      vertex 36.09 68.5141 14.9
      vertex 36.3075 68.3687 0
      vertex 36.09 68.5141 0
    endloop
  endfacet
  facet normal 0.195152 -0.980773 0
    outer loop
      vertex 35.3511 0.0171099 0
      vertex 35.6076 0.0681477 13.4
      vertex 35.3511 0.0171099 13.4
    endloop
  endfacet
  facet normal 0.195152 -0.980773 0
    outer loop
      vertex 35.6076 0.0681477 13.4
      vertex 35.3511 0.0171099 0
      vertex 35.6076 0.0681477 0
    endloop
  endfacet
  facet normal 0.0654017 -0.997859 0
    outer loop
      vertex 35.09 0 10.7
      vertex 35.09 0 0
      vertex 35.29 0.0131084 10.7
    endloop
  endfacet
  facet normal 0.065351 -0.997862 0
    outer loop
      vertex 35.29 0.0131084 13.2
      vertex 35.3511 0.0171099 13.4
      vertex 35.29 0.0131084 13.4
    endloop
  endfacet
  facet normal 0.065351 -0.997862 0
    outer loop
      vertex 35.29 0.0131084 10.7
      vertex 35.3511 0.0171099 13.4
      vertex 35.29 0.0131084 13.2
    endloop
  endfacet
  facet normal 0.0653898 -0.99786 2.22605e-07
    outer loop
      vertex 35.3511 0.0171099 0
      vertex 35.29 0.0131084 10.7
      vertex 35.09 0 0
    endloop
  endfacet
  facet normal 0.065351 -0.997862 0
    outer loop
      vertex 35.29 0.0131084 10.7
      vertex 35.3511 0.0171099 0
      vertex 35.3511 0.0171099 13.4
    endloop
  endfacet
  facet normal -0.659362 0.751826 0
    outer loop
      vertex 0.782476 68.3687 0
      vertex 0.585786 68.1962 14.9
      vertex 0.782476 68.3687 14.9
    endloop
  endfacet
  facet normal -0.659362 0.751826 0
    outer loop
      vertex 0.585786 68.1962 14.9
      vertex 0.782476 68.3687 0
      vertex 0.585786 68.1962 0
    endloop
  endfacet
  facet normal 0.321382 0.94695 -0
    outer loop
      vertex 35.8554 68.6298 0
      vertex 35.6076 68.7139 14.9
      vertex 35.8554 68.6298 14.9
    endloop
  endfacet
  facet normal 0.321382 0.94695 0
    outer loop
      vertex 35.6076 68.7139 14.9
      vertex 35.8554 68.6298 0
      vertex 35.6076 68.7139 0
    endloop
  endfacet
  facet normal -0.751839 -0.659347 0
    outer loop
      vertex 0.585786 0.585786 0
      vertex 0.413293 0.782476 13.4
      vertex 0.413293 0.782476 0
    endloop
  endfacet
  facet normal -0.751839 -0.659347 0
    outer loop
      vertex 0.413293 0.782476 13.4
      vertex 0.585786 0.585786 0
      vertex 0.585786 0.585786 13.4
    endloop
  endfacet
  facet normal -0.659347 -0.751839 0
    outer loop
      vertex 0.585786 0.585786 0
      vertex 0.782476 0.413293 13.4
      vertex 0.585786 0.585786 13.4
    endloop
  endfacet
  facet normal -0.659347 -0.751839 -0
    outer loop
      vertex 0.782476 0.413293 13.4
      vertex 0.585786 0.585786 0
      vertex 0.782476 0.413293 0
    endloop
  endfacet
  facet normal 0.442338 -0.896848 0
    outer loop
      vertex 35.8554 0.152241 0
      vertex 36.09 0.267949 13.4
      vertex 35.8554 0.152241 13.4
    endloop
  endfacet
  facet normal 0.442338 -0.896848 0
    outer loop
      vertex 36.09 0.267949 13.4
      vertex 35.8554 0.152241 0
      vertex 36.09 0.267949 0
    endloop
  endfacet
  facet normal 0.997862 0.0653521 0
    outer loop
      vertex 37.09 66.782 11.1
      vertex 37.0729 67.0431 0
      vertex 37.0729 67.0431 11.1
    endloop
  endfacet
  facet normal 0.997862 0.0653521 0
    outer loop
      vertex 37.0729 67.0431 0
      vertex 37.09 66.782 11.1
      vertex 37.09 66.782 0
    endloop
  endfacet
  facet normal 0.997862 0.0653521 0
    outer loop
      vertex 37.09 66.782 14.9
      vertex 37.0729 67.0431 13.7
      vertex 37.0729 67.0431 14.9
    endloop
  endfacet
  facet normal 0.997862 0.0653521 0
    outer loop
      vertex 37.0729 67.0431 13.7
      vertex 37.09 66.782 14.9
      vertex 37.09 66.782 13.7
    endloop
  endfacet
  facet normal 0.659343 0.751842 -0
    outer loop
      vertex 36.5042 68.1962 0
      vertex 36.3075 68.3687 14.9
      vertex 36.5042 68.1962 14.9
    endloop
  endfacet
  facet normal 0.659343 0.751842 0
    outer loop
      vertex 36.3075 68.3687 14.9
      vertex 36.5042 68.1962 0
      vertex 36.3075 68.3687 0
    endloop
  endfacet
  facet normal -0.0653599 0.997862 0
    outer loop
      vertex 2 68.782 10.7
      vertex 2 68.782 0
      vertex 1.8 68.7689 10.7
    endloop
  endfacet
  facet normal -0.0653599 0.997862 0
    outer loop
      vertex 1.8 68.7689 13.2
      vertex 2 68.782 14.9
      vertex 2 68.782 13.2
    endloop
  endfacet
  facet normal -0.0653646 0.997861 5.50889e-07
    outer loop
      vertex 2 68.782 14.9
      vertex 1.8 68.7689 13.2
      vertex 1.73895 68.7649 14.9
    endloop
  endfacet
  facet normal -0.0653799 0.99786 0
    outer loop
      vertex 1.8 68.7689 10.7
      vertex 1.73895 68.7649 14.9
      vertex 1.8 68.7689 13.2
    endloop
  endfacet
  facet normal -0.0653799 0.99786 0
    outer loop
      vertex 1.8 68.7689 10.7
      vertex 1.73895 68.7649 0
      vertex 1.73895 68.7649 14.9
    endloop
  endfacet
  facet normal -0.0653646 0.997861 -8.75243e-08
    outer loop
      vertex 1.73895 68.7649 0
      vertex 1.8 68.7689 10.7
      vertex 2 68.782 0
    endloop
  endfacet
  facet normal -0.321463 0.946922 0
    outer loop
      vertex 1.48236 68.7139 0
      vertex 1.23463 68.6298 14.9
      vertex 1.48236 68.7139 14.9
    endloop
  endfacet
  facet normal -0.321463 0.946922 0
    outer loop
      vertex 1.23463 68.6298 14.9
      vertex 1.48236 68.7139 0
      vertex 1.23463 68.6298 0
    endloop
  endfacet
  facet normal 0.89686 0.442314 0
    outer loop
      vertex 36.9378 67.5474 14.9
      vertex 36.8221 67.782 13.7
      vertex 36.8221 67.782 14.9
    endloop
  endfacet
  facet normal 0.89686 0.442314 0
    outer loop
      vertex 36.8221 67.782 13.7
      vertex 36.9378 67.5474 14.9
      vertex 36.9378 67.5474 13.7
    endloop
  endfacet
  facet normal 0.89686 0.442314 0
    outer loop
      vertex 36.9378 67.5474 11.1
      vertex 36.8221 67.782 0
      vertex 36.8221 67.782 11.1
    endloop
  endfacet
  facet normal 0.89686 0.442314 0
    outer loop
      vertex 36.8221 67.782 0
      vertex 36.9378 67.5474 11.1
      vertex 36.9378 67.5474 0
    endloop
  endfacet
  facet normal -0.751839 0.659346 0
    outer loop
      vertex 0.585786 68.1962 0
      vertex 0.427053 68.0152 11.2
      vertex 0.585786 68.1962 14.9
    endloop
  endfacet
  facet normal -0.751597 0.659623 7.89907e-06
    outer loop
      vertex 0.585786 68.1962 0
      vertex 0.413712 68 11.1
      vertex 0.427053 68.0152 11.2
    endloop
  endfacet
  facet normal -0.751855 0.659328 -1.31861e-06
    outer loop
      vertex 0.413293 67.9995 0
      vertex 0.413712 68 11.1
      vertex 0.585786 68.1962 0
    endloop
  endfacet
  facet normal -0.766459 0.642293 0
    outer loop
      vertex 0.413712 68 11.1
      vertex 0.413293 67.9995 0
      vertex 0.413293 67.9995 11.1
    endloop
  endfacet
  facet normal -0.751839 0.659346 0
    outer loop
      vertex 0.427053 68.0152 13.7383
      vertex 0.585786 68.1962 14.9
      vertex 0.427053 68.0152 11.2
    endloop
  endfacet
  facet normal -0.752042 0.659115 0
    outer loop
      vertex 0.413293 67.9995 14.9
      vertex 0.427053 68.0152 13.7383
      vertex 0.413293 67.9995 13.739
    endloop
  endfacet
  facet normal -0.751855 0.659328 5.09372e-06
    outer loop
      vertex 0.427053 68.0152 13.7383
      vertex 0.413293 67.9995 14.9
      vertex 0.585786 68.1962 14.9
    endloop
  endfacet
  facet normal -0.751571 0.659652 0
    outer loop
      vertex 0.427053 68.0152 11.2
      vertex 0.413712 68 11.1
      vertex 0.413712 68 11.2
    endloop
  endfacet
  facet normal -0.831443 0.55561 0
    outer loop
      vertex 0.267949 67.782 13.7465
      vertex 0.413293 67.9995 14.9
      vertex 0.413293 67.9995 13.739
    endloop
  endfacet
  facet normal -0.831443 0.55561 0
    outer loop
      vertex 0.413293 67.9995 14.9
      vertex 0.267949 67.782 13.7465
      vertex 0.267949 67.782 14.9
    endloop
  endfacet
  facet normal -0.831443 0.55561 0
    outer loop
      vertex 0.267949 67.782 0
      vertex 0.413293 67.9995 11.1
      vertex 0.413293 67.9995 0
    endloop
  endfacet
  facet normal -0.831443 0.55561 0
    outer loop
      vertex 0.413293 67.9995 11.1
      vertex 0.267949 67.782 0
      vertex 0.267949 67.782 11.1
    endloop
  endfacet
  facet normal -1 0 0
    outer loop
      vertex 35.29 3.5 1.8
      vertex 35.29 1.8 1.8
      vertex 35.29 3.5 7.9
    endloop
  endfacet
  facet normal -1 0 0
    outer loop
      vertex 35.29 21 1.8
      vertex 35.29 7.5 1.8
      vertex 35.29 21 7.9
    endloop
  endfacet
  facet normal -1 0 0
    outer loop
      vertex 35.29 45 1.8
      vertex 35.29 25 1.8
      vertex 35.29 45 7.9
    endloop
  endfacet
  facet normal -1 0 0
    outer loop
      vertex 35.29 56.782 1.8
      vertex 35.29 49 1.8
      vertex 35.29 56.782 7.9
    endloop
  endfacet
  facet normal -1 0 0
    outer loop
      vertex 35.29 60.782 7.9
      vertex 35.29 66.982 1.8
      vertex 35.29 60.782 1.8
    endloop
  endfacet
  facet normal -1 0 0
    outer loop
      vertex 35.29 66.982 1.8
      vertex 35.29 60.782 7.9
      vertex 35.29 66.982 10.7
    endloop
  endfacet
  facet normal -1 0 0
    outer loop
      vertex 35.29 56.782 7.9
      vertex 35.29 66.982 10.7
      vertex 35.29 60.782 7.9
    endloop
  endfacet
  facet normal -1 0 0
    outer loop
      vertex 35.29 49 7.9
      vertex 35.29 56.782 7.9
      vertex 35.29 49 1.8
    endloop
  endfacet
  facet normal -1 0 0
    outer loop
      vertex 35.29 49 7.9
      vertex 35.29 66.982 10.7
      vertex 35.29 56.782 7.9
    endloop
  endfacet
  facet normal -1 0 0
    outer loop
      vertex 35.29 45 7.9
      vertex 35.29 66.982 10.7
      vertex 35.29 49 7.9
    endloop
  endfacet
  facet normal -1 0 0
    outer loop
      vertex 35.29 25 7.9
      vertex 35.29 45 7.9
      vertex 35.29 25 1.8
    endloop
  endfacet
  facet normal -1 0 0
    outer loop
      vertex 35.29 25 7.9
      vertex 35.29 66.982 10.7
      vertex 35.29 45 7.9
    endloop
  endfacet
  facet normal -1 0 0
    outer loop
      vertex 35.29 1.8 10.7
      vertex 35.29 25 7.9
      vertex 35.29 21 7.9
    endloop
  endfacet
  facet normal -1 0 0
    outer loop
      vertex 35.29 7.5 7.9
      vertex 35.29 21 7.9
      vertex 35.29 7.5 1.8
    endloop
  endfacet
  facet normal -1 0 0
    outer loop
      vertex 35.29 1.8 10.7
      vertex 35.29 21 7.9
      vertex 35.29 7.5 7.9
    endloop
  endfacet
  facet normal -1 0 0
    outer loop
      vertex 35.29 1.8 10.7
      vertex 35.29 7.5 7.9
      vertex 35.29 3.5 7.9
    endloop
  endfacet
  facet normal -1 0 0
    outer loop
      vertex 35.29 25 7.9
      vertex 35.29 1.8 10.7
      vertex 35.29 66.982 10.7
    endloop
  endfacet
  facet normal -1 0 0
    outer loop
      vertex 35.29 1.8 10.7
      vertex 35.29 3.5 7.9
      vertex 35.29 1.8 1.8
    endloop
  endfacet
  facet normal -0 0 1
    outer loop
      vertex 1.8 21 1.8
      vertex 6.6 7.5 1.8
      vertex 6.6 21 1.8
    endloop
  endfacet
  facet normal 0 0 1
    outer loop
      vertex 6.6 7.5 1.8
      vertex 1.8 21 1.8
      vertex 1.8 7.5 1.8
    endloop
  endfacet
  facet normal 0 0 1
    outer loop
      vertex 1.8 25 1.8
      vertex 10.8103 35.8434 1.8
      vertex 1.8 45 1.8
    endloop
  endfacet
  facet normal 0 0 1
    outer loop
      vertex 10.8103 35.8434 1.8
      vertex 1.8 25 1.8
      vertex 6.6 25 1.8
    endloop
  endfacet
  facet normal -0 0 1
    outer loop
      vertex 1.8 56.782 1.8
      vertex 6.6 49 1.8
      vertex 6.6 56.782 1.8
    endloop
  endfacet
  facet normal 0 0 1
    outer loop
      vertex 6.6 49 1.8
      vertex 1.8 56.782 1.8
      vertex 1.8 49 1.8
    endloop
  endfacet
  facet normal 0 0 1
    outer loop
      vertex 10.8 36 1.8
      vertex 1.8 45 1.8
      vertex 10.8103 35.8434 1.8
    endloop
  endfacet
  facet normal 0 0 1
    outer loop
      vertex 10.8103 35.8434 1.8
      vertex 6.6 25 1.8
      vertex 10.8103 30.1566 1.8
    endloop
  endfacet
  facet normal 0 0 1
    outer loop
      vertex 10.8103 30.1566 1.8
      vertex 6.6 25 1.8
      vertex 10.8 30 1.8
    endloop
  endfacet
  facet normal 0 0 1
    outer loop
      vertex 6.6 21 1.8
      vertex 10.8 30 1.8
      vertex 6.6 25 1.8
    endloop
  endfacet
  facet normal 0 0 1
    outer loop
      vertex 6.6 7.5 1.8
      vertex 10.8 30 1.8
      vertex 6.6 21 1.8
    endloop
  endfacet
  facet normal 0 0 1
    outer loop
      vertex 10.8 30 1.8
      vertex 6.6 7.5 1.8
      vertex 6.8 2.85 1.8
    endloop
  endfacet
  facet normal -0 0 1
    outer loop
      vertex 6.6 3.5 1.8
      vertex 6.8 2.85 1.8
      vertex 6.6 7.5 1.8
    endloop
  endfacet
  facet normal 0 0 1
    outer loop
      vertex 6.6 3.5 1.8
      vertex 5.8 2.85 1.8
      vertex 6.8 2.85 1.8
    endloop
  endfacet
  facet normal 0 0 1
    outer loop
      vertex 1.8 1.8 1.8
      vertex 5.8 2.85 1.8
      vertex 1.8 3.5 1.8
    endloop
  endfacet
  facet normal -0 0 1
    outer loop
      vertex 1.8 3.5 1.8
      vertex 5.8 2.85 1.8
      vertex 6.6 3.5 1.8
    endloop
  endfacet
  facet normal 0 0 1
    outer loop
      vertex 30.49 25 1.8
      vertex 26.1591 23.6894 1.8
      vertex 30.49 21 1.8
    endloop
  endfacet
  facet normal 0 0 1
    outer loop
      vertex 30.49 21 1.8
      vertex 26.1897 18.1566 1.8
      vertex 26.2 18 1.8
    endloop
  endfacet
  facet normal -0 0 1
    outer loop
      vertex 26.1087 23.5408 1.8
      vertex 30.49 21 1.8
      vertex 26.1591 23.6894 1.8
    endloop
  endfacet
  facet normal 0 0 1
    outer loop
      vertex 30.49 21 1.8
      vertex 26.1591 18.3106 1.8
      vertex 26.1897 18.1566 1.8
    endloop
  endfacet
  facet normal -0 0 1
    outer loop
      vertex 26.0392 23.4 1.8
      vertex 30.49 21 1.8
      vertex 26.1087 23.5408 1.8
    endloop
  endfacet
  facet normal 0 0 1
    outer loop
      vertex 30.49 21 1.8
      vertex 26.1087 18.4592 1.8
      vertex 26.1591 18.3106 1.8
    endloop
  endfacet
  facet normal -0 0 1
    outer loop
      vertex 25.952 23.2695 1.8
      vertex 30.49 21 1.8
      vertex 26.0392 23.4 1.8
    endloop
  endfacet
  facet normal 0 0 1
    outer loop
      vertex 30.49 21 1.8
      vertex 26.0392 18.6 1.8
      vertex 26.1087 18.4592 1.8
    endloop
  endfacet
  facet normal -0 0 1
    outer loop
      vertex 25.8485 23.1515 1.8
      vertex 30.49 21 1.8
      vertex 25.952 23.2695 1.8
    endloop
  endfacet
  facet normal 0 0 1
    outer loop
      vertex 30.49 21 1.8
      vertex 25.952 18.7305 1.8
      vertex 26.0392 18.6 1.8
    endloop
  endfacet
  facet normal 0 0 1
    outer loop
      vertex 25.8485 18.8485 1.8
      vertex 30.49 21 1.8
      vertex 25.8485 23.1515 1.8
    endloop
  endfacet
  facet normal 0 0 1
    outer loop
      vertex 30.49 21 1.8
      vertex 25.8485 18.8485 1.8
      vertex 25.952 18.7305 1.8
    endloop
  endfacet
  facet normal -0 0 1
    outer loop
      vertex 25.7305 23.048 1.8
      vertex 25.8485 18.8485 1.8
      vertex 25.8485 23.1515 1.8
    endloop
  endfacet
  facet normal 0 0 1
    outer loop
      vertex 25.7305 23.048 1.8
      vertex 25.7305 18.952 1.8
      vertex 25.8485 18.8485 1.8
    endloop
  endfacet
  facet normal -0 0 1
    outer loop
      vertex 25.6 22.9608 1.8
      vertex 25.7305 18.952 1.8
      vertex 25.7305 23.048 1.8
    endloop
  endfacet
  facet normal 0 0 1
    outer loop
      vertex 25.6 22.9608 1.8
      vertex 25.6 19.0392 1.8
      vertex 25.7305 18.952 1.8
    endloop
  endfacet
  facet normal -0 0 1
    outer loop
      vertex 25.4592 22.8913 1.8
      vertex 25.6 19.0392 1.8
      vertex 25.6 22.9608 1.8
    endloop
  endfacet
  facet normal 0 0 1
    outer loop
      vertex 25.4592 22.8913 1.8
      vertex 25.4592 19.1087 1.8
      vertex 25.6 19.0392 1.8
    endloop
  endfacet
  facet normal -0 0 1
    outer loop
      vertex 25.3106 22.8409 1.8
      vertex 25.4592 19.1087 1.8
      vertex 25.4592 22.8913 1.8
    endloop
  endfacet
  facet normal 0 0 1
    outer loop
      vertex 25.3106 22.8409 1.8
      vertex 25.3106 19.1591 1.8
      vertex 25.4592 19.1087 1.8
    endloop
  endfacet
  facet normal -0 0 1
    outer loop
      vertex 25.1566 22.8103 1.8
      vertex 25.3106 19.1591 1.8
      vertex 25.3106 22.8409 1.8
    endloop
  endfacet
  facet normal 0 0 1
    outer loop
      vertex 25.1566 22.8103 1.8
      vertex 25.1566 19.1897 1.8
      vertex 25.3106 19.1591 1.8
    endloop
  endfacet
  facet normal -0 0 1
    outer loop
      vertex 25 22.8 1.8
      vertex 25.1566 19.1897 1.8
      vertex 25.1566 22.8103 1.8
    endloop
  endfacet
  facet normal 0 0 1
    outer loop
      vertex 25 22.8 1.8
      vertex 25 19.2 1.8
      vertex 25.1566 19.1897 1.8
    endloop
  endfacet
  facet normal -0 0 1
    outer loop
      vertex 12 22.8 1.8
      vertex 25 19.2 1.8
      vertex 25 22.8 1.8
    endloop
  endfacet
  facet normal 0 0 1
    outer loop
      vertex 12 22.8 1.8
      vertex 12 19.2 1.8
      vertex 25 19.2 1.8
    endloop
  endfacet
  facet normal 0 0 1
    outer loop
      vertex 11.8434 22.8103 1.8
      vertex 12 19.2 1.8
      vertex 12 22.8 1.8
    endloop
  endfacet
  facet normal 0 0 1
    outer loop
      vertex 11.8434 22.8103 1.8
      vertex 11.8434 19.1897 1.8
      vertex 12 19.2 1.8
    endloop
  endfacet
  facet normal 0 0 1
    outer loop
      vertex 11.6894 22.8409 1.8
      vertex 11.8434 19.1897 1.8
      vertex 11.8434 22.8103 1.8
    endloop
  endfacet
  facet normal 0 0 1
    outer loop
      vertex 11.6894 22.8409 1.8
      vertex 11.6894 19.1591 1.8
      vertex 11.8434 19.1897 1.8
    endloop
  endfacet
  facet normal 0 0 1
    outer loop
      vertex 11.5408 22.8913 1.8
      vertex 11.6894 19.1591 1.8
      vertex 11.6894 22.8409 1.8
    endloop
  endfacet
  facet normal 0 0 1
    outer loop
      vertex 11.5408 22.8913 1.8
      vertex 11.5408 19.1087 1.8
      vertex 11.6894 19.1591 1.8
    endloop
  endfacet
  facet normal 0 0 1
    outer loop
      vertex 11.4 22.9608 1.8
      vertex 11.5408 19.1087 1.8
      vertex 11.5408 22.8913 1.8
    endloop
  endfacet
  facet normal 0 0 1
    outer loop
      vertex 11.4 22.9608 1.8
      vertex 11.4 19.0392 1.8
      vertex 11.5408 19.1087 1.8
    endloop
  endfacet
  facet normal 0 0 1
    outer loop
      vertex 11.2695 23.048 1.8
      vertex 11.4 19.0392 1.8
      vertex 11.4 22.9608 1.8
    endloop
  endfacet
  facet normal 0 0 1
    outer loop
      vertex 11.2695 23.048 1.8
      vertex 11.2695 18.952 1.8
      vertex 11.4 19.0392 1.8
    endloop
  endfacet
  facet normal 0 0 1
    outer loop
      vertex 11.1515 23.1515 1.8
      vertex 11.2695 18.952 1.8
      vertex 11.2695 23.048 1.8
    endloop
  endfacet
  facet normal 0 0 1
    outer loop
      vertex 11.1515 23.1515 1.8
      vertex 11.1515 18.8485 1.8
      vertex 11.2695 18.952 1.8
    endloop
  endfacet
  facet normal 0 0 1
    outer loop
      vertex 11.048 23.2695 1.8
      vertex 11.1515 18.8485 1.8
      vertex 11.1515 23.1515 1.8
    endloop
  endfacet
  facet normal 0 0 1
    outer loop
      vertex 11.048 23.2695 1.8
      vertex 11.048 18.7305 1.8
      vertex 11.1515 18.8485 1.8
    endloop
  endfacet
  facet normal 0 0 1
    outer loop
      vertex 10.9608 23.4 1.8
      vertex 11.048 18.7305 1.8
      vertex 11.048 23.2695 1.8
    endloop
  endfacet
  facet normal 0 0 1
    outer loop
      vertex 10.9608 23.4 1.8
      vertex 10.9608 18.6 1.8
      vertex 11.048 18.7305 1.8
    endloop
  endfacet
  facet normal 0 0 1
    outer loop
      vertex 10.8913 23.5408 1.8
      vertex 10.9608 18.6 1.8
      vertex 10.9608 23.4 1.8
    endloop
  endfacet
  facet normal 0 0 1
    outer loop
      vertex 10.8913 23.5408 1.8
      vertex 10.8913 18.4592 1.8
      vertex 10.9608 18.6 1.8
    endloop
  endfacet
  facet normal 0 0 1
    outer loop
      vertex 10.8409 23.6894 1.8
      vertex 10.8913 18.4592 1.8
      vertex 10.8913 23.5408 1.8
    endloop
  endfacet
  facet normal 0 0 1
    outer loop
      vertex 10.8409 23.6894 1.8
      vertex 10.8409 18.3106 1.8
      vertex 10.8913 18.4592 1.8
    endloop
  endfacet
  facet normal 0 0 1
    outer loop
      vertex 10.8103 23.8434 1.8
      vertex 10.8409 18.3106 1.8
      vertex 10.8409 23.6894 1.8
    endloop
  endfacet
  facet normal 0 0 1
    outer loop
      vertex 10.8103 23.8434 1.8
      vertex 10.8103 18.1566 1.8
      vertex 10.8409 18.3106 1.8
    endloop
  endfacet
  facet normal 0 0 1
    outer loop
      vertex 10.8 24 1.8
      vertex 10.8103 18.1566 1.8
      vertex 10.8103 23.8434 1.8
    endloop
  endfacet
  facet normal 0 0 1
    outer loop
      vertex 10.8103 18.1566 1.8
      vertex 10.8 24 1.8
      vertex 10.8 18 1.8
    endloop
  endfacet
  facet normal -0 0 1
    outer loop
      vertex 26.1591 29.6894 1.8
      vertex 30.49 25 1.8
      vertex 26.1897 29.8434 1.8
    endloop
  endfacet
  facet normal 0 0 1
    outer loop
      vertex 30.49 25 1.8
      vertex 26.1897 24.1566 1.8
      vertex 26.2 24 1.8
    endloop
  endfacet
  facet normal -0 0 1
    outer loop
      vertex 26.1087 29.5408 1.8
      vertex 30.49 25 1.8
      vertex 26.1591 29.6894 1.8
    endloop
  endfacet
  facet normal 0 0 1
    outer loop
      vertex 30.49 25 1.8
      vertex 26.1591 24.3106 1.8
      vertex 26.1897 24.1566 1.8
    endloop
  endfacet
  facet normal -0 0 1
    outer loop
      vertex 26.0392 29.4 1.8
      vertex 30.49 25 1.8
      vertex 26.1087 29.5408 1.8
    endloop
  endfacet
  facet normal 0 0 1
    outer loop
      vertex 30.49 25 1.8
      vertex 26.1087 24.4592 1.8
      vertex 26.1591 24.3106 1.8
    endloop
  endfacet
  facet normal -0 0 1
    outer loop
      vertex 25.952 29.2695 1.8
      vertex 30.49 25 1.8
      vertex 26.0392 29.4 1.8
    endloop
  endfacet
  facet normal 0 0 1
    outer loop
      vertex 30.49 25 1.8
      vertex 26.0392 24.6 1.8
      vertex 26.1087 24.4592 1.8
    endloop
  endfacet
  facet normal -0 0 1
    outer loop
      vertex 25.8485 29.1515 1.8
      vertex 30.49 25 1.8
      vertex 25.952 29.2695 1.8
    endloop
  endfacet
  facet normal 0 0 1
    outer loop
      vertex 30.49 25 1.8
      vertex 25.952 24.7305 1.8
      vertex 26.0392 24.6 1.8
    endloop
  endfacet
  facet normal 0 0 1
    outer loop
      vertex 25.8485 24.8485 1.8
      vertex 30.49 25 1.8
      vertex 25.8485 29.1515 1.8
    endloop
  endfacet
  facet normal 0 0 1
    outer loop
      vertex 30.49 25 1.8
      vertex 25.8485 24.8485 1.8
      vertex 25.952 24.7305 1.8
    endloop
  endfacet
  facet normal -0 0 1
    outer loop
      vertex 25.7305 29.048 1.8
      vertex 25.8485 24.8485 1.8
      vertex 25.8485 29.1515 1.8
    endloop
  endfacet
  facet normal 0 0 1
    outer loop
      vertex 25.7305 29.048 1.8
      vertex 25.7305 24.952 1.8
      vertex 25.8485 24.8485 1.8
    endloop
  endfacet
  facet normal -0 0 1
    outer loop
      vertex 25.6 28.9608 1.8
      vertex 25.7305 24.952 1.8
      vertex 25.7305 29.048 1.8
    endloop
  endfacet
  facet normal 0 0 1
    outer loop
      vertex 25.6 28.9608 1.8
      vertex 25.6 25.0392 1.8
      vertex 25.7305 24.952 1.8
    endloop
  endfacet
  facet normal -0 0 1
    outer loop
      vertex 25.4592 28.8913 1.8
      vertex 25.6 25.0392 1.8
      vertex 25.6 28.9608 1.8
    endloop
  endfacet
  facet normal 0 0 1
    outer loop
      vertex 25.4592 28.8913 1.8
      vertex 25.4592 25.1087 1.8
      vertex 25.6 25.0392 1.8
    endloop
  endfacet
  facet normal -0 0 1
    outer loop
      vertex 25.3106 28.8409 1.8
      vertex 25.4592 25.1087 1.8
      vertex 25.4592 28.8913 1.8
    endloop
  endfacet
  facet normal 0 0 1
    outer loop
      vertex 25.3106 28.8409 1.8
      vertex 25.3106 25.1591 1.8
      vertex 25.4592 25.1087 1.8
    endloop
  endfacet
  facet normal -0 0 1
    outer loop
      vertex 25.1566 28.8103 1.8
      vertex 25.3106 25.1591 1.8
      vertex 25.3106 28.8409 1.8
    endloop
  endfacet
  facet normal 0 0 1
    outer loop
      vertex 25.1566 28.8103 1.8
      vertex 25.1566 25.1897 1.8
      vertex 25.3106 25.1591 1.8
    endloop
  endfacet
  facet normal -0 0 1
    outer loop
      vertex 25 28.8 1.8
      vertex 25.1566 25.1897 1.8
      vertex 25.1566 28.8103 1.8
    endloop
  endfacet
  facet normal 0 0 1
    outer loop
      vertex 25 28.8 1.8
      vertex 25 25.2 1.8
      vertex 25.1566 25.1897 1.8
    endloop
  endfacet
  facet normal -0 0 1
    outer loop
      vertex 12 28.8 1.8
      vertex 25 25.2 1.8
      vertex 25 28.8 1.8
    endloop
  endfacet
  facet normal 0 0 1
    outer loop
      vertex 12 28.8 1.8
      vertex 12 25.2 1.8
      vertex 25 25.2 1.8
    endloop
  endfacet
  facet normal 0 0 1
    outer loop
      vertex 11.8434 28.8103 1.8
      vertex 12 25.2 1.8
      vertex 12 28.8 1.8
    endloop
  endfacet
  facet normal 0 0 1
    outer loop
      vertex 11.8434 28.8103 1.8
      vertex 11.8434 25.1897 1.8
      vertex 12 25.2 1.8
    endloop
  endfacet
  facet normal 0 0 1
    outer loop
      vertex 11.6894 28.8409 1.8
      vertex 11.8434 25.1897 1.8
      vertex 11.8434 28.8103 1.8
    endloop
  endfacet
  facet normal 0 0 1
    outer loop
      vertex 11.6894 28.8409 1.8
      vertex 11.6894 25.1591 1.8
      vertex 11.8434 25.1897 1.8
    endloop
  endfacet
  facet normal 0 0 1
    outer loop
      vertex 11.5408 28.8913 1.8
      vertex 11.6894 25.1591 1.8
      vertex 11.6894 28.8409 1.8
    endloop
  endfacet
  facet normal 0 0 1
    outer loop
      vertex 11.5408 28.8913 1.8
      vertex 11.5408 25.1087 1.8
      vertex 11.6894 25.1591 1.8
    endloop
  endfacet
  facet normal 0 0 1
    outer loop
      vertex 11.4 28.9608 1.8
      vertex 11.5408 25.1087 1.8
      vertex 11.5408 28.8913 1.8
    endloop
  endfacet
  facet normal 0 0 1
    outer loop
      vertex 11.4 28.9608 1.8
      vertex 11.4 25.0392 1.8
      vertex 11.5408 25.1087 1.8
    endloop
  endfacet
  facet normal 0 0 1
    outer loop
      vertex 11.2695 29.048 1.8
      vertex 11.4 25.0392 1.8
      vertex 11.4 28.9608 1.8
    endloop
  endfacet
  facet normal 0 0 1
    outer loop
      vertex 11.2695 29.048 1.8
      vertex 11.2695 24.952 1.8
      vertex 11.4 25.0392 1.8
    endloop
  endfacet
  facet normal 0 0 1
    outer loop
      vertex 11.1515 29.1515 1.8
      vertex 11.2695 24.952 1.8
      vertex 11.2695 29.048 1.8
    endloop
  endfacet
  facet normal 0 0 1
    outer loop
      vertex 11.1515 29.1515 1.8
      vertex 11.1515 24.8485 1.8
      vertex 11.2695 24.952 1.8
    endloop
  endfacet
  facet normal 0 0 1
    outer loop
      vertex 11.048 29.2695 1.8
      vertex 11.1515 24.8485 1.8
      vertex 11.1515 29.1515 1.8
    endloop
  endfacet
  facet normal 0 0 1
    outer loop
      vertex 11.048 29.2695 1.8
      vertex 11.048 24.7305 1.8
      vertex 11.1515 24.8485 1.8
    endloop
  endfacet
  facet normal 0 0 1
    outer loop
      vertex 10.9608 29.4 1.8
      vertex 11.048 24.7305 1.8
      vertex 11.048 29.2695 1.8
    endloop
  endfacet
  facet normal 0 0 1
    outer loop
      vertex 10.9608 29.4 1.8
      vertex 10.9608 24.6 1.8
      vertex 11.048 24.7305 1.8
    endloop
  endfacet
  facet normal 0 0 1
    outer loop
      vertex 10.8913 29.5408 1.8
      vertex 10.9608 24.6 1.8
      vertex 10.9608 29.4 1.8
    endloop
  endfacet
  facet normal 0 0 1
    outer loop
      vertex 10.8913 29.5408 1.8
      vertex 10.8913 24.4592 1.8
      vertex 10.9608 24.6 1.8
    endloop
  endfacet
  facet normal 0 0 1
    outer loop
      vertex 10.8409 29.6894 1.8
      vertex 10.8913 24.4592 1.8
      vertex 10.8913 29.5408 1.8
    endloop
  endfacet
  facet normal 0 0 1
    outer loop
      vertex 10.8409 29.6894 1.8
      vertex 10.8409 24.3106 1.8
      vertex 10.8913 24.4592 1.8
    endloop
  endfacet
  facet normal 0 0 1
    outer loop
      vertex 10.8103 29.8434 1.8
      vertex 10.8409 24.3106 1.8
      vertex 10.8409 29.6894 1.8
    endloop
  endfacet
  facet normal 0 0 1
    outer loop
      vertex 10.8103 29.8434 1.8
      vertex 10.8103 24.1566 1.8
      vertex 10.8409 24.3106 1.8
    endloop
  endfacet
  facet normal 0 0 1
    outer loop
      vertex 10.8 30 1.8
      vertex 10.8103 24.1566 1.8
      vertex 10.8103 29.8434 1.8
    endloop
  endfacet
  facet normal 0 0 1
    outer loop
      vertex 10.8103 24.1566 1.8
      vertex 10.8 30 1.8
      vertex 10.8 24 1.8
    endloop
  endfacet
  facet normal -0 0 1
    outer loop
      vertex 26.1591 35.6894 1.8
      vertex 30.49 25 1.8
      vertex 26.1897 35.8434 1.8
    endloop
  endfacet
  facet normal 0 0 1
    outer loop
      vertex 30.49 25 1.8
      vertex 26.1897 30.1566 1.8
      vertex 26.2 30 1.8
    endloop
  endfacet
  facet normal -0 0 1
    outer loop
      vertex 26.1591 30.3106 1.8
      vertex 30.49 25 1.8
      vertex 26.1591 35.6894 1.8
    endloop
  endfacet
  facet normal 0 0 1
    outer loop
      vertex 30.49 25 1.8
      vertex 26.1591 30.3106 1.8
      vertex 26.1897 30.1566 1.8
    endloop
  endfacet
  facet normal -0 0 1
    outer loop
      vertex 26.1087 35.5408 1.8
      vertex 26.1591 30.3106 1.8
      vertex 26.1591 35.6894 1.8
    endloop
  endfacet
  facet normal 0 0 1
    outer loop
      vertex 26.1087 35.5408 1.8
      vertex 26.1087 30.4592 1.8
      vertex 26.1591 30.3106 1.8
    endloop
  endfacet
  facet normal -0 0 1
    outer loop
      vertex 26.0392 35.4 1.8
      vertex 26.1087 30.4592 1.8
      vertex 26.1087 35.5408 1.8
    endloop
  endfacet
  facet normal 0 0 1
    outer loop
      vertex 26.0392 35.4 1.8
      vertex 26.0392 30.6 1.8
      vertex 26.1087 30.4592 1.8
    endloop
  endfacet
  facet normal -0 0 1
    outer loop
      vertex 25.952 35.2695 1.8
      vertex 26.0392 30.6 1.8
      vertex 26.0392 35.4 1.8
    endloop
  endfacet
  facet normal 0 0 1
    outer loop
      vertex 25.952 35.2695 1.8
      vertex 25.952 30.7305 1.8
      vertex 26.0392 30.6 1.8
    endloop
  endfacet
  facet normal -0 0 1
    outer loop
      vertex 25.8485 35.1515 1.8
      vertex 25.952 30.7305 1.8
      vertex 25.952 35.2695 1.8
    endloop
  endfacet
  facet normal 0 0 1
    outer loop
      vertex 25.8485 35.1515 1.8
      vertex 25.8485 30.8485 1.8
      vertex 25.952 30.7305 1.8
    endloop
  endfacet
  facet normal -0 0 1
    outer loop
      vertex 25.7305 35.048 1.8
      vertex 25.8485 30.8485 1.8
      vertex 25.8485 35.1515 1.8
    endloop
  endfacet
  facet normal 0 0 1
    outer loop
      vertex 25.7305 35.048 1.8
      vertex 25.7305 30.952 1.8
      vertex 25.8485 30.8485 1.8
    endloop
  endfacet
  facet normal -0 0 1
    outer loop
      vertex 25.6 34.9608 1.8
      vertex 25.7305 30.952 1.8
      vertex 25.7305 35.048 1.8
    endloop
  endfacet
  facet normal 0 0 1
    outer loop
      vertex 25.6 34.9608 1.8
      vertex 25.6 31.0392 1.8
      vertex 25.7305 30.952 1.8
    endloop
  endfacet
  facet normal -0 0 1
    outer loop
      vertex 25.4592 34.8913 1.8
      vertex 25.6 31.0392 1.8
      vertex 25.6 34.9608 1.8
    endloop
  endfacet
  facet normal 0 0 1
    outer loop
      vertex 25.4592 34.8913 1.8
      vertex 25.4592 31.1087 1.8
      vertex 25.6 31.0392 1.8
    endloop
  endfacet
  facet normal -0 0 1
    outer loop
      vertex 25.3106 34.8409 1.8
      vertex 25.4592 31.1087 1.8
      vertex 25.4592 34.8913 1.8
    endloop
  endfacet
  facet normal 0 0 1
    outer loop
      vertex 25.3106 34.8409 1.8
      vertex 25.3106 31.1591 1.8
      vertex 25.4592 31.1087 1.8
    endloop
  endfacet
  facet normal -0 0 1
    outer loop
      vertex 25.1566 34.8103 1.8
      vertex 25.3106 31.1591 1.8
      vertex 25.3106 34.8409 1.8
    endloop
  endfacet
  facet normal 0 0 1
    outer loop
      vertex 25.1566 34.8103 1.8
      vertex 25.1566 31.1897 1.8
      vertex 25.3106 31.1591 1.8
    endloop
  endfacet
  facet normal -0 0 1
    outer loop
      vertex 25 34.8 1.8
      vertex 25.1566 31.1897 1.8
      vertex 25.1566 34.8103 1.8
    endloop
  endfacet
  facet normal 0 0 1
    outer loop
      vertex 25 34.8 1.8
      vertex 25 31.2 1.8
      vertex 25.1566 31.1897 1.8
    endloop
  endfacet
  facet normal -0 0 1
    outer loop
      vertex 12 34.8 1.8
      vertex 25 31.2 1.8
      vertex 25 34.8 1.8
    endloop
  endfacet
  facet normal 0 0 1
    outer loop
      vertex 12 34.8 1.8
      vertex 12 31.2 1.8
      vertex 25 31.2 1.8
    endloop
  endfacet
  facet normal 0 0 1
    outer loop
      vertex 11.8434 34.8103 1.8
      vertex 12 31.2 1.8
      vertex 12 34.8 1.8
    endloop
  endfacet
  facet normal 0 0 1
    outer loop
      vertex 11.8434 34.8103 1.8
      vertex 11.8434 31.1897 1.8
      vertex 12 31.2 1.8
    endloop
  endfacet
  facet normal 0 0 1
    outer loop
      vertex 11.6894 34.8409 1.8
      vertex 11.8434 31.1897 1.8
      vertex 11.8434 34.8103 1.8
    endloop
  endfacet
  facet normal 0 0 1
    outer loop
      vertex 11.6894 34.8409 1.8
      vertex 11.6894 31.1591 1.8
      vertex 11.8434 31.1897 1.8
    endloop
  endfacet
  facet normal 0 0 1
    outer loop
      vertex 11.5408 34.8913 1.8
      vertex 11.6894 31.1591 1.8
      vertex 11.6894 34.8409 1.8
    endloop
  endfacet
  facet normal 0 0 1
    outer loop
      vertex 11.5408 34.8913 1.8
      vertex 11.5408 31.1087 1.8
      vertex 11.6894 31.1591 1.8
    endloop
  endfacet
  facet normal 0 0 1
    outer loop
      vertex 11.4 34.9608 1.8
      vertex 11.5408 31.1087 1.8
      vertex 11.5408 34.8913 1.8
    endloop
  endfacet
  facet normal 0 0 1
    outer loop
      vertex 11.4 34.9608 1.8
      vertex 11.4 31.0392 1.8
      vertex 11.5408 31.1087 1.8
    endloop
  endfacet
  facet normal 0 0 1
    outer loop
      vertex 11.2695 35.048 1.8
      vertex 11.4 31.0392 1.8
      vertex 11.4 34.9608 1.8
    endloop
  endfacet
  facet normal 0 0 1
    outer loop
      vertex 11.2695 35.048 1.8
      vertex 11.2695 30.952 1.8
      vertex 11.4 31.0392 1.8
    endloop
  endfacet
  facet normal 0 0 1
    outer loop
      vertex 11.1515 35.1515 1.8
      vertex 11.2695 30.952 1.8
      vertex 11.2695 35.048 1.8
    endloop
  endfacet
  facet normal 0 0 1
    outer loop
      vertex 11.1515 35.1515 1.8
      vertex 11.1515 30.8485 1.8
      vertex 11.2695 30.952 1.8
    endloop
  endfacet
  facet normal 0 0 1
    outer loop
      vertex 11.048 35.2695 1.8
      vertex 11.1515 30.8485 1.8
      vertex 11.1515 35.1515 1.8
    endloop
  endfacet
  facet normal 0 0 1
    outer loop
      vertex 11.048 35.2695 1.8
      vertex 11.048 30.7305 1.8
      vertex 11.1515 30.8485 1.8
    endloop
  endfacet
  facet normal 0 0 1
    outer loop
      vertex 10.9608 35.4 1.8
      vertex 11.048 30.7305 1.8
      vertex 11.048 35.2695 1.8
    endloop
  endfacet
  facet normal 0 0 1
    outer loop
      vertex 10.9608 35.4 1.8
      vertex 10.9608 30.6 1.8
      vertex 11.048 30.7305 1.8
    endloop
  endfacet
  facet normal 0 0 1
    outer loop
      vertex 10.8913 35.5408 1.8
      vertex 10.9608 30.6 1.8
      vertex 10.9608 35.4 1.8
    endloop
  endfacet
  facet normal 0 0 1
    outer loop
      vertex 10.8913 35.5408 1.8
      vertex 10.8913 30.4592 1.8
      vertex 10.9608 30.6 1.8
    endloop
  endfacet
  facet normal 0 0 1
    outer loop
      vertex 10.8409 35.6894 1.8
      vertex 10.8913 30.4592 1.8
      vertex 10.8913 35.5408 1.8
    endloop
  endfacet
  facet normal 0 0 1
    outer loop
      vertex 10.8409 35.6894 1.8
      vertex 10.8409 30.3106 1.8
      vertex 10.8913 30.4592 1.8
    endloop
  endfacet
  facet normal 0 0 1
    outer loop
      vertex 10.8103 35.8434 1.8
      vertex 10.8409 30.3106 1.8
      vertex 10.8409 35.6894 1.8
    endloop
  endfacet
  facet normal 0 0 1
    outer loop
      vertex 10.8103 35.8434 1.8
      vertex 10.8103 30.1566 1.8
      vertex 10.8409 30.3106 1.8
    endloop
  endfacet
  facet normal 0 0 1
    outer loop
      vertex 10.8409 36.3106 1.8
      vertex 1.8 45 1.8
      vertex 10.8103 36.1566 1.8
    endloop
  endfacet
  facet normal 0 0 1
    outer loop
      vertex 10.8103 36.1566 1.8
      vertex 1.8 45 1.8
      vertex 10.8 36 1.8
    endloop
  endfacet
  facet normal 0 0 1
    outer loop
      vertex 26.1591 41.6894 1.8
      vertex 30.49 45 1.8
      vertex 26.1897 41.8434 1.8
    endloop
  endfacet
  facet normal 0 0 1
    outer loop
      vertex 30.49 45 1.8
      vertex 26.1897 36.1566 1.8
      vertex 26.2 36 1.8
    endloop
  endfacet
  facet normal 0 0 1
    outer loop
      vertex 26.1087 41.5408 1.8
      vertex 30.49 45 1.8
      vertex 26.1591 41.6894 1.8
    endloop
  endfacet
  facet normal 0 0 1
    outer loop
      vertex 30.49 45 1.8
      vertex 26.1591 36.3106 1.8
      vertex 26.1897 36.1566 1.8
    endloop
  endfacet
  facet normal 0 0 1
    outer loop
      vertex 26.1087 36.4592 1.8
      vertex 30.49 45 1.8
      vertex 26.1087 41.5408 1.8
    endloop
  endfacet
  facet normal 0 0 1
    outer loop
      vertex 30.49 45 1.8
      vertex 26.1087 36.4592 1.8
      vertex 26.1591 36.3106 1.8
    endloop
  endfacet
  facet normal -0 0 1
    outer loop
      vertex 26.0392 41.4 1.8
      vertex 26.1087 36.4592 1.8
      vertex 26.1087 41.5408 1.8
    endloop
  endfacet
  facet normal 0 0 1
    outer loop
      vertex 26.0392 41.4 1.8
      vertex 26.0392 36.6 1.8
      vertex 26.1087 36.4592 1.8
    endloop
  endfacet
  facet normal -0 0 1
    outer loop
      vertex 25.952 41.2695 1.8
      vertex 26.0392 36.6 1.8
      vertex 26.0392 41.4 1.8
    endloop
  endfacet
  facet normal 0 0 1
    outer loop
      vertex 25.952 41.2695 1.8
      vertex 25.952 36.7305 1.8
      vertex 26.0392 36.6 1.8
    endloop
  endfacet
  facet normal -0 0 1
    outer loop
      vertex 25.8485 41.1515 1.8
      vertex 25.952 36.7305 1.8
      vertex 25.952 41.2695 1.8
    endloop
  endfacet
  facet normal 0 0 1
    outer loop
      vertex 25.8485 41.1515 1.8
      vertex 25.8485 36.8485 1.8
      vertex 25.952 36.7305 1.8
    endloop
  endfacet
  facet normal -0 0 1
    outer loop
      vertex 25.7305 41.048 1.8
      vertex 25.8485 36.8485 1.8
      vertex 25.8485 41.1515 1.8
    endloop
  endfacet
  facet normal 0 0 1
    outer loop
      vertex 25.7305 41.048 1.8
      vertex 25.7305 36.952 1.8
      vertex 25.8485 36.8485 1.8
    endloop
  endfacet
  facet normal -0 0 1
    outer loop
      vertex 25.6 40.9608 1.8
      vertex 25.7305 36.952 1.8
      vertex 25.7305 41.048 1.8
    endloop
  endfacet
  facet normal 0 0 1
    outer loop
      vertex 25.6 40.9608 1.8
      vertex 25.6 37.0392 1.8
      vertex 25.7305 36.952 1.8
    endloop
  endfacet
  facet normal -0 0 1
    outer loop
      vertex 25.4592 40.8913 1.8
      vertex 25.6 37.0392 1.8
      vertex 25.6 40.9608 1.8
    endloop
  endfacet
  facet normal 0 0 1
    outer loop
      vertex 25.4592 40.8913 1.8
      vertex 25.4592 37.1087 1.8
      vertex 25.6 37.0392 1.8
    endloop
  endfacet
  facet normal -0 0 1
    outer loop
      vertex 25.3106 40.8409 1.8
      vertex 25.4592 37.1087 1.8
      vertex 25.4592 40.8913 1.8
    endloop
  endfacet
  facet normal 0 0 1
    outer loop
      vertex 25.3106 40.8409 1.8
      vertex 25.3106 37.1591 1.8
      vertex 25.4592 37.1087 1.8
    endloop
  endfacet
  facet normal -0 0 1
    outer loop
      vertex 25.1566 40.8103 1.8
      vertex 25.3106 37.1591 1.8
      vertex 25.3106 40.8409 1.8
    endloop
  endfacet
  facet normal 0 0 1
    outer loop
      vertex 25.1566 40.8103 1.8
      vertex 25.1566 37.1897 1.8
      vertex 25.3106 37.1591 1.8
    endloop
  endfacet
  facet normal -0 0 1
    outer loop
      vertex 25 40.8 1.8
      vertex 25.1566 37.1897 1.8
      vertex 25.1566 40.8103 1.8
    endloop
  endfacet
  facet normal 0 0 1
    outer loop
      vertex 25 40.8 1.8
      vertex 25 37.2 1.8
      vertex 25.1566 37.1897 1.8
    endloop
  endfacet
  facet normal -0 0 1
    outer loop
      vertex 12 40.8 1.8
      vertex 25 37.2 1.8
      vertex 25 40.8 1.8
    endloop
  endfacet
  facet normal 0 0 1
    outer loop
      vertex 12 40.8 1.8
      vertex 12 37.2 1.8
      vertex 25 37.2 1.8
    endloop
  endfacet
  facet normal 0 0 1
    outer loop
      vertex 11.8434 40.8103 1.8
      vertex 12 37.2 1.8
      vertex 12 40.8 1.8
    endloop
  endfacet
  facet normal 0 0 1
    outer loop
      vertex 11.8434 40.8103 1.8
      vertex 11.8434 37.1897 1.8
      vertex 12 37.2 1.8
    endloop
  endfacet
  facet normal 0 0 1
    outer loop
      vertex 11.6894 40.8409 1.8
      vertex 11.8434 37.1897 1.8
      vertex 11.8434 40.8103 1.8
    endloop
  endfacet
  facet normal 0 0 1
    outer loop
      vertex 11.6894 40.8409 1.8
      vertex 11.6894 37.1591 1.8
      vertex 11.8434 37.1897 1.8
    endloop
  endfacet
  facet normal 0 0 1
    outer loop
      vertex 11.5408 40.8913 1.8
      vertex 11.6894 37.1591 1.8
      vertex 11.6894 40.8409 1.8
    endloop
  endfacet
  facet normal 0 0 1
    outer loop
      vertex 11.5408 40.8913 1.8
      vertex 11.5408 37.1087 1.8
      vertex 11.6894 37.1591 1.8
    endloop
  endfacet
  facet normal 0 0 1
    outer loop
      vertex 11.4 40.9608 1.8
      vertex 11.5408 37.1087 1.8
      vertex 11.5408 40.8913 1.8
    endloop
  endfacet
  facet normal 0 0 1
    outer loop
      vertex 11.4 40.9608 1.8
      vertex 11.4 37.0392 1.8
      vertex 11.5408 37.1087 1.8
    endloop
  endfacet
  facet normal 0 0 1
    outer loop
      vertex 11.2695 41.048 1.8
      vertex 11.4 37.0392 1.8
      vertex 11.4 40.9608 1.8
    endloop
  endfacet
  facet normal 0 0 1
    outer loop
      vertex 11.2695 41.048 1.8
      vertex 11.2695 36.952 1.8
      vertex 11.4 37.0392 1.8
    endloop
  endfacet
  facet normal 0 0 1
    outer loop
      vertex 11.1515 41.1515 1.8
      vertex 11.2695 36.952 1.8
      vertex 11.2695 41.048 1.8
    endloop
  endfacet
  facet normal 0 0 1
    outer loop
      vertex 11.1515 41.1515 1.8
      vertex 11.1515 36.8485 1.8
      vertex 11.2695 36.952 1.8
    endloop
  endfacet
  facet normal 0 0 1
    outer loop
      vertex 11.048 41.2695 1.8
      vertex 11.1515 36.8485 1.8
      vertex 11.1515 41.1515 1.8
    endloop
  endfacet
  facet normal 0 0 1
    outer loop
      vertex 11.048 41.2695 1.8
      vertex 11.048 36.7305 1.8
      vertex 11.1515 36.8485 1.8
    endloop
  endfacet
  facet normal 0 0 1
    outer loop
      vertex 10.9608 41.4 1.8
      vertex 11.048 36.7305 1.8
      vertex 11.048 41.2695 1.8
    endloop
  endfacet
  facet normal 0 0 1
    outer loop
      vertex 10.9608 41.4 1.8
      vertex 10.9608 36.6 1.8
      vertex 11.048 36.7305 1.8
    endloop
  endfacet
  facet normal 0 0 1
    outer loop
      vertex 10.8913 41.5408 1.8
      vertex 10.9608 36.6 1.8
      vertex 10.9608 41.4 1.8
    endloop
  endfacet
  facet normal 0 0 1
    outer loop
      vertex 10.8913 41.5408 1.8
      vertex 10.8913 36.4592 1.8
      vertex 10.9608 36.6 1.8
    endloop
  endfacet
  facet normal 0 0 1
    outer loop
      vertex 6.6 45 1.8
      vertex 10.8913 41.5408 1.8
      vertex 10.8409 41.6894 1.8
    endloop
  endfacet
  facet normal 0 0 1
    outer loop
      vertex 10.8913 41.5408 1.8
      vertex 6.6 45 1.8
      vertex 10.8913 36.4592 1.8
    endloop
  endfacet
  facet normal 0 0 1
    outer loop
      vertex 10.8 42 1.8
      vertex 6.6 45 1.8
      vertex 10.8103 41.8434 1.8
    endloop
  endfacet
  facet normal 0 0 1
    outer loop
      vertex 10.8103 41.8434 1.8
      vertex 6.6 45 1.8
      vertex 10.8409 41.6894 1.8
    endloop
  endfacet
  facet normal 0 0 1
    outer loop
      vertex 10.8409 42.3106 1.8
      vertex 6.6 45 1.8
      vertex 10.8103 42.1566 1.8
    endloop
  endfacet
  facet normal 0 0 1
    outer loop
      vertex 10.8103 42.1566 1.8
      vertex 6.6 45 1.8
      vertex 10.8 42 1.8
    endloop
  endfacet
  facet normal 0 0 1
    outer loop
      vertex 30.49 49 1.8
      vertex 26.1591 47.6894 1.8
      vertex 30.49 45 1.8
    endloop
  endfacet
  facet normal 0 0 1
    outer loop
      vertex 30.49 45 1.8
      vertex 26.1897 42.1566 1.8
      vertex 26.2 42 1.8
    endloop
  endfacet
  facet normal -0 0 1
    outer loop
      vertex 26.1087 47.5408 1.8
      vertex 30.49 45 1.8
      vertex 26.1591 47.6894 1.8
    endloop
  endfacet
  facet normal 0 0 1
    outer loop
      vertex 30.49 45 1.8
      vertex 26.1591 42.3106 1.8
      vertex 26.1897 42.1566 1.8
    endloop
  endfacet
  facet normal -0 0 1
    outer loop
      vertex 26.0392 47.4 1.8
      vertex 30.49 45 1.8
      vertex 26.1087 47.5408 1.8
    endloop
  endfacet
  facet normal 0 0 1
    outer loop
      vertex 30.49 45 1.8
      vertex 26.1087 42.4592 1.8
      vertex 26.1591 42.3106 1.8
    endloop
  endfacet
  facet normal -0 0 1
    outer loop
      vertex 25.952 47.2695 1.8
      vertex 30.49 45 1.8
      vertex 26.0392 47.4 1.8
    endloop
  endfacet
  facet normal 0 0 1
    outer loop
      vertex 30.49 45 1.8
      vertex 26.0392 42.6 1.8
      vertex 26.1087 42.4592 1.8
    endloop
  endfacet
  facet normal -0 0 1
    outer loop
      vertex 25.8485 47.1515 1.8
      vertex 30.49 45 1.8
      vertex 25.952 47.2695 1.8
    endloop
  endfacet
  facet normal 0 0 1
    outer loop
      vertex 30.49 45 1.8
      vertex 25.952 42.7305 1.8
      vertex 26.0392 42.6 1.8
    endloop
  endfacet
  facet normal 0 0 1
    outer loop
      vertex 25.8485 42.8485 1.8
      vertex 30.49 45 1.8
      vertex 25.8485 47.1515 1.8
    endloop
  endfacet
  facet normal 0 0 1
    outer loop
      vertex 30.49 45 1.8
      vertex 25.8485 42.8485 1.8
      vertex 25.952 42.7305 1.8
    endloop
  endfacet
  facet normal -0 0 1
    outer loop
      vertex 25.7305 47.048 1.8
      vertex 25.8485 42.8485 1.8
      vertex 25.8485 47.1515 1.8
    endloop
  endfacet
  facet normal 0 0 1
    outer loop
      vertex 25.7305 47.048 1.8
      vertex 25.7305 42.952 1.8
      vertex 25.8485 42.8485 1.8
    endloop
  endfacet
  facet normal -0 0 1
    outer loop
      vertex 25.6 46.9608 1.8
      vertex 25.7305 42.952 1.8
      vertex 25.7305 47.048 1.8
    endloop
  endfacet
  facet normal 0 0 1
    outer loop
      vertex 25.6 46.9608 1.8
      vertex 25.6 43.0392 1.8
      vertex 25.7305 42.952 1.8
    endloop
  endfacet
  facet normal -0 0 1
    outer loop
      vertex 25.4592 46.8913 1.8
      vertex 25.6 43.0392 1.8
      vertex 25.6 46.9608 1.8
    endloop
  endfacet
  facet normal 0 0 1
    outer loop
      vertex 25.4592 46.8913 1.8
      vertex 25.4592 43.1087 1.8
      vertex 25.6 43.0392 1.8
    endloop
  endfacet
  facet normal -0 0 1
    outer loop
      vertex 25.3106 46.8409 1.8
      vertex 25.4592 43.1087 1.8
      vertex 25.4592 46.8913 1.8
    endloop
  endfacet
  facet normal 0 0 1
    outer loop
      vertex 25.3106 46.8409 1.8
      vertex 25.3106 43.1591 1.8
      vertex 25.4592 43.1087 1.8
    endloop
  endfacet
  facet normal -0 0 1
    outer loop
      vertex 25.1566 46.8103 1.8
      vertex 25.3106 43.1591 1.8
      vertex 25.3106 46.8409 1.8
    endloop
  endfacet
  facet normal 0 0 1
    outer loop
      vertex 25.1566 46.8103 1.8
      vertex 25.1566 43.1897 1.8
      vertex 25.3106 43.1591 1.8
    endloop
  endfacet
  facet normal -0 0 1
    outer loop
      vertex 25 46.8 1.8
      vertex 25.1566 43.1897 1.8
      vertex 25.1566 46.8103 1.8
    endloop
  endfacet
  facet normal 0 0 1
    outer loop
      vertex 25 46.8 1.8
      vertex 25 43.2 1.8
      vertex 25.1566 43.1897 1.8
    endloop
  endfacet
  facet normal -0 0 1
    outer loop
      vertex 12 46.8 1.8
      vertex 25 43.2 1.8
      vertex 25 46.8 1.8
    endloop
  endfacet
  facet normal 0 0 1
    outer loop
      vertex 12 46.8 1.8
      vertex 12 43.2 1.8
      vertex 25 43.2 1.8
    endloop
  endfacet
  facet normal 0 0 1
    outer loop
      vertex 11.8434 46.8103 1.8
      vertex 12 43.2 1.8
      vertex 12 46.8 1.8
    endloop
  endfacet
  facet normal 0 0 1
    outer loop
      vertex 11.8434 46.8103 1.8
      vertex 11.8434 43.1897 1.8
      vertex 12 43.2 1.8
    endloop
  endfacet
  facet normal 0 0 1
    outer loop
      vertex 11.6894 46.8409 1.8
      vertex 11.8434 43.1897 1.8
      vertex 11.8434 46.8103 1.8
    endloop
  endfacet
  facet normal 0 0 1
    outer loop
      vertex 11.6894 46.8409 1.8
      vertex 11.6894 43.1591 1.8
      vertex 11.8434 43.1897 1.8
    endloop
  endfacet
  facet normal 0 0 1
    outer loop
      vertex 11.5408 46.8913 1.8
      vertex 11.6894 43.1591 1.8
      vertex 11.6894 46.8409 1.8
    endloop
  endfacet
  facet normal 0 0 1
    outer loop
      vertex 11.5408 46.8913 1.8
      vertex 11.5408 43.1087 1.8
      vertex 11.6894 43.1591 1.8
    endloop
  endfacet
  facet normal 0 0 1
    outer loop
      vertex 11.4 46.9608 1.8
      vertex 11.5408 43.1087 1.8
      vertex 11.5408 46.8913 1.8
    endloop
  endfacet
  facet normal 0 0 1
    outer loop
      vertex 11.4 46.9608 1.8
      vertex 11.4 43.0392 1.8
      vertex 11.5408 43.1087 1.8
    endloop
  endfacet
  facet normal 0 0 1
    outer loop
      vertex 11.2695 47.048 1.8
      vertex 11.4 43.0392 1.8
      vertex 11.4 46.9608 1.8
    endloop
  endfacet
  facet normal 0 0 1
    outer loop
      vertex 11.2695 47.048 1.8
      vertex 11.2695 42.952 1.8
      vertex 11.4 43.0392 1.8
    endloop
  endfacet
  facet normal 0 0 1
    outer loop
      vertex 11.1515 47.1515 1.8
      vertex 11.2695 42.952 1.8
      vertex 11.2695 47.048 1.8
    endloop
  endfacet
  facet normal 0 0 1
    outer loop
      vertex 11.1515 47.1515 1.8
      vertex 11.1515 42.8485 1.8
      vertex 11.2695 42.952 1.8
    endloop
  endfacet
  facet normal 0 0 1
    outer loop
      vertex 6.6 45 1.8
      vertex 11.1515 47.1515 1.8
      vertex 11.048 47.2695 1.8
    endloop
  endfacet
  facet normal 0 0 1
    outer loop
      vertex 11.1515 47.1515 1.8
      vertex 6.6 45 1.8
      vertex 11.1515 42.8485 1.8
    endloop
  endfacet
  facet normal 0 0 1
    outer loop
      vertex 10.8913 47.5408 1.8
      vertex 6.6 45 1.8
      vertex 10.9608 47.4 1.8
    endloop
  endfacet
  facet normal 0 0 1
    outer loop
      vertex 10.9608 47.4 1.8
      vertex 6.6 45 1.8
      vertex 11.048 47.2695 1.8
    endloop
  endfacet
  facet normal 0 0 1
    outer loop
      vertex 10.8409 47.6894 1.8
      vertex 6.6 45 1.8
      vertex 10.8913 47.5408 1.8
    endloop
  endfacet
  facet normal 0 0 1
    outer loop
      vertex 11.1515 42.8485 1.8
      vertex 6.6 45 1.8
      vertex 11.048 42.7305 1.8
    endloop
  endfacet
  facet normal 0 0 1
    outer loop
      vertex 6.6 45 1.8
      vertex 10.8409 47.6894 1.8
      vertex 6.6 49 1.8
    endloop
  endfacet
  facet normal 0 0 1
    outer loop
      vertex 11.048 42.7305 1.8
      vertex 6.6 45 1.8
      vertex 10.9608 42.6 1.8
    endloop
  endfacet
  facet normal 0 0 1
    outer loop
      vertex 6.6 49 1.8
      vertex 10.8409 47.6894 1.8
      vertex 10.8103 47.8434 1.8
    endloop
  endfacet
  facet normal 0 0 1
    outer loop
      vertex 10.9608 42.6 1.8
      vertex 6.6 45 1.8
      vertex 10.8913 42.4592 1.8
    endloop
  endfacet
  facet normal 0 0 1
    outer loop
      vertex 10.8409 48.3106 1.8
      vertex 6.6 49 1.8
      vertex 10.8103 48.1566 1.8
    endloop
  endfacet
  facet normal 0 0 1
    outer loop
      vertex 10.8103 48.1566 1.8
      vertex 6.6 49 1.8
      vertex 10.8 48 1.8
    endloop
  endfacet
  facet normal 0 0 1
    outer loop
      vertex 30.49 56.782 1.8
      vertex 26.1591 53.6894 1.8
      vertex 30.49 49 1.8
    endloop
  endfacet
  facet normal 0 0 1
    outer loop
      vertex 30.49 49 1.8
      vertex 26.1897 48.1566 1.8
      vertex 26.2 48 1.8
    endloop
  endfacet
  facet normal -0 0 1
    outer loop
      vertex 26.1087 53.5408 1.8
      vertex 30.49 49 1.8
      vertex 26.1591 53.6894 1.8
    endloop
  endfacet
  facet normal 0 0 1
    outer loop
      vertex 30.49 49 1.8
      vertex 26.1591 48.3106 1.8
      vertex 26.1897 48.1566 1.8
    endloop
  endfacet
  facet normal -0 0 1
    outer loop
      vertex 26.0392 53.4 1.8
      vertex 30.49 49 1.8
      vertex 26.1087 53.5408 1.8
    endloop
  endfacet
  facet normal 0 0 1
    outer loop
      vertex 30.49 49 1.8
      vertex 26.1087 48.4592 1.8
      vertex 26.1591 48.3106 1.8
    endloop
  endfacet
  facet normal -0 0 1
    outer loop
      vertex 25.952 53.2695 1.8
      vertex 30.49 49 1.8
      vertex 26.0392 53.4 1.8
    endloop
  endfacet
  facet normal 0 0 1
    outer loop
      vertex 30.49 49 1.8
      vertex 26.0392 48.6 1.8
      vertex 26.1087 48.4592 1.8
    endloop
  endfacet
  facet normal -0 0 1
    outer loop
      vertex 25.8485 53.1515 1.8
      vertex 30.49 49 1.8
      vertex 25.952 53.2695 1.8
    endloop
  endfacet
  facet normal 0 0 1
    outer loop
      vertex 30.49 49 1.8
      vertex 25.952 48.7305 1.8
      vertex 26.0392 48.6 1.8
    endloop
  endfacet
  facet normal 0 0 1
    outer loop
      vertex 25.8485 48.8485 1.8
      vertex 30.49 49 1.8
      vertex 25.8485 53.1515 1.8
    endloop
  endfacet
  facet normal 0 0 1
    outer loop
      vertex 30.49 49 1.8
      vertex 25.8485 48.8485 1.8
      vertex 25.952 48.7305 1.8
    endloop
  endfacet
  facet normal -0 0 1
    outer loop
      vertex 25.7305 53.048 1.8
      vertex 25.8485 48.8485 1.8
      vertex 25.8485 53.1515 1.8
    endloop
  endfacet
  facet normal 0 0 1
    outer loop
      vertex 25.7305 53.048 1.8
      vertex 25.7305 48.952 1.8
      vertex 25.8485 48.8485 1.8
    endloop
  endfacet
  facet normal -0 0 1
    outer loop
      vertex 25.6 52.9608 1.8
      vertex 25.7305 48.952 1.8
      vertex 25.7305 53.048 1.8
    endloop
  endfacet
  facet normal 0 0 1
    outer loop
      vertex 25.6 52.9608 1.8
      vertex 25.6 49.0392 1.8
      vertex 25.7305 48.952 1.8
    endloop
  endfacet
  facet normal -0 0 1
    outer loop
      vertex 25.4592 52.8913 1.8
      vertex 25.6 49.0392 1.8
      vertex 25.6 52.9608 1.8
    endloop
  endfacet
  facet normal 0 0 1
    outer loop
      vertex 25.4592 52.8913 1.8
      vertex 25.4592 49.1087 1.8
      vertex 25.6 49.0392 1.8
    endloop
  endfacet
  facet normal -0 0 1
    outer loop
      vertex 25.3106 52.8409 1.8
      vertex 25.4592 49.1087 1.8
      vertex 25.4592 52.8913 1.8
    endloop
  endfacet
  facet normal 0 0 1
    outer loop
      vertex 25.3106 52.8409 1.8
      vertex 25.3106 49.1591 1.8
      vertex 25.4592 49.1087 1.8
    endloop
  endfacet
  facet normal -0 0 1
    outer loop
      vertex 25.1566 52.8103 1.8
      vertex 25.3106 49.1591 1.8
      vertex 25.3106 52.8409 1.8
    endloop
  endfacet
  facet normal 0 0 1
    outer loop
      vertex 25.1566 52.8103 1.8
      vertex 25.1566 49.1897 1.8
      vertex 25.3106 49.1591 1.8
    endloop
  endfacet
  facet normal -0 0 1
    outer loop
      vertex 25 52.8 1.8
      vertex 25.1566 49.1897 1.8
      vertex 25.1566 52.8103 1.8
    endloop
  endfacet
  facet normal 0 0 1
    outer loop
      vertex 25 52.8 1.8
      vertex 25 49.2 1.8
      vertex 25.1566 49.1897 1.8
    endloop
  endfacet
  facet normal -0 0 1
    outer loop
      vertex 12 52.8 1.8
      vertex 25 49.2 1.8
      vertex 25 52.8 1.8
    endloop
  endfacet
  facet normal 0 0 1
    outer loop
      vertex 12 52.8 1.8
      vertex 12 49.2 1.8
      vertex 25 49.2 1.8
    endloop
  endfacet
  facet normal 0 0 1
    outer loop
      vertex 11.8434 52.8103 1.8
      vertex 12 49.2 1.8
      vertex 12 52.8 1.8
    endloop
  endfacet
  facet normal 0 0 1
    outer loop
      vertex 11.8434 52.8103 1.8
      vertex 11.8434 49.1897 1.8
      vertex 12 49.2 1.8
    endloop
  endfacet
  facet normal 0 0 1
    outer loop
      vertex 11.6894 52.8409 1.8
      vertex 11.8434 49.1897 1.8
      vertex 11.8434 52.8103 1.8
    endloop
  endfacet
  facet normal 0 0 1
    outer loop
      vertex 11.6894 52.8409 1.8
      vertex 11.6894 49.1591 1.8
      vertex 11.8434 49.1897 1.8
    endloop
  endfacet
  facet normal 0 0 1
    outer loop
      vertex 11.5408 52.8913 1.8
      vertex 11.6894 49.1591 1.8
      vertex 11.6894 52.8409 1.8
    endloop
  endfacet
  facet normal 0 0 1
    outer loop
      vertex 11.5408 52.8913 1.8
      vertex 11.5408 49.1087 1.8
      vertex 11.6894 49.1591 1.8
    endloop
  endfacet
  facet normal 0 0 1
    outer loop
      vertex 11.4 52.9608 1.8
      vertex 11.5408 49.1087 1.8
      vertex 11.5408 52.8913 1.8
    endloop
  endfacet
  facet normal 0 0 1
    outer loop
      vertex 11.4 52.9608 1.8
      vertex 11.4 49.0392 1.8
      vertex 11.5408 49.1087 1.8
    endloop
  endfacet
  facet normal 0 0 1
    outer loop
      vertex 11.2695 53.048 1.8
      vertex 11.4 49.0392 1.8
      vertex 11.4 52.9608 1.8
    endloop
  endfacet
  facet normal 0 0 1
    outer loop
      vertex 11.2695 53.048 1.8
      vertex 11.2695 48.952 1.8
      vertex 11.4 49.0392 1.8
    endloop
  endfacet
  facet normal 0 0 1
    outer loop
      vertex 11.1515 53.1515 1.8
      vertex 11.2695 48.952 1.8
      vertex 11.2695 53.048 1.8
    endloop
  endfacet
  facet normal 0 0 1
    outer loop
      vertex 11.1515 53.1515 1.8
      vertex 11.1515 48.8485 1.8
      vertex 11.2695 48.952 1.8
    endloop
  endfacet
  facet normal 0 0 1
    outer loop
      vertex 6.6 49 1.8
      vertex 11.1515 53.1515 1.8
      vertex 11.048 53.2695 1.8
    endloop
  endfacet
  facet normal 0 0 1
    outer loop
      vertex 11.1515 53.1515 1.8
      vertex 6.6 49 1.8
      vertex 11.1515 48.8485 1.8
    endloop
  endfacet
  facet normal 0 0 1
    outer loop
      vertex 6.6 49 1.8
      vertex 11.048 53.2695 1.8
      vertex 10.9608 53.4 1.8
    endloop
  endfacet
  facet normal 0 0 1
    outer loop
      vertex 11.1515 48.8485 1.8
      vertex 6.6 49 1.8
      vertex 11.048 48.7305 1.8
    endloop
  endfacet
  facet normal 0 0 1
    outer loop
      vertex 6.6 49 1.8
      vertex 10.9608 53.4 1.8
      vertex 10.8913 53.5408 1.8
    endloop
  endfacet
  facet normal 0 0 1
    outer loop
      vertex 11.048 48.7305 1.8
      vertex 6.6 49 1.8
      vertex 10.9608 48.6 1.8
    endloop
  endfacet
  facet normal 0 0 1
    outer loop
      vertex 6.6 49 1.8
      vertex 10.8409 53.6894 1.8
      vertex 6.6 56.782 1.8
    endloop
  endfacet
  facet normal 0 0 1
    outer loop
      vertex 10.8409 53.6894 1.8
      vertex 6.6 49 1.8
      vertex 10.8913 53.5408 1.8
    endloop
  endfacet
  facet normal 0 0 1
    outer loop
      vertex 10.8 54 1.8
      vertex 6.6 56.782 1.8
      vertex 10.8103 53.8434 1.8
    endloop
  endfacet
  facet normal 0 0 1
    outer loop
      vertex 10.8103 53.8434 1.8
      vertex 6.6 56.782 1.8
      vertex 10.8409 53.6894 1.8
    endloop
  endfacet
  facet normal 0 0 1
    outer loop
      vertex 10.8103 54.1566 1.8
      vertex 6.6 56.782 1.8
      vertex 10.8 54 1.8
    endloop
  endfacet
  facet normal 0 0 1
    outer loop
      vertex 10.9608 48.6 1.8
      vertex 6.6 49 1.8
      vertex 10.8913 48.4592 1.8
    endloop
  endfacet
  facet normal 0 0 1
    outer loop
      vertex 30.49 56.782 1.8
      vertex 26.1897 54.1566 1.8
      vertex 26.2 54 1.8
    endloop
  endfacet
  facet normal 0 0 1
    outer loop
      vertex 30.49 56.782 1.8
      vertex 26.1591 54.3106 1.8
      vertex 26.1897 54.1566 1.8
    endloop
  endfacet
  facet normal 0 0 1
    outer loop
      vertex 30.49 56.782 1.8
      vertex 26.1087 54.4592 1.8
      vertex 26.1591 54.3106 1.8
    endloop
  endfacet
  facet normal 0 0 1
    outer loop
      vertex 30.49 56.782 1.8
      vertex 26.0392 54.6 1.8
      vertex 26.1087 54.4592 1.8
    endloop
  endfacet
  facet normal 0 0 1
    outer loop
      vertex 30.49 56.782 1.8
      vertex 25.952 54.7305 1.8
      vertex 26.0392 54.6 1.8
    endloop
  endfacet
  facet normal 0 0 1
    outer loop
      vertex 30.49 56.782 1.8
      vertex 25.8485 54.8485 1.8
      vertex 25.952 54.7305 1.8
    endloop
  endfacet
  facet normal 0 0 1
    outer loop
      vertex 30.49 56.782 1.8
      vertex 25.7305 54.952 1.8
      vertex 25.8485 54.8485 1.8
    endloop
  endfacet
  facet normal 0 0 1
    outer loop
      vertex 30.49 56.782 1.8
      vertex 25.6 55.0392 1.8
      vertex 25.7305 54.952 1.8
    endloop
  endfacet
  facet normal 0 0 1
    outer loop
      vertex 30.49 56.782 1.8
      vertex 25.4592 55.1087 1.8
      vertex 25.6 55.0392 1.8
    endloop
  endfacet
  facet normal 0 0 1
    outer loop
      vertex 29.29 61.932 1.8
      vertex 25.3106 55.1591 1.8
      vertex 25.4592 55.1087 1.8
    endloop
  endfacet
  facet normal 0 0 1
    outer loop
      vertex 29.29 61.932 1.8
      vertex 25.1566 55.1897 1.8
      vertex 25.3106 55.1591 1.8
    endloop
  endfacet
  facet normal 0 0 1
    outer loop
      vertex 29.29 61.932 1.8
      vertex 25 55.2 1.8
      vertex 25.1566 55.1897 1.8
    endloop
  endfacet
  facet normal 0 0 1
    outer loop
      vertex 29.29 61.932 1.8
      vertex 12 55.2 1.8
      vertex 25 55.2 1.8
    endloop
  endfacet
  facet normal -0 0 1
    outer loop
      vertex 7.8 61.932 1.8
      vertex 12 55.2 1.8
      vertex 29.29 61.932 1.8
    endloop
  endfacet
  facet normal 0 0 1
    outer loop
      vertex 12 55.2 1.8
      vertex 7.8 61.932 1.8
      vertex 11.8434 55.1897 1.8
    endloop
  endfacet
  facet normal 0 0 1
    outer loop
      vertex 11.8434 55.1897 1.8
      vertex 7.8 61.932 1.8
      vertex 11.6894 55.1591 1.8
    endloop
  endfacet
  facet normal 0 0 1
    outer loop
      vertex 10.8913 48.4592 1.8
      vertex 6.6 49 1.8
      vertex 10.8409 48.3106 1.8
    endloop
  endfacet
  facet normal 0 0 1
    outer loop
      vertex 10.8 48 1.8
      vertex 6.6 49 1.8
      vertex 10.8103 47.8434 1.8
    endloop
  endfacet
  facet normal 0 0 1
    outer loop
      vertex 10.8913 42.4592 1.8
      vertex 6.6 45 1.8
      vertex 10.8409 42.3106 1.8
    endloop
  endfacet
  facet normal 0 0 1
    outer loop
      vertex 10.8913 36.4592 1.8
      vertex 6.6 45 1.8
      vertex 10.8409 36.3106 1.8
    endloop
  endfacet
  facet normal 0 0 1
    outer loop
      vertex 10.8409 54.3106 1.8
      vertex 6.6 56.782 1.8
      vertex 10.8103 54.1566 1.8
    endloop
  endfacet
  facet normal -0 0 1
    outer loop
      vertex 1.8 45 1.8
      vertex 10.8409 36.3106 1.8
      vertex 6.6 45 1.8
    endloop
  endfacet
  facet normal 0 0 1
    outer loop
      vertex 10.8913 54.4592 1.8
      vertex 6.6 56.782 1.8
      vertex 10.8409 54.3106 1.8
    endloop
  endfacet
  facet normal 0 0 1
    outer loop
      vertex 10.9608 54.6 1.8
      vertex 6.6 56.782 1.8
      vertex 10.8913 54.4592 1.8
    endloop
  endfacet
  facet normal 0 0 1
    outer loop
      vertex 11.048 54.7305 1.8
      vertex 6.6 56.782 1.8
      vertex 10.9608 54.6 1.8
    endloop
  endfacet
  facet normal 0 0 1
    outer loop
      vertex 11.1515 54.8485 1.8
      vertex 6.6 56.782 1.8
      vertex 11.048 54.7305 1.8
    endloop
  endfacet
  facet normal 0 0 1
    outer loop
      vertex 11.2695 54.952 1.8
      vertex 6.6 56.782 1.8
      vertex 11.1515 54.8485 1.8
    endloop
  endfacet
  facet normal 0 0 1
    outer loop
      vertex 11.4 55.0392 1.8
      vertex 6.6 56.782 1.8
      vertex 11.2695 54.952 1.8
    endloop
  endfacet
  facet normal 0 0 1
    outer loop
      vertex 11.5408 55.1087 1.8
      vertex 6.6 56.782 1.8
      vertex 11.4 55.0392 1.8
    endloop
  endfacet
  facet normal 0 0 1
    outer loop
      vertex 7.8 61.932 1.8
      vertex 6.6 56.782 1.8
      vertex 11.5408 55.1087 1.8
    endloop
  endfacet
  facet normal 0 0 1
    outer loop
      vertex 6.6 56.782 1.8
      vertex 7.8 61.932 1.8
      vertex 6.6 60.782 1.8
    endloop
  endfacet
  facet normal 0 0 1
    outer loop
      vertex 11.6894 55.1591 1.8
      vertex 7.8 61.932 1.8
      vertex 11.5408 55.1087 1.8
    endloop
  endfacet
  facet normal -0 0 1
    outer loop
      vertex 29.29 63.132 1.8
      vertex 35.29 60.782 1.8
      vertex 35.29 66.982 1.8
    endloop
  endfacet
  facet normal 0 0 1
    outer loop
      vertex 29.29 61.932 1.8
      vertex 30.49 56.782 1.8
      vertex 30.49 60.782 1.8
    endloop
  endfacet
  facet normal 0 0 1
    outer loop
      vertex 26.1897 53.8434 1.8
      vertex 30.49 56.782 1.8
      vertex 26.2 54 1.8
    endloop
  endfacet
  facet normal 0 0 1
    outer loop
      vertex 26.1591 53.6894 1.8
      vertex 30.49 56.782 1.8
      vertex 26.1897 53.8434 1.8
    endloop
  endfacet
  facet normal 0 0 1
    outer loop
      vertex 26.1897 41.8434 1.8
      vertex 30.49 45 1.8
      vertex 26.2 42 1.8
    endloop
  endfacet
  facet normal 0 0 1
    outer loop
      vertex 30.49 45 1.8
      vertex 26.2 36 1.8
      vertex 30.49 25 1.8
    endloop
  endfacet
  facet normal -0 0 1
    outer loop
      vertex 26.1897 29.8434 1.8
      vertex 30.49 25 1.8
      vertex 26.2 30 1.8
    endloop
  endfacet
  facet normal 0 0 1
    outer loop
      vertex 26.1591 23.6894 1.8
      vertex 30.49 25 1.8
      vertex 26.1897 23.8434 1.8
    endloop
  endfacet
  facet normal 0 0 1
    outer loop
      vertex 25.4592 55.1087 1.8
      vertex 30.49 56.782 1.8
      vertex 29.29 61.932 1.8
    endloop
  endfacet
  facet normal -0 0 1
    outer loop
      vertex 29.29 61.932 1.8
      vertex 30.49 60.782 1.8
      vertex 29.29 63.132 1.8
    endloop
  endfacet
  facet normal 0 0 1
    outer loop
      vertex 35.29 60.782 1.8
      vertex 29.29 63.132 1.8
      vertex 30.49 60.782 1.8
    endloop
  endfacet
  facet normal 0 0 1
    outer loop
      vertex 35.29 66.982 1.8
      vertex 7.8 63.132 1.8
      vertex 29.29 63.132 1.8
    endloop
  endfacet
  facet normal 0 0 1
    outer loop
      vertex 6.6 60.782 1.8
      vertex 7.8 61.932 1.8
      vertex 7.8 63.132 1.8
    endloop
  endfacet
  facet normal 0 0 1
    outer loop
      vertex 10.8 30 1.8
      vertex 6.8 2.85 1.8
      vertex 10.8 24 1.8
    endloop
  endfacet
  facet normal -0 0 1
    outer loop
      vertex 1.8 66.982 1.8
      vertex 7.8 63.132 1.8
      vertex 35.29 66.982 1.8
    endloop
  endfacet
  facet normal 0 0 1
    outer loop
      vertex 1.8 60.782 1.8
      vertex 7.8 63.132 1.8
      vertex 1.8 66.982 1.8
    endloop
  endfacet
  facet normal 0 0 1
    outer loop
      vertex 7.8 63.132 1.8
      vertex 1.8 60.782 1.8
      vertex 6.6 60.782 1.8
    endloop
  endfacet
  facet normal -0 0 1
    outer loop
      vertex 30.49 56.782 1.8
      vertex 35.29 49 1.8
      vertex 35.29 56.782 1.8
    endloop
  endfacet
  facet normal 0 0 1
    outer loop
      vertex 35.29 49 1.8
      vertex 30.49 56.782 1.8
      vertex 30.49 49 1.8
    endloop
  endfacet
  facet normal -0 0 1
    outer loop
      vertex 30.49 45 1.8
      vertex 35.29 25 1.8
      vertex 35.29 45 1.8
    endloop
  endfacet
  facet normal 0 0 1
    outer loop
      vertex 35.29 25 1.8
      vertex 30.49 45 1.8
      vertex 30.49 25 1.8
    endloop
  endfacet
  facet normal -0 0 1
    outer loop
      vertex 30.49 21 1.8
      vertex 35.29 7.5 1.8
      vertex 35.29 21 1.8
    endloop
  endfacet
  facet normal 0 0 1
    outer loop
      vertex 35.29 7.5 1.8
      vertex 30.49 21 1.8
      vertex 30.49 7.5 1.8
    endloop
  endfacet
  facet normal 0 0 1
    outer loop
      vertex 35.29 3.5 1.8
      vertex 31.29 2.85 1.8
      vertex 35.29 1.8 1.8
    endloop
  endfacet
  facet normal -0 0 1
    outer loop
      vertex 30.49 3.5 1.8
      vertex 31.29 2.85 1.8
      vertex 35.29 3.5 1.8
    endloop
  endfacet
  facet normal 0 0 1
    outer loop
      vertex 31.29 2.85 1.8
      vertex 30.49 3.5 1.8
      vertex 30.29 2.85 1.8
    endloop
  endfacet
  facet normal -0 0 1
    outer loop
      vertex 31.29 1.85 1.8
      vertex 35.29 1.8 1.8
      vertex 31.29 2.85 1.8
    endloop
  endfacet
  facet normal -0 0 1
    outer loop
      vertex 30.29 1.85 1.8
      vertex 35.29 1.8 1.8
      vertex 31.29 1.85 1.8
    endloop
  endfacet
  facet normal 0 0 1
    outer loop
      vertex 26.1897 23.8434 1.8
      vertex 30.49 25 1.8
      vertex 26.2 24 1.8
    endloop
  endfacet
  facet normal 0 0 1
    outer loop
      vertex 26.1897 47.8434 1.8
      vertex 30.49 49 1.8
      vertex 26.2 48 1.8
    endloop
  endfacet
  facet normal 0 0 1
    outer loop
      vertex 26.1591 47.6894 1.8
      vertex 30.49 49 1.8
      vertex 26.1897 47.8434 1.8
    endloop
  endfacet
  facet normal -0 0 1
    outer loop
      vertex 26.1897 35.8434 1.8
      vertex 30.49 25 1.8
      vertex 26.2 36 1.8
    endloop
  endfacet
  facet normal 0 0 1
    outer loop
      vertex 26.1897 17.8434 1.8
      vertex 30.49 21 1.8
      vertex 26.2 18 1.8
    endloop
  endfacet
  facet normal 0 0 1
    outer loop
      vertex 26.1591 17.6894 1.8
      vertex 30.49 21 1.8
      vertex 26.1897 17.8434 1.8
    endloop
  endfacet
  facet normal 0 0 1
    outer loop
      vertex 26.1087 17.5408 1.8
      vertex 30.49 21 1.8
      vertex 26.1591 17.6894 1.8
    endloop
  endfacet
  facet normal 0 0 1
    outer loop
      vertex 26.0392 17.4 1.8
      vertex 30.49 21 1.8
      vertex 26.1087 17.5408 1.8
    endloop
  endfacet
  facet normal 0 0 1
    outer loop
      vertex 30.49 21 1.8
      vertex 26.0392 17.4 1.8
      vertex 30.49 7.5 1.8
    endloop
  endfacet
  facet normal -0 0 1
    outer loop
      vertex 25.952 17.2695 1.8
      vertex 30.49 7.5 1.8
      vertex 26.0392 17.4 1.8
    endloop
  endfacet
  facet normal -0 0 1
    outer loop
      vertex 25.8485 17.1515 1.8
      vertex 30.49 7.5 1.8
      vertex 25.952 17.2695 1.8
    endloop
  endfacet
  facet normal -0 0 1
    outer loop
      vertex 25.7305 17.048 1.8
      vertex 30.49 7.5 1.8
      vertex 25.8485 17.1515 1.8
    endloop
  endfacet
  facet normal -0 0 1
    outer loop
      vertex 25.6 16.9608 1.8
      vertex 30.49 7.5 1.8
      vertex 25.7305 17.048 1.8
    endloop
  endfacet
  facet normal -0 0 1
    outer loop
      vertex 25.4592 16.8913 1.8
      vertex 30.49 7.5 1.8
      vertex 25.6 16.9608 1.8
    endloop
  endfacet
  facet normal -0 0 1
    outer loop
      vertex 25.3106 16.8409 1.8
      vertex 30.49 7.5 1.8
      vertex 25.4592 16.8913 1.8
    endloop
  endfacet
  facet normal -0 0 1
    outer loop
      vertex 25.1566 16.8103 1.8
      vertex 30.49 7.5 1.8
      vertex 25.3106 16.8409 1.8
    endloop
  endfacet
  facet normal -0 0 1
    outer loop
      vertex 25 16.8 1.8
      vertex 30.49 7.5 1.8
      vertex 25.1566 16.8103 1.8
    endloop
  endfacet
  facet normal -0 0 1
    outer loop
      vertex 12 16.8 1.8
      vertex 30.49 7.5 1.8
      vertex 25 16.8 1.8
    endloop
  endfacet
  facet normal 0 0 1
    outer loop
      vertex 30.49 7.5 1.8
      vertex 30.29 2.85 1.8
      vertex 30.49 3.5 1.8
    endloop
  endfacet
  facet normal 0 0 1
    outer loop
      vertex 30.49 7.5 1.8
      vertex 6.8 2.85 1.8
      vertex 30.29 2.85 1.8
    endloop
  endfacet
  facet normal 0 0 1
    outer loop
      vertex 30.49 7.5 1.8
      vertex 12 16.8 1.8
      vertex 6.8 2.85 1.8
    endloop
  endfacet
  facet normal 0 0 1
    outer loop
      vertex 6.8 2.85 1.8
      vertex 12 16.8 1.8
      vertex 11.8434 16.8103 1.8
    endloop
  endfacet
  facet normal 0 0 1
    outer loop
      vertex 6.8 2.85 1.8
      vertex 11.8434 16.8103 1.8
      vertex 11.6894 16.8409 1.8
    endloop
  endfacet
  facet normal 0 0 1
    outer loop
      vertex 6.8 2.85 1.8
      vertex 11.6894 16.8409 1.8
      vertex 11.5408 16.8913 1.8
    endloop
  endfacet
  facet normal 0 0 1
    outer loop
      vertex 6.8 2.85 1.8
      vertex 11.5408 16.8913 1.8
      vertex 11.4 16.9608 1.8
    endloop
  endfacet
  facet normal 0 0 1
    outer loop
      vertex 6.8 2.85 1.8
      vertex 11.4 16.9608 1.8
      vertex 11.2695 17.048 1.8
    endloop
  endfacet
  facet normal 0 0 1
    outer loop
      vertex 10.8 24 1.8
      vertex 6.8 2.85 1.8
      vertex 10.8 18 1.8
    endloop
  endfacet
  facet normal 0 0 1
    outer loop
      vertex 10.8 18 1.8
      vertex 6.8 2.85 1.8
      vertex 10.8103 17.8434 1.8
    endloop
  endfacet
  facet normal 0 0 1
    outer loop
      vertex 6.8 2.85 1.8
      vertex 10.8409 17.6894 1.8
      vertex 10.8103 17.8434 1.8
    endloop
  endfacet
  facet normal 0 0 1
    outer loop
      vertex 6.8 2.85 1.8
      vertex 10.8913 17.5408 1.8
      vertex 10.8409 17.6894 1.8
    endloop
  endfacet
  facet normal 0 0 1
    outer loop
      vertex 6.8 2.85 1.8
      vertex 10.9608 17.4 1.8
      vertex 10.8913 17.5408 1.8
    endloop
  endfacet
  facet normal 0 0 1
    outer loop
      vertex 6.8 2.85 1.8
      vertex 11.048 17.2695 1.8
      vertex 10.9608 17.4 1.8
    endloop
  endfacet
  facet normal 0 0 1
    outer loop
      vertex 6.8 2.85 1.8
      vertex 11.1515 17.1515 1.8
      vertex 11.048 17.2695 1.8
    endloop
  endfacet
  facet normal 0 0 1
    outer loop
      vertex 6.8 2.85 1.8
      vertex 11.2695 17.048 1.8
      vertex 11.1515 17.1515 1.8
    endloop
  endfacet
  facet normal 0 0 1
    outer loop
      vertex 30.29 2.85 1.8
      vertex 6.8 2.85 1.8
      vertex 30.29 1.85 1.8
    endloop
  endfacet
  facet normal 0 0 1
    outer loop
      vertex 6.8 1.85 1.8
      vertex 30.29 1.85 1.8
      vertex 6.8 2.85 1.8
    endloop
  endfacet
  facet normal -0 0 1
    outer loop
      vertex 6.8 1.85 1.8
      vertex 35.29 1.8 1.8
      vertex 30.29 1.85 1.8
    endloop
  endfacet
  facet normal 0 0 1
    outer loop
      vertex 1.8 1.8 1.8
      vertex 6.8 1.85 1.8
      vertex 5.8 1.85 1.8
    endloop
  endfacet
  facet normal 0 0 1
    outer loop
      vertex 6.8 1.85 1.8
      vertex 1.8 1.8 1.8
      vertex 35.29 1.8 1.8
    endloop
  endfacet
  facet normal 0 0 1
    outer loop
      vertex 5.8 2.85 1.8
      vertex 1.8 1.8 1.8
      vertex 5.8 1.85 1.8
    endloop
  endfacet
  facet normal 1 0 0
    outer loop
      vertex 1.8 65.4 13.2
      vertex 1.8 60.782 7.9
      vertex 1.8 65.4 11.1
    endloop
  endfacet
  facet normal 1 0 0
    outer loop
      vertex 1.8 65.4 13.2
      vertex 1.8 56.782 7.9
      vertex 1.8 60.782 7.9
    endloop
  endfacet
  facet normal 1 0 0
    outer loop
      vertex 1.8 56.782 7.9
      vertex 1.8 49 7.9
      vertex 1.8 56.782 1.8
    endloop
  endfacet
  facet normal 1 0 0
    outer loop
      vertex 1.8 65.4 13.2
      vertex 1.8 49 7.9
      vertex 1.8 56.782 7.9
    endloop
  endfacet
  facet normal 1 0 0
    outer loop
      vertex 1.8 65.4 13.2
      vertex 1.8 45 7.9
      vertex 1.8 49 7.9
    endloop
  endfacet
  facet normal 1 0 0
    outer loop
      vertex 1.8 45 7.9
      vertex 1.8 25 7.9
      vertex 1.8 45 1.8
    endloop
  endfacet
  facet normal 1 0 0
    outer loop
      vertex 1.8 65.4 13.2
      vertex 1.8 25 7.9
      vertex 1.8 45 7.9
    endloop
  endfacet
  facet normal 1 -0 0
    outer loop
      vertex 1.8 1.8 13.2
      vertex 1.8 25 7.9
      vertex 1.8 65.4 13.2
    endloop
  endfacet
  facet normal 1 0 0
    outer loop
      vertex 1.8 21 7.9
      vertex 1.8 7.5 7.9
      vertex 1.8 21 1.8
    endloop
  endfacet
  facet normal 1 0 0
    outer loop
      vertex 1.8 25 7.9
      vertex 1.8 1.8 13.2
      vertex 1.8 21 7.9
    endloop
  endfacet
  facet normal 1 0 0
    outer loop
      vertex 1.8 21 7.9
      vertex 1.8 1.8 13.2
      vertex 1.8 7.5 7.9
    endloop
  endfacet
  facet normal 1 -0 0
    outer loop
      vertex 1.8 1.8 10.7
      vertex 1.8 7.5 7.9
      vertex 1.8 1.8 13.2
    endloop
  endfacet
  facet normal 1 0 0
    outer loop
      vertex 1.8 7.5 7.9
      vertex 1.8 1.8 10.7
      vertex 1.8 3.5 7.9
    endloop
  endfacet
  facet normal 1 0 0
    outer loop
      vertex 1.8 1.8 1.8
      vertex 1.8 3.5 7.9
      vertex 1.8 1.8 10.7
    endloop
  endfacet
  facet normal 1 0 0
    outer loop
      vertex 1.8 3.5 7.9
      vertex 1.8 1.8 1.8
      vertex 1.8 3.5 1.8
    endloop
  endfacet
  facet normal 1 0 0
    outer loop
      vertex 1.8 68 11.1
      vertex 1.8 68.7689 13.2
      vertex 1.8 68 13.2
    endloop
  endfacet
  facet normal 1 0 0
    outer loop
      vertex 1.8 68.7689 13.2
      vertex 1.8 68 11.1
      vertex 1.8 68.7689 10.7
    endloop
  endfacet
  facet normal 1 0 0
    outer loop
      vertex 1.8 68 11.1
      vertex 1.8 66.982 10.7
      vertex 1.8 68.7689 10.7
    endloop
  endfacet
  facet normal 1 -0 0
    outer loop
      vertex 1.8 65.4 11.1
      vertex 1.8 66.982 10.7
      vertex 1.8 68 11.1
    endloop
  endfacet
  facet normal 1 0 0
    outer loop
      vertex 1.8 60.782 7.9
      vertex 1.8 66.982 10.7
      vertex 1.8 65.4 11.1
    endloop
  endfacet
  facet normal 1 0 0
    outer loop
      vertex 1.8 66.982 10.7
      vertex 1.8 60.782 7.9
      vertex 1.8 66.982 1.8
    endloop
  endfacet
  facet normal 1 0 0
    outer loop
      vertex 1.8 66.982 1.8
      vertex 1.8 60.782 7.9
      vertex 1.8 60.782 1.8
    endloop
  endfacet
  facet normal 1 0 0
    outer loop
      vertex 1.8 56.782 1.8
      vertex 1.8 49 7.9
      vertex 1.8 49 1.8
    endloop
  endfacet
  facet normal 1 0 0
    outer loop
      vertex 1.8 45 1.8
      vertex 1.8 25 7.9
      vertex 1.8 25 1.8
    endloop
  endfacet
  facet normal 1 0 0
    outer loop
      vertex 1.8 21 1.8
      vertex 1.8 7.5 7.9
      vertex 1.8 7.5 1.8
    endloop
  endfacet
  facet normal 1 -0 0
    outer loop
      vertex 1.8 0.0131084 13.4
      vertex 1.8 1.8 13.2
      vertex 1.8 1.8 13.4
    endloop
  endfacet
  facet normal 1 0 0
    outer loop
      vertex 1.8 0.0131084 10.7
      vertex 1.8 1.8 13.2
      vertex 1.8 0.0131084 13.4
    endloop
  endfacet
  facet normal 1 0 0
    outer loop
      vertex 1.8 1.8 13.2
      vertex 1.8 0.0131084 10.7
      vertex 1.8 1.8 10.7
    endloop
  endfacet
  facet normal 0 -1 0
    outer loop
      vertex 1.8 66.982 1.8
      vertex 5.05 66.982 10.7
      vertex 1.8 66.982 10.7
    endloop
  endfacet
  facet normal 0 -1 -0
    outer loop
      vertex 5.05 66.982 10.7
      vertex 1.8 66.982 1.8
      vertex 32.04 66.982 10.7
    endloop
  endfacet
  facet normal 0 -1 0
    outer loop
      vertex 35.29 66.982 1.8
      vertex 32.04 66.982 10.7
      vertex 1.8 66.982 1.8
    endloop
  endfacet
  facet normal 0 -1 0
    outer loop
      vertex 32.04 66.982 10.7
      vertex 35.29 66.982 1.8
      vertex 35.29 66.982 10.7
    endloop
  endfacet
  facet normal 0 -1 0
    outer loop
      vertex 5.05 66.982 10.7
      vertex 32.04 66.982 11.1
      vertex 5.05 66.982 11.1
    endloop
  endfacet
  facet normal 0 -1 -0
    outer loop
      vertex 32.04 66.982 11.1
      vertex 5.05 66.982 10.7
      vertex 32.04 66.982 10.7
    endloop
  endfacet
  facet normal 0 -1 0
    outer loop
      vertex 5.05 66.982 13.7
      vertex 32.04 66.982 14.9
      vertex 5.05 66.982 14.9
    endloop
  endfacet
  facet normal 0 -1 -0
    outer loop
      vertex 32.04 66.982 14.9
      vertex 5.05 66.982 13.7
      vertex 32.04 66.982 13.7
    endloop
  endfacet
  facet normal 0 1 -0
    outer loop
      vertex 35.29 1.8 1.8
      vertex 32.04 1.8 10.7
      vertex 35.29 1.8 10.7
    endloop
  endfacet
  facet normal 0 1 0
    outer loop
      vertex 26.545 1.8 6.2
      vertex 35.29 1.8 1.8
      vertex 10.545 1.8 6.2
    endloop
  endfacet
  facet normal 0 1 0
    outer loop
      vertex 32.04 1.8 10.7
      vertex 35.29 1.8 1.8
      vertex 26.545 1.8 6.2
    endloop
  endfacet
  facet normal 0 1 -0
    outer loop
      vertex 32.04 1.8 13.2
      vertex 26.545 1.8 13.4
      vertex 32.04 1.8 13.4
    endloop
  endfacet
  facet normal 0 1 -0
    outer loop
      vertex 32.04 1.8 10.7
      vertex 26.545 1.8 13.4
      vertex 32.04 1.8 13.2
    endloop
  endfacet
  facet normal 0 1 0
    outer loop
      vertex 26.545 1.8 13.4
      vertex 32.04 1.8 10.7
      vertex 26.545 1.8 6.2
    endloop
  endfacet
  facet normal 0 1 0
    outer loop
      vertex 10.545 1.8 13.4
      vertex 5.05 1.8 10.7
      vertex 5.05 1.8 13.4
    endloop
  endfacet
  facet normal 0 1 -0
    outer loop
      vertex 10.545 1.8 6.2
      vertex 5.05 1.8 10.7
      vertex 10.545 1.8 13.4
    endloop
  endfacet
  facet normal 0 1 0
    outer loop
      vertex 1.8 1.8 1.8
      vertex 5.05 1.8 10.7
      vertex 10.545 1.8 6.2
    endloop
  endfacet
  facet normal 0 1 0
    outer loop
      vertex 5.05 1.8 10.7
      vertex 1.8 1.8 1.8
      vertex 1.8 1.8 10.7
    endloop
  endfacet
  facet normal 0 1 0
    outer loop
      vertex 1.8 1.8 1.8
      vertex 10.545 1.8 6.2
      vertex 35.29 1.8 1.8
    endloop
  endfacet
  facet normal 0 1 0
    outer loop
      vertex 4.9 1.8 13.4
      vertex 10.545 1.8 14.9
      vertex 10.545 1.8 13.4
    endloop
  endfacet
  facet normal 0 1 0
    outer loop
      vertex 10.545 1.8 14.9
      vertex 4.9 1.8 13.4
      vertex 3.2 1.8 14.9
    endloop
  endfacet
  facet normal 0 1 0
    outer loop
      vertex 4.9 1.8 13.4
      vertex 3.2 1.8 13.2
      vertex 3.2 1.8 14.9
    endloop
  endfacet
  facet normal 0 1 -0
    outer loop
      vertex 4.9 1.8 10.8
      vertex 3.2 1.8 13.2
      vertex 4.9 1.8 13.4
    endloop
  endfacet
  facet normal 0 1 0
    outer loop
      vertex 1.95 1.8 10.8
      vertex 3.2 1.8 13.2
      vertex 4.9 1.8 10.8
    endloop
  endfacet
  facet normal 0 1 0
    outer loop
      vertex 3.2 1.8 13.2
      vertex 1.95 1.8 10.8
      vertex 1.95 1.8 13.2
    endloop
  endfacet
  facet normal 0 0 -0
    outer loop
      vertex 3.2 1.8 14.9
      vertex 0.0131084 1.8 14.9
      vertex 10.545 1.8 14.9
    endloop
  endfacet
  facet normal 0 1 0
    outer loop
      vertex 35.14 1.8 13.2
      vertex 35.14 1.8 10.8
      vertex 33.89 1.8 13.2
    endloop
  endfacet
  facet normal 0 1 0
    outer loop
      vertex 33.89 1.8 14.9
      vertex 32.19 1.8 13.4
      vertex 26.545 1.8 14.9
    endloop
  endfacet
  facet normal 0 1 -0
    outer loop
      vertex 33.89 1.8 13.2
      vertex 32.19 1.8 13.4
      vertex 33.89 1.8 14.9
    endloop
  endfacet
  facet normal 0 1 0
    outer loop
      vertex 32.19 1.8 10.8
      vertex 33.89 1.8 13.2
      vertex 35.14 1.8 10.8
    endloop
  endfacet
  facet normal 0 1 0
    outer loop
      vertex 33.89 1.8 13.2
      vertex 32.19 1.8 10.8
      vertex 32.19 1.8 13.4
    endloop
  endfacet
  facet normal 0 1 0
    outer loop
      vertex 26.545 1.8 14.9
      vertex 32.19 1.8 13.4
      vertex 26.545 1.8 13.4
    endloop
  endfacet
  facet normal 0 0 -0
    outer loop
      vertex 33.89 1.8 14.9
      vertex 26.545 1.8 14.9
      vertex 37.0769 1.8 14.9
    endloop
  endfacet
  facet normal 0 -1 0
    outer loop
      vertex 1.8 1.8 13.2
      vertex 1.95 1.8 13.4
      vertex 1.8 1.8 13.4
    endloop
  endfacet
  facet normal 0 -1 -0
    outer loop
      vertex 1.95 1.8 13.4
      vertex 1.8 1.8 13.2
      vertex 1.95 1.8 13.2
    endloop
  endfacet
  facet normal 0 -1 0
    outer loop
      vertex 35.14 1.8 13.2
      vertex 35.29 1.8 13.4
      vertex 35.14 1.8 13.4
    endloop
  endfacet
  facet normal 0 -1 -0
    outer loop
      vertex 35.29 1.8 13.4
      vertex 35.14 1.8 13.2
      vertex 35.29 1.8 13.2
    endloop
  endfacet
  facet normal -1 0 0
    outer loop
      vertex 26.545 0 6.2
      vertex 26.545 1.8 13.4
      vertex 26.545 1.8 6.2
    endloop
  endfacet
  facet normal -1 -0 0
    outer loop
      vertex 26.545 1.8 13.4
      vertex 26.545 0 6.2
      vertex 26.545 0 13.4
    endloop
  endfacet
  facet normal -0 0 1
    outer loop
      vertex 10.545 1.8 6.2
      vertex 26.545 0 6.2
      vertex 26.545 1.8 6.2
    endloop
  endfacet
  facet normal 0 0 1
    outer loop
      vertex 26.545 0 6.2
      vertex 10.545 1.8 6.2
      vertex 10.545 0 6.2
    endloop
  endfacet
  facet normal 1 -0 0
    outer loop
      vertex 10.545 0 13.4
      vertex 10.545 1.8 6.2
      vertex 10.545 1.8 13.4
    endloop
  endfacet
  facet normal 1 0 0
    outer loop
      vertex 10.545 1.8 6.2
      vertex 10.545 0 13.4
      vertex 10.545 0 6.2
    endloop
  endfacet
  facet normal -0 0 1
    outer loop
      vertex 5.05 1.8 13.4
      vertex 10.545 0 13.4
      vertex 10.545 1.8 13.4
    endloop
  endfacet
  facet normal 0 0 1
    outer loop
      vertex 10.545 0 13.4
      vertex 5.05 1.8 13.4
      vertex 5.05 0 13.4
    endloop
  endfacet
  facet normal -0 0 1
    outer loop
      vertex 26.545 1.8 13.4
      vertex 32.04 0 13.4
      vertex 32.04 1.8 13.4
    endloop
  endfacet
  facet normal 0 0 1
    outer loop
      vertex 32.04 0 13.4
      vertex 26.545 1.8 13.4
      vertex 26.545 0 13.4
    endloop
  endfacet
  facet normal 0 0 1
    outer loop
      vertex 1.8 1.8 13.4
      vertex 1.73895 0.0171099 13.4
      vertex 1.8 0.0131084 13.4
    endloop
  endfacet
  facet normal 0 0 1
    outer loop
      vertex 1.8 1.8 13.4
      vertex 1.48236 0.0681477 13.4
      vertex 1.73895 0.0171099 13.4
    endloop
  endfacet
  facet normal 0 0 1
    outer loop
      vertex 1.23463 0.152241 13.4
      vertex 1.8 1.8 13.4
      vertex 1.4 1.8 13.4
    endloop
  endfacet
  facet normal 0 0 1
    outer loop
      vertex 1.8 1.8 13.4
      vertex 1.23463 0.152241 13.4
      vertex 1.48236 0.0681477 13.4
    endloop
  endfacet
  facet normal 0 0 1
    outer loop
      vertex 1.4 1.8 13.4
      vertex 1 0.267949 13.4
      vertex 1.23463 0.152241 13.4
    endloop
  endfacet
  facet normal 0 0 1
    outer loop
      vertex 1.4 1.8 13.4
      vertex 0.782476 0.413293 13.4
      vertex 1 0.267949 13.4
    endloop
  endfacet
  facet normal 0 0 1
    outer loop
      vertex 1.4 1.8 13.4
      vertex 0.585786 0.585786 13.4
      vertex 0.782476 0.413293 13.4
    endloop
  endfacet
  facet normal 0 0 1
    outer loop
      vertex 1.4 1.8 13.4
      vertex 0.413293 0.782476 13.4
      vertex 0.585786 0.585786 13.4
    endloop
  endfacet
  facet normal 0 0 1
    outer loop
      vertex 1.4 1.8 13.4
      vertex 0.267949 1 13.4
      vertex 0.413293 0.782476 13.4
    endloop
  endfacet
  facet normal 0 0 1
    outer loop
      vertex 1.4 1.8 13.4
      vertex 0.152241 1.23463 13.4
      vertex 0.267949 1 13.4
    endloop
  endfacet
  facet normal 0 0 1
    outer loop
      vertex 1.4 1.8 13.4
      vertex 0.0681477 1.48236 13.4
      vertex 0.152241 1.23463 13.4
    endloop
  endfacet
  facet normal 0 0 1
    outer loop
      vertex 1.4 1.8 13.4
      vertex 0.0171099 1.73895 13.4
      vertex 0.0681477 1.48236 13.4
    endloop
  endfacet
  facet normal 0 -0 1
    outer loop
      vertex 0.0171099 1.73895 13.4
      vertex 1.4 1.8 13.4
      vertex 0.0131084 1.8 13.4
    endloop
  endfacet
  facet normal -0 0 1
    outer loop
      vertex 35.69 1.8 13.4
      vertex 37.0729 1.73895 13.4
      vertex 37.0769 1.8 13.4
    endloop
  endfacet
  facet normal 0 0 1
    outer loop
      vertex 37.0729 1.73895 13.4
      vertex 35.69 1.8 13.4
      vertex 37.0219 1.48236 13.4
    endloop
  endfacet
  facet normal 0 0 1
    outer loop
      vertex 37.0219 1.48236 13.4
      vertex 35.69 1.8 13.4
      vertex 36.9378 1.23463 13.4
    endloop
  endfacet
  facet normal 0 0 1
    outer loop
      vertex 36.9378 1.23463 13.4
      vertex 35.69 1.8 13.4
      vertex 36.8221 1 13.4
    endloop
  endfacet
  facet normal 0 0 1
    outer loop
      vertex 36.8221 1 13.4
      vertex 35.69 1.8 13.4
      vertex 36.6767 0.782476 13.4
    endloop
  endfacet
  facet normal 0 0 1
    outer loop
      vertex 36.6767 0.782476 13.4
      vertex 35.69 1.8 13.4
      vertex 36.5042 0.585786 13.4
    endloop
  endfacet
  facet normal 0 0 1
    outer loop
      vertex 36.5042 0.585786 13.4
      vertex 35.69 1.8 13.4
      vertex 36.3075 0.413293 13.4
    endloop
  endfacet
  facet normal 0 0 1
    outer loop
      vertex 36.3075 0.413293 13.4
      vertex 35.69 1.8 13.4
      vertex 36.09 0.267949 13.4
    endloop
  endfacet
  facet normal 0 0 1
    outer loop
      vertex 36.09 0.267949 13.4
      vertex 35.69 1.8 13.4
      vertex 35.8554 0.152241 13.4
    endloop
  endfacet
  facet normal -0 0 1
    outer loop
      vertex 35.29 1.8 13.4
      vertex 35.8554 0.152241 13.4
      vertex 35.69 1.8 13.4
    endloop
  endfacet
  facet normal 0 0 1
    outer loop
      vertex 35.8554 0.152241 13.4
      vertex 35.29 1.8 13.4
      vertex 35.6076 0.0681477 13.4
    endloop
  endfacet
  facet normal 0 0 1
    outer loop
      vertex 35.6076 0.0681477 13.4
      vertex 35.29 1.8 13.4
      vertex 35.3511 0.0171099 13.4
    endloop
  endfacet
  facet normal 0 0 1
    outer loop
      vertex 35.3511 0.0171099 13.4
      vertex 35.29 1.8 13.4
      vertex 35.29 0.0131084 13.4
    endloop
  endfacet
  facet normal -0 0 1
    outer loop
      vertex 2 68.782 10.7
      vertex 5.05 66.982 10.7
      vertex 5.05 68.782 10.7
    endloop
  endfacet
  facet normal 0 0 1
    outer loop
      vertex 1.8 66.982 10.7
      vertex 2 68.782 10.7
      vertex 1.8 68.7689 10.7
    endloop
  endfacet
  facet normal 0 0 1
    outer loop
      vertex 2 68.782 10.7
      vertex 1.8 66.982 10.7
      vertex 5.05 66.982 10.7
    endloop
  endfacet
  facet normal 0 0 1
    outer loop
      vertex 5.05 1.8 10.7
      vertex 2 0 10.7
      vertex 5.05 0 10.7
    endloop
  endfacet
  facet normal -0 0 1
    outer loop
      vertex 1.8 1.8 10.7
      vertex 2 0 10.7
      vertex 5.05 1.8 10.7
    endloop
  endfacet
  facet normal 0 0 1
    outer loop
      vertex 2 0 10.7
      vertex 1.8 1.8 10.7
      vertex 1.8 0.0131084 10.7
    endloop
  endfacet
  facet normal -0 0 1
    outer loop
      vertex 4.65 7.5 10.7
      vertex 5.05 3.5 10.7
      vertex 5.05 7.5 10.7
    endloop
  endfacet
  facet normal 0 0 1
    outer loop
      vertex 5.05 3.5 10.7
      vertex 4.65 7.5 10.7
      vertex 4.65 3.5 10.7
    endloop
  endfacet
  facet normal -0 0 1
    outer loop
      vertex 4.65 49 10.7
      vertex 5.05 45 10.7
      vertex 5.05 49 10.7
    endloop
  endfacet
  facet normal 0 0 1
    outer loop
      vertex 5.05 45 10.7
      vertex 4.65 49 10.7
      vertex 4.65 45 10.7
    endloop
  endfacet
  facet normal -0 0 1
    outer loop
      vertex 4.65 25 10.7
      vertex 5.05 21 10.7
      vertex 5.05 25 10.7
    endloop
  endfacet
  facet normal 0 0 1
    outer loop
      vertex 5.05 21 10.7
      vertex 4.65 25 10.7
      vertex 4.65 21 10.7
    endloop
  endfacet
  facet normal -0 0 1
    outer loop
      vertex 4.65 60.782 10.7
      vertex 5.05 56.782 10.7
      vertex 5.05 60.782 10.7
    endloop
  endfacet
  facet normal 0 0 1
    outer loop
      vertex 5.05 56.782 10.7
      vertex 4.65 60.782 10.7
      vertex 4.65 56.782 10.7
    endloop
  endfacet
  facet normal 0 0 1
    outer loop
      vertex 35.09 68.782 10.7
      vertex 35.29 66.982 10.7
      vertex 35.29 68.7689 10.7
    endloop
  endfacet
  facet normal 0 0 1
    outer loop
      vertex 32.04 66.982 10.7
      vertex 35.09 68.782 10.7
      vertex 32.04 68.782 10.7
    endloop
  endfacet
  facet normal 0 0 1
    outer loop
      vertex 35.09 68.782 10.7
      vertex 32.04 66.982 10.7
      vertex 35.29 66.982 10.7
    endloop
  endfacet
  facet normal 0 0 1
    outer loop
      vertex 35.29 1.8 10.7
      vertex 35.09 0 10.7
      vertex 35.29 0.0131084 10.7
    endloop
  endfacet
  facet normal -0 0 1
    outer loop
      vertex 32.04 1.8 10.7
      vertex 35.09 0 10.7
      vertex 35.29 1.8 10.7
    endloop
  endfacet
  facet normal 0 0 1
    outer loop
      vertex 35.09 0 10.7
      vertex 32.04 1.8 10.7
      vertex 32.04 0 10.7
    endloop
  endfacet
  facet normal -0 0 0
    outer loop
      vertex 35.29 1.8 10.7
      vertex 35.29 0.0131084 10.7
      vertex 35.29 68.7689 10.7
    endloop
  endfacet
  facet normal 0 0 0
    outer loop
      vertex 35.29 1.8 10.7
      vertex 35.29 68.7689 10.7
      vertex 35.29 66.982 10.7
    endloop
  endfacet
  facet normal -0 0 1
    outer loop
      vertex 32.04 7.5 10.7
      vertex 32.44 3.5 10.7
      vertex 32.44 7.5 10.7
    endloop
  endfacet
  facet normal 0 0 1
    outer loop
      vertex 32.44 3.5 10.7
      vertex 32.04 7.5 10.7
      vertex 32.04 3.5 10.7
    endloop
  endfacet
  facet normal -0 0 1
    outer loop
      vertex 32.04 49 10.7
      vertex 32.44 45 10.7
      vertex 32.44 49 10.7
    endloop
  endfacet
  facet normal 0 0 1
    outer loop
      vertex 32.44 45 10.7
      vertex 32.04 49 10.7
      vertex 32.04 45 10.7
    endloop
  endfacet
  facet normal -0 0 1
    outer loop
      vertex 32.04 25 10.7
      vertex 32.44 21 10.7
      vertex 32.44 25 10.7
    endloop
  endfacet
  facet normal 0 0 1
    outer loop
      vertex 32.44 21 10.7
      vertex 32.04 25 10.7
      vertex 32.04 21 10.7
    endloop
  endfacet
  facet normal -0 0 1
    outer loop
      vertex 32.04 60.782 10.7
      vertex 32.44 56.782 10.7
      vertex 32.44 60.782 10.7
    endloop
  endfacet
  facet normal 0 0 1
    outer loop
      vertex 32.44 56.782 10.7
      vertex 32.04 60.782 10.7
      vertex 32.04 56.782 10.7
    endloop
  endfacet
  facet normal 1 -0 0
    outer loop
      vertex 6.6 3.5 7.9
      vertex 6.6 7.5 1.8
      vertex 6.6 7.5 7.9
    endloop
  endfacet
  facet normal 1 0 0
    outer loop
      vertex 6.6 7.5 1.8
      vertex 6.6 3.5 7.9
      vertex 6.6 3.5 1.8
    endloop
  endfacet
  facet normal -0 0 1
    outer loop
      vertex 5.65 7.5 7.9
      vertex 6.6 3.5 7.9
      vertex 6.6 7.5 7.9
    endloop
  endfacet
  facet normal 0 0 1
    outer loop
      vertex 6.6 3.5 7.9
      vertex 5.65 7.5 7.9
      vertex 5.65 3.5 7.9
    endloop
  endfacet
  facet normal -0 0 1
    outer loop
      vertex 1.8 7.5 7.9
      vertex 4.65 3.5 7.9
      vertex 4.65 7.5 7.9
    endloop
  endfacet
  facet normal 0 0 1
    outer loop
      vertex 4.65 3.5 7.9
      vertex 1.8 7.5 7.9
      vertex 1.8 3.5 7.9
    endloop
  endfacet
  facet normal 0 1 -0
    outer loop
      vertex 6.6 7.5 1.8
      vertex 5.65 7.5 7.9
      vertex 6.6 7.5 7.9
    endloop
  endfacet
  facet normal 0 1 0
    outer loop
      vertex 5.65 7.5 7.9
      vertex 6.6 7.5 1.8
      vertex 4.65 7.5 7.9
    endloop
  endfacet
  facet normal 0 1 0
    outer loop
      vertex 1.8 7.5 1.8
      vertex 4.65 7.5 7.9
      vertex 6.6 7.5 1.8
    endloop
  endfacet
  facet normal 0 1 0
    outer loop
      vertex 4.65 7.5 7.9
      vertex 1.8 7.5 1.8
      vertex 1.8 7.5 7.9
    endloop
  endfacet
  facet normal 0 1 0
    outer loop
      vertex 5.65 7.5 12.9
      vertex 5.05 7.5 10.7
      vertex 5.05 7.5 12.9
    endloop
  endfacet
  facet normal 0 1 -0
    outer loop
      vertex 5.65 7.5 7.9
      vertex 5.05 7.5 10.7
      vertex 5.65 7.5 12.9
    endloop
  endfacet
  facet normal 0 1 0
    outer loop
      vertex 4.65 7.5 7.9
      vertex 5.05 7.5 10.7
      vertex 5.65 7.5 7.9
    endloop
  endfacet
  facet normal 0 1 0
    outer loop
      vertex 5.05 7.5 10.7
      vertex 4.65 7.5 7.9
      vertex 4.65 7.5 10.7
    endloop
  endfacet
  facet normal 0 -1 0
    outer loop
      vertex 4.65 3.5 10.7
      vertex 4.65 3.5 7.9
      vertex 5.05 3.5 10.7
    endloop
  endfacet
  facet normal 0 -1 0
    outer loop
      vertex 5.05 3.5 10.7
      vertex 5.65 3.5 12.9
      vertex 5.05 3.5 12.9
    endloop
  endfacet
  facet normal 0 -1 0
    outer loop
      vertex 5.65 3.5 7.9
      vertex 5.05 3.5 10.7
      vertex 4.65 3.5 7.9
    endloop
  endfacet
  facet normal 0 -1 0
    outer loop
      vertex 5.05 3.5 10.7
      vertex 5.65 3.5 7.9
      vertex 5.65 3.5 12.9
    endloop
  endfacet
  facet normal 0 -1 0
    outer loop
      vertex 1.8 3.5 1.8
      vertex 4.65 3.5 7.9
      vertex 1.8 3.5 7.9
    endloop
  endfacet
  facet normal 0 -1 0
    outer loop
      vertex 6.6 3.5 1.8
      vertex 4.65 3.5 7.9
      vertex 1.8 3.5 1.8
    endloop
  endfacet
  facet normal 0 -1 0
    outer loop
      vertex 4.65 3.5 7.9
      vertex 6.6 3.5 1.8
      vertex 5.65 3.5 7.9
    endloop
  endfacet
  facet normal 0 -1 0
    outer loop
      vertex 5.65 3.5 7.9
      vertex 6.6 3.5 1.8
      vertex 6.6 3.5 7.9
    endloop
  endfacet
  facet normal 1 -0 0
    outer loop
      vertex 5.65 3.5 12.9
      vertex 5.65 7.5 7.9
      vertex 5.65 7.5 12.9
    endloop
  endfacet
  facet normal 1 0 0
    outer loop
      vertex 5.65 7.5 7.9
      vertex 5.65 3.5 12.9
      vertex 5.65 3.5 7.9
    endloop
  endfacet
  facet normal -0 0 1
    outer loop
      vertex 5.05 7.5 12.9
      vertex 5.65 3.5 12.9
      vertex 5.65 7.5 12.9
    endloop
  endfacet
  facet normal 0 0 1
    outer loop
      vertex 5.65 3.5 12.9
      vertex 5.05 7.5 12.9
      vertex 5.05 3.5 12.9
    endloop
  endfacet
  facet normal -1 0 0
    outer loop
      vertex 4.65 3.5 7.9
      vertex 4.65 7.5 10.7
      vertex 4.65 7.5 7.9
    endloop
  endfacet
  facet normal -1 -0 0
    outer loop
      vertex 4.65 7.5 10.7
      vertex 4.65 3.5 7.9
      vertex 4.65 3.5 10.7
    endloop
  endfacet
  facet normal -1 0 0
    outer loop
      vertex 30.49 3.5 1.8
      vertex 30.49 7.5 7.9
      vertex 30.49 7.5 1.8
    endloop
  endfacet
  facet normal -1 -0 0
    outer loop
      vertex 30.49 7.5 7.9
      vertex 30.49 3.5 1.8
      vertex 30.49 3.5 7.9
    endloop
  endfacet
  facet normal -0 0 1
    outer loop
      vertex 32.44 7.5 7.9
      vertex 35.29 3.5 7.9
      vertex 35.29 7.5 7.9
    endloop
  endfacet
  facet normal 0 0 1
    outer loop
      vertex 35.29 3.5 7.9
      vertex 32.44 7.5 7.9
      vertex 32.44 3.5 7.9
    endloop
  endfacet
  facet normal -0 0 1
    outer loop
      vertex 30.49 7.5 7.9
      vertex 31.44 3.5 7.9
      vertex 31.44 7.5 7.9
    endloop
  endfacet
  facet normal 0 0 1
    outer loop
      vertex 31.44 3.5 7.9
      vertex 30.49 7.5 7.9
      vertex 30.49 3.5 7.9
    endloop
  endfacet
  facet normal 0 1 0
    outer loop
      vertex 32.44 7.5 10.7
      vertex 32.44 7.5 7.9
      vertex 32.04 7.5 10.7
    endloop
  endfacet
  facet normal 0 1 -0
    outer loop
      vertex 32.04 7.5 10.7
      vertex 31.44 7.5 12.9
      vertex 32.04 7.5 12.9
    endloop
  endfacet
  facet normal 0 1 0
    outer loop
      vertex 31.44 7.5 7.9
      vertex 32.04 7.5 10.7
      vertex 32.44 7.5 7.9
    endloop
  endfacet
  facet normal 0 1 0
    outer loop
      vertex 32.04 7.5 10.7
      vertex 31.44 7.5 7.9
      vertex 31.44 7.5 12.9
    endloop
  endfacet
  facet normal 0 1 -0
    outer loop
      vertex 35.29 7.5 1.8
      vertex 32.44 7.5 7.9
      vertex 35.29 7.5 7.9
    endloop
  endfacet
  facet normal 0 1 0
    outer loop
      vertex 30.49 7.5 1.8
      vertex 32.44 7.5 7.9
      vertex 35.29 7.5 1.8
    endloop
  endfacet
  facet normal 0 1 0
    outer loop
      vertex 32.44 7.5 7.9
      vertex 30.49 7.5 1.8
      vertex 31.44 7.5 7.9
    endloop
  endfacet
  facet normal 0 1 0
    outer loop
      vertex 31.44 7.5 7.9
      vertex 30.49 7.5 1.8
      vertex 30.49 7.5 7.9
    endloop
  endfacet
  facet normal 0 -1 0
    outer loop
      vertex 30.49 3.5 1.8
      vertex 31.44 3.5 7.9
      vertex 30.49 3.5 7.9
    endloop
  endfacet
  facet normal 0 -1 -0
    outer loop
      vertex 31.44 3.5 7.9
      vertex 30.49 3.5 1.8
      vertex 32.44 3.5 7.9
    endloop
  endfacet
  facet normal 0 -1 0
    outer loop
      vertex 35.29 3.5 1.8
      vertex 32.44 3.5 7.9
      vertex 30.49 3.5 1.8
    endloop
  endfacet
  facet normal 0 -1 0
    outer loop
      vertex 32.44 3.5 7.9
      vertex 35.29 3.5 1.8
      vertex 35.29 3.5 7.9
    endloop
  endfacet
  facet normal 0 -1 0
    outer loop
      vertex 31.44 3.5 12.9
      vertex 32.04 3.5 10.7
      vertex 32.04 3.5 12.9
    endloop
  endfacet
  facet normal 0 -1 0
    outer loop
      vertex 31.44 3.5 7.9
      vertex 32.04 3.5 10.7
      vertex 31.44 3.5 12.9
    endloop
  endfacet
  facet normal 0 -1 0
    outer loop
      vertex 32.44 3.5 7.9
      vertex 32.04 3.5 10.7
      vertex 31.44 3.5 7.9
    endloop
  endfacet
  facet normal 0 -1 0
    outer loop
      vertex 32.04 3.5 10.7
      vertex 32.44 3.5 7.9
      vertex 32.44 3.5 10.7
    endloop
  endfacet
  facet normal -1 0 0
    outer loop
      vertex 31.44 3.5 7.9
      vertex 31.44 7.5 12.9
      vertex 31.44 7.5 7.9
    endloop
  endfacet
  facet normal -1 -0 0
    outer loop
      vertex 31.44 7.5 12.9
      vertex 31.44 3.5 7.9
      vertex 31.44 3.5 12.9
    endloop
  endfacet
  facet normal -0 0 1
    outer loop
      vertex 31.44 7.5 12.9
      vertex 32.04 3.5 12.9
      vertex 32.04 7.5 12.9
    endloop
  endfacet
  facet normal 0 0 1
    outer loop
      vertex 32.04 3.5 12.9
      vertex 31.44 7.5 12.9
      vertex 31.44 3.5 12.9
    endloop
  endfacet
  facet normal 1 -0 0
    outer loop
      vertex 32.44 3.5 10.7
      vertex 32.44 7.5 7.9
      vertex 32.44 7.5 10.7
    endloop
  endfacet
  facet normal 1 0 0
    outer loop
      vertex 32.44 7.5 7.9
      vertex 32.44 3.5 10.7
      vertex 32.44 3.5 7.9
    endloop
  endfacet
  facet normal 1 -0 0
    outer loop
      vertex 6.6 21 7.9
      vertex 6.6 25 1.8
      vertex 6.6 25 7.9
    endloop
  endfacet
  facet normal 1 0 0
    outer loop
      vertex 6.6 25 1.8
      vertex 6.6 21 7.9
      vertex 6.6 21 1.8
    endloop
  endfacet
  facet normal -0 0 1
    outer loop
      vertex 5.65 25 7.9
      vertex 6.6 21 7.9
      vertex 6.6 25 7.9
    endloop
  endfacet
  facet normal 0 0 1
    outer loop
      vertex 6.6 21 7.9
      vertex 5.65 25 7.9
      vertex 5.65 21 7.9
    endloop
  endfacet
  facet normal -0 0 1
    outer loop
      vertex 1.8 25 7.9
      vertex 4.65 21 7.9
      vertex 4.65 25 7.9
    endloop
  endfacet
  facet normal 0 0 1
    outer loop
      vertex 4.65 21 7.9
      vertex 1.8 25 7.9
      vertex 1.8 21 7.9
    endloop
  endfacet
  facet normal 0 1 -0
    outer loop
      vertex 6.6 25 1.8
      vertex 5.65 25 7.9
      vertex 6.6 25 7.9
    endloop
  endfacet
  facet normal 0 1 0
    outer loop
      vertex 5.65 25 7.9
      vertex 6.6 25 1.8
      vertex 4.65 25 7.9
    endloop
  endfacet
  facet normal 0 1 0
    outer loop
      vertex 1.8 25 1.8
      vertex 4.65 25 7.9
      vertex 6.6 25 1.8
    endloop
  endfacet
  facet normal 0 1 0
    outer loop
      vertex 4.65 25 7.9
      vertex 1.8 25 1.8
      vertex 1.8 25 7.9
    endloop
  endfacet
  facet normal 0 1 0
    outer loop
      vertex 5.65 25 12.9
      vertex 5.05 25 10.7
      vertex 5.05 25 12.9
    endloop
  endfacet
  facet normal 0 1 -0
    outer loop
      vertex 5.65 25 7.9
      vertex 5.05 25 10.7
      vertex 5.65 25 12.9
    endloop
  endfacet
  facet normal 0 1 0
    outer loop
      vertex 4.65 25 7.9
      vertex 5.05 25 10.7
      vertex 5.65 25 7.9
    endloop
  endfacet
  facet normal 0 1 0
    outer loop
      vertex 5.05 25 10.7
      vertex 4.65 25 7.9
      vertex 4.65 25 10.7
    endloop
  endfacet
  facet normal 0 -1 0
    outer loop
      vertex 4.65 21 10.7
      vertex 4.65 21 7.9
      vertex 5.05 21 10.7
    endloop
  endfacet
  facet normal 0 -1 0
    outer loop
      vertex 5.05 21 10.7
      vertex 5.65 21 12.9
      vertex 5.05 21 12.9
    endloop
  endfacet
  facet normal 0 -1 0
    outer loop
      vertex 5.65 21 7.9
      vertex 5.05 21 10.7
      vertex 4.65 21 7.9
    endloop
  endfacet
  facet normal 0 -1 0
    outer loop
      vertex 5.05 21 10.7
      vertex 5.65 21 7.9
      vertex 5.65 21 12.9
    endloop
  endfacet
  facet normal 0 -1 0
    outer loop
      vertex 1.8 21 1.8
      vertex 4.65 21 7.9
      vertex 1.8 21 7.9
    endloop
  endfacet
  facet normal 0 -1 0
    outer loop
      vertex 6.6 21 1.8
      vertex 4.65 21 7.9
      vertex 1.8 21 1.8
    endloop
  endfacet
  facet normal 0 -1 0
    outer loop
      vertex 4.65 21 7.9
      vertex 6.6 21 1.8
      vertex 5.65 21 7.9
    endloop
  endfacet
  facet normal 0 -1 0
    outer loop
      vertex 5.65 21 7.9
      vertex 6.6 21 1.8
      vertex 6.6 21 7.9
    endloop
  endfacet
  facet normal 1 -0 0
    outer loop
      vertex 5.65 21 12.9
      vertex 5.65 25 7.9
      vertex 5.65 25 12.9
    endloop
  endfacet
  facet normal 1 0 0
    outer loop
      vertex 5.65 25 7.9
      vertex 5.65 21 12.9
      vertex 5.65 21 7.9
    endloop
  endfacet
  facet normal -0 0 1
    outer loop
      vertex 5.05 25 12.9
      vertex 5.65 21 12.9
      vertex 5.65 25 12.9
    endloop
  endfacet
  facet normal 0 0 1
    outer loop
      vertex 5.65 21 12.9
      vertex 5.05 25 12.9
      vertex 5.05 21 12.9
    endloop
  endfacet
  facet normal -1 0 0
    outer loop
      vertex 4.65 21 7.9
      vertex 4.65 25 10.7
      vertex 4.65 25 7.9
    endloop
  endfacet
  facet normal -1 -0 0
    outer loop
      vertex 4.65 25 10.7
      vertex 4.65 21 7.9
      vertex 4.65 21 10.7
    endloop
  endfacet
  facet normal -1 0 0
    outer loop
      vertex 30.49 21 1.8
      vertex 30.49 25 7.9
      vertex 30.49 25 1.8
    endloop
  endfacet
  facet normal -1 -0 0
    outer loop
      vertex 30.49 25 7.9
      vertex 30.49 21 1.8
      vertex 30.49 21 7.9
    endloop
  endfacet
  facet normal -0 0 1
    outer loop
      vertex 32.44 25 7.9
      vertex 35.29 21 7.9
      vertex 35.29 25 7.9
    endloop
  endfacet
  facet normal 0 0 1
    outer loop
      vertex 35.29 21 7.9
      vertex 32.44 25 7.9
      vertex 32.44 21 7.9
    endloop
  endfacet
  facet normal -0 0 1
    outer loop
      vertex 30.49 25 7.9
      vertex 31.44 21 7.9
      vertex 31.44 25 7.9
    endloop
  endfacet
  facet normal 0 0 1
    outer loop
      vertex 31.44 21 7.9
      vertex 30.49 25 7.9
      vertex 30.49 21 7.9
    endloop
  endfacet
  facet normal 0 1 0
    outer loop
      vertex 32.44 25 10.7
      vertex 32.44 25 7.9
      vertex 32.04 25 10.7
    endloop
  endfacet
  facet normal 0 1 -0
    outer loop
      vertex 32.04 25 10.7
      vertex 31.44 25 12.9
      vertex 32.04 25 12.9
    endloop
  endfacet
  facet normal 0 1 0
    outer loop
      vertex 31.44 25 7.9
      vertex 32.04 25 10.7
      vertex 32.44 25 7.9
    endloop
  endfacet
  facet normal 0 1 0
    outer loop
      vertex 32.04 25 10.7
      vertex 31.44 25 7.9
      vertex 31.44 25 12.9
    endloop
  endfacet
  facet normal 0 1 -0
    outer loop
      vertex 35.29 25 1.8
      vertex 32.44 25 7.9
      vertex 35.29 25 7.9
    endloop
  endfacet
  facet normal 0 1 0
    outer loop
      vertex 30.49 25 1.8
      vertex 32.44 25 7.9
      vertex 35.29 25 1.8
    endloop
  endfacet
  facet normal 0 1 0
    outer loop
      vertex 32.44 25 7.9
      vertex 30.49 25 1.8
      vertex 31.44 25 7.9
    endloop
  endfacet
  facet normal 0 1 0
    outer loop
      vertex 31.44 25 7.9
      vertex 30.49 25 1.8
      vertex 30.49 25 7.9
    endloop
  endfacet
  facet normal 0 -1 0
    outer loop
      vertex 30.49 21 1.8
      vertex 31.44 21 7.9
      vertex 30.49 21 7.9
    endloop
  endfacet
  facet normal 0 -1 -0
    outer loop
      vertex 31.44 21 7.9
      vertex 30.49 21 1.8
      vertex 32.44 21 7.9
    endloop
  endfacet
  facet normal 0 -1 0
    outer loop
      vertex 35.29 21 1.8
      vertex 32.44 21 7.9
      vertex 30.49 21 1.8
    endloop
  endfacet
  facet normal 0 -1 0
    outer loop
      vertex 32.44 21 7.9
      vertex 35.29 21 1.8
      vertex 35.29 21 7.9
    endloop
  endfacet
  facet normal 0 -1 0
    outer loop
      vertex 31.44 21 12.9
      vertex 32.04 21 10.7
      vertex 32.04 21 12.9
    endloop
  endfacet
  facet normal 0 -1 0
    outer loop
      vertex 31.44 21 7.9
      vertex 32.04 21 10.7
      vertex 31.44 21 12.9
    endloop
  endfacet
  facet normal 0 -1 0
    outer loop
      vertex 32.44 21 7.9
      vertex 32.04 21 10.7
      vertex 31.44 21 7.9
    endloop
  endfacet
  facet normal 0 -1 0
    outer loop
      vertex 32.04 21 10.7
      vertex 32.44 21 7.9
      vertex 32.44 21 10.7
    endloop
  endfacet
  facet normal -1 0 0
    outer loop
      vertex 31.44 21 7.9
      vertex 31.44 25 12.9
      vertex 31.44 25 7.9
    endloop
  endfacet
  facet normal -1 -0 0
    outer loop
      vertex 31.44 25 12.9
      vertex 31.44 21 7.9
      vertex 31.44 21 12.9
    endloop
  endfacet
  facet normal -0 0 1
    outer loop
      vertex 31.44 25 12.9
      vertex 32.04 21 12.9
      vertex 32.04 25 12.9
    endloop
  endfacet
  facet normal 0 0 1
    outer loop
      vertex 32.04 21 12.9
      vertex 31.44 25 12.9
      vertex 31.44 21 12.9
    endloop
  endfacet
  facet normal 1 -0 0
    outer loop
      vertex 32.44 21 10.7
      vertex 32.44 25 7.9
      vertex 32.44 25 10.7
    endloop
  endfacet
  facet normal 1 0 0
    outer loop
      vertex 32.44 25 7.9
      vertex 32.44 21 10.7
      vertex 32.44 21 7.9
    endloop
  endfacet
  facet normal 1 -0 0
    outer loop
      vertex 6.6 45 7.9
      vertex 6.6 49 1.8
      vertex 6.6 49 7.9
    endloop
  endfacet
  facet normal 1 0 0
    outer loop
      vertex 6.6 49 1.8
      vertex 6.6 45 7.9
      vertex 6.6 45 1.8
    endloop
  endfacet
  facet normal -0 0 1
    outer loop
      vertex 5.65 49 7.9
      vertex 6.6 45 7.9
      vertex 6.6 49 7.9
    endloop
  endfacet
  facet normal 0 0 1
    outer loop
      vertex 6.6 45 7.9
      vertex 5.65 49 7.9
      vertex 5.65 45 7.9
    endloop
  endfacet
  facet normal -0 0 1
    outer loop
      vertex 1.8 49 7.9
      vertex 4.65 45 7.9
      vertex 4.65 49 7.9
    endloop
  endfacet
  facet normal 0 0 1
    outer loop
      vertex 4.65 45 7.9
      vertex 1.8 49 7.9
      vertex 1.8 45 7.9
    endloop
  endfacet
  facet normal 0 1 -0
    outer loop
      vertex 6.6 49 1.8
      vertex 5.65 49 7.9
      vertex 6.6 49 7.9
    endloop
  endfacet
  facet normal 0 1 0
    outer loop
      vertex 5.65 49 7.9
      vertex 6.6 49 1.8
      vertex 4.65 49 7.9
    endloop
  endfacet
  facet normal 0 1 0
    outer loop
      vertex 1.8 49 1.8
      vertex 4.65 49 7.9
      vertex 6.6 49 1.8
    endloop
  endfacet
  facet normal 0 1 0
    outer loop
      vertex 4.65 49 7.9
      vertex 1.8 49 1.8
      vertex 1.8 49 7.9
    endloop
  endfacet
  facet normal 0 1 0
    outer loop
      vertex 5.65 49 12.9
      vertex 5.05 49 10.7
      vertex 5.05 49 12.9
    endloop
  endfacet
  facet normal 0 1 -0
    outer loop
      vertex 5.65 49 7.9
      vertex 5.05 49 10.7
      vertex 5.65 49 12.9
    endloop
  endfacet
  facet normal 0 1 0
    outer loop
      vertex 4.65 49 7.9
      vertex 5.05 49 10.7
      vertex 5.65 49 7.9
    endloop
  endfacet
  facet normal 0 1 0
    outer loop
      vertex 5.05 49 10.7
      vertex 4.65 49 7.9
      vertex 4.65 49 10.7
    endloop
  endfacet
  facet normal 0 -1 0
    outer loop
      vertex 4.65 45 10.7
      vertex 4.65 45 7.9
      vertex 5.05 45 10.7
    endloop
  endfacet
  facet normal 0 -1 0
    outer loop
      vertex 5.05 45 10.7
      vertex 5.65 45 12.9
      vertex 5.05 45 12.9
    endloop
  endfacet
  facet normal 0 -1 0
    outer loop
      vertex 5.65 45 7.9
      vertex 5.05 45 10.7
      vertex 4.65 45 7.9
    endloop
  endfacet
  facet normal 0 -1 0
    outer loop
      vertex 5.05 45 10.7
      vertex 5.65 45 7.9
      vertex 5.65 45 12.9
    endloop
  endfacet
  facet normal 0 -1 0
    outer loop
      vertex 1.8 45 1.8
      vertex 4.65 45 7.9
      vertex 1.8 45 7.9
    endloop
  endfacet
  facet normal 0 -1 0
    outer loop
      vertex 6.6 45 1.8
      vertex 4.65 45 7.9
      vertex 1.8 45 1.8
    endloop
  endfacet
  facet normal 0 -1 0
    outer loop
      vertex 4.65 45 7.9
      vertex 6.6 45 1.8
      vertex 5.65 45 7.9
    endloop
  endfacet
  facet normal 0 -1 0
    outer loop
      vertex 5.65 45 7.9
      vertex 6.6 45 1.8
      vertex 6.6 45 7.9
    endloop
  endfacet
  facet normal 1 -0 0
    outer loop
      vertex 5.65 45 12.9
      vertex 5.65 49 7.9
      vertex 5.65 49 12.9
    endloop
  endfacet
  facet normal 1 0 0
    outer loop
      vertex 5.65 49 7.9
      vertex 5.65 45 12.9
      vertex 5.65 45 7.9
    endloop
  endfacet
  facet normal -0 0 1
    outer loop
      vertex 5.05 49 12.9
      vertex 5.65 45 12.9
      vertex 5.65 49 12.9
    endloop
  endfacet
  facet normal 0 0 1
    outer loop
      vertex 5.65 45 12.9
      vertex 5.05 49 12.9
      vertex 5.05 45 12.9
    endloop
  endfacet
  facet normal -1 0 0
    outer loop
      vertex 4.65 45 7.9
      vertex 4.65 49 10.7
      vertex 4.65 49 7.9
    endloop
  endfacet
  facet normal -1 -0 0
    outer loop
      vertex 4.65 49 10.7
      vertex 4.65 45 7.9
      vertex 4.65 45 10.7
    endloop
  endfacet
  facet normal -1 0 0
    outer loop
      vertex 30.49 45 1.8
      vertex 30.49 49 7.9
      vertex 30.49 49 1.8
    endloop
  endfacet
  facet normal -1 -0 0
    outer loop
      vertex 30.49 49 7.9
      vertex 30.49 45 1.8
      vertex 30.49 45 7.9
    endloop
  endfacet
  facet normal -0 0 1
    outer loop
      vertex 32.44 49 7.9
      vertex 35.29 45 7.9
      vertex 35.29 49 7.9
    endloop
  endfacet
  facet normal 0 0 1
    outer loop
      vertex 35.29 45 7.9
      vertex 32.44 49 7.9
      vertex 32.44 45 7.9
    endloop
  endfacet
  facet normal -0 0 1
    outer loop
      vertex 30.49 49 7.9
      vertex 31.44 45 7.9
      vertex 31.44 49 7.9
    endloop
  endfacet
  facet normal 0 0 1
    outer loop
      vertex 31.44 45 7.9
      vertex 30.49 49 7.9
      vertex 30.49 45 7.9
    endloop
  endfacet
  facet normal 0 1 0
    outer loop
      vertex 32.44 49 10.7
      vertex 32.44 49 7.9
      vertex 32.04 49 10.7
    endloop
  endfacet
  facet normal 0 1 -0
    outer loop
      vertex 32.04 49 10.7
      vertex 31.44 49 12.9
      vertex 32.04 49 12.9
    endloop
  endfacet
  facet normal 0 1 0
    outer loop
      vertex 31.44 49 7.9
      vertex 32.04 49 10.7
      vertex 32.44 49 7.9
    endloop
  endfacet
  facet normal 0 1 0
    outer loop
      vertex 32.04 49 10.7
      vertex 31.44 49 7.9
      vertex 31.44 49 12.9
    endloop
  endfacet
  facet normal 0 1 -0
    outer loop
      vertex 35.29 49 1.8
      vertex 32.44 49 7.9
      vertex 35.29 49 7.9
    endloop
  endfacet
  facet normal 0 1 0
    outer loop
      vertex 30.49 49 1.8
      vertex 32.44 49 7.9
      vertex 35.29 49 1.8
    endloop
  endfacet
  facet normal 0 1 0
    outer loop
      vertex 32.44 49 7.9
      vertex 30.49 49 1.8
      vertex 31.44 49 7.9
    endloop
  endfacet
  facet normal 0 1 0
    outer loop
      vertex 31.44 49 7.9
      vertex 30.49 49 1.8
      vertex 30.49 49 7.9
    endloop
  endfacet
  facet normal 0 -1 0
    outer loop
      vertex 30.49 45 1.8
      vertex 31.44 45 7.9
      vertex 30.49 45 7.9
    endloop
  endfacet
  facet normal 0 -1 -0
    outer loop
      vertex 31.44 45 7.9
      vertex 30.49 45 1.8
      vertex 32.44 45 7.9
    endloop
  endfacet
  facet normal 0 -1 0
    outer loop
      vertex 35.29 45 1.8
      vertex 32.44 45 7.9
      vertex 30.49 45 1.8
    endloop
  endfacet
  facet normal 0 -1 0
    outer loop
      vertex 32.44 45 7.9
      vertex 35.29 45 1.8
      vertex 35.29 45 7.9
    endloop
  endfacet
  facet normal 0 -1 0
    outer loop
      vertex 31.44 45 12.9
      vertex 32.04 45 10.7
      vertex 32.04 45 12.9
    endloop
  endfacet
  facet normal 0 -1 0
    outer loop
      vertex 31.44 45 7.9
      vertex 32.04 45 10.7
      vertex 31.44 45 12.9
    endloop
  endfacet
  facet normal 0 -1 0
    outer loop
      vertex 32.44 45 7.9
      vertex 32.04 45 10.7
      vertex 31.44 45 7.9
    endloop
  endfacet
  facet normal 0 -1 0
    outer loop
      vertex 32.04 45 10.7
      vertex 32.44 45 7.9
      vertex 32.44 45 10.7
    endloop
  endfacet
  facet normal -1 0 0
    outer loop
      vertex 31.44 45 7.9
      vertex 31.44 49 12.9
      vertex 31.44 49 7.9
    endloop
  endfacet
  facet normal -1 -0 0
    outer loop
      vertex 31.44 49 12.9
      vertex 31.44 45 7.9
      vertex 31.44 45 12.9
    endloop
  endfacet
  facet normal -0 0 1
    outer loop
      vertex 31.44 49 12.9
      vertex 32.04 45 12.9
      vertex 32.04 49 12.9
    endloop
  endfacet
  facet normal 0 0 1
    outer loop
      vertex 32.04 45 12.9
      vertex 31.44 49 12.9
      vertex 31.44 45 12.9
    endloop
  endfacet
  facet normal 1 -0 0
    outer loop
      vertex 32.44 45 10.7
      vertex 32.44 49 7.9
      vertex 32.44 49 10.7
    endloop
  endfacet
  facet normal 1 0 0
    outer loop
      vertex 32.44 49 7.9
      vertex 32.44 45 10.7
      vertex 32.44 45 7.9
    endloop
  endfacet
  facet normal 1 -0 0
    outer loop
      vertex 6.6 56.782 7.9
      vertex 6.6 60.782 1.8
      vertex 6.6 60.782 7.9
    endloop
  endfacet
  facet normal 1 0 0
    outer loop
      vertex 6.6 60.782 1.8
      vertex 6.6 56.782 7.9
      vertex 6.6 56.782 1.8
    endloop
  endfacet
  facet normal -0 0 1
    outer loop
      vertex 5.65 60.782 7.9
      vertex 6.6 56.782 7.9
      vertex 6.6 60.782 7.9
    endloop
  endfacet
  facet normal 0 0 1
    outer loop
      vertex 6.6 56.782 7.9
      vertex 5.65 60.782 7.9
      vertex 5.65 56.782 7.9
    endloop
  endfacet
  facet normal -0 0 1
    outer loop
      vertex 1.8 60.782 7.9
      vertex 4.65 56.782 7.9
      vertex 4.65 60.782 7.9
    endloop
  endfacet
  facet normal 0 0 1
    outer loop
      vertex 4.65 56.782 7.9
      vertex 1.8 60.782 7.9
      vertex 1.8 56.782 7.9
    endloop
  endfacet
  facet normal 0 1 -0
    outer loop
      vertex 6.6 60.782 1.8
      vertex 5.65 60.782 7.9
      vertex 6.6 60.782 7.9
    endloop
  endfacet
  facet normal 0 1 0
    outer loop
      vertex 5.65 60.782 7.9
      vertex 6.6 60.782 1.8
      vertex 4.65 60.782 7.9
    endloop
  endfacet
  facet normal 0 1 0
    outer loop
      vertex 1.8 60.782 1.8
      vertex 4.65 60.782 7.9
      vertex 6.6 60.782 1.8
    endloop
  endfacet
  facet normal 0 1 0
    outer loop
      vertex 4.65 60.782 7.9
      vertex 1.8 60.782 1.8
      vertex 1.8 60.782 7.9
    endloop
  endfacet
  facet normal 0 1 0
    outer loop
      vertex 5.65 60.782 12.9
      vertex 5.05 60.782 10.7
      vertex 5.05 60.782 12.9
    endloop
  endfacet
  facet normal 0 1 -0
    outer loop
      vertex 5.65 60.782 7.9
      vertex 5.05 60.782 10.7
      vertex 5.65 60.782 12.9
    endloop
  endfacet
  facet normal 0 1 0
    outer loop
      vertex 4.65 60.782 7.9
      vertex 5.05 60.782 10.7
      vertex 5.65 60.782 7.9
    endloop
  endfacet
  facet normal 0 1 0
    outer loop
      vertex 5.05 60.782 10.7
      vertex 4.65 60.782 7.9
      vertex 4.65 60.782 10.7
    endloop
  endfacet
  facet normal 0 -1 0
    outer loop
      vertex 4.65 56.782 10.7
      vertex 4.65 56.782 7.9
      vertex 5.05 56.782 10.7
    endloop
  endfacet
  facet normal 0 -1 0
    outer loop
      vertex 5.05 56.782 10.7
      vertex 5.65 56.782 12.9
      vertex 5.05 56.782 12.9
    endloop
  endfacet
  facet normal 0 -1 0
    outer loop
      vertex 5.65 56.782 7.9
      vertex 5.05 56.782 10.7
      vertex 4.65 56.782 7.9
    endloop
  endfacet
  facet normal 0 -1 0
    outer loop
      vertex 5.05 56.782 10.7
      vertex 5.65 56.782 7.9
      vertex 5.65 56.782 12.9
    endloop
  endfacet
  facet normal 0 -1 0
    outer loop
      vertex 1.8 56.782 1.8
      vertex 4.65 56.782 7.9
      vertex 1.8 56.782 7.9
    endloop
  endfacet
  facet normal 0 -1 0
    outer loop
      vertex 6.6 56.782 1.8
      vertex 4.65 56.782 7.9
      vertex 1.8 56.782 1.8
    endloop
  endfacet
  facet normal 0 -1 0
    outer loop
      vertex 4.65 56.782 7.9
      vertex 6.6 56.782 1.8
      vertex 5.65 56.782 7.9
    endloop
  endfacet
  facet normal 0 -1 0
    outer loop
      vertex 5.65 56.782 7.9
      vertex 6.6 56.782 1.8
      vertex 6.6 56.782 7.9
    endloop
  endfacet
  facet normal 1 -0 0
    outer loop
      vertex 5.65 56.782 12.9
      vertex 5.65 60.782 7.9
      vertex 5.65 60.782 12.9
    endloop
  endfacet
  facet normal 1 0 0
    outer loop
      vertex 5.65 60.782 7.9
      vertex 5.65 56.782 12.9
      vertex 5.65 56.782 7.9
    endloop
  endfacet
  facet normal -0 0 1
    outer loop
      vertex 5.05 60.782 12.9
      vertex 5.65 56.782 12.9
      vertex 5.65 60.782 12.9
    endloop
  endfacet
  facet normal 0 0 1
    outer loop
      vertex 5.65 56.782 12.9
      vertex 5.05 60.782 12.9
      vertex 5.05 56.782 12.9
    endloop
  endfacet
  facet normal -1 0 0
    outer loop
      vertex 4.65 56.782 7.9
      vertex 4.65 60.782 10.7
      vertex 4.65 60.782 7.9
    endloop
  endfacet
  facet normal -1 -0 0
    outer loop
      vertex 4.65 60.782 10.7
      vertex 4.65 56.782 7.9
      vertex 4.65 56.782 10.7
    endloop
  endfacet
  facet normal -1 0 0
    outer loop
      vertex 30.49 56.782 1.8
      vertex 30.49 60.782 7.9
      vertex 30.49 60.782 1.8
    endloop
  endfacet
  facet normal -1 -0 0
    outer loop
      vertex 30.49 60.782 7.9
      vertex 30.49 56.782 1.8
      vertex 30.49 56.782 7.9
    endloop
  endfacet
  facet normal -0 0 1
    outer loop
      vertex 32.44 60.782 7.9
      vertex 35.29 56.782 7.9
      vertex 35.29 60.782 7.9
    endloop
  endfacet
  facet normal 0 0 1
    outer loop
      vertex 35.29 56.782 7.9
      vertex 32.44 60.782 7.9
      vertex 32.44 56.782 7.9
    endloop
  endfacet
  facet normal -0 0 1
    outer loop
      vertex 30.49 60.782 7.9
      vertex 31.44 56.782 7.9
      vertex 31.44 60.782 7.9
    endloop
  endfacet
  facet normal 0 0 1
    outer loop
      vertex 31.44 56.782 7.9
      vertex 30.49 60.782 7.9
      vertex 30.49 56.782 7.9
    endloop
  endfacet
  facet normal 0 1 0
    outer loop
      vertex 32.44 60.782 10.7
      vertex 32.44 60.782 7.9
      vertex 32.04 60.782 10.7
    endloop
  endfacet
  facet normal 0 1 -0
    outer loop
      vertex 32.04 60.782 10.7
      vertex 31.44 60.782 12.9
      vertex 32.04 60.782 12.9
    endloop
  endfacet
  facet normal 0 1 0
    outer loop
      vertex 31.44 60.782 7.9
      vertex 32.04 60.782 10.7
      vertex 32.44 60.782 7.9
    endloop
  endfacet
  facet normal 0 1 0
    outer loop
      vertex 32.04 60.782 10.7
      vertex 31.44 60.782 7.9
      vertex 31.44 60.782 12.9
    endloop
  endfacet
  facet normal 0 1 -0
    outer loop
      vertex 35.29 60.782 1.8
      vertex 32.44 60.782 7.9
      vertex 35.29 60.782 7.9
    endloop
  endfacet
  facet normal 0 1 0
    outer loop
      vertex 30.49 60.782 1.8
      vertex 32.44 60.782 7.9
      vertex 35.29 60.782 1.8
    endloop
  endfacet
  facet normal 0 1 0
    outer loop
      vertex 32.44 60.782 7.9
      vertex 30.49 60.782 1.8
      vertex 31.44 60.782 7.9
    endloop
  endfacet
  facet normal 0 1 0
    outer loop
      vertex 31.44 60.782 7.9
      vertex 30.49 60.782 1.8
      vertex 30.49 60.782 7.9
    endloop
  endfacet
  facet normal 0 -1 0
    outer loop
      vertex 30.49 56.782 1.8
      vertex 31.44 56.782 7.9
      vertex 30.49 56.782 7.9
    endloop
  endfacet
  facet normal 0 -1 -0
    outer loop
      vertex 31.44 56.782 7.9
      vertex 30.49 56.782 1.8
      vertex 32.44 56.782 7.9
    endloop
  endfacet
  facet normal 0 -1 0
    outer loop
      vertex 35.29 56.782 1.8
      vertex 32.44 56.782 7.9
      vertex 30.49 56.782 1.8
    endloop
  endfacet
  facet normal 0 -1 0
    outer loop
      vertex 32.44 56.782 7.9
      vertex 35.29 56.782 1.8
      vertex 35.29 56.782 7.9
    endloop
  endfacet
  facet normal 0 -1 0
    outer loop
      vertex 31.44 56.782 12.9
      vertex 32.04 56.782 10.7
      vertex 32.04 56.782 12.9
    endloop
  endfacet
  facet normal 0 -1 0
    outer loop
      vertex 31.44 56.782 7.9
      vertex 32.04 56.782 10.7
      vertex 31.44 56.782 12.9
    endloop
  endfacet
  facet normal 0 -1 0
    outer loop
      vertex 32.44 56.782 7.9
      vertex 32.04 56.782 10.7
      vertex 31.44 56.782 7.9
    endloop
  endfacet
  facet normal 0 -1 0
    outer loop
      vertex 32.04 56.782 10.7
      vertex 32.44 56.782 7.9
      vertex 32.44 56.782 10.7
    endloop
  endfacet
  facet normal -1 0 0
    outer loop
      vertex 31.44 56.782 7.9
      vertex 31.44 60.782 12.9
      vertex 31.44 60.782 7.9
    endloop
  endfacet
  facet normal -1 -0 0
    outer loop
      vertex 31.44 60.782 12.9
      vertex 31.44 56.782 7.9
      vertex 31.44 56.782 12.9
    endloop
  endfacet
  facet normal -0 0 1
    outer loop
      vertex 31.44 60.782 12.9
      vertex 32.04 56.782 12.9
      vertex 32.04 60.782 12.9
    endloop
  endfacet
  facet normal 0 0 1
    outer loop
      vertex 32.04 56.782 12.9
      vertex 31.44 60.782 12.9
      vertex 31.44 56.782 12.9
    endloop
  endfacet
  facet normal 1 -0 0
    outer loop
      vertex 32.44 56.782 10.7
      vertex 32.44 60.782 7.9
      vertex 32.44 60.782 10.7
    endloop
  endfacet
  facet normal 1 0 0
    outer loop
      vertex 32.44 60.782 7.9
      vertex 32.44 56.782 10.7
      vertex 32.44 56.782 7.9
    endloop
  endfacet
  facet normal 1 -0 0
    outer loop
      vertex 6.8 1.85 9.8
      vertex 6.8 2.85 1.8
      vertex 6.8 2.85 9.8
    endloop
  endfacet
  facet normal 1 0 0
    outer loop
      vertex 6.8 2.85 1.8
      vertex 6.8 1.85 9.8
      vertex 6.8 1.85 1.8
    endloop
  endfacet
  facet normal -0 0 1
    outer loop
      vertex 5.8 2.85 9.8
      vertex 6.8 1.85 9.8
      vertex 6.8 2.85 9.8
    endloop
  endfacet
  facet normal 0 0 1
    outer loop
      vertex 6.8 1.85 9.8
      vertex 5.8 2.85 9.8
      vertex 5.8 1.85 9.8
    endloop
  endfacet
  facet normal -1 0 0
    outer loop
      vertex 5.8 1.85 1.8
      vertex 5.8 2.85 9.8
      vertex 5.8 2.85 1.8
    endloop
  endfacet
  facet normal -1 -0 0
    outer loop
      vertex 5.8 2.85 9.8
      vertex 5.8 1.85 1.8
      vertex 5.8 1.85 9.8
    endloop
  endfacet
  facet normal 0 1 -0
    outer loop
      vertex 6.8 2.85 1.8
      vertex 5.8 2.85 9.8
      vertex 6.8 2.85 9.8
    endloop
  endfacet
  facet normal 0 1 0
    outer loop
      vertex 5.8 2.85 9.8
      vertex 6.8 2.85 1.8
      vertex 5.8 2.85 1.8
    endloop
  endfacet
  facet normal 0 -1 0
    outer loop
      vertex 5.8 1.85 1.8
      vertex 6.8 1.85 9.8
      vertex 5.8 1.85 9.8
    endloop
  endfacet
  facet normal 0 -1 -0
    outer loop
      vertex 6.8 1.85 9.8
      vertex 5.8 1.85 1.8
      vertex 6.8 1.85 1.8
    endloop
  endfacet
  facet normal 1 -0 0
    outer loop
      vertex 31.29 1.85 9.8
      vertex 31.29 2.85 1.8
      vertex 31.29 2.85 9.8
    endloop
  endfacet
  facet normal 1 0 0
    outer loop
      vertex 31.29 2.85 1.8
      vertex 31.29 1.85 9.8
      vertex 31.29 1.85 1.8
    endloop
  endfacet
  facet normal -0 0 1
    outer loop
      vertex 30.29 2.85 9.8
      vertex 31.29 1.85 9.8
      vertex 31.29 2.85 9.8
    endloop
  endfacet
  facet normal 0 0 1
    outer loop
      vertex 31.29 1.85 9.8
      vertex 30.29 2.85 9.8
      vertex 30.29 1.85 9.8
    endloop
  endfacet
  facet normal -1 0 0
    outer loop
      vertex 30.29 1.85 1.8
      vertex 30.29 2.85 9.8
      vertex 30.29 2.85 1.8
    endloop
  endfacet
  facet normal -1 -0 0
    outer loop
      vertex 30.29 2.85 9.8
      vertex 30.29 1.85 1.8
      vertex 30.29 1.85 9.8
    endloop
  endfacet
  facet normal 0 1 -0
    outer loop
      vertex 31.29 2.85 1.8
      vertex 30.29 2.85 9.8
      vertex 31.29 2.85 9.8
    endloop
  endfacet
  facet normal 0 1 0
    outer loop
      vertex 30.29 2.85 9.8
      vertex 31.29 2.85 1.8
      vertex 30.29 2.85 1.8
    endloop
  endfacet
  facet normal 0 -1 0
    outer loop
      vertex 30.29 1.85 1.8
      vertex 31.29 1.85 9.8
      vertex 30.29 1.85 9.8
    endloop
  endfacet
  facet normal 0 -1 -0
    outer loop
      vertex 31.29 1.85 9.8
      vertex 30.29 1.85 1.8
      vertex 31.29 1.85 1.8
    endloop
  endfacet
  facet normal 1 -0 0
    outer loop
      vertex 29.29 61.932 10
      vertex 29.29 63.132 1.8
      vertex 29.29 63.132 10
    endloop
  endfacet
  facet normal 1 0 0
    outer loop
      vertex 29.29 63.132 1.8
      vertex 29.29 61.932 10
      vertex 29.29 61.932 1.8
    endloop
  endfacet
  facet normal -0 0 1
    outer loop
      vertex 7.8 63.132 10
      vertex 29.29 61.932 10
      vertex 29.29 63.132 10
    endloop
  endfacet
  facet normal 0 0 1
    outer loop
      vertex 29.29 61.932 10
      vertex 7.8 63.132 10
      vertex 7.8 61.932 10
    endloop
  endfacet
  facet normal -1 0 0
    outer loop
      vertex 7.8 61.932 1.8
      vertex 7.8 63.132 10
      vertex 7.8 63.132 1.8
    endloop
  endfacet
  facet normal -1 -0 0
    outer loop
      vertex 7.8 63.132 10
      vertex 7.8 61.932 1.8
      vertex 7.8 61.932 10
    endloop
  endfacet
  facet normal 0 1 -0
    outer loop
      vertex 29.29 63.132 1.8
      vertex 7.8 63.132 10
      vertex 29.29 63.132 10
    endloop
  endfacet
  facet normal 0 1 0
    outer loop
      vertex 7.8 63.132 10
      vertex 29.29 63.132 1.8
      vertex 7.8 63.132 1.8
    endloop
  endfacet
  facet normal 0 -1 0
    outer loop
      vertex 7.8 61.932 1.8
      vertex 29.29 61.932 10
      vertex 7.8 61.932 10
    endloop
  endfacet
  facet normal 0 -1 -0
    outer loop
      vertex 29.29 61.932 10
      vertex 7.8 61.932 1.8
      vertex 29.29 61.932 1.8
    endloop
  endfacet
  facet normal -1 0 0
    outer loop
      vertex 5.05 68 13.7
      vertex 5.05 68.782 10.7
      vertex 5.05 68 11.1
    endloop
  endfacet
  facet normal -1 0 0
    outer loop
      vertex 5.05 66.982 10.7
      vertex 5.05 68 11.1
      vertex 5.05 68.782 10.7
    endloop
  endfacet
  facet normal -1 -0 0
    outer loop
      vertex 5.05 68 11.1
      vertex 5.05 66.982 10.7
      vertex 5.05 66.982 11.1
    endloop
  endfacet
  facet normal -1 0 0
    outer loop
      vertex 5.05 68.782 10.7
      vertex 5.05 68 13.7
      vertex 5.05 68.782 14.9
    endloop
  endfacet
  facet normal -1 0 0
    outer loop
      vertex 5.05 66.982 14.9
      vertex 5.05 68 13.7
      vertex 5.05 66.982 13.7
    endloop
  endfacet
  facet normal -1 0 0
    outer loop
      vertex 5.05 68 13.7
      vertex 5.05 66.982 14.9
      vertex 5.05 68.782 14.9
    endloop
  endfacet
  facet normal -1 0 0
    outer loop
      vertex 5.05 0 10.7
      vertex 5.05 1.8 13.4
      vertex 5.05 1.8 10.7
    endloop
  endfacet
  facet normal -1 -0 0
    outer loop
      vertex 5.05 1.8 13.4
      vertex 5.05 0 10.7
      vertex 5.05 0 13.4
    endloop
  endfacet
  facet normal -1 0 0
    outer loop
      vertex 5.05 3.5 10.7
      vertex 5.05 7.5 12.9
      vertex 5.05 7.5 10.7
    endloop
  endfacet
  facet normal -1 -0 0
    outer loop
      vertex 5.05 7.5 12.9
      vertex 5.05 3.5 10.7
      vertex 5.05 3.5 12.9
    endloop
  endfacet
  facet normal -1 0 0
    outer loop
      vertex 5.05 45 10.7
      vertex 5.05 49 12.9
      vertex 5.05 49 10.7
    endloop
  endfacet
  facet normal -1 -0 0
    outer loop
      vertex 5.05 49 12.9
      vertex 5.05 45 10.7
      vertex 5.05 45 12.9
    endloop
  endfacet
  facet normal -1 0 0
    outer loop
      vertex 5.05 21 10.7
      vertex 5.05 25 12.9
      vertex 5.05 25 10.7
    endloop
  endfacet
  facet normal -1 -0 0
    outer loop
      vertex 5.05 25 12.9
      vertex 5.05 21 10.7
      vertex 5.05 21 12.9
    endloop
  endfacet
  facet normal -1 0 0
    outer loop
      vertex 5.05 56.782 10.7
      vertex 5.05 60.782 12.9
      vertex 5.05 60.782 10.7
    endloop
  endfacet
  facet normal -1 -0 0
    outer loop
      vertex 5.05 60.782 12.9
      vertex 5.05 56.782 10.7
      vertex 5.05 56.782 12.9
    endloop
  endfacet
  facet normal 0 0 -1
    outer loop
      vertex 3.2 68 13.2
      vertex 2 68.782 13.2
      vertex 3.2 68.782 13.2
    endloop
  endfacet
  facet normal 0 0 -1
    outer loop
      vertex 1.8 68 13.2
      vertex 2 68.782 13.2
      vertex 3.2 68 13.2
    endloop
  endfacet
  facet normal 0 0 -1
    outer loop
      vertex 2 68.782 13.2
      vertex 1.8 68 13.2
      vertex 1.8 68.7689 13.2
    endloop
  endfacet
  facet normal 0 0 -1
    outer loop
      vertex 1.95 1.8 13.2
      vertex 3.2 65.4 13.2
      vertex 3.2 1.8 13.2
    endloop
  endfacet
  facet normal 0 0 -1
    outer loop
      vertex 1.8 65.4 13.2
      vertex 1.95 1.8 13.2
      vertex 1.8 1.8 13.2
    endloop
  endfacet
  facet normal 0 0 -1
    outer loop
      vertex 1.95 1.8 13.2
      vertex 1.8 65.4 13.2
      vertex 3.2 65.4 13.2
    endloop
  endfacet
  facet normal 1 0 0
    outer loop
      vertex 3.2 68.782 14.9
      vertex 3.2 68 13.7
      vertex 3.2 68.782 13.2
    endloop
  endfacet
  facet normal 1 0 0
    outer loop
      vertex 3.2 68.782 14.9
      vertex 3.2 65.4 13.7
      vertex 3.2 68 13.7
    endloop
  endfacet
  facet normal 1 -0 0
    outer loop
      vertex 3.2 1.8 14.9
      vertex 3.2 65.4 13.7
      vertex 3.2 68.782 14.9
    endloop
  endfacet
  facet normal 1 0 0
    outer loop
      vertex 3.2 1.8 13.2
      vertex 3.2 65.4 13.7
      vertex 3.2 1.8 14.9
    endloop
  endfacet
  facet normal 1 0 0
    outer loop
      vertex 3.2 65.4 13.7
      vertex 3.2 1.8 13.2
      vertex 3.2 65.4 13.2
    endloop
  endfacet
  facet normal 1 0 0
    outer loop
      vertex 3.2 68.782 13.2
      vertex 3.2 68 13.7
      vertex 3.2 68 13.2
    endloop
  endfacet
  facet normal 1 0 0
    outer loop
      vertex 32.04 68.782 14.9
      vertex 32.04 68 13.7
      vertex 32.04 68.782 10.7
    endloop
  endfacet
  facet normal 1 -0 0
    outer loop
      vertex 32.04 66.982 14.9
      vertex 32.04 68 13.7
      vertex 32.04 68.782 14.9
    endloop
  endfacet
  facet normal 1 0 0
    outer loop
      vertex 32.04 68 13.7
      vertex 32.04 66.982 14.9
      vertex 32.04 66.982 13.7
    endloop
  endfacet
  facet normal 1 -0 0
    outer loop
      vertex 32.04 68 11.1
      vertex 32.04 68.782 10.7
      vertex 32.04 68 13.7
    endloop
  endfacet
  facet normal 1 0 0
    outer loop
      vertex 32.04 66.982 10.7
      vertex 32.04 68 11.1
      vertex 32.04 66.982 11.1
    endloop
  endfacet
  facet normal 1 0 0
    outer loop
      vertex 32.04 68 11.1
      vertex 32.04 66.982 10.7
      vertex 32.04 68.782 10.7
    endloop
  endfacet
  facet normal 1 -0 0
    outer loop
      vertex 32.04 3.5 12.9
      vertex 32.04 7.5 10.7
      vertex 32.04 7.5 12.9
    endloop
  endfacet
  facet normal 1 0 0
    outer loop
      vertex 32.04 7.5 10.7
      vertex 32.04 3.5 12.9
      vertex 32.04 3.5 10.7
    endloop
  endfacet
  facet normal 1 -0 0
    outer loop
      vertex 32.04 45 12.9
      vertex 32.04 49 10.7
      vertex 32.04 49 12.9
    endloop
  endfacet
  facet normal 1 0 0
    outer loop
      vertex 32.04 49 10.7
      vertex 32.04 45 12.9
      vertex 32.04 45 10.7
    endloop
  endfacet
  facet normal 1 -0 0
    outer loop
      vertex 32.04 21 12.9
      vertex 32.04 25 10.7
      vertex 32.04 25 12.9
    endloop
  endfacet
  facet normal 1 0 0
    outer loop
      vertex 32.04 25 10.7
      vertex 32.04 21 12.9
      vertex 32.04 21 10.7
    endloop
  endfacet
  facet normal 1 -0 0
    outer loop
      vertex 32.04 56.782 12.9
      vertex 32.04 60.782 10.7
      vertex 32.04 60.782 12.9
    endloop
  endfacet
  facet normal 1 0 0
    outer loop
      vertex 32.04 60.782 10.7
      vertex 32.04 56.782 12.9
      vertex 32.04 56.782 10.7
    endloop
  endfacet
  facet normal 1 -0 0
    outer loop
      vertex 32.04 0 13.2
      vertex 32.04 1.8 10.7
      vertex 32.04 1.8 13.2
    endloop
  endfacet
  facet normal 1 0 0
    outer loop
      vertex 32.04 1.8 10.7
      vertex 32.04 0 13.2
      vertex 32.04 0 10.7
    endloop
  endfacet
  facet normal 0 0 -1
    outer loop
      vertex 35.29 68 13.2
      vertex 35.09 68.782 13.2
      vertex 35.29 68.7689 13.2
    endloop
  endfacet
  facet normal 0 0 -1
    outer loop
      vertex 33.89 68 13.2
      vertex 35.09 68.782 13.2
      vertex 35.29 68 13.2
    endloop
  endfacet
  facet normal -0 0 -1
    outer loop
      vertex 35.09 68.782 13.2
      vertex 33.89 68 13.2
      vertex 33.89 68.782 13.2
    endloop
  endfacet
  facet normal 0 0 -1
    outer loop
      vertex 35.14 1.8 13.2
      vertex 35.29 65.4 13.2
      vertex 35.29 1.8 13.2
    endloop
  endfacet
  facet normal 0 0 -1
    outer loop
      vertex 33.89 1.8 13.2
      vertex 35.29 65.4 13.2
      vertex 35.14 1.8 13.2
    endloop
  endfacet
  facet normal -0 0 -1
    outer loop
      vertex 35.29 65.4 13.2
      vertex 33.89 1.8 13.2
      vertex 33.89 65.4 13.2
    endloop
  endfacet
  facet normal 0 0 -0
    outer loop
      vertex 35.29 1.8 13.2
      vertex 35.29 65.4 13.2
      vertex 35.29 0.0131084 13.2
    endloop
  endfacet
  facet normal -1 0 0
    outer loop
      vertex 35.29 68.7689 10.7
      vertex 35.29 68 11.1
      vertex 35.29 68.7689 13.2
    endloop
  endfacet
  facet normal -1 0 0
    outer loop
      vertex 35.29 68.7689 10.7
      vertex 35.29 65.4 11.1
      vertex 35.29 68 11.1
    endloop
  endfacet
  facet normal -1 0 0
    outer loop
      vertex 35.29 0.0131084 10.7
      vertex 35.29 65.4 11.1
      vertex 35.29 68.7689 10.7
    endloop
  endfacet
  facet normal -1 0 0
    outer loop
      vertex 35.29 0.0131084 10.7
      vertex 35.29 65.4 13.2
      vertex 35.29 65.4 11.1
    endloop
  endfacet
  facet normal -1 -0 0
    outer loop
      vertex 35.29 65.4 13.2
      vertex 35.29 0.0131084 10.7
      vertex 35.29 0.0131084 13.2
    endloop
  endfacet
  facet normal -1 -0 0
    outer loop
      vertex 35.29 68.7689 13.2
      vertex 35.29 68 11.1
      vertex 35.29 68 13.2
    endloop
  endfacet
  facet normal -1 0 0
    outer loop
      vertex 33.89 65.4 13.2
      vertex 33.89 1.8 13.2
      vertex 33.89 65.4 13.7
    endloop
  endfacet
  facet normal -1 0 0
    outer loop
      vertex 33.89 68 13.7
      vertex 33.89 68.782 13.2
      vertex 33.89 68 13.2
    endloop
  endfacet
  facet normal -1 0 0
    outer loop
      vertex 33.89 68.782 13.2
      vertex 33.89 68 13.7
      vertex 33.89 68.782 14.9
    endloop
  endfacet
  facet normal -1 0 0
    outer loop
      vertex 33.89 65.4 13.7
      vertex 33.89 68.782 14.9
      vertex 33.89 68 13.7
    endloop
  endfacet
  facet normal -1 0 0
    outer loop
      vertex 33.89 1.8 14.9
      vertex 33.89 65.4 13.7
      vertex 33.89 1.8 13.2
    endloop
  endfacet
  facet normal -1 0 0
    outer loop
      vertex 33.89 65.4 13.7
      vertex 33.89 1.8 14.9
      vertex 33.89 68.782 14.9
    endloop
  endfacet
  facet normal -1 0 0
    outer loop
      vertex 35.29 0.0131084 13.2
      vertex 35.29 1.8 13.4
      vertex 35.29 1.8 13.2
    endloop
  endfacet
  facet normal -1 -0 0
    outer loop
      vertex 35.29 1.8 13.4
      vertex 35.29 0.0131084 13.2
      vertex 35.29 0.0131084 13.4
    endloop
  endfacet
  facet normal 1 -0 0
    outer loop
      vertex 32.04 0 13.4
      vertex 32.04 1.8 13.2
      vertex 32.04 1.8 13.4
    endloop
  endfacet
  facet normal 1 0 0
    outer loop
      vertex 32.04 1.8 13.2
      vertex 32.04 0 13.4
      vertex 32.04 0 13.2
    endloop
  endfacet
  facet normal 0 1 -0
    outer loop
      vertex 25 16.8 0
      vertex 12 16.8 1.8
      vertex 25 16.8 1.8
    endloop
  endfacet
  facet normal 0 1 0
    outer loop
      vertex 12 16.8 1.8
      vertex 25 16.8 0
      vertex 12 16.8 0
    endloop
  endfacet
  facet normal 0.751787 -0.659406 0
    outer loop
      vertex 11.048 18.7305 1.8
      vertex 11.1515 18.8485 0
      vertex 11.1515 18.8485 1.8
    endloop
  endfacet
  facet normal 0.751787 -0.659406 0
    outer loop
      vertex 11.1515 18.8485 0
      vertex 11.048 18.7305 1.8
      vertex 11.048 18.7305 0
    endloop
  endfacet
  facet normal -0.321194 -0.947013 0
    outer loop
      vertex 25.3106 19.1591 0
      vertex 25.4592 19.1087 1.8
      vertex 25.3106 19.1591 1.8
    endloop
  endfacet
  facet normal -0.321194 -0.947013 -0
    outer loop
      vertex 25.4592 19.1087 1.8
      vertex 25.3106 19.1591 0
      vertex 25.4592 19.1087 0
    endloop
  endfacet
  facet normal -0.980825 0.194891 0
    outer loop
      vertex 26.1591 17.6894 0
      vertex 26.1897 17.8434 1.8
      vertex 26.1897 17.8434 0
    endloop
  endfacet
  facet normal -0.980825 0.194891 0
    outer loop
      vertex 26.1897 17.8434 1.8
      vertex 26.1591 17.6894 0
      vertex 26.1591 17.6894 1.8
    endloop
  endfacet
  facet normal 0.321194 -0.947013 0
    outer loop
      vertex 11.5408 19.1087 0
      vertex 11.6894 19.1591 1.8
      vertex 11.5408 19.1087 1.8
    endloop
  endfacet
  facet normal 0.321194 -0.947013 0
    outer loop
      vertex 11.6894 19.1591 1.8
      vertex 11.5408 19.1087 0
      vertex 11.6894 19.1591 0
    endloop
  endfacet
  facet normal 0.997844 0.0656309 0
    outer loop
      vertex 10.8103 17.8434 1.8
      vertex 10.8 18 0
      vertex 10.8 18 1.8
    endloop
  endfacet
  facet normal 0.997844 0.0656309 0
    outer loop
      vertex 10.8 18 0
      vertex 10.8103 17.8434 1.8
      vertex 10.8103 17.8434 0
    endloop
  endfacet
  facet normal -0.947013 -0.321194 0
    outer loop
      vertex 26.1591 18.3106 0
      vertex 26.1087 18.4592 1.8
      vertex 26.1087 18.4592 0
    endloop
  endfacet
  facet normal -0.947013 -0.321194 0
    outer loop
      vertex 26.1087 18.4592 1.8
      vertex 26.1591 18.3106 0
      vertex 26.1591 18.3106 1.8
    endloop
  endfacet
  facet normal 0 -1 0
    outer loop
      vertex 12 19.2 0
      vertex 25 19.2 1.8
      vertex 12 19.2 1.8
    endloop
  endfacet
  facet normal 0 -1 -0
    outer loop
      vertex 25 19.2 1.8
      vertex 12 19.2 0
      vertex 25 19.2 0
    endloop
  endfacet
  facet normal 0.194891 0.980825 -0
    outer loop
      vertex 11.8434 16.8103 0
      vertex 11.6894 16.8409 1.8
      vertex 11.8434 16.8103 1.8
    endloop
  endfacet
  facet normal 0.194891 0.980825 0
    outer loop
      vertex 11.6894 16.8409 1.8
      vertex 11.8434 16.8103 0
      vertex 11.6894 16.8409 0
    endloop
  endfacet
  facet normal 0.194891 -0.980825 0
    outer loop
      vertex 11.6894 19.1591 0
      vertex 11.8434 19.1897 1.8
      vertex 11.6894 19.1591 1.8
    endloop
  endfacet
  facet normal 0.194891 -0.980825 0
    outer loop
      vertex 11.8434 19.1897 1.8
      vertex 11.6894 19.1591 0
      vertex 11.8434 19.1897 0
    endloop
  endfacet
  facet normal 0.659406 0.751787 -0
    outer loop
      vertex 11.2695 17.048 0
      vertex 11.1515 17.1515 1.8
      vertex 11.2695 17.048 1.8
    endloop
  endfacet
  facet normal 0.659406 0.751787 0
    outer loop
      vertex 11.1515 17.1515 1.8
      vertex 11.2695 17.048 0
      vertex 11.1515 17.1515 0
    endloop
  endfacet
  facet normal -0.947013 0.321194 0
    outer loop
      vertex 26.1087 17.5408 0
      vertex 26.1591 17.6894 1.8
      vertex 26.1591 17.6894 0
    endloop
  endfacet
  facet normal -0.947013 0.321194 0
    outer loop
      vertex 26.1591 17.6894 1.8
      vertex 26.1087 17.5408 0
      vertex 26.1087 17.5408 1.8
    endloop
  endfacet
  facet normal 0.321194 0.947013 -0
    outer loop
      vertex 11.6894 16.8409 0
      vertex 11.5408 16.8913 1.8
      vertex 11.6894 16.8409 1.8
    endloop
  endfacet
  facet normal 0.321194 0.947013 0
    outer loop
      vertex 11.5408 16.8913 1.8
      vertex 11.6894 16.8409 0
      vertex 11.5408 16.8913 0
    endloop
  endfacet
  facet normal 0.0656309 -0.997844 0
    outer loop
      vertex 11.8434 19.1897 0
      vertex 12 19.2 1.8
      vertex 11.8434 19.1897 1.8
    endloop
  endfacet
  facet normal 0.0656309 -0.997844 0
    outer loop
      vertex 12 19.2 1.8
      vertex 11.8434 19.1897 0
      vertex 12 19.2 0
    endloop
  endfacet
  facet normal -0.980825 -0.194891 0
    outer loop
      vertex 26.1897 18.1566 0
      vertex 26.1591 18.3106 1.8
      vertex 26.1591 18.3106 0
    endloop
  endfacet
  facet normal -0.980825 -0.194891 0
    outer loop
      vertex 26.1591 18.3106 1.8
      vertex 26.1897 18.1566 0
      vertex 26.1897 18.1566 1.8
    endloop
  endfacet
  facet normal 0.947013 -0.321194 0
    outer loop
      vertex 10.8409 18.3106 1.8
      vertex 10.8913 18.4592 0
      vertex 10.8913 18.4592 1.8
    endloop
  endfacet
  facet normal 0.947013 -0.321194 0
    outer loop
      vertex 10.8913 18.4592 0
      vertex 10.8409 18.3106 1.8
      vertex 10.8409 18.3106 0
    endloop
  endfacet
  facet normal 0.442622 -0.896708 0
    outer loop
      vertex 11.4 19.0392 0
      vertex 11.5408 19.1087 1.8
      vertex 11.4 19.0392 1.8
    endloop
  endfacet
  facet normal 0.442622 -0.896708 0
    outer loop
      vertex 11.5408 19.1087 1.8
      vertex 11.4 19.0392 0
      vertex 11.5408 19.1087 0
    endloop
  endfacet
  facet normal 0.896708 -0.442622 0
    outer loop
      vertex 10.8913 18.4592 1.8
      vertex 10.9608 18.6 0
      vertex 10.9608 18.6 1.8
    endloop
  endfacet
  facet normal 0.896708 -0.442622 0
    outer loop
      vertex 10.9608 18.6 0
      vertex 10.8913 18.4592 1.8
      vertex 10.8913 18.4592 0
    endloop
  endfacet
  facet normal 0.997844 -0.0656309 0
    outer loop
      vertex 10.8 18 1.8
      vertex 10.8103 18.1566 0
      vertex 10.8103 18.1566 1.8
    endloop
  endfacet
  facet normal 0.997844 -0.0656309 0
    outer loop
      vertex 10.8103 18.1566 0
      vertex 10.8 18 1.8
      vertex 10.8 18 0
    endloop
  endfacet
  facet normal -0.997844 0.0656309 0
    outer loop
      vertex 26.1897 17.8434 0
      vertex 26.2 18 1.8
      vertex 26.2 18 0
    endloop
  endfacet
  facet normal -0.997844 0.0656309 0
    outer loop
      vertex 26.2 18 1.8
      vertex 26.1897 17.8434 0
      vertex 26.1897 17.8434 1.8
    endloop
  endfacet
  facet normal 0.980825 -0.194891 0
    outer loop
      vertex 10.8103 18.1566 1.8
      vertex 10.8409 18.3106 0
      vertex 10.8409 18.3106 1.8
    endloop
  endfacet
  facet normal 0.980825 -0.194891 0
    outer loop
      vertex 10.8409 18.3106 0
      vertex 10.8103 18.1566 1.8
      vertex 10.8103 18.1566 0
    endloop
  endfacet
  facet normal 0.659406 -0.751787 0
    outer loop
      vertex 11.1515 18.8485 0
      vertex 11.2695 18.952 1.8
      vertex 11.1515 18.8485 1.8
    endloop
  endfacet
  facet normal 0.659406 -0.751787 0
    outer loop
      vertex 11.2695 18.952 1.8
      vertex 11.1515 18.8485 0
      vertex 11.2695 18.952 0
    endloop
  endfacet
  facet normal -0.751787 0.659406 0
    outer loop
      vertex 25.8485 17.1515 0
      vertex 25.952 17.2695 1.8
      vertex 25.952 17.2695 0
    endloop
  endfacet
  facet normal -0.751787 0.659406 0
    outer loop
      vertex 25.952 17.2695 1.8
      vertex 25.8485 17.1515 0
      vertex 25.8485 17.1515 1.8
    endloop
  endfacet
  facet normal 0.831462 -0.555582 0
    outer loop
      vertex 10.9608 18.6 1.8
      vertex 11.048 18.7305 0
      vertex 11.048 18.7305 1.8
    endloop
  endfacet
  facet normal 0.831462 -0.555582 0
    outer loop
      vertex 11.048 18.7305 0
      vertex 10.9608 18.6 1.8
      vertex 10.9608 18.6 0
    endloop
  endfacet
  facet normal -0.321194 0.947013 0
    outer loop
      vertex 25.4592 16.8913 0
      vertex 25.3106 16.8409 1.8
      vertex 25.4592 16.8913 1.8
    endloop
  endfacet
  facet normal -0.321194 0.947013 0
    outer loop
      vertex 25.3106 16.8409 1.8
      vertex 25.4592 16.8913 0
      vertex 25.3106 16.8409 0
    endloop
  endfacet
  facet normal -0.0656309 -0.997844 0
    outer loop
      vertex 25 19.2 0
      vertex 25.1566 19.1897 1.8
      vertex 25 19.2 1.8
    endloop
  endfacet
  facet normal -0.0656309 -0.997844 -0
    outer loop
      vertex 25.1566 19.1897 1.8
      vertex 25 19.2 0
      vertex 25.1566 19.1897 0
    endloop
  endfacet
  facet normal 0.0656309 0.997844 -0
    outer loop
      vertex 12 16.8 0
      vertex 11.8434 16.8103 1.8
      vertex 12 16.8 1.8
    endloop
  endfacet
  facet normal 0.0656309 0.997844 0
    outer loop
      vertex 11.8434 16.8103 1.8
      vertex 12 16.8 0
      vertex 11.8434 16.8103 0
    endloop
  endfacet
  facet normal 0.555582 -0.831462 0
    outer loop
      vertex 11.2695 18.952 0
      vertex 11.4 19.0392 1.8
      vertex 11.2695 18.952 1.8
    endloop
  endfacet
  facet normal 0.555582 -0.831462 0
    outer loop
      vertex 11.4 19.0392 1.8
      vertex 11.2695 18.952 0
      vertex 11.4 19.0392 0
    endloop
  endfacet
  facet normal -0.0656309 0.997844 0
    outer loop
      vertex 25.1566 16.8103 0
      vertex 25 16.8 1.8
      vertex 25.1566 16.8103 1.8
    endloop
  endfacet
  facet normal -0.0656309 0.997844 0
    outer loop
      vertex 25 16.8 1.8
      vertex 25.1566 16.8103 0
      vertex 25 16.8 0
    endloop
  endfacet
  facet normal -0.194891 -0.980825 0
    outer loop
      vertex 25.1566 19.1897 0
      vertex 25.3106 19.1591 1.8
      vertex 25.1566 19.1897 1.8
    endloop
  endfacet
  facet normal -0.194891 -0.980825 -0
    outer loop
      vertex 25.3106 19.1591 1.8
      vertex 25.1566 19.1897 0
      vertex 25.3106 19.1591 0
    endloop
  endfacet
  facet normal -0.659406 0.751787 0
    outer loop
      vertex 25.8485 17.1515 0
      vertex 25.7305 17.048 1.8
      vertex 25.8485 17.1515 1.8
    endloop
  endfacet
  facet normal -0.659406 0.751787 0
    outer loop
      vertex 25.7305 17.048 1.8
      vertex 25.8485 17.1515 0
      vertex 25.7305 17.048 0
    endloop
  endfacet
  facet normal -0.831462 0.555582 0
    outer loop
      vertex 25.952 17.2695 0
      vertex 26.0392 17.4 1.8
      vertex 26.0392 17.4 0
    endloop
  endfacet
  facet normal -0.831462 0.555582 0
    outer loop
      vertex 26.0392 17.4 1.8
      vertex 25.952 17.2695 0
      vertex 25.952 17.2695 1.8
    endloop
  endfacet
  facet normal -0.751787 -0.659406 0
    outer loop
      vertex 25.952 18.7305 0
      vertex 25.8485 18.8485 1.8
      vertex 25.8485 18.8485 0
    endloop
  endfacet
  facet normal -0.751787 -0.659406 0
    outer loop
      vertex 25.8485 18.8485 1.8
      vertex 25.952 18.7305 0
      vertex 25.952 18.7305 1.8
    endloop
  endfacet
  facet normal -0.997844 -0.0656309 0
    outer loop
      vertex 26.2 18 0
      vertex 26.1897 18.1566 1.8
      vertex 26.1897 18.1566 0
    endloop
  endfacet
  facet normal -0.997844 -0.0656309 0
    outer loop
      vertex 26.1897 18.1566 1.8
      vertex 26.2 18 0
      vertex 26.2 18 1.8
    endloop
  endfacet
  facet normal -0.831462 -0.555582 0
    outer loop
      vertex 26.0392 18.6 0
      vertex 25.952 18.7305 1.8
      vertex 25.952 18.7305 0
    endloop
  endfacet
  facet normal -0.831462 -0.555582 0
    outer loop
      vertex 25.952 18.7305 1.8
      vertex 26.0392 18.6 0
      vertex 26.0392 18.6 1.8
    endloop
  endfacet
  facet normal -0.442622 0.896708 0
    outer loop
      vertex 25.6 16.9608 0
      vertex 25.4592 16.8913 1.8
      vertex 25.6 16.9608 1.8
    endloop
  endfacet
  facet normal -0.442622 0.896708 0
    outer loop
      vertex 25.4592 16.8913 1.8
      vertex 25.6 16.9608 0
      vertex 25.4592 16.8913 0
    endloop
  endfacet
  facet normal -0.896708 -0.442622 0
    outer loop
      vertex 26.1087 18.4592 0
      vertex 26.0392 18.6 1.8
      vertex 26.0392 18.6 0
    endloop
  endfacet
  facet normal -0.896708 -0.442622 0
    outer loop
      vertex 26.0392 18.6 1.8
      vertex 26.1087 18.4592 0
      vertex 26.1087 18.4592 1.8
    endloop
  endfacet
  facet normal -0.555582 0.831462 0
    outer loop
      vertex 25.7305 17.048 0
      vertex 25.6 16.9608 1.8
      vertex 25.7305 17.048 1.8
    endloop
  endfacet
  facet normal -0.555582 0.831462 0
    outer loop
      vertex 25.6 16.9608 1.8
      vertex 25.7305 17.048 0
      vertex 25.6 16.9608 0
    endloop
  endfacet
  facet normal -0.442622 -0.896708 0
    outer loop
      vertex 25.4592 19.1087 0
      vertex 25.6 19.0392 1.8
      vertex 25.4592 19.1087 1.8
    endloop
  endfacet
  facet normal -0.442622 -0.896708 -0
    outer loop
      vertex 25.6 19.0392 1.8
      vertex 25.4592 19.1087 0
      vertex 25.6 19.0392 0
    endloop
  endfacet
  facet normal 0.831462 0.555582 0
    outer loop
      vertex 11.048 17.2695 1.8
      vertex 10.9608 17.4 0
      vertex 10.9608 17.4 1.8
    endloop
  endfacet
  facet normal 0.831462 0.555582 0
    outer loop
      vertex 10.9608 17.4 0
      vertex 11.048 17.2695 1.8
      vertex 11.048 17.2695 0
    endloop
  endfacet
  facet normal -0.896708 0.442622 0
    outer loop
      vertex 26.0392 17.4 0
      vertex 26.1087 17.5408 1.8
      vertex 26.1087 17.5408 0
    endloop
  endfacet
  facet normal -0.896708 0.442622 0
    outer loop
      vertex 26.1087 17.5408 1.8
      vertex 26.0392 17.4 0
      vertex 26.0392 17.4 1.8
    endloop
  endfacet
  facet normal 0.442622 0.896708 -0
    outer loop
      vertex 11.5408 16.8913 0
      vertex 11.4 16.9608 1.8
      vertex 11.5408 16.8913 1.8
    endloop
  endfacet
  facet normal 0.442622 0.896708 0
    outer loop
      vertex 11.4 16.9608 1.8
      vertex 11.5408 16.8913 0
      vertex 11.4 16.9608 0
    endloop
  endfacet
  facet normal 0.751787 0.659406 0
    outer loop
      vertex 11.1515 17.1515 1.8
      vertex 11.048 17.2695 0
      vertex 11.048 17.2695 1.8
    endloop
  endfacet
  facet normal 0.751787 0.659406 0
    outer loop
      vertex 11.048 17.2695 0
      vertex 11.1515 17.1515 1.8
      vertex 11.1515 17.1515 0
    endloop
  endfacet
  facet normal 0.555582 0.831462 -0
    outer loop
      vertex 11.4 16.9608 0
      vertex 11.2695 17.048 1.8
      vertex 11.4 16.9608 1.8
    endloop
  endfacet
  facet normal 0.555582 0.831462 0
    outer loop
      vertex 11.2695 17.048 1.8
      vertex 11.4 16.9608 0
      vertex 11.2695 17.048 0
    endloop
  endfacet
  facet normal 0.896708 0.442622 0
    outer loop
      vertex 10.9608 17.4 1.8
      vertex 10.8913 17.5408 0
      vertex 10.8913 17.5408 1.8
    endloop
  endfacet
  facet normal 0.896708 0.442622 0
    outer loop
      vertex 10.8913 17.5408 0
      vertex 10.9608 17.4 1.8
      vertex 10.9608 17.4 0
    endloop
  endfacet
  facet normal -0.194891 0.980825 0
    outer loop
      vertex 25.3106 16.8409 0
      vertex 25.1566 16.8103 1.8
      vertex 25.3106 16.8409 1.8
    endloop
  endfacet
  facet normal -0.194891 0.980825 0
    outer loop
      vertex 25.1566 16.8103 1.8
      vertex 25.3106 16.8409 0
      vertex 25.1566 16.8103 0
    endloop
  endfacet
  facet normal -0.659406 -0.751787 0
    outer loop
      vertex 25.7305 18.952 0
      vertex 25.8485 18.8485 1.8
      vertex 25.7305 18.952 1.8
    endloop
  endfacet
  facet normal -0.659406 -0.751787 -0
    outer loop
      vertex 25.8485 18.8485 1.8
      vertex 25.7305 18.952 0
      vertex 25.8485 18.8485 0
    endloop
  endfacet
  facet normal -0.555582 -0.831462 0
    outer loop
      vertex 25.6 19.0392 0
      vertex 25.7305 18.952 1.8
      vertex 25.6 19.0392 1.8
    endloop
  endfacet
  facet normal -0.555582 -0.831462 -0
    outer loop
      vertex 25.7305 18.952 1.8
      vertex 25.6 19.0392 0
      vertex 25.7305 18.952 0
    endloop
  endfacet
  facet normal 0.947013 0.321194 0
    outer loop
      vertex 10.8913 17.5408 1.8
      vertex 10.8409 17.6894 0
      vertex 10.8409 17.6894 1.8
    endloop
  endfacet
  facet normal 0.947013 0.321194 0
    outer loop
      vertex 10.8409 17.6894 0
      vertex 10.8913 17.5408 1.8
      vertex 10.8913 17.5408 0
    endloop
  endfacet
  facet normal 0.980825 0.194891 0
    outer loop
      vertex 10.8409 17.6894 1.8
      vertex 10.8103 17.8434 0
      vertex 10.8103 17.8434 1.8
    endloop
  endfacet
  facet normal 0.980825 0.194891 0
    outer loop
      vertex 10.8103 17.8434 0
      vertex 10.8409 17.6894 1.8
      vertex 10.8409 17.6894 0
    endloop
  endfacet
  facet normal 0.555582 0.831462 -0
    outer loop
      vertex 11.4 22.9608 0
      vertex 11.2695 23.048 1.8
      vertex 11.4 22.9608 1.8
    endloop
  endfacet
  facet normal 0.555582 0.831462 0
    outer loop
      vertex 11.2695 23.048 1.8
      vertex 11.4 22.9608 0
      vertex 11.2695 23.048 0
    endloop
  endfacet
  facet normal 0.997844 -0.0656309 0
    outer loop
      vertex 10.8 24 1.8
      vertex 10.8103 24.1566 0
      vertex 10.8103 24.1566 1.8
    endloop
  endfacet
  facet normal 0.997844 -0.0656309 0
    outer loop
      vertex 10.8103 24.1566 0
      vertex 10.8 24 1.8
      vertex 10.8 24 0
    endloop
  endfacet
  facet normal 0.751787 -0.659406 0
    outer loop
      vertex 11.048 24.7305 1.8
      vertex 11.1515 24.8485 0
      vertex 11.1515 24.8485 1.8
    endloop
  endfacet
  facet normal 0.751787 -0.659406 0
    outer loop
      vertex 11.1515 24.8485 0
      vertex 11.048 24.7305 1.8
      vertex 11.048 24.7305 0
    endloop
  endfacet
  facet normal 0.751787 0.659406 0
    outer loop
      vertex 11.1515 23.1515 1.8
      vertex 11.048 23.2695 0
      vertex 11.048 23.2695 1.8
    endloop
  endfacet
  facet normal 0.751787 0.659406 0
    outer loop
      vertex 11.048 23.2695 0
      vertex 11.1515 23.1515 1.8
      vertex 11.1515 23.1515 0
    endloop
  endfacet
  facet normal -0.751787 0.659406 0
    outer loop
      vertex 25.8485 23.1515 0
      vertex 25.952 23.2695 1.8
      vertex 25.952 23.2695 0
    endloop
  endfacet
  facet normal -0.751787 0.659406 0
    outer loop
      vertex 25.952 23.2695 1.8
      vertex 25.8485 23.1515 0
      vertex 25.8485 23.1515 1.8
    endloop
  endfacet
  facet normal 0.659406 0.751787 -0
    outer loop
      vertex 11.2695 23.048 0
      vertex 11.1515 23.1515 1.8
      vertex 11.2695 23.048 1.8
    endloop
  endfacet
  facet normal 0.659406 0.751787 0
    outer loop
      vertex 11.1515 23.1515 1.8
      vertex 11.2695 23.048 0
      vertex 11.1515 23.1515 0
    endloop
  endfacet
  facet normal 0 1 -0
    outer loop
      vertex 25 22.8 0
      vertex 12 22.8 1.8
      vertex 25 22.8 1.8
    endloop
  endfacet
  facet normal 0 1 0
    outer loop
      vertex 12 22.8 1.8
      vertex 25 22.8 0
      vertex 12 22.8 0
    endloop
  endfacet
  facet normal 0.947013 0.321194 0
    outer loop
      vertex 10.8913 23.5408 1.8
      vertex 10.8409 23.6894 0
      vertex 10.8409 23.6894 1.8
    endloop
  endfacet
  facet normal 0.947013 0.321194 0
    outer loop
      vertex 10.8409 23.6894 0
      vertex 10.8913 23.5408 1.8
      vertex 10.8913 23.5408 0
    endloop
  endfacet
  facet normal -0.997844 0.0656309 0
    outer loop
      vertex 26.1897 23.8434 0
      vertex 26.2 24 1.8
      vertex 26.2 24 0
    endloop
  endfacet
  facet normal -0.997844 0.0656309 0
    outer loop
      vertex 26.2 24 1.8
      vertex 26.1897 23.8434 0
      vertex 26.1897 23.8434 1.8
    endloop
  endfacet
  facet normal -0.947013 0.321194 0
    outer loop
      vertex 26.1087 23.5408 0
      vertex 26.1591 23.6894 1.8
      vertex 26.1591 23.6894 0
    endloop
  endfacet
  facet normal -0.947013 0.321194 0
    outer loop
      vertex 26.1591 23.6894 1.8
      vertex 26.1087 23.5408 0
      vertex 26.1087 23.5408 1.8
    endloop
  endfacet
  facet normal -0.896708 0.442622 0
    outer loop
      vertex 26.0392 23.4 0
      vertex 26.1087 23.5408 1.8
      vertex 26.1087 23.5408 0
    endloop
  endfacet
  facet normal -0.896708 0.442622 0
    outer loop
      vertex 26.1087 23.5408 1.8
      vertex 26.0392 23.4 0
      vertex 26.0392 23.4 1.8
    endloop
  endfacet
  facet normal -0.555582 -0.831462 0
    outer loop
      vertex 25.6 25.0392 0
      vertex 25.7305 24.952 1.8
      vertex 25.6 25.0392 1.8
    endloop
  endfacet
  facet normal -0.555582 -0.831462 -0
    outer loop
      vertex 25.7305 24.952 1.8
      vertex 25.6 25.0392 0
      vertex 25.7305 24.952 0
    endloop
  endfacet
  facet normal 0.194891 -0.980825 0
    outer loop
      vertex 11.6894 25.1591 0
      vertex 11.8434 25.1897 1.8
      vertex 11.6894 25.1591 1.8
    endloop
  endfacet
  facet normal 0.194891 -0.980825 0
    outer loop
      vertex 11.8434 25.1897 1.8
      vertex 11.6894 25.1591 0
      vertex 11.8434 25.1897 0
    endloop
  endfacet
  facet normal 0.0656309 0.997844 -0
    outer loop
      vertex 12 22.8 0
      vertex 11.8434 22.8103 1.8
      vertex 12 22.8 1.8
    endloop
  endfacet
  facet normal 0.0656309 0.997844 0
    outer loop
      vertex 11.8434 22.8103 1.8
      vertex 12 22.8 0
      vertex 11.8434 22.8103 0
    endloop
  endfacet
  facet normal 0 -1 0
    outer loop
      vertex 12 25.2 0
      vertex 25 25.2 1.8
      vertex 12 25.2 1.8
    endloop
  endfacet
  facet normal 0 -1 -0
    outer loop
      vertex 25 25.2 1.8
      vertex 12 25.2 0
      vertex 25 25.2 0
    endloop
  endfacet
  facet normal 0.980825 -0.194891 0
    outer loop
      vertex 10.8103 24.1566 1.8
      vertex 10.8409 24.3106 0
      vertex 10.8409 24.3106 1.8
    endloop
  endfacet
  facet normal 0.980825 -0.194891 0
    outer loop
      vertex 10.8409 24.3106 0
      vertex 10.8103 24.1566 1.8
      vertex 10.8103 24.1566 0
    endloop
  endfacet
  facet normal -0.194891 0.980825 0
    outer loop
      vertex 25.3106 22.8409 0
      vertex 25.1566 22.8103 1.8
      vertex 25.3106 22.8409 1.8
    endloop
  endfacet
  facet normal -0.194891 0.980825 0
    outer loop
      vertex 25.1566 22.8103 1.8
      vertex 25.3106 22.8409 0
      vertex 25.1566 22.8103 0
    endloop
  endfacet
  facet normal -0.980825 0.194891 0
    outer loop
      vertex 26.1591 23.6894 0
      vertex 26.1897 23.8434 1.8
      vertex 26.1897 23.8434 0
    endloop
  endfacet
  facet normal -0.980825 0.194891 0
    outer loop
      vertex 26.1897 23.8434 1.8
      vertex 26.1591 23.6894 0
      vertex 26.1591 23.6894 1.8
    endloop
  endfacet
  facet normal 0.0656309 -0.997844 0
    outer loop
      vertex 11.8434 25.1897 0
      vertex 12 25.2 1.8
      vertex 11.8434 25.1897 1.8
    endloop
  endfacet
  facet normal 0.0656309 -0.997844 0
    outer loop
      vertex 12 25.2 1.8
      vertex 11.8434 25.1897 0
      vertex 12 25.2 0
    endloop
  endfacet
  facet normal -0.831462 0.555582 0
    outer loop
      vertex 25.952 23.2695 0
      vertex 26.0392 23.4 1.8
      vertex 26.0392 23.4 0
    endloop
  endfacet
  facet normal -0.831462 0.555582 0
    outer loop
      vertex 26.0392 23.4 1.8
      vertex 25.952 23.2695 0
      vertex 25.952 23.2695 1.8
    endloop
  endfacet
  facet normal -0.194891 -0.980825 0
    outer loop
      vertex 25.1566 25.1897 0
      vertex 25.3106 25.1591 1.8
      vertex 25.1566 25.1897 1.8
    endloop
  endfacet
  facet normal -0.194891 -0.980825 -0
    outer loop
      vertex 25.3106 25.1591 1.8
      vertex 25.1566 25.1897 0
      vertex 25.3106 25.1591 0
    endloop
  endfacet
  facet normal -0.997844 -0.0656309 0
    outer loop
      vertex 26.2 24 0
      vertex 26.1897 24.1566 1.8
      vertex 26.1897 24.1566 0
    endloop
  endfacet
  facet normal -0.997844 -0.0656309 0
    outer loop
      vertex 26.1897 24.1566 1.8
      vertex 26.2 24 0
      vertex 26.2 24 1.8
    endloop
  endfacet
  facet normal 0.442622 0.896708 -0
    outer loop
      vertex 11.5408 22.8913 0
      vertex 11.4 22.9608 1.8
      vertex 11.5408 22.8913 1.8
    endloop
  endfacet
  facet normal 0.442622 0.896708 0
    outer loop
      vertex 11.4 22.9608 1.8
      vertex 11.5408 22.8913 0
      vertex 11.4 22.9608 0
    endloop
  endfacet
  facet normal -0.831462 -0.555582 0
    outer loop
      vertex 26.0392 24.6 0
      vertex 25.952 24.7305 1.8
      vertex 25.952 24.7305 0
    endloop
  endfacet
  facet normal -0.831462 -0.555582 0
    outer loop
      vertex 25.952 24.7305 1.8
      vertex 26.0392 24.6 0
      vertex 26.0392 24.6 1.8
    endloop
  endfacet
  facet normal 0.947013 -0.321194 0
    outer loop
      vertex 10.8409 24.3106 1.8
      vertex 10.8913 24.4592 0
      vertex 10.8913 24.4592 1.8
    endloop
  endfacet
  facet normal 0.947013 -0.321194 0
    outer loop
      vertex 10.8913 24.4592 0
      vertex 10.8409 24.3106 1.8
      vertex 10.8409 24.3106 0
    endloop
  endfacet
  facet normal 0.896708 -0.442622 0
    outer loop
      vertex 10.8913 24.4592 1.8
      vertex 10.9608 24.6 0
      vertex 10.9608 24.6 1.8
    endloop
  endfacet
  facet normal 0.896708 -0.442622 0
    outer loop
      vertex 10.9608 24.6 0
      vertex 10.8913 24.4592 1.8
      vertex 10.8913 24.4592 0
    endloop
  endfacet
  facet normal 0.659406 -0.751787 0
    outer loop
      vertex 11.1515 24.8485 0
      vertex 11.2695 24.952 1.8
      vertex 11.1515 24.8485 1.8
    endloop
  endfacet
  facet normal 0.659406 -0.751787 0
    outer loop
      vertex 11.2695 24.952 1.8
      vertex 11.1515 24.8485 0
      vertex 11.2695 24.952 0
    endloop
  endfacet
  facet normal 0.555582 -0.831462 0
    outer loop
      vertex 11.2695 24.952 0
      vertex 11.4 25.0392 1.8
      vertex 11.2695 24.952 1.8
    endloop
  endfacet
  facet normal 0.555582 -0.831462 0
    outer loop
      vertex 11.4 25.0392 1.8
      vertex 11.2695 24.952 0
      vertex 11.4 25.0392 0
    endloop
  endfacet
  facet normal -0.896708 -0.442622 0
    outer loop
      vertex 26.1087 24.4592 0
      vertex 26.0392 24.6 1.8
      vertex 26.0392 24.6 0
    endloop
  endfacet
  facet normal -0.896708 -0.442622 0
    outer loop
      vertex 26.0392 24.6 1.8
      vertex 26.1087 24.4592 0
      vertex 26.1087 24.4592 1.8
    endloop
  endfacet
  facet normal -0.321194 0.947013 0
    outer loop
      vertex 25.4592 22.8913 0
      vertex 25.3106 22.8409 1.8
      vertex 25.4592 22.8913 1.8
    endloop
  endfacet
  facet normal -0.321194 0.947013 0
    outer loop
      vertex 25.3106 22.8409 1.8
      vertex 25.4592 22.8913 0
      vertex 25.3106 22.8409 0
    endloop
  endfacet
  facet normal -0.947013 -0.321194 0
    outer loop
      vertex 26.1591 24.3106 0
      vertex 26.1087 24.4592 1.8
      vertex 26.1087 24.4592 0
    endloop
  endfacet
  facet normal -0.947013 -0.321194 0
    outer loop
      vertex 26.1087 24.4592 1.8
      vertex 26.1591 24.3106 0
      vertex 26.1591 24.3106 1.8
    endloop
  endfacet
  facet normal 0.321194 -0.947013 0
    outer loop
      vertex 11.5408 25.1087 0
      vertex 11.6894 25.1591 1.8
      vertex 11.5408 25.1087 1.8
    endloop
  endfacet
  facet normal 0.321194 -0.947013 0
    outer loop
      vertex 11.6894 25.1591 1.8
      vertex 11.5408 25.1087 0
      vertex 11.6894 25.1591 0
    endloop
  endfacet
  facet normal -0.980825 -0.194891 0
    outer loop
      vertex 26.1897 24.1566 0
      vertex 26.1591 24.3106 1.8
      vertex 26.1591 24.3106 0
    endloop
  endfacet
  facet normal -0.980825 -0.194891 0
    outer loop
      vertex 26.1591 24.3106 1.8
      vertex 26.1897 24.1566 0
      vertex 26.1897 24.1566 1.8
    endloop
  endfacet
  facet normal -0.321194 -0.947013 0
    outer loop
      vertex 25.3106 25.1591 0
      vertex 25.4592 25.1087 1.8
      vertex 25.3106 25.1591 1.8
    endloop
  endfacet
  facet normal -0.321194 -0.947013 -0
    outer loop
      vertex 25.4592 25.1087 1.8
      vertex 25.3106 25.1591 0
      vertex 25.4592 25.1087 0
    endloop
  endfacet
  facet normal -0.0656309 -0.997844 0
    outer loop
      vertex 25 25.2 0
      vertex 25.1566 25.1897 1.8
      vertex 25 25.2 1.8
    endloop
  endfacet
  facet normal -0.0656309 -0.997844 -0
    outer loop
      vertex 25.1566 25.1897 1.8
      vertex 25 25.2 0
      vertex 25.1566 25.1897 0
    endloop
  endfacet
  facet normal 0.831462 -0.555582 0
    outer loop
      vertex 10.9608 24.6 1.8
      vertex 11.048 24.7305 0
      vertex 11.048 24.7305 1.8
    endloop
  endfacet
  facet normal 0.831462 -0.555582 0
    outer loop
      vertex 11.048 24.7305 0
      vertex 10.9608 24.6 1.8
      vertex 10.9608 24.6 0
    endloop
  endfacet
  facet normal 0.442622 -0.896708 0
    outer loop
      vertex 11.4 25.0392 0
      vertex 11.5408 25.1087 1.8
      vertex 11.4 25.0392 1.8
    endloop
  endfacet
  facet normal 0.442622 -0.896708 0
    outer loop
      vertex 11.5408 25.1087 1.8
      vertex 11.4 25.0392 0
      vertex 11.5408 25.1087 0
    endloop
  endfacet
  facet normal -0.659406 -0.751787 0
    outer loop
      vertex 25.7305 24.952 0
      vertex 25.8485 24.8485 1.8
      vertex 25.7305 24.952 1.8
    endloop
  endfacet
  facet normal -0.659406 -0.751787 -0
    outer loop
      vertex 25.8485 24.8485 1.8
      vertex 25.7305 24.952 0
      vertex 25.8485 24.8485 0
    endloop
  endfacet
  facet normal 0.896708 0.442622 0
    outer loop
      vertex 10.9608 23.4 1.8
      vertex 10.8913 23.5408 0
      vertex 10.8913 23.5408 1.8
    endloop
  endfacet
  facet normal 0.896708 0.442622 0
    outer loop
      vertex 10.8913 23.5408 0
      vertex 10.9608 23.4 1.8
      vertex 10.9608 23.4 0
    endloop
  endfacet
  facet normal 0.321194 0.947013 -0
    outer loop
      vertex 11.6894 22.8409 0
      vertex 11.5408 22.8913 1.8
      vertex 11.6894 22.8409 1.8
    endloop
  endfacet
  facet normal 0.321194 0.947013 0
    outer loop
      vertex 11.5408 22.8913 1.8
      vertex 11.6894 22.8409 0
      vertex 11.5408 22.8913 0
    endloop
  endfacet
  facet normal 0.980825 0.194891 0
    outer loop
      vertex 10.8409 23.6894 1.8
      vertex 10.8103 23.8434 0
      vertex 10.8103 23.8434 1.8
    endloop
  endfacet
  facet normal 0.980825 0.194891 0
    outer loop
      vertex 10.8103 23.8434 0
      vertex 10.8409 23.6894 1.8
      vertex 10.8409 23.6894 0
    endloop
  endfacet
  facet normal 0.997844 0.0656309 0
    outer loop
      vertex 10.8103 23.8434 1.8
      vertex 10.8 24 0
      vertex 10.8 24 1.8
    endloop
  endfacet
  facet normal 0.997844 0.0656309 0
    outer loop
      vertex 10.8 24 0
      vertex 10.8103 23.8434 1.8
      vertex 10.8103 23.8434 0
    endloop
  endfacet
  facet normal 0.831462 0.555582 0
    outer loop
      vertex 11.048 23.2695 1.8
      vertex 10.9608 23.4 0
      vertex 10.9608 23.4 1.8
    endloop
  endfacet
  facet normal 0.831462 0.555582 0
    outer loop
      vertex 10.9608 23.4 0
      vertex 11.048 23.2695 1.8
      vertex 11.048 23.2695 0
    endloop
  endfacet
  facet normal -0.555582 0.831462 0
    outer loop
      vertex 25.7305 23.048 0
      vertex 25.6 22.9608 1.8
      vertex 25.7305 23.048 1.8
    endloop
  endfacet
  facet normal -0.555582 0.831462 0
    outer loop
      vertex 25.6 22.9608 1.8
      vertex 25.7305 23.048 0
      vertex 25.6 22.9608 0
    endloop
  endfacet
  facet normal -0.442622 -0.896708 0
    outer loop
      vertex 25.4592 25.1087 0
      vertex 25.6 25.0392 1.8
      vertex 25.4592 25.1087 1.8
    endloop
  endfacet
  facet normal -0.442622 -0.896708 -0
    outer loop
      vertex 25.6 25.0392 1.8
      vertex 25.4592 25.1087 0
      vertex 25.6 25.0392 0
    endloop
  endfacet
  facet normal -0.751787 -0.659406 0
    outer loop
      vertex 25.952 24.7305 0
      vertex 25.8485 24.8485 1.8
      vertex 25.8485 24.8485 0
    endloop
  endfacet
  facet normal -0.751787 -0.659406 0
    outer loop
      vertex 25.8485 24.8485 1.8
      vertex 25.952 24.7305 0
      vertex 25.952 24.7305 1.8
    endloop
  endfacet
  facet normal 0.194891 0.980825 -0
    outer loop
      vertex 11.8434 22.8103 0
      vertex 11.6894 22.8409 1.8
      vertex 11.8434 22.8103 1.8
    endloop
  endfacet
  facet normal 0.194891 0.980825 0
    outer loop
      vertex 11.6894 22.8409 1.8
      vertex 11.8434 22.8103 0
      vertex 11.6894 22.8409 0
    endloop
  endfacet
  facet normal -0.659406 0.751787 0
    outer loop
      vertex 25.8485 23.1515 0
      vertex 25.7305 23.048 1.8
      vertex 25.8485 23.1515 1.8
    endloop
  endfacet
  facet normal -0.659406 0.751787 0
    outer loop
      vertex 25.7305 23.048 1.8
      vertex 25.8485 23.1515 0
      vertex 25.7305 23.048 0
    endloop
  endfacet
  facet normal -0.0656309 0.997844 0
    outer loop
      vertex 25.1566 22.8103 0
      vertex 25 22.8 1.8
      vertex 25.1566 22.8103 1.8
    endloop
  endfacet
  facet normal -0.0656309 0.997844 0
    outer loop
      vertex 25 22.8 1.8
      vertex 25.1566 22.8103 0
      vertex 25 22.8 0
    endloop
  endfacet
  facet normal -0.442622 0.896708 0
    outer loop
      vertex 25.6 22.9608 0
      vertex 25.4592 22.8913 1.8
      vertex 25.6 22.9608 1.8
    endloop
  endfacet
  facet normal -0.442622 0.896708 0
    outer loop
      vertex 25.4592 22.8913 1.8
      vertex 25.6 22.9608 0
      vertex 25.4592 22.8913 0
    endloop
  endfacet
  facet normal -0.947013 0.321194 0
    outer loop
      vertex 26.1087 29.5408 0
      vertex 26.1591 29.6894 1.8
      vertex 26.1591 29.6894 0
    endloop
  endfacet
  facet normal -0.947013 0.321194 0
    outer loop
      vertex 26.1591 29.6894 1.8
      vertex 26.1087 29.5408 0
      vertex 26.1087 29.5408 1.8
    endloop
  endfacet
  facet normal 0 -1 0
    outer loop
      vertex 12 31.2 0
      vertex 25 31.2 1.8
      vertex 12 31.2 1.8
    endloop
  endfacet
  facet normal 0 -1 -0
    outer loop
      vertex 25 31.2 1.8
      vertex 12 31.2 0
      vertex 25 31.2 0
    endloop
  endfacet
  facet normal -0.980825 -0.194891 0
    outer loop
      vertex 26.1897 30.1566 0
      vertex 26.1591 30.3106 1.8
      vertex 26.1591 30.3106 0
    endloop
  endfacet
  facet normal -0.980825 -0.194891 0
    outer loop
      vertex 26.1591 30.3106 1.8
      vertex 26.1897 30.1566 0
      vertex 26.1897 30.1566 1.8
    endloop
  endfacet
  facet normal -0.997844 0.0656309 0
    outer loop
      vertex 26.1897 29.8434 0
      vertex 26.2 30 1.8
      vertex 26.2 30 0
    endloop
  endfacet
  facet normal -0.997844 0.0656309 0
    outer loop
      vertex 26.2 30 1.8
      vertex 26.1897 29.8434 0
      vertex 26.1897 29.8434 1.8
    endloop
  endfacet
  facet normal -0.896708 -0.442622 0
    outer loop
      vertex 26.1087 30.4592 0
      vertex 26.0392 30.6 1.8
      vertex 26.0392 30.6 0
    endloop
  endfacet
  facet normal -0.896708 -0.442622 0
    outer loop
      vertex 26.0392 30.6 1.8
      vertex 26.1087 30.4592 0
      vertex 26.1087 30.4592 1.8
    endloop
  endfacet
  facet normal 0.831462 -0.555582 0
    outer loop
      vertex 10.9608 30.6 1.8
      vertex 11.048 30.7305 0
      vertex 11.048 30.7305 1.8
    endloop
  endfacet
  facet normal 0.831462 -0.555582 0
    outer loop
      vertex 11.048 30.7305 0
      vertex 10.9608 30.6 1.8
      vertex 10.9608 30.6 0
    endloop
  endfacet
  facet normal -0.321194 0.947013 0
    outer loop
      vertex 25.4592 28.8913 0
      vertex 25.3106 28.8409 1.8
      vertex 25.4592 28.8913 1.8
    endloop
  endfacet
  facet normal -0.321194 0.947013 0
    outer loop
      vertex 25.3106 28.8409 1.8
      vertex 25.4592 28.8913 0
      vertex 25.3106 28.8409 0
    endloop
  endfacet
  facet normal -0.896708 0.442622 0
    outer loop
      vertex 26.0392 29.4 0
      vertex 26.1087 29.5408 1.8
      vertex 26.1087 29.5408 0
    endloop
  endfacet
  facet normal -0.896708 0.442622 0
    outer loop
      vertex 26.1087 29.5408 1.8
      vertex 26.0392 29.4 0
      vertex 26.0392 29.4 1.8
    endloop
  endfacet
  facet normal -0.997844 -0.0656309 0
    outer loop
      vertex 26.2 30 0
      vertex 26.1897 30.1566 1.8
      vertex 26.1897 30.1566 0
    endloop
  endfacet
  facet normal -0.997844 -0.0656309 0
    outer loop
      vertex 26.1897 30.1566 1.8
      vertex 26.2 30 0
      vertex 26.2 30 1.8
    endloop
  endfacet
  facet normal 0 1 -0
    outer loop
      vertex 25 28.8 0
      vertex 12 28.8 1.8
      vertex 25 28.8 1.8
    endloop
  endfacet
  facet normal 0 1 0
    outer loop
      vertex 12 28.8 1.8
      vertex 25 28.8 0
      vertex 12 28.8 0
    endloop
  endfacet
  facet normal -0.442622 -0.896708 0
    outer loop
      vertex 25.4592 31.1087 0
      vertex 25.6 31.0392 1.8
      vertex 25.4592 31.1087 1.8
    endloop
  endfacet
  facet normal -0.442622 -0.896708 -0
    outer loop
      vertex 25.6 31.0392 1.8
      vertex 25.4592 31.1087 0
      vertex 25.6 31.0392 0
    endloop
  endfacet
  facet normal 0.751787 -0.659406 0
    outer loop
      vertex 11.048 30.7305 1.8
      vertex 11.1515 30.8485 0
      vertex 11.1515 30.8485 1.8
    endloop
  endfacet
  facet normal 0.751787 -0.659406 0
    outer loop
      vertex 11.1515 30.8485 0
      vertex 11.048 30.7305 1.8
      vertex 11.048 30.7305 0
    endloop
  endfacet
  facet normal -0.0656309 0.997844 0
    outer loop
      vertex 25.1566 28.8103 0
      vertex 25 28.8 1.8
      vertex 25.1566 28.8103 1.8
    endloop
  endfacet
  facet normal -0.0656309 0.997844 0
    outer loop
      vertex 25 28.8 1.8
      vertex 25.1566 28.8103 0
      vertex 25 28.8 0
    endloop
  endfacet
  facet normal -0.831462 0.555582 0
    outer loop
      vertex 25.952 29.2695 0
      vertex 26.0392 29.4 1.8
      vertex 26.0392 29.4 0
    endloop
  endfacet
  facet normal -0.831462 0.555582 0
    outer loop
      vertex 26.0392 29.4 1.8
      vertex 25.952 29.2695 0
      vertex 25.952 29.2695 1.8
    endloop
  endfacet
  facet normal 0.751787 0.659406 0
    outer loop
      vertex 11.1515 29.1515 1.8
      vertex 11.048 29.2695 0
      vertex 11.048 29.2695 1.8
    endloop
  endfacet
  facet normal 0.751787 0.659406 0
    outer loop
      vertex 11.048 29.2695 0
      vertex 11.1515 29.1515 1.8
      vertex 11.1515 29.1515 0
    endloop
  endfacet
  facet normal 0.997844 -0.0656309 0
    outer loop
      vertex 10.8 30 1.8
      vertex 10.8103 30.1566 0
      vertex 10.8103 30.1566 1.8
    endloop
  endfacet
  facet normal 0.997844 -0.0656309 0
    outer loop
      vertex 10.8103 30.1566 0
      vertex 10.8 30 1.8
      vertex 10.8 30 0
    endloop
  endfacet
  facet normal -0.831462 -0.555582 0
    outer loop
      vertex 26.0392 30.6 0
      vertex 25.952 30.7305 1.8
      vertex 25.952 30.7305 0
    endloop
  endfacet
  facet normal -0.831462 -0.555582 0
    outer loop
      vertex 25.952 30.7305 1.8
      vertex 26.0392 30.6 0
      vertex 26.0392 30.6 1.8
    endloop
  endfacet
  facet normal -0.194891 0.980825 0
    outer loop
      vertex 25.3106 28.8409 0
      vertex 25.1566 28.8103 1.8
      vertex 25.3106 28.8409 1.8
    endloop
  endfacet
  facet normal -0.194891 0.980825 0
    outer loop
      vertex 25.1566 28.8103 1.8
      vertex 25.3106 28.8409 0
      vertex 25.1566 28.8103 0
    endloop
  endfacet
  facet normal 0.194891 0.980825 -0
    outer loop
      vertex 11.8434 28.8103 0
      vertex 11.6894 28.8409 1.8
      vertex 11.8434 28.8103 1.8
    endloop
  endfacet
  facet normal 0.194891 0.980825 0
    outer loop
      vertex 11.6894 28.8409 1.8
      vertex 11.8434 28.8103 0
      vertex 11.6894 28.8409 0
    endloop
  endfacet
  facet normal -0.980825 0.194891 0
    outer loop
      vertex 26.1591 29.6894 0
      vertex 26.1897 29.8434 1.8
      vertex 26.1897 29.8434 0
    endloop
  endfacet
  facet normal -0.980825 0.194891 0
    outer loop
      vertex 26.1897 29.8434 1.8
      vertex 26.1591 29.6894 0
      vertex 26.1591 29.6894 1.8
    endloop
  endfacet
  facet normal 0.659406 -0.751787 0
    outer loop
      vertex 11.1515 30.8485 0
      vertex 11.2695 30.952 1.8
      vertex 11.1515 30.8485 1.8
    endloop
  endfacet
  facet normal 0.659406 -0.751787 0
    outer loop
      vertex 11.2695 30.952 1.8
      vertex 11.1515 30.8485 0
      vertex 11.2695 30.952 0
    endloop
  endfacet
  facet normal -0.947013 -0.321194 0
    outer loop
      vertex 26.1591 30.3106 0
      vertex 26.1087 30.4592 1.8
      vertex 26.1087 30.4592 0
    endloop
  endfacet
  facet normal -0.947013 -0.321194 0
    outer loop
      vertex 26.1087 30.4592 1.8
      vertex 26.1591 30.3106 0
      vertex 26.1591 30.3106 1.8
    endloop
  endfacet
  facet normal 0.442622 -0.896708 0
    outer loop
      vertex 11.4 31.0392 0
      vertex 11.5408 31.1087 1.8
      vertex 11.4 31.0392 1.8
    endloop
  endfacet
  facet normal 0.442622 -0.896708 0
    outer loop
      vertex 11.5408 31.1087 1.8
      vertex 11.4 31.0392 0
      vertex 11.5408 31.1087 0
    endloop
  endfacet
  facet normal 0.997844 0.0656309 0
    outer loop
      vertex 10.8103 29.8434 1.8
      vertex 10.8 30 0
      vertex 10.8 30 1.8
    endloop
  endfacet
  facet normal 0.997844 0.0656309 0
    outer loop
      vertex 10.8 30 0
      vertex 10.8103 29.8434 1.8
      vertex 10.8103 29.8434 0
    endloop
  endfacet
  facet normal -0.751787 -0.659406 0
    outer loop
      vertex 25.952 30.7305 0
      vertex 25.8485 30.8485 1.8
      vertex 25.8485 30.8485 0
    endloop
  endfacet
  facet normal -0.751787 -0.659406 0
    outer loop
      vertex 25.8485 30.8485 1.8
      vertex 25.952 30.7305 0
      vertex 25.952 30.7305 1.8
    endloop
  endfacet
  facet normal 0.555582 -0.831462 0
    outer loop
      vertex 11.2695 30.952 0
      vertex 11.4 31.0392 1.8
      vertex 11.2695 30.952 1.8
    endloop
  endfacet
  facet normal 0.555582 -0.831462 0
    outer loop
      vertex 11.4 31.0392 1.8
      vertex 11.2695 30.952 0
      vertex 11.4 31.0392 0
    endloop
  endfacet
  facet normal 0.194891 -0.980825 0
    outer loop
      vertex 11.6894 31.1591 0
      vertex 11.8434 31.1897 1.8
      vertex 11.6894 31.1591 1.8
    endloop
  endfacet
  facet normal 0.194891 -0.980825 0
    outer loop
      vertex 11.8434 31.1897 1.8
      vertex 11.6894 31.1591 0
      vertex 11.8434 31.1897 0
    endloop
  endfacet
  facet normal -0.442622 0.896708 0
    outer loop
      vertex 25.6 28.9608 0
      vertex 25.4592 28.8913 1.8
      vertex 25.6 28.9608 1.8
    endloop
  endfacet
  facet normal -0.442622 0.896708 0
    outer loop
      vertex 25.4592 28.8913 1.8
      vertex 25.6 28.9608 0
      vertex 25.4592 28.8913 0
    endloop
  endfacet
  facet normal 0.980825 0.194891 0
    outer loop
      vertex 10.8409 29.6894 1.8
      vertex 10.8103 29.8434 0
      vertex 10.8103 29.8434 1.8
    endloop
  endfacet
  facet normal 0.980825 0.194891 0
    outer loop
      vertex 10.8103 29.8434 0
      vertex 10.8409 29.6894 1.8
      vertex 10.8409 29.6894 0
    endloop
  endfacet
  facet normal 0.896708 0.442622 0
    outer loop
      vertex 10.9608 29.4 1.8
      vertex 10.8913 29.5408 0
      vertex 10.8913 29.5408 1.8
    endloop
  endfacet
  facet normal 0.896708 0.442622 0
    outer loop
      vertex 10.8913 29.5408 0
      vertex 10.9608 29.4 1.8
      vertex 10.9608 29.4 0
    endloop
  endfacet
  facet normal -0.659406 -0.751787 0
    outer loop
      vertex 25.7305 30.952 0
      vertex 25.8485 30.8485 1.8
      vertex 25.7305 30.952 1.8
    endloop
  endfacet
  facet normal -0.659406 -0.751787 -0
    outer loop
      vertex 25.8485 30.8485 1.8
      vertex 25.7305 30.952 0
      vertex 25.8485 30.8485 0
    endloop
  endfacet
  facet normal 0.0656309 -0.997844 0
    outer loop
      vertex 11.8434 31.1897 0
      vertex 12 31.2 1.8
      vertex 11.8434 31.1897 1.8
    endloop
  endfacet
  facet normal 0.0656309 -0.997844 0
    outer loop
      vertex 12 31.2 1.8
      vertex 11.8434 31.1897 0
      vertex 12 31.2 0
    endloop
  endfacet
  facet normal 0.831462 0.555582 0
    outer loop
      vertex 11.048 29.2695 1.8
      vertex 10.9608 29.4 0
      vertex 10.9608 29.4 1.8
    endloop
  endfacet
  facet normal 0.831462 0.555582 0
    outer loop
      vertex 10.9608 29.4 0
      vertex 11.048 29.2695 1.8
      vertex 11.048 29.2695 0
    endloop
  endfacet
  facet normal 0.555582 0.831462 -0
    outer loop
      vertex 11.4 28.9608 0
      vertex 11.2695 29.048 1.8
      vertex 11.4 28.9608 1.8
    endloop
  endfacet
  facet normal 0.555582 0.831462 0
    outer loop
      vertex 11.2695 29.048 1.8
      vertex 11.4 28.9608 0
      vertex 11.2695 29.048 0
    endloop
  endfacet
  facet normal -0.659406 0.751787 0
    outer loop
      vertex 25.8485 29.1515 0
      vertex 25.7305 29.048 1.8
      vertex 25.8485 29.1515 1.8
    endloop
  endfacet
  facet normal -0.659406 0.751787 0
    outer loop
      vertex 25.7305 29.048 1.8
      vertex 25.8485 29.1515 0
      vertex 25.7305 29.048 0
    endloop
  endfacet
  facet normal -0.751787 0.659406 0
    outer loop
      vertex 25.8485 29.1515 0
      vertex 25.952 29.2695 1.8
      vertex 25.952 29.2695 0
    endloop
  endfacet
  facet normal -0.751787 0.659406 0
    outer loop
      vertex 25.952 29.2695 1.8
      vertex 25.8485 29.1515 0
      vertex 25.8485 29.1515 1.8
    endloop
  endfacet
  facet normal -0.555582 0.831462 0
    outer loop
      vertex 25.7305 29.048 0
      vertex 25.6 28.9608 1.8
      vertex 25.7305 29.048 1.8
    endloop
  endfacet
  facet normal -0.555582 0.831462 0
    outer loop
      vertex 25.6 28.9608 1.8
      vertex 25.7305 29.048 0
      vertex 25.6 28.9608 0
    endloop
  endfacet
  facet normal 0.896708 -0.442622 0
    outer loop
      vertex 10.8913 30.4592 1.8
      vertex 10.9608 30.6 0
      vertex 10.9608 30.6 1.8
    endloop
  endfacet
  facet normal 0.896708 -0.442622 0
    outer loop
      vertex 10.9608 30.6 0
      vertex 10.8913 30.4592 1.8
      vertex 10.8913 30.4592 0
    endloop
  endfacet
  facet normal 0.947013 -0.321194 0
    outer loop
      vertex 10.8409 30.3106 1.8
      vertex 10.8913 30.4592 0
      vertex 10.8913 30.4592 1.8
    endloop
  endfacet
  facet normal 0.947013 -0.321194 0
    outer loop
      vertex 10.8913 30.4592 0
      vertex 10.8409 30.3106 1.8
      vertex 10.8409 30.3106 0
    endloop
  endfacet
  facet normal 0.321194 0.947013 -0
    outer loop
      vertex 11.6894 28.8409 0
      vertex 11.5408 28.8913 1.8
      vertex 11.6894 28.8409 1.8
    endloop
  endfacet
  facet normal 0.321194 0.947013 0
    outer loop
      vertex 11.5408 28.8913 1.8
      vertex 11.6894 28.8409 0
      vertex 11.5408 28.8913 0
    endloop
  endfacet
  facet normal -0.321194 -0.947013 0
    outer loop
      vertex 25.3106 31.1591 0
      vertex 25.4592 31.1087 1.8
      vertex 25.3106 31.1591 1.8
    endloop
  endfacet
  facet normal -0.321194 -0.947013 -0
    outer loop
      vertex 25.4592 31.1087 1.8
      vertex 25.3106 31.1591 0
      vertex 25.4592 31.1087 0
    endloop
  endfacet
  facet normal 0.442622 0.896708 -0
    outer loop
      vertex 11.5408 28.8913 0
      vertex 11.4 28.9608 1.8
      vertex 11.5408 28.8913 1.8
    endloop
  endfacet
  facet normal 0.442622 0.896708 0
    outer loop
      vertex 11.4 28.9608 1.8
      vertex 11.5408 28.8913 0
      vertex 11.4 28.9608 0
    endloop
  endfacet
  facet normal -0.555582 -0.831462 0
    outer loop
      vertex 25.6 31.0392 0
      vertex 25.7305 30.952 1.8
      vertex 25.6 31.0392 1.8
    endloop
  endfacet
  facet normal -0.555582 -0.831462 -0
    outer loop
      vertex 25.7305 30.952 1.8
      vertex 25.6 31.0392 0
      vertex 25.7305 30.952 0
    endloop
  endfacet
  facet normal 0.980825 -0.194891 0
    outer loop
      vertex 10.8103 30.1566 1.8
      vertex 10.8409 30.3106 0
      vertex 10.8409 30.3106 1.8
    endloop
  endfacet
  facet normal 0.980825 -0.194891 0
    outer loop
      vertex 10.8409 30.3106 0
      vertex 10.8103 30.1566 1.8
      vertex 10.8103 30.1566 0
    endloop
  endfacet
  facet normal -0.0656309 -0.997844 0
    outer loop
      vertex 25 31.2 0
      vertex 25.1566 31.1897 1.8
      vertex 25 31.2 1.8
    endloop
  endfacet
  facet normal -0.0656309 -0.997844 -0
    outer loop
      vertex 25.1566 31.1897 1.8
      vertex 25 31.2 0
      vertex 25.1566 31.1897 0
    endloop
  endfacet
  facet normal 0.0656309 0.997844 -0
    outer loop
      vertex 12 28.8 0
      vertex 11.8434 28.8103 1.8
      vertex 12 28.8 1.8
    endloop
  endfacet
  facet normal 0.0656309 0.997844 0
    outer loop
      vertex 11.8434 28.8103 1.8
      vertex 12 28.8 0
      vertex 11.8434 28.8103 0
    endloop
  endfacet
  facet normal 0.659406 0.751787 -0
    outer loop
      vertex 11.2695 29.048 0
      vertex 11.1515 29.1515 1.8
      vertex 11.2695 29.048 1.8
    endloop
  endfacet
  facet normal 0.659406 0.751787 0
    outer loop
      vertex 11.1515 29.1515 1.8
      vertex 11.2695 29.048 0
      vertex 11.1515 29.1515 0
    endloop
  endfacet
  facet normal -0.194891 -0.980825 0
    outer loop
      vertex 25.1566 31.1897 0
      vertex 25.3106 31.1591 1.8
      vertex 25.1566 31.1897 1.8
    endloop
  endfacet
  facet normal -0.194891 -0.980825 -0
    outer loop
      vertex 25.3106 31.1591 1.8
      vertex 25.1566 31.1897 0
      vertex 25.3106 31.1591 0
    endloop
  endfacet
  facet normal 0.321194 -0.947013 0
    outer loop
      vertex 11.5408 31.1087 0
      vertex 11.6894 31.1591 1.8
      vertex 11.5408 31.1087 1.8
    endloop
  endfacet
  facet normal 0.321194 -0.947013 0
    outer loop
      vertex 11.6894 31.1591 1.8
      vertex 11.5408 31.1087 0
      vertex 11.6894 31.1591 0
    endloop
  endfacet
  facet normal 0.947013 0.321194 0
    outer loop
      vertex 10.8913 29.5408 1.8
      vertex 10.8409 29.6894 0
      vertex 10.8409 29.6894 1.8
    endloop
  endfacet
  facet normal 0.947013 0.321194 0
    outer loop
      vertex 10.8409 29.6894 0
      vertex 10.8913 29.5408 1.8
      vertex 10.8913 29.5408 0
    endloop
  endfacet
  facet normal -0.831462 -0.555582 0
    outer loop
      vertex 26.0392 36.6 0
      vertex 25.952 36.7305 1.8
      vertex 25.952 36.7305 0
    endloop
  endfacet
  facet normal -0.831462 -0.555582 0
    outer loop
      vertex 25.952 36.7305 1.8
      vertex 26.0392 36.6 0
      vertex 26.0392 36.6 1.8
    endloop
  endfacet
  facet normal -0.0656309 -0.997844 0
    outer loop
      vertex 25 37.2 0
      vertex 25.1566 37.1897 1.8
      vertex 25 37.2 1.8
    endloop
  endfacet
  facet normal -0.0656309 -0.997844 -0
    outer loop
      vertex 25.1566 37.1897 1.8
      vertex 25 37.2 0
      vertex 25.1566 37.1897 0
    endloop
  endfacet
  facet normal -0.947013 -0.321194 0
    outer loop
      vertex 26.1591 36.3106 0
      vertex 26.1087 36.4592 1.8
      vertex 26.1087 36.4592 0
    endloop
  endfacet
  facet normal -0.947013 -0.321194 0
    outer loop
      vertex 26.1087 36.4592 1.8
      vertex 26.1591 36.3106 0
      vertex 26.1591 36.3106 1.8
    endloop
  endfacet
  facet normal -0.751787 -0.659406 0
    outer loop
      vertex 25.952 36.7305 0
      vertex 25.8485 36.8485 1.8
      vertex 25.8485 36.8485 0
    endloop
  endfacet
  facet normal -0.751787 -0.659406 0
    outer loop
      vertex 25.8485 36.8485 1.8
      vertex 25.952 36.7305 0
      vertex 25.952 36.7305 1.8
    endloop
  endfacet
  facet normal 0.896708 -0.442622 0
    outer loop
      vertex 10.8913 36.4592 1.8
      vertex 10.9608 36.6 0
      vertex 10.9608 36.6 1.8
    endloop
  endfacet
  facet normal 0.896708 -0.442622 0
    outer loop
      vertex 10.9608 36.6 0
      vertex 10.8913 36.4592 1.8
      vertex 10.8913 36.4592 0
    endloop
  endfacet
  facet normal -0.659406 -0.751787 0
    outer loop
      vertex 25.7305 36.952 0
      vertex 25.8485 36.8485 1.8
      vertex 25.7305 36.952 1.8
    endloop
  endfacet
  facet normal -0.659406 -0.751787 -0
    outer loop
      vertex 25.8485 36.8485 1.8
      vertex 25.7305 36.952 0
      vertex 25.8485 36.8485 0
    endloop
  endfacet
  facet normal 0 1 -0
    outer loop
      vertex 25 34.8 0
      vertex 12 34.8 1.8
      vertex 25 34.8 1.8
    endloop
  endfacet
  facet normal 0 1 0
    outer loop
      vertex 12 34.8 1.8
      vertex 25 34.8 0
      vertex 12 34.8 0
    endloop
  endfacet
  facet normal -0.0656309 0.997844 0
    outer loop
      vertex 25.1566 34.8103 0
      vertex 25 34.8 1.8
      vertex 25.1566 34.8103 1.8
    endloop
  endfacet
  facet normal -0.0656309 0.997844 0
    outer loop
      vertex 25 34.8 1.8
      vertex 25.1566 34.8103 0
      vertex 25 34.8 0
    endloop
  endfacet
  facet normal 0.659406 0.751787 -0
    outer loop
      vertex 11.2695 35.048 0
      vertex 11.1515 35.1515 1.8
      vertex 11.2695 35.048 1.8
    endloop
  endfacet
  facet normal 0.659406 0.751787 0
    outer loop
      vertex 11.1515 35.1515 1.8
      vertex 11.2695 35.048 0
      vertex 11.1515 35.1515 0
    endloop
  endfacet
  facet normal 0.194891 -0.980825 0
    outer loop
      vertex 11.6894 37.1591 0
      vertex 11.8434 37.1897 1.8
      vertex 11.6894 37.1591 1.8
    endloop
  endfacet
  facet normal 0.194891 -0.980825 0
    outer loop
      vertex 11.8434 37.1897 1.8
      vertex 11.6894 37.1591 0
      vertex 11.8434 37.1897 0
    endloop
  endfacet
  facet normal -0.997844 0.0656309 0
    outer loop
      vertex 26.1897 35.8434 0
      vertex 26.2 36 1.8
      vertex 26.2 36 0
    endloop
  endfacet
  facet normal -0.997844 0.0656309 0
    outer loop
      vertex 26.2 36 1.8
      vertex 26.1897 35.8434 0
      vertex 26.1897 35.8434 1.8
    endloop
  endfacet
  facet normal 0.321194 0.947013 -0
    outer loop
      vertex 11.6894 34.8409 0
      vertex 11.5408 34.8913 1.8
      vertex 11.6894 34.8409 1.8
    endloop
  endfacet
  facet normal 0.321194 0.947013 0
    outer loop
      vertex 11.5408 34.8913 1.8
      vertex 11.6894 34.8409 0
      vertex 11.5408 34.8913 0
    endloop
  endfacet
  facet normal 0.442622 -0.896708 0
    outer loop
      vertex 11.4 37.0392 0
      vertex 11.5408 37.1087 1.8
      vertex 11.4 37.0392 1.8
    endloop
  endfacet
  facet normal 0.442622 -0.896708 0
    outer loop
      vertex 11.5408 37.1087 1.8
      vertex 11.4 37.0392 0
      vertex 11.5408 37.1087 0
    endloop
  endfacet
  facet normal -0.442622 -0.896708 0
    outer loop
      vertex 25.4592 37.1087 0
      vertex 25.6 37.0392 1.8
      vertex 25.4592 37.1087 1.8
    endloop
  endfacet
  facet normal -0.442622 -0.896708 -0
    outer loop
      vertex 25.6 37.0392 1.8
      vertex 25.4592 37.1087 0
      vertex 25.6 37.0392 0
    endloop
  endfacet
  facet normal -0.194891 0.980825 0
    outer loop
      vertex 25.3106 34.8409 0
      vertex 25.1566 34.8103 1.8
      vertex 25.3106 34.8409 1.8
    endloop
  endfacet
  facet normal -0.194891 0.980825 0
    outer loop
      vertex 25.1566 34.8103 1.8
      vertex 25.3106 34.8409 0
      vertex 25.1566 34.8103 0
    endloop
  endfacet
  facet normal 0.831462 -0.555582 0
    outer loop
      vertex 10.9608 36.6 1.8
      vertex 11.048 36.7305 0
      vertex 11.048 36.7305 1.8
    endloop
  endfacet
  facet normal 0.831462 -0.555582 0
    outer loop
      vertex 11.048 36.7305 0
      vertex 10.9608 36.6 1.8
      vertex 10.9608 36.6 0
    endloop
  endfacet
  facet normal -0.321194 -0.947013 0
    outer loop
      vertex 25.3106 37.1591 0
      vertex 25.4592 37.1087 1.8
      vertex 25.3106 37.1591 1.8
    endloop
  endfacet
  facet normal -0.321194 -0.947013 -0
    outer loop
      vertex 25.4592 37.1087 1.8
      vertex 25.3106 37.1591 0
      vertex 25.4592 37.1087 0
    endloop
  endfacet
  facet normal 0.555582 0.831462 -0
    outer loop
      vertex 11.4 34.9608 0
      vertex 11.2695 35.048 1.8
      vertex 11.4 34.9608 1.8
    endloop
  endfacet
  facet normal 0.555582 0.831462 0
    outer loop
      vertex 11.2695 35.048 1.8
      vertex 11.4 34.9608 0
      vertex 11.2695 35.048 0
    endloop
  endfacet
  facet normal 0.0656309 0.997844 -0
    outer loop
      vertex 12 34.8 0
      vertex 11.8434 34.8103 1.8
      vertex 12 34.8 1.8
    endloop
  endfacet
  facet normal 0.0656309 0.997844 0
    outer loop
      vertex 11.8434 34.8103 1.8
      vertex 12 34.8 0
      vertex 11.8434 34.8103 0
    endloop
  endfacet
  facet normal 0 -1 0
    outer loop
      vertex 12 37.2 0
      vertex 25 37.2 1.8
      vertex 12 37.2 1.8
    endloop
  endfacet
  facet normal 0 -1 -0
    outer loop
      vertex 25 37.2 1.8
      vertex 12 37.2 0
      vertex 25 37.2 0
    endloop
  endfacet
  facet normal -0.555582 -0.831462 0
    outer loop
      vertex 25.6 37.0392 0
      vertex 25.7305 36.952 1.8
      vertex 25.6 37.0392 1.8
    endloop
  endfacet
  facet normal -0.555582 -0.831462 -0
    outer loop
      vertex 25.7305 36.952 1.8
      vertex 25.6 37.0392 0
      vertex 25.7305 36.952 0
    endloop
  endfacet
  facet normal 0.0656309 -0.997844 0
    outer loop
      vertex 11.8434 37.1897 0
      vertex 12 37.2 1.8
      vertex 11.8434 37.1897 1.8
    endloop
  endfacet
  facet normal 0.0656309 -0.997844 0
    outer loop
      vertex 12 37.2 1.8
      vertex 11.8434 37.1897 0
      vertex 12 37.2 0
    endloop
  endfacet
  facet normal -0.997844 -0.0656309 0
    outer loop
      vertex 26.2 36 0
      vertex 26.1897 36.1566 1.8
      vertex 26.1897 36.1566 0
    endloop
  endfacet
  facet normal -0.997844 -0.0656309 0
    outer loop
      vertex 26.1897 36.1566 1.8
      vertex 26.2 36 0
      vertex 26.2 36 1.8
    endloop
  endfacet
  facet normal 0.751787 0.659406 0
    outer loop
      vertex 11.1515 35.1515 1.8
      vertex 11.048 35.2695 0
      vertex 11.048 35.2695 1.8
    endloop
  endfacet
  facet normal 0.751787 0.659406 0
    outer loop
      vertex 11.048 35.2695 0
      vertex 11.1515 35.1515 1.8
      vertex 11.1515 35.1515 0
    endloop
  endfacet
  facet normal 0.442622 0.896708 -0
    outer loop
      vertex 11.5408 34.8913 0
      vertex 11.4 34.9608 1.8
      vertex 11.5408 34.8913 1.8
    endloop
  endfacet
  facet normal 0.442622 0.896708 0
    outer loop
      vertex 11.4 34.9608 1.8
      vertex 11.5408 34.8913 0
      vertex 11.4 34.9608 0
    endloop
  endfacet
  facet normal 0.751787 -0.659406 0
    outer loop
      vertex 11.048 36.7305 1.8
      vertex 11.1515 36.8485 0
      vertex 11.1515 36.8485 1.8
    endloop
  endfacet
  facet normal 0.751787 -0.659406 0
    outer loop
      vertex 11.1515 36.8485 0
      vertex 11.048 36.7305 1.8
      vertex 11.048 36.7305 0
    endloop
  endfacet
  facet normal -0.321194 0.947013 0
    outer loop
      vertex 25.4592 34.8913 0
      vertex 25.3106 34.8409 1.8
      vertex 25.4592 34.8913 1.8
    endloop
  endfacet
  facet normal -0.321194 0.947013 0
    outer loop
      vertex 25.3106 34.8409 1.8
      vertex 25.4592 34.8913 0
      vertex 25.3106 34.8409 0
    endloop
  endfacet
  facet normal -0.659406 0.751787 0
    outer loop
      vertex 25.8485 35.1515 0
      vertex 25.7305 35.048 1.8
      vertex 25.8485 35.1515 1.8
    endloop
  endfacet
  facet normal -0.659406 0.751787 0
    outer loop
      vertex 25.7305 35.048 1.8
      vertex 25.8485 35.1515 0
      vertex 25.7305 35.048 0
    endloop
  endfacet
  facet normal -0.980825 -0.194891 0
    outer loop
      vertex 26.1897 36.1566 0
      vertex 26.1591 36.3106 1.8
      vertex 26.1591 36.3106 0
    endloop
  endfacet
  facet normal -0.980825 -0.194891 0
    outer loop
      vertex 26.1591 36.3106 1.8
      vertex 26.1897 36.1566 0
      vertex 26.1897 36.1566 1.8
    endloop
  endfacet
  facet normal -0.194891 -0.980825 0
    outer loop
      vertex 25.1566 37.1897 0
      vertex 25.3106 37.1591 1.8
      vertex 25.1566 37.1897 1.8
    endloop
  endfacet
  facet normal -0.194891 -0.980825 -0
    outer loop
      vertex 25.3106 37.1591 1.8
      vertex 25.1566 37.1897 0
      vertex 25.3106 37.1591 0
    endloop
  endfacet
  facet normal 0.555582 -0.831462 0
    outer loop
      vertex 11.2695 36.952 0
      vertex 11.4 37.0392 1.8
      vertex 11.2695 36.952 1.8
    endloop
  endfacet
  facet normal 0.555582 -0.831462 0
    outer loop
      vertex 11.4 37.0392 1.8
      vertex 11.2695 36.952 0
      vertex 11.4 37.0392 0
    endloop
  endfacet
  facet normal 0.659406 -0.751787 0
    outer loop
      vertex 11.1515 36.8485 0
      vertex 11.2695 36.952 1.8
      vertex 11.1515 36.8485 1.8
    endloop
  endfacet
  facet normal 0.659406 -0.751787 0
    outer loop
      vertex 11.2695 36.952 1.8
      vertex 11.1515 36.8485 0
      vertex 11.2695 36.952 0
    endloop
  endfacet
  facet normal 0.896708 0.442622 0
    outer loop
      vertex 10.9608 35.4 1.8
      vertex 10.8913 35.5408 0
      vertex 10.8913 35.5408 1.8
    endloop
  endfacet
  facet normal 0.896708 0.442622 0
    outer loop
      vertex 10.8913 35.5408 0
      vertex 10.9608 35.4 1.8
      vertex 10.9608 35.4 0
    endloop
  endfacet
  facet normal -0.947013 0.321194 0
    outer loop
      vertex 26.1087 35.5408 0
      vertex 26.1591 35.6894 1.8
      vertex 26.1591 35.6894 0
    endloop
  endfacet
  facet normal -0.947013 0.321194 0
    outer loop
      vertex 26.1591 35.6894 1.8
      vertex 26.1087 35.5408 0
      vertex 26.1087 35.5408 1.8
    endloop
  endfacet
  facet normal 0.947013 -0.321194 0
    outer loop
      vertex 10.8409 36.3106 1.8
      vertex 10.8913 36.4592 0
      vertex 10.8913 36.4592 1.8
    endloop
  endfacet
  facet normal 0.947013 -0.321194 0
    outer loop
      vertex 10.8913 36.4592 0
      vertex 10.8409 36.3106 1.8
      vertex 10.8409 36.3106 0
    endloop
  endfacet
  facet normal 0.321194 -0.947013 0
    outer loop
      vertex 11.5408 37.1087 0
      vertex 11.6894 37.1591 1.8
      vertex 11.5408 37.1087 1.8
    endloop
  endfacet
  facet normal 0.321194 -0.947013 0
    outer loop
      vertex 11.6894 37.1591 1.8
      vertex 11.5408 37.1087 0
      vertex 11.6894 37.1591 0
    endloop
  endfacet
  facet normal 0.980825 -0.194891 0
    outer loop
      vertex 10.8103 36.1566 1.8
      vertex 10.8409 36.3106 0
      vertex 10.8409 36.3106 1.8
    endloop
  endfacet
  facet normal 0.980825 -0.194891 0
    outer loop
      vertex 10.8409 36.3106 0
      vertex 10.8103 36.1566 1.8
      vertex 10.8103 36.1566 0
    endloop
  endfacet
  facet normal 0.980825 0.194891 0
    outer loop
      vertex 10.8409 35.6894 1.8
      vertex 10.8103 35.8434 0
      vertex 10.8103 35.8434 1.8
    endloop
  endfacet
  facet normal 0.980825 0.194891 0
    outer loop
      vertex 10.8103 35.8434 0
      vertex 10.8409 35.6894 1.8
      vertex 10.8409 35.6894 0
    endloop
  endfacet
  facet normal 0.831462 0.555582 0
    outer loop
      vertex 11.048 35.2695 1.8
      vertex 10.9608 35.4 0
      vertex 10.9608 35.4 1.8
    endloop
  endfacet
  facet normal 0.831462 0.555582 0
    outer loop
      vertex 10.9608 35.4 0
      vertex 11.048 35.2695 1.8
      vertex 11.048 35.2695 0
    endloop
  endfacet
  facet normal 0.997844 -0.0656309 0
    outer loop
      vertex 10.8 36 1.8
      vertex 10.8103 36.1566 0
      vertex 10.8103 36.1566 1.8
    endloop
  endfacet
  facet normal 0.997844 -0.0656309 0
    outer loop
      vertex 10.8103 36.1566 0
      vertex 10.8 36 1.8
      vertex 10.8 36 0
    endloop
  endfacet
  facet normal 0.997844 0.0656309 0
    outer loop
      vertex 10.8103 35.8434 1.8
      vertex 10.8 36 0
      vertex 10.8 36 1.8
    endloop
  endfacet
  facet normal 0.997844 0.0656309 0
    outer loop
      vertex 10.8 36 0
      vertex 10.8103 35.8434 1.8
      vertex 10.8103 35.8434 0
    endloop
  endfacet
  facet normal -0.555582 0.831462 0
    outer loop
      vertex 25.7305 35.048 0
      vertex 25.6 34.9608 1.8
      vertex 25.7305 35.048 1.8
    endloop
  endfacet
  facet normal -0.555582 0.831462 0
    outer loop
      vertex 25.6 34.9608 1.8
      vertex 25.7305 35.048 0
      vertex 25.6 34.9608 0
    endloop
  endfacet
  facet normal -0.831462 0.555582 0
    outer loop
      vertex 25.952 35.2695 0
      vertex 26.0392 35.4 1.8
      vertex 26.0392 35.4 0
    endloop
  endfacet
  facet normal -0.831462 0.555582 0
    outer loop
      vertex 26.0392 35.4 1.8
      vertex 25.952 35.2695 0
      vertex 25.952 35.2695 1.8
    endloop
  endfacet
  facet normal -0.442622 0.896708 0
    outer loop
      vertex 25.6 34.9608 0
      vertex 25.4592 34.8913 1.8
      vertex 25.6 34.9608 1.8
    endloop
  endfacet
  facet normal -0.442622 0.896708 0
    outer loop
      vertex 25.4592 34.8913 1.8
      vertex 25.6 34.9608 0
      vertex 25.4592 34.8913 0
    endloop
  endfacet
  facet normal -0.980825 0.194891 0
    outer loop
      vertex 26.1591 35.6894 0
      vertex 26.1897 35.8434 1.8
      vertex 26.1897 35.8434 0
    endloop
  endfacet
  facet normal -0.980825 0.194891 0
    outer loop
      vertex 26.1897 35.8434 1.8
      vertex 26.1591 35.6894 0
      vertex 26.1591 35.6894 1.8
    endloop
  endfacet
  facet normal -0.896708 -0.442622 0
    outer loop
      vertex 26.1087 36.4592 0
      vertex 26.0392 36.6 1.8
      vertex 26.0392 36.6 0
    endloop
  endfacet
  facet normal -0.896708 -0.442622 0
    outer loop
      vertex 26.0392 36.6 1.8
      vertex 26.1087 36.4592 0
      vertex 26.1087 36.4592 1.8
    endloop
  endfacet
  facet normal 0.947013 0.321194 0
    outer loop
      vertex 10.8913 35.5408 1.8
      vertex 10.8409 35.6894 0
      vertex 10.8409 35.6894 1.8
    endloop
  endfacet
  facet normal 0.947013 0.321194 0
    outer loop
      vertex 10.8409 35.6894 0
      vertex 10.8913 35.5408 1.8
      vertex 10.8913 35.5408 0
    endloop
  endfacet
  facet normal -0.751787 0.659406 0
    outer loop
      vertex 25.8485 35.1515 0
      vertex 25.952 35.2695 1.8
      vertex 25.952 35.2695 0
    endloop
  endfacet
  facet normal -0.751787 0.659406 0
    outer loop
      vertex 25.952 35.2695 1.8
      vertex 25.8485 35.1515 0
      vertex 25.8485 35.1515 1.8
    endloop
  endfacet
  facet normal 0.194891 0.980825 -0
    outer loop
      vertex 11.8434 34.8103 0
      vertex 11.6894 34.8409 1.8
      vertex 11.8434 34.8103 1.8
    endloop
  endfacet
  facet normal 0.194891 0.980825 0
    outer loop
      vertex 11.6894 34.8409 1.8
      vertex 11.8434 34.8103 0
      vertex 11.6894 34.8409 0
    endloop
  endfacet
  facet normal -0.896708 0.442622 0
    outer loop
      vertex 26.0392 35.4 0
      vertex 26.1087 35.5408 1.8
      vertex 26.1087 35.5408 0
    endloop
  endfacet
  facet normal -0.896708 0.442622 0
    outer loop
      vertex 26.1087 35.5408 1.8
      vertex 26.0392 35.4 0
      vertex 26.0392 35.4 1.8
    endloop
  endfacet
  facet normal -0.947013 0.321194 0
    outer loop
      vertex 26.1087 41.5408 0
      vertex 26.1591 41.6894 1.8
      vertex 26.1591 41.6894 0
    endloop
  endfacet
  facet normal -0.947013 0.321194 0
    outer loop
      vertex 26.1591 41.6894 1.8
      vertex 26.1087 41.5408 0
      vertex 26.1087 41.5408 1.8
    endloop
  endfacet
  facet normal 0 -1 0
    outer loop
      vertex 12 43.2 0
      vertex 25 43.2 1.8
      vertex 12 43.2 1.8
    endloop
  endfacet
  facet normal 0 -1 -0
    outer loop
      vertex 25 43.2 1.8
      vertex 12 43.2 0
      vertex 25 43.2 0
    endloop
  endfacet
  facet normal -0.980825 -0.194891 0
    outer loop
      vertex 26.1897 42.1566 0
      vertex 26.1591 42.3106 1.8
      vertex 26.1591 42.3106 0
    endloop
  endfacet
  facet normal -0.980825 -0.194891 0
    outer loop
      vertex 26.1591 42.3106 1.8
      vertex 26.1897 42.1566 0
      vertex 26.1897 42.1566 1.8
    endloop
  endfacet
  facet normal -0.997844 0.0656309 0
    outer loop
      vertex 26.1897 41.8434 0
      vertex 26.2 42 1.8
      vertex 26.2 42 0
    endloop
  endfacet
  facet normal -0.997844 0.0656309 0
    outer loop
      vertex 26.2 42 1.8
      vertex 26.1897 41.8434 0
      vertex 26.1897 41.8434 1.8
    endloop
  endfacet
  facet normal -0.896708 -0.442622 0
    outer loop
      vertex 26.1087 42.4592 0
      vertex 26.0392 42.6 1.8
      vertex 26.0392 42.6 0
    endloop
  endfacet
  facet normal -0.896708 -0.442622 0
    outer loop
      vertex 26.0392 42.6 1.8
      vertex 26.1087 42.4592 0
      vertex 26.1087 42.4592 1.8
    endloop
  endfacet
  facet normal 0.947013 0.321194 0
    outer loop
      vertex 10.8913 41.5408 1.8
      vertex 10.8409 41.6894 0
      vertex 10.8409 41.6894 1.8
    endloop
  endfacet
  facet normal 0.947013 0.321194 0
    outer loop
      vertex 10.8409 41.6894 0
      vertex 10.8913 41.5408 1.8
      vertex 10.8913 41.5408 0
    endloop
  endfacet
  facet normal 0.831462 -0.555582 0
    outer loop
      vertex 10.9608 42.6 1.8
      vertex 11.048 42.7305 0
      vertex 11.048 42.7305 1.8
    endloop
  endfacet
  facet normal 0.831462 -0.555582 0
    outer loop
      vertex 11.048 42.7305 0
      vertex 10.9608 42.6 1.8
      vertex 10.9608 42.6 0
    endloop
  endfacet
  facet normal -0.321194 0.947013 0
    outer loop
      vertex 25.4592 40.8913 0
      vertex 25.3106 40.8409 1.8
      vertex 25.4592 40.8913 1.8
    endloop
  endfacet
  facet normal -0.321194 0.947013 0
    outer loop
      vertex 25.3106 40.8409 1.8
      vertex 25.4592 40.8913 0
      vertex 25.3106 40.8409 0
    endloop
  endfacet
  facet normal -0.896708 0.442622 0
    outer loop
      vertex 26.0392 41.4 0
      vertex 26.1087 41.5408 1.8
      vertex 26.1087 41.5408 0
    endloop
  endfacet
  facet normal -0.896708 0.442622 0
    outer loop
      vertex 26.1087 41.5408 1.8
      vertex 26.0392 41.4 0
      vertex 26.0392 41.4 1.8
    endloop
  endfacet
  facet normal -0.997844 -0.0656309 0
    outer loop
      vertex 26.2 42 0
      vertex 26.1897 42.1566 1.8
      vertex 26.1897 42.1566 0
    endloop
  endfacet
  facet normal -0.997844 -0.0656309 0
    outer loop
      vertex 26.1897 42.1566 1.8
      vertex 26.2 42 0
      vertex 26.2 42 1.8
    endloop
  endfacet
  facet normal 0 1 -0
    outer loop
      vertex 25 40.8 0
      vertex 12 40.8 1.8
      vertex 25 40.8 1.8
    endloop
  endfacet
  facet normal 0 1 0
    outer loop
      vertex 12 40.8 1.8
      vertex 25 40.8 0
      vertex 12 40.8 0
    endloop
  endfacet
  facet normal -0.442622 -0.896708 0
    outer loop
      vertex 25.4592 43.1087 0
      vertex 25.6 43.0392 1.8
      vertex 25.4592 43.1087 1.8
    endloop
  endfacet
  facet normal -0.442622 -0.896708 -0
    outer loop
      vertex 25.6 43.0392 1.8
      vertex 25.4592 43.1087 0
      vertex 25.6 43.0392 0
    endloop
  endfacet
  facet normal 0.751787 -0.659406 0
    outer loop
      vertex 11.048 42.7305 1.8
      vertex 11.1515 42.8485 0
      vertex 11.1515 42.8485 1.8
    endloop
  endfacet
  facet normal 0.751787 -0.659406 0
    outer loop
      vertex 11.1515 42.8485 0
      vertex 11.048 42.7305 1.8
      vertex 11.048 42.7305 0
    endloop
  endfacet
  facet normal -0.0656309 0.997844 0
    outer loop
      vertex 25.1566 40.8103 0
      vertex 25 40.8 1.8
      vertex 25.1566 40.8103 1.8
    endloop
  endfacet
  facet normal -0.0656309 0.997844 0
    outer loop
      vertex 25 40.8 1.8
      vertex 25.1566 40.8103 0
      vertex 25 40.8 0
    endloop
  endfacet
  facet normal -0.831462 0.555582 0
    outer loop
      vertex 25.952 41.2695 0
      vertex 26.0392 41.4 1.8
      vertex 26.0392 41.4 0
    endloop
  endfacet
  facet normal -0.831462 0.555582 0
    outer loop
      vertex 26.0392 41.4 1.8
      vertex 25.952 41.2695 0
      vertex 25.952 41.2695 1.8
    endloop
  endfacet
  facet normal 0.751787 0.659406 0
    outer loop
      vertex 11.1515 41.1515 1.8
      vertex 11.048 41.2695 0
      vertex 11.048 41.2695 1.8
    endloop
  endfacet
  facet normal 0.751787 0.659406 0
    outer loop
      vertex 11.048 41.2695 0
      vertex 11.1515 41.1515 1.8
      vertex 11.1515 41.1515 0
    endloop
  endfacet
  facet normal 0.997844 -0.0656309 0
    outer loop
      vertex 10.8 42 1.8
      vertex 10.8103 42.1566 0
      vertex 10.8103 42.1566 1.8
    endloop
  endfacet
  facet normal 0.997844 -0.0656309 0
    outer loop
      vertex 10.8103 42.1566 0
      vertex 10.8 42 1.8
      vertex 10.8 42 0
    endloop
  endfacet
  facet normal -0.831462 -0.555582 0
    outer loop
      vertex 26.0392 42.6 0
      vertex 25.952 42.7305 1.8
      vertex 25.952 42.7305 0
    endloop
  endfacet
  facet normal -0.831462 -0.555582 0
    outer loop
      vertex 25.952 42.7305 1.8
      vertex 26.0392 42.6 0
      vertex 26.0392 42.6 1.8
    endloop
  endfacet
  facet normal -0.194891 0.980825 0
    outer loop
      vertex 25.3106 40.8409 0
      vertex 25.1566 40.8103 1.8
      vertex 25.3106 40.8409 1.8
    endloop
  endfacet
  facet normal -0.194891 0.980825 0
    outer loop
      vertex 25.1566 40.8103 1.8
      vertex 25.3106 40.8409 0
      vertex 25.1566 40.8103 0
    endloop
  endfacet
  facet normal 0.194891 0.980825 -0
    outer loop
      vertex 11.8434 40.8103 0
      vertex 11.6894 40.8409 1.8
      vertex 11.8434 40.8103 1.8
    endloop
  endfacet
  facet normal 0.194891 0.980825 0
    outer loop
      vertex 11.6894 40.8409 1.8
      vertex 11.8434 40.8103 0
      vertex 11.6894 40.8409 0
    endloop
  endfacet
  facet normal -0.980825 0.194891 0
    outer loop
      vertex 26.1591 41.6894 0
      vertex 26.1897 41.8434 1.8
      vertex 26.1897 41.8434 0
    endloop
  endfacet
  facet normal -0.980825 0.194891 0
    outer loop
      vertex 26.1897 41.8434 1.8
      vertex 26.1591 41.6894 0
      vertex 26.1591 41.6894 1.8
    endloop
  endfacet
  facet normal 0.659406 -0.751787 0
    outer loop
      vertex 11.1515 42.8485 0
      vertex 11.2695 42.952 1.8
      vertex 11.1515 42.8485 1.8
    endloop
  endfacet
  facet normal 0.659406 -0.751787 0
    outer loop
      vertex 11.2695 42.952 1.8
      vertex 11.1515 42.8485 0
      vertex 11.2695 42.952 0
    endloop
  endfacet
  facet normal -0.947013 -0.321194 0
    outer loop
      vertex 26.1591 42.3106 0
      vertex 26.1087 42.4592 1.8
      vertex 26.1087 42.4592 0
    endloop
  endfacet
  facet normal -0.947013 -0.321194 0
    outer loop
      vertex 26.1087 42.4592 1.8
      vertex 26.1591 42.3106 0
      vertex 26.1591 42.3106 1.8
    endloop
  endfacet
  facet normal 0.442622 -0.896708 0
    outer loop
      vertex 11.4 43.0392 0
      vertex 11.5408 43.1087 1.8
      vertex 11.4 43.0392 1.8
    endloop
  endfacet
  facet normal 0.442622 -0.896708 0
    outer loop
      vertex 11.5408 43.1087 1.8
      vertex 11.4 43.0392 0
      vertex 11.5408 43.1087 0
    endloop
  endfacet
  facet normal 0.997844 0.0656309 0
    outer loop
      vertex 10.8103 41.8434 1.8
      vertex 10.8 42 0
      vertex 10.8 42 1.8
    endloop
  endfacet
  facet normal 0.997844 0.0656309 0
    outer loop
      vertex 10.8 42 0
      vertex 10.8103 41.8434 1.8
      vertex 10.8103 41.8434 0
    endloop
  endfacet
  facet normal 0.555582 -0.831462 0
    outer loop
      vertex 11.2695 42.952 0
      vertex 11.4 43.0392 1.8
      vertex 11.2695 42.952 1.8
    endloop
  endfacet
  facet normal 0.555582 -0.831462 0
    outer loop
      vertex 11.4 43.0392 1.8
      vertex 11.2695 42.952 0
      vertex 11.4 43.0392 0
    endloop
  endfacet
  facet normal 0.194891 -0.980825 0
    outer loop
      vertex 11.6894 43.1591 0
      vertex 11.8434 43.1897 1.8
      vertex 11.6894 43.1591 1.8
    endloop
  endfacet
  facet normal 0.194891 -0.980825 0
    outer loop
      vertex 11.8434 43.1897 1.8
      vertex 11.6894 43.1591 0
      vertex 11.8434 43.1897 0
    endloop
  endfacet
  facet normal -0.442622 0.896708 0
    outer loop
      vertex 25.6 40.9608 0
      vertex 25.4592 40.8913 1.8
      vertex 25.6 40.9608 1.8
    endloop
  endfacet
  facet normal -0.442622 0.896708 0
    outer loop
      vertex 25.4592 40.8913 1.8
      vertex 25.6 40.9608 0
      vertex 25.4592 40.8913 0
    endloop
  endfacet
  facet normal 0.980825 0.194891 0
    outer loop
      vertex 10.8409 41.6894 1.8
      vertex 10.8103 41.8434 0
      vertex 10.8103 41.8434 1.8
    endloop
  endfacet
  facet normal 0.980825 0.194891 0
    outer loop
      vertex 10.8103 41.8434 0
      vertex 10.8409 41.6894 1.8
      vertex 10.8409 41.6894 0
    endloop
  endfacet
  facet normal 0.896708 0.442622 0
    outer loop
      vertex 10.9608 41.4 1.8
      vertex 10.8913 41.5408 0
      vertex 10.8913 41.5408 1.8
    endloop
  endfacet
  facet normal 0.896708 0.442622 0
    outer loop
      vertex 10.8913 41.5408 0
      vertex 10.9608 41.4 1.8
      vertex 10.9608 41.4 0
    endloop
  endfacet
  facet normal -0.659406 -0.751787 0
    outer loop
      vertex 25.7305 42.952 0
      vertex 25.8485 42.8485 1.8
      vertex 25.7305 42.952 1.8
    endloop
  endfacet
  facet normal -0.659406 -0.751787 -0
    outer loop
      vertex 25.8485 42.8485 1.8
      vertex 25.7305 42.952 0
      vertex 25.8485 42.8485 0
    endloop
  endfacet
  facet normal 0.0656309 -0.997844 0
    outer loop
      vertex 11.8434 43.1897 0
      vertex 12 43.2 1.8
      vertex 11.8434 43.1897 1.8
    endloop
  endfacet
  facet normal 0.0656309 -0.997844 0
    outer loop
      vertex 12 43.2 1.8
      vertex 11.8434 43.1897 0
      vertex 12 43.2 0
    endloop
  endfacet
  facet normal 0.831462 0.555582 0
    outer loop
      vertex 11.048 41.2695 1.8
      vertex 10.9608 41.4 0
      vertex 10.9608 41.4 1.8
    endloop
  endfacet
  facet normal 0.831462 0.555582 0
    outer loop
      vertex 10.9608 41.4 0
      vertex 11.048 41.2695 1.8
      vertex 11.048 41.2695 0
    endloop
  endfacet
  facet normal 0.555582 0.831462 -0
    outer loop
      vertex 11.4 40.9608 0
      vertex 11.2695 41.048 1.8
      vertex 11.4 40.9608 1.8
    endloop
  endfacet
  facet normal 0.555582 0.831462 0
    outer loop
      vertex 11.2695 41.048 1.8
      vertex 11.4 40.9608 0
      vertex 11.2695 41.048 0
    endloop
  endfacet
  facet normal -0.659406 0.751787 0
    outer loop
      vertex 25.8485 41.1515 0
      vertex 25.7305 41.048 1.8
      vertex 25.8485 41.1515 1.8
    endloop
  endfacet
  facet normal -0.659406 0.751787 0
    outer loop
      vertex 25.7305 41.048 1.8
      vertex 25.8485 41.1515 0
      vertex 25.7305 41.048 0
    endloop
  endfacet
  facet normal -0.751787 0.659406 0
    outer loop
      vertex 25.8485 41.1515 0
      vertex 25.952 41.2695 1.8
      vertex 25.952 41.2695 0
    endloop
  endfacet
  facet normal -0.751787 0.659406 0
    outer loop
      vertex 25.952 41.2695 1.8
      vertex 25.8485 41.1515 0
      vertex 25.8485 41.1515 1.8
    endloop
  endfacet
  facet normal -0.555582 0.831462 0
    outer loop
      vertex 25.7305 41.048 0
      vertex 25.6 40.9608 1.8
      vertex 25.7305 41.048 1.8
    endloop
  endfacet
  facet normal -0.555582 0.831462 0
    outer loop
      vertex 25.6 40.9608 1.8
      vertex 25.7305 41.048 0
      vertex 25.6 40.9608 0
    endloop
  endfacet
  facet normal 0.896708 -0.442622 0
    outer loop
      vertex 10.8913 42.4592 1.8
      vertex 10.9608 42.6 0
      vertex 10.9608 42.6 1.8
    endloop
  endfacet
  facet normal 0.896708 -0.442622 0
    outer loop
      vertex 10.9608 42.6 0
      vertex 10.8913 42.4592 1.8
      vertex 10.8913 42.4592 0
    endloop
  endfacet
  facet normal 0.947013 -0.321194 0
    outer loop
      vertex 10.8409 42.3106 1.8
      vertex 10.8913 42.4592 0
      vertex 10.8913 42.4592 1.8
    endloop
  endfacet
  facet normal 0.947013 -0.321194 0
    outer loop
      vertex 10.8913 42.4592 0
      vertex 10.8409 42.3106 1.8
      vertex 10.8409 42.3106 0
    endloop
  endfacet
  facet normal 0.321194 0.947013 -0
    outer loop
      vertex 11.6894 40.8409 0
      vertex 11.5408 40.8913 1.8
      vertex 11.6894 40.8409 1.8
    endloop
  endfacet
  facet normal 0.321194 0.947013 0
    outer loop
      vertex 11.5408 40.8913 1.8
      vertex 11.6894 40.8409 0
      vertex 11.5408 40.8913 0
    endloop
  endfacet
  facet normal -0.321194 -0.947013 0
    outer loop
      vertex 25.3106 43.1591 0
      vertex 25.4592 43.1087 1.8
      vertex 25.3106 43.1591 1.8
    endloop
  endfacet
  facet normal -0.321194 -0.947013 -0
    outer loop
      vertex 25.4592 43.1087 1.8
      vertex 25.3106 43.1591 0
      vertex 25.4592 43.1087 0
    endloop
  endfacet
  facet normal 0.442622 0.896708 -0
    outer loop
      vertex 11.5408 40.8913 0
      vertex 11.4 40.9608 1.8
      vertex 11.5408 40.8913 1.8
    endloop
  endfacet
  facet normal 0.442622 0.896708 0
    outer loop
      vertex 11.4 40.9608 1.8
      vertex 11.5408 40.8913 0
      vertex 11.4 40.9608 0
    endloop
  endfacet
  facet normal -0.555582 -0.831462 0
    outer loop
      vertex 25.6 43.0392 0
      vertex 25.7305 42.952 1.8
      vertex 25.6 43.0392 1.8
    endloop
  endfacet
  facet normal -0.555582 -0.831462 -0
    outer loop
      vertex 25.7305 42.952 1.8
      vertex 25.6 43.0392 0
      vertex 25.7305 42.952 0
    endloop
  endfacet
  facet normal 0.980825 -0.194891 0
    outer loop
      vertex 10.8103 42.1566 1.8
      vertex 10.8409 42.3106 0
      vertex 10.8409 42.3106 1.8
    endloop
  endfacet
  facet normal 0.980825 -0.194891 0
    outer loop
      vertex 10.8409 42.3106 0
      vertex 10.8103 42.1566 1.8
      vertex 10.8103 42.1566 0
    endloop
  endfacet
  facet normal -0.0656309 -0.997844 0
    outer loop
      vertex 25 43.2 0
      vertex 25.1566 43.1897 1.8
      vertex 25 43.2 1.8
    endloop
  endfacet
  facet normal -0.0656309 -0.997844 -0
    outer loop
      vertex 25.1566 43.1897 1.8
      vertex 25 43.2 0
      vertex 25.1566 43.1897 0
    endloop
  endfacet
  facet normal 0.0656309 0.997844 -0
    outer loop
      vertex 12 40.8 0
      vertex 11.8434 40.8103 1.8
      vertex 12 40.8 1.8
    endloop
  endfacet
  facet normal 0.0656309 0.997844 0
    outer loop
      vertex 11.8434 40.8103 1.8
      vertex 12 40.8 0
      vertex 11.8434 40.8103 0
    endloop
  endfacet
  facet normal 0.659406 0.751787 -0
    outer loop
      vertex 11.2695 41.048 0
      vertex 11.1515 41.1515 1.8
      vertex 11.2695 41.048 1.8
    endloop
  endfacet
  facet normal 0.659406 0.751787 0
    outer loop
      vertex 11.1515 41.1515 1.8
      vertex 11.2695 41.048 0
      vertex 11.1515 41.1515 0
    endloop
  endfacet
  facet normal -0.751787 -0.659406 0
    outer loop
      vertex 25.952 42.7305 0
      vertex 25.8485 42.8485 1.8
      vertex 25.8485 42.8485 0
    endloop
  endfacet
  facet normal -0.751787 -0.659406 0
    outer loop
      vertex 25.8485 42.8485 1.8
      vertex 25.952 42.7305 0
      vertex 25.952 42.7305 1.8
    endloop
  endfacet
  facet normal -0.194891 -0.980825 0
    outer loop
      vertex 25.1566 43.1897 0
      vertex 25.3106 43.1591 1.8
      vertex 25.1566 43.1897 1.8
    endloop
  endfacet
  facet normal -0.194891 -0.980825 -0
    outer loop
      vertex 25.3106 43.1591 1.8
      vertex 25.1566 43.1897 0
      vertex 25.3106 43.1591 0
    endloop
  endfacet
  facet normal 0.321194 -0.947013 0
    outer loop
      vertex 11.5408 43.1087 0
      vertex 11.6894 43.1591 1.8
      vertex 11.5408 43.1087 1.8
    endloop
  endfacet
  facet normal 0.321194 -0.947013 0
    outer loop
      vertex 11.6894 43.1591 1.8
      vertex 11.5408 43.1087 0
      vertex 11.6894 43.1591 0
    endloop
  endfacet
  facet normal -0.947013 0.321194 0
    outer loop
      vertex 26.1087 47.5408 0
      vertex 26.1591 47.6894 1.8
      vertex 26.1591 47.6894 0
    endloop
  endfacet
  facet normal -0.947013 0.321194 0
    outer loop
      vertex 26.1591 47.6894 1.8
      vertex 26.1087 47.5408 0
      vertex 26.1087 47.5408 1.8
    endloop
  endfacet
  facet normal 0 -1 0
    outer loop
      vertex 12 49.2 0
      vertex 25 49.2 1.8
      vertex 12 49.2 1.8
    endloop
  endfacet
  facet normal 0 -1 -0
    outer loop
      vertex 25 49.2 1.8
      vertex 12 49.2 0
      vertex 25 49.2 0
    endloop
  endfacet
  facet normal -0.980825 -0.194891 0
    outer loop
      vertex 26.1897 48.1566 0
      vertex 26.1591 48.3106 1.8
      vertex 26.1591 48.3106 0
    endloop
  endfacet
  facet normal -0.980825 -0.194891 0
    outer loop
      vertex 26.1591 48.3106 1.8
      vertex 26.1897 48.1566 0
      vertex 26.1897 48.1566 1.8
    endloop
  endfacet
  facet normal -0.997844 0.0656309 0
    outer loop
      vertex 26.1897 47.8434 0
      vertex 26.2 48 1.8
      vertex 26.2 48 0
    endloop
  endfacet
  facet normal -0.997844 0.0656309 0
    outer loop
      vertex 26.2 48 1.8
      vertex 26.1897 47.8434 0
      vertex 26.1897 47.8434 1.8
    endloop
  endfacet
  facet normal -0.896708 -0.442622 0
    outer loop
      vertex 26.1087 48.4592 0
      vertex 26.0392 48.6 1.8
      vertex 26.0392 48.6 0
    endloop
  endfacet
  facet normal -0.896708 -0.442622 0
    outer loop
      vertex 26.0392 48.6 1.8
      vertex 26.1087 48.4592 0
      vertex 26.1087 48.4592 1.8
    endloop
  endfacet
  facet normal 0.831462 -0.555582 0
    outer loop
      vertex 10.9608 48.6 1.8
      vertex 11.048 48.7305 0
      vertex 11.048 48.7305 1.8
    endloop
  endfacet
  facet normal 0.831462 -0.555582 0
    outer loop
      vertex 11.048 48.7305 0
      vertex 10.9608 48.6 1.8
      vertex 10.9608 48.6 0
    endloop
  endfacet
  facet normal -0.321194 0.947013 0
    outer loop
      vertex 25.4592 46.8913 0
      vertex 25.3106 46.8409 1.8
      vertex 25.4592 46.8913 1.8
    endloop
  endfacet
  facet normal -0.321194 0.947013 0
    outer loop
      vertex 25.3106 46.8409 1.8
      vertex 25.4592 46.8913 0
      vertex 25.3106 46.8409 0
    endloop
  endfacet
  facet normal -0.896708 0.442622 0
    outer loop
      vertex 26.0392 47.4 0
      vertex 26.1087 47.5408 1.8
      vertex 26.1087 47.5408 0
    endloop
  endfacet
  facet normal -0.896708 0.442622 0
    outer loop
      vertex 26.1087 47.5408 1.8
      vertex 26.0392 47.4 0
      vertex 26.0392 47.4 1.8
    endloop
  endfacet
  facet normal -0.997844 -0.0656309 0
    outer loop
      vertex 26.2 48 0
      vertex 26.1897 48.1566 1.8
      vertex 26.1897 48.1566 0
    endloop
  endfacet
  facet normal -0.997844 -0.0656309 0
    outer loop
      vertex 26.1897 48.1566 1.8
      vertex 26.2 48 0
      vertex 26.2 48 1.8
    endloop
  endfacet
  facet normal 0 1 -0
    outer loop
      vertex 25 46.8 0
      vertex 12 46.8 1.8
      vertex 25 46.8 1.8
    endloop
  endfacet
  facet normal 0 1 0
    outer loop
      vertex 12 46.8 1.8
      vertex 25 46.8 0
      vertex 12 46.8 0
    endloop
  endfacet
  facet normal -0.442622 -0.896708 0
    outer loop
      vertex 25.4592 49.1087 0
      vertex 25.6 49.0392 1.8
      vertex 25.4592 49.1087 1.8
    endloop
  endfacet
  facet normal -0.442622 -0.896708 -0
    outer loop
      vertex 25.6 49.0392 1.8
      vertex 25.4592 49.1087 0
      vertex 25.6 49.0392 0
    endloop
  endfacet
  facet normal 0.751787 -0.659406 0
    outer loop
      vertex 11.048 48.7305 1.8
      vertex 11.1515 48.8485 0
      vertex 11.1515 48.8485 1.8
    endloop
  endfacet
  facet normal 0.751787 -0.659406 0
    outer loop
      vertex 11.1515 48.8485 0
      vertex 11.048 48.7305 1.8
      vertex 11.048 48.7305 0
    endloop
  endfacet
  facet normal -0.0656309 0.997844 0
    outer loop
      vertex 25.1566 46.8103 0
      vertex 25 46.8 1.8
      vertex 25.1566 46.8103 1.8
    endloop
  endfacet
  facet normal -0.0656309 0.997844 0
    outer loop
      vertex 25 46.8 1.8
      vertex 25.1566 46.8103 0
      vertex 25 46.8 0
    endloop
  endfacet
  facet normal -0.831462 0.555582 0
    outer loop
      vertex 25.952 47.2695 0
      vertex 26.0392 47.4 1.8
      vertex 26.0392 47.4 0
    endloop
  endfacet
  facet normal -0.831462 0.555582 0
    outer loop
      vertex 26.0392 47.4 1.8
      vertex 25.952 47.2695 0
      vertex 25.952 47.2695 1.8
    endloop
  endfacet
  facet normal 0.751787 0.659406 0
    outer loop
      vertex 11.1515 47.1515 1.8
      vertex 11.048 47.2695 0
      vertex 11.048 47.2695 1.8
    endloop
  endfacet
  facet normal 0.751787 0.659406 0
    outer loop
      vertex 11.048 47.2695 0
      vertex 11.1515 47.1515 1.8
      vertex 11.1515 47.1515 0
    endloop
  endfacet
  facet normal 0.997844 -0.0656309 0
    outer loop
      vertex 10.8 48 1.8
      vertex 10.8103 48.1566 0
      vertex 10.8103 48.1566 1.8
    endloop
  endfacet
  facet normal 0.997844 -0.0656309 0
    outer loop
      vertex 10.8103 48.1566 0
      vertex 10.8 48 1.8
      vertex 10.8 48 0
    endloop
  endfacet
  facet normal -0.831462 -0.555582 0
    outer loop
      vertex 26.0392 48.6 0
      vertex 25.952 48.7305 1.8
      vertex 25.952 48.7305 0
    endloop
  endfacet
  facet normal -0.831462 -0.555582 0
    outer loop
      vertex 25.952 48.7305 1.8
      vertex 26.0392 48.6 0
      vertex 26.0392 48.6 1.8
    endloop
  endfacet
  facet normal -0.194891 0.980825 0
    outer loop
      vertex 25.3106 46.8409 0
      vertex 25.1566 46.8103 1.8
      vertex 25.3106 46.8409 1.8
    endloop
  endfacet
  facet normal -0.194891 0.980825 0
    outer loop
      vertex 25.1566 46.8103 1.8
      vertex 25.3106 46.8409 0
      vertex 25.1566 46.8103 0
    endloop
  endfacet
  facet normal 0.194891 0.980825 -0
    outer loop
      vertex 11.8434 46.8103 0
      vertex 11.6894 46.8409 1.8
      vertex 11.8434 46.8103 1.8
    endloop
  endfacet
  facet normal 0.194891 0.980825 0
    outer loop
      vertex 11.6894 46.8409 1.8
      vertex 11.8434 46.8103 0
      vertex 11.6894 46.8409 0
    endloop
  endfacet
  facet normal -0.980825 0.194891 0
    outer loop
      vertex 26.1591 47.6894 0
      vertex 26.1897 47.8434 1.8
      vertex 26.1897 47.8434 0
    endloop
  endfacet
  facet normal -0.980825 0.194891 0
    outer loop
      vertex 26.1897 47.8434 1.8
      vertex 26.1591 47.6894 0
      vertex 26.1591 47.6894 1.8
    endloop
  endfacet
  facet normal 0.659406 -0.751787 0
    outer loop
      vertex 11.1515 48.8485 0
      vertex 11.2695 48.952 1.8
      vertex 11.1515 48.8485 1.8
    endloop
  endfacet
  facet normal 0.659406 -0.751787 0
    outer loop
      vertex 11.2695 48.952 1.8
      vertex 11.1515 48.8485 0
      vertex 11.2695 48.952 0
    endloop
  endfacet
  facet normal -0.947013 -0.321194 0
    outer loop
      vertex 26.1591 48.3106 0
      vertex 26.1087 48.4592 1.8
      vertex 26.1087 48.4592 0
    endloop
  endfacet
  facet normal -0.947013 -0.321194 0
    outer loop
      vertex 26.1087 48.4592 1.8
      vertex 26.1591 48.3106 0
      vertex 26.1591 48.3106 1.8
    endloop
  endfacet
  facet normal 0.442622 -0.896708 0
    outer loop
      vertex 11.4 49.0392 0
      vertex 11.5408 49.1087 1.8
      vertex 11.4 49.0392 1.8
    endloop
  endfacet
  facet normal 0.442622 -0.896708 0
    outer loop
      vertex 11.5408 49.1087 1.8
      vertex 11.4 49.0392 0
      vertex 11.5408 49.1087 0
    endloop
  endfacet
  facet normal 0.997844 0.0656309 0
    outer loop
      vertex 10.8103 47.8434 1.8
      vertex 10.8 48 0
      vertex 10.8 48 1.8
    endloop
  endfacet
  facet normal 0.997844 0.0656309 0
    outer loop
      vertex 10.8 48 0
      vertex 10.8103 47.8434 1.8
      vertex 10.8103 47.8434 0
    endloop
  endfacet
  facet normal -0.751787 -0.659406 0
    outer loop
      vertex 25.952 48.7305 0
      vertex 25.8485 48.8485 1.8
      vertex 25.8485 48.8485 0
    endloop
  endfacet
  facet normal -0.751787 -0.659406 0
    outer loop
      vertex 25.8485 48.8485 1.8
      vertex 25.952 48.7305 0
      vertex 25.952 48.7305 1.8
    endloop
  endfacet
  facet normal 0.555582 -0.831462 0
    outer loop
      vertex 11.2695 48.952 0
      vertex 11.4 49.0392 1.8
      vertex 11.2695 48.952 1.8
    endloop
  endfacet
  facet normal 0.555582 -0.831462 0
    outer loop
      vertex 11.4 49.0392 1.8
      vertex 11.2695 48.952 0
      vertex 11.4 49.0392 0
    endloop
  endfacet
  facet normal 0.194891 -0.980825 0
    outer loop
      vertex 11.6894 49.1591 0
      vertex 11.8434 49.1897 1.8
      vertex 11.6894 49.1591 1.8
    endloop
  endfacet
  facet normal 0.194891 -0.980825 0
    outer loop
      vertex 11.8434 49.1897 1.8
      vertex 11.6894 49.1591 0
      vertex 11.8434 49.1897 0
    endloop
  endfacet
  facet normal -0.442622 0.896708 0
    outer loop
      vertex 25.6 46.9608 0
      vertex 25.4592 46.8913 1.8
      vertex 25.6 46.9608 1.8
    endloop
  endfacet
  facet normal -0.442622 0.896708 0
    outer loop
      vertex 25.4592 46.8913 1.8
      vertex 25.6 46.9608 0
      vertex 25.4592 46.8913 0
    endloop
  endfacet
  facet normal 0.980825 0.194891 0
    outer loop
      vertex 10.8409 47.6894 1.8
      vertex 10.8103 47.8434 0
      vertex 10.8103 47.8434 1.8
    endloop
  endfacet
  facet normal 0.980825 0.194891 0
    outer loop
      vertex 10.8103 47.8434 0
      vertex 10.8409 47.6894 1.8
      vertex 10.8409 47.6894 0
    endloop
  endfacet
  facet normal 0.896708 0.442622 0
    outer loop
      vertex 10.9608 47.4 1.8
      vertex 10.8913 47.5408 0
      vertex 10.8913 47.5408 1.8
    endloop
  endfacet
  facet normal 0.896708 0.442622 0
    outer loop
      vertex 10.8913 47.5408 0
      vertex 10.9608 47.4 1.8
      vertex 10.9608 47.4 0
    endloop
  endfacet
  facet normal -0.659406 -0.751787 0
    outer loop
      vertex 25.7305 48.952 0
      vertex 25.8485 48.8485 1.8
      vertex 25.7305 48.952 1.8
    endloop
  endfacet
  facet normal -0.659406 -0.751787 -0
    outer loop
      vertex 25.8485 48.8485 1.8
      vertex 25.7305 48.952 0
      vertex 25.8485 48.8485 0
    endloop
  endfacet
  facet normal 0.0656309 -0.997844 0
    outer loop
      vertex 11.8434 49.1897 0
      vertex 12 49.2 1.8
      vertex 11.8434 49.1897 1.8
    endloop
  endfacet
  facet normal 0.0656309 -0.997844 0
    outer loop
      vertex 12 49.2 1.8
      vertex 11.8434 49.1897 0
      vertex 12 49.2 0
    endloop
  endfacet
  facet normal 0.831462 0.555582 0
    outer loop
      vertex 11.048 47.2695 1.8
      vertex 10.9608 47.4 0
      vertex 10.9608 47.4 1.8
    endloop
  endfacet
  facet normal 0.831462 0.555582 0
    outer loop
      vertex 10.9608 47.4 0
      vertex 11.048 47.2695 1.8
      vertex 11.048 47.2695 0
    endloop
  endfacet
  facet normal 0.555582 0.831462 -0
    outer loop
      vertex 11.4 46.9608 0
      vertex 11.2695 47.048 1.8
      vertex 11.4 46.9608 1.8
    endloop
  endfacet
  facet normal 0.555582 0.831462 0
    outer loop
      vertex 11.2695 47.048 1.8
      vertex 11.4 46.9608 0
      vertex 11.2695 47.048 0
    endloop
  endfacet
  facet normal -0.659406 0.751787 0
    outer loop
      vertex 25.8485 47.1515 0
      vertex 25.7305 47.048 1.8
      vertex 25.8485 47.1515 1.8
    endloop
  endfacet
  facet normal -0.659406 0.751787 0
    outer loop
      vertex 25.7305 47.048 1.8
      vertex 25.8485 47.1515 0
      vertex 25.7305 47.048 0
    endloop
  endfacet
  facet normal -0.751787 0.659406 0
    outer loop
      vertex 25.8485 47.1515 0
      vertex 25.952 47.2695 1.8
      vertex 25.952 47.2695 0
    endloop
  endfacet
  facet normal -0.751787 0.659406 0
    outer loop
      vertex 25.952 47.2695 1.8
      vertex 25.8485 47.1515 0
      vertex 25.8485 47.1515 1.8
    endloop
  endfacet
  facet normal -0.555582 0.831462 0
    outer loop
      vertex 25.7305 47.048 0
      vertex 25.6 46.9608 1.8
      vertex 25.7305 47.048 1.8
    endloop
  endfacet
  facet normal -0.555582 0.831462 0
    outer loop
      vertex 25.6 46.9608 1.8
      vertex 25.7305 47.048 0
      vertex 25.6 46.9608 0
    endloop
  endfacet
  facet normal 0.896708 -0.442622 0
    outer loop
      vertex 10.8913 48.4592 1.8
      vertex 10.9608 48.6 0
      vertex 10.9608 48.6 1.8
    endloop
  endfacet
  facet normal 0.896708 -0.442622 0
    outer loop
      vertex 10.9608 48.6 0
      vertex 10.8913 48.4592 1.8
      vertex 10.8913 48.4592 0
    endloop
  endfacet
  facet normal 0.947013 -0.321194 0
    outer loop
      vertex 10.8409 48.3106 1.8
      vertex 10.8913 48.4592 0
      vertex 10.8913 48.4592 1.8
    endloop
  endfacet
  facet normal 0.947013 -0.321194 0
    outer loop
      vertex 10.8913 48.4592 0
      vertex 10.8409 48.3106 1.8
      vertex 10.8409 48.3106 0
    endloop
  endfacet
  facet normal 0.321194 0.947013 -0
    outer loop
      vertex 11.6894 46.8409 0
      vertex 11.5408 46.8913 1.8
      vertex 11.6894 46.8409 1.8
    endloop
  endfacet
  facet normal 0.321194 0.947013 0
    outer loop
      vertex 11.5408 46.8913 1.8
      vertex 11.6894 46.8409 0
      vertex 11.5408 46.8913 0
    endloop
  endfacet
  facet normal -0.321194 -0.947013 0
    outer loop
      vertex 25.3106 49.1591 0
      vertex 25.4592 49.1087 1.8
      vertex 25.3106 49.1591 1.8
    endloop
  endfacet
  facet normal -0.321194 -0.947013 -0
    outer loop
      vertex 25.4592 49.1087 1.8
      vertex 25.3106 49.1591 0
      vertex 25.4592 49.1087 0
    endloop
  endfacet
  facet normal 0.442622 0.896708 -0
    outer loop
      vertex 11.5408 46.8913 0
      vertex 11.4 46.9608 1.8
      vertex 11.5408 46.8913 1.8
    endloop
  endfacet
  facet normal 0.442622 0.896708 0
    outer loop
      vertex 11.4 46.9608 1.8
      vertex 11.5408 46.8913 0
      vertex 11.4 46.9608 0
    endloop
  endfacet
  facet normal -0.555582 -0.831462 0
    outer loop
      vertex 25.6 49.0392 0
      vertex 25.7305 48.952 1.8
      vertex 25.6 49.0392 1.8
    endloop
  endfacet
  facet normal -0.555582 -0.831462 -0
    outer loop
      vertex 25.7305 48.952 1.8
      vertex 25.6 49.0392 0
      vertex 25.7305 48.952 0
    endloop
  endfacet
  facet normal 0.980825 -0.194891 0
    outer loop
      vertex 10.8103 48.1566 1.8
      vertex 10.8409 48.3106 0
      vertex 10.8409 48.3106 1.8
    endloop
  endfacet
  facet normal 0.980825 -0.194891 0
    outer loop
      vertex 10.8409 48.3106 0
      vertex 10.8103 48.1566 1.8
      vertex 10.8103 48.1566 0
    endloop
  endfacet
  facet normal -0.0656309 -0.997844 0
    outer loop
      vertex 25 49.2 0
      vertex 25.1566 49.1897 1.8
      vertex 25 49.2 1.8
    endloop
  endfacet
  facet normal -0.0656309 -0.997844 -0
    outer loop
      vertex 25.1566 49.1897 1.8
      vertex 25 49.2 0
      vertex 25.1566 49.1897 0
    endloop
  endfacet
  facet normal 0.0656309 0.997844 -0
    outer loop
      vertex 12 46.8 0
      vertex 11.8434 46.8103 1.8
      vertex 12 46.8 1.8
    endloop
  endfacet
  facet normal 0.0656309 0.997844 0
    outer loop
      vertex 11.8434 46.8103 1.8
      vertex 12 46.8 0
      vertex 11.8434 46.8103 0
    endloop
  endfacet
  facet normal 0.659406 0.751787 -0
    outer loop
      vertex 11.2695 47.048 0
      vertex 11.1515 47.1515 1.8
      vertex 11.2695 47.048 1.8
    endloop
  endfacet
  facet normal 0.659406 0.751787 0
    outer loop
      vertex 11.1515 47.1515 1.8
      vertex 11.2695 47.048 0
      vertex 11.1515 47.1515 0
    endloop
  endfacet
  facet normal -0.194891 -0.980825 0
    outer loop
      vertex 25.1566 49.1897 0
      vertex 25.3106 49.1591 1.8
      vertex 25.1566 49.1897 1.8
    endloop
  endfacet
  facet normal -0.194891 -0.980825 -0
    outer loop
      vertex 25.3106 49.1591 1.8
      vertex 25.1566 49.1897 0
      vertex 25.3106 49.1591 0
    endloop
  endfacet
  facet normal 0.321194 -0.947013 0
    outer loop
      vertex 11.5408 49.1087 0
      vertex 11.6894 49.1591 1.8
      vertex 11.5408 49.1087 1.8
    endloop
  endfacet
  facet normal 0.321194 -0.947013 0
    outer loop
      vertex 11.6894 49.1591 1.8
      vertex 11.5408 49.1087 0
      vertex 11.6894 49.1591 0
    endloop
  endfacet
  facet normal 0.947013 0.321194 0
    outer loop
      vertex 10.8913 47.5408 1.8
      vertex 10.8409 47.6894 0
      vertex 10.8409 47.6894 1.8
    endloop
  endfacet
  facet normal 0.947013 0.321194 0
    outer loop
      vertex 10.8409 47.6894 0
      vertex 10.8913 47.5408 1.8
      vertex 10.8913 47.5408 0
    endloop
  endfacet
  facet normal -0.831462 -0.555582 0
    outer loop
      vertex 26.0392 54.6 0
      vertex 25.952 54.7305 1.8
      vertex 25.952 54.7305 0
    endloop
  endfacet
  facet normal -0.831462 -0.555582 0
    outer loop
      vertex 25.952 54.7305 1.8
      vertex 26.0392 54.6 0
      vertex 26.0392 54.6 1.8
    endloop
  endfacet
  facet normal -0.0656309 -0.997844 0
    outer loop
      vertex 25 55.2 0
      vertex 25.1566 55.1897 1.8
      vertex 25 55.2 1.8
    endloop
  endfacet
  facet normal -0.0656309 -0.997844 -0
    outer loop
      vertex 25.1566 55.1897 1.8
      vertex 25 55.2 0
      vertex 25.1566 55.1897 0
    endloop
  endfacet
  facet normal -0.947013 -0.321194 0
    outer loop
      vertex 26.1591 54.3106 0
      vertex 26.1087 54.4592 1.8
      vertex 26.1087 54.4592 0
    endloop
  endfacet
  facet normal -0.947013 -0.321194 0
    outer loop
      vertex 26.1087 54.4592 1.8
      vertex 26.1591 54.3106 0
      vertex 26.1591 54.3106 1.8
    endloop
  endfacet
  facet normal -0.751787 -0.659406 0
    outer loop
      vertex 25.952 54.7305 0
      vertex 25.8485 54.8485 1.8
      vertex 25.8485 54.8485 0
    endloop
  endfacet
  facet normal -0.751787 -0.659406 0
    outer loop
      vertex 25.8485 54.8485 1.8
      vertex 25.952 54.7305 0
      vertex 25.952 54.7305 1.8
    endloop
  endfacet
  facet normal 0.896708 -0.442622 0
    outer loop
      vertex 10.8913 54.4592 1.8
      vertex 10.9608 54.6 0
      vertex 10.9608 54.6 1.8
    endloop
  endfacet
  facet normal 0.896708 -0.442622 0
    outer loop
      vertex 10.9608 54.6 0
      vertex 10.8913 54.4592 1.8
      vertex 10.8913 54.4592 0
    endloop
  endfacet
  facet normal -0.659406 -0.751787 0
    outer loop
      vertex 25.7305 54.952 0
      vertex 25.8485 54.8485 1.8
      vertex 25.7305 54.952 1.8
    endloop
  endfacet
  facet normal -0.659406 -0.751787 -0
    outer loop
      vertex 25.8485 54.8485 1.8
      vertex 25.7305 54.952 0
      vertex 25.8485 54.8485 0
    endloop
  endfacet
  facet normal 0 1 -0
    outer loop
      vertex 25 52.8 0
      vertex 12 52.8 1.8
      vertex 25 52.8 1.8
    endloop
  endfacet
  facet normal 0 1 0
    outer loop
      vertex 12 52.8 1.8
      vertex 25 52.8 0
      vertex 12 52.8 0
    endloop
  endfacet
  facet normal -0.0656309 0.997844 0
    outer loop
      vertex 25.1566 52.8103 0
      vertex 25 52.8 1.8
      vertex 25.1566 52.8103 1.8
    endloop
  endfacet
  facet normal -0.0656309 0.997844 0
    outer loop
      vertex 25 52.8 1.8
      vertex 25.1566 52.8103 0
      vertex 25 52.8 0
    endloop
  endfacet
  facet normal 0.659406 0.751787 -0
    outer loop
      vertex 11.2695 53.048 0
      vertex 11.1515 53.1515 1.8
      vertex 11.2695 53.048 1.8
    endloop
  endfacet
  facet normal 0.659406 0.751787 0
    outer loop
      vertex 11.1515 53.1515 1.8
      vertex 11.2695 53.048 0
      vertex 11.1515 53.1515 0
    endloop
  endfacet
  facet normal 0.194891 -0.980825 0
    outer loop
      vertex 11.6894 55.1591 0
      vertex 11.8434 55.1897 1.8
      vertex 11.6894 55.1591 1.8
    endloop
  endfacet
  facet normal 0.194891 -0.980825 0
    outer loop
      vertex 11.8434 55.1897 1.8
      vertex 11.6894 55.1591 0
      vertex 11.8434 55.1897 0
    endloop
  endfacet
  facet normal -0.997844 0.0656309 0
    outer loop
      vertex 26.1897 53.8434 0
      vertex 26.2 54 1.8
      vertex 26.2 54 0
    endloop
  endfacet
  facet normal -0.997844 0.0656309 0
    outer loop
      vertex 26.2 54 1.8
      vertex 26.1897 53.8434 0
      vertex 26.1897 53.8434 1.8
    endloop
  endfacet
  facet normal 0.321194 0.947013 -0
    outer loop
      vertex 11.6894 52.8409 0
      vertex 11.5408 52.8913 1.8
      vertex 11.6894 52.8409 1.8
    endloop
  endfacet
  facet normal 0.321194 0.947013 0
    outer loop
      vertex 11.5408 52.8913 1.8
      vertex 11.6894 52.8409 0
      vertex 11.5408 52.8913 0
    endloop
  endfacet
  facet normal 0.442622 -0.896708 0
    outer loop
      vertex 11.4 55.0392 0
      vertex 11.5408 55.1087 1.8
      vertex 11.4 55.0392 1.8
    endloop
  endfacet
  facet normal 0.442622 -0.896708 0
    outer loop
      vertex 11.5408 55.1087 1.8
      vertex 11.4 55.0392 0
      vertex 11.5408 55.1087 0
    endloop
  endfacet
  facet normal -0.442622 -0.896708 0
    outer loop
      vertex 25.4592 55.1087 0
      vertex 25.6 55.0392 1.8
      vertex 25.4592 55.1087 1.8
    endloop
  endfacet
  facet normal -0.442622 -0.896708 -0
    outer loop
      vertex 25.6 55.0392 1.8
      vertex 25.4592 55.1087 0
      vertex 25.6 55.0392 0
    endloop
  endfacet
  facet normal -0.194891 0.980825 0
    outer loop
      vertex 25.3106 52.8409 0
      vertex 25.1566 52.8103 1.8
      vertex 25.3106 52.8409 1.8
    endloop
  endfacet
  facet normal -0.194891 0.980825 0
    outer loop
      vertex 25.1566 52.8103 1.8
      vertex 25.3106 52.8409 0
      vertex 25.1566 52.8103 0
    endloop
  endfacet
  facet normal 0.831462 -0.555582 0
    outer loop
      vertex 10.9608 54.6 1.8
      vertex 11.048 54.7305 0
      vertex 11.048 54.7305 1.8
    endloop
  endfacet
  facet normal 0.831462 -0.555582 0
    outer loop
      vertex 11.048 54.7305 0
      vertex 10.9608 54.6 1.8
      vertex 10.9608 54.6 0
    endloop
  endfacet
  facet normal -0.321194 -0.947013 0
    outer loop
      vertex 25.3106 55.1591 0
      vertex 25.4592 55.1087 1.8
      vertex 25.3106 55.1591 1.8
    endloop
  endfacet
  facet normal -0.321194 -0.947013 -0
    outer loop
      vertex 25.4592 55.1087 1.8
      vertex 25.3106 55.1591 0
      vertex 25.4592 55.1087 0
    endloop
  endfacet
  facet normal 0.555582 0.831462 -0
    outer loop
      vertex 11.4 52.9608 0
      vertex 11.2695 53.048 1.8
      vertex 11.4 52.9608 1.8
    endloop
  endfacet
  facet normal 0.555582 0.831462 0
    outer loop
      vertex 11.2695 53.048 1.8
      vertex 11.4 52.9608 0
      vertex 11.2695 53.048 0
    endloop
  endfacet
  facet normal 0.0656309 0.997844 -0
    outer loop
      vertex 12 52.8 0
      vertex 11.8434 52.8103 1.8
      vertex 12 52.8 1.8
    endloop
  endfacet
  facet normal 0.0656309 0.997844 0
    outer loop
      vertex 11.8434 52.8103 1.8
      vertex 12 52.8 0
      vertex 11.8434 52.8103 0
    endloop
  endfacet
  facet normal 0 -1 0
    outer loop
      vertex 12 55.2 0
      vertex 25 55.2 1.8
      vertex 12 55.2 1.8
    endloop
  endfacet
  facet normal 0 -1 -0
    outer loop
      vertex 25 55.2 1.8
      vertex 12 55.2 0
      vertex 25 55.2 0
    endloop
  endfacet
  facet normal -0.555582 -0.831462 0
    outer loop
      vertex 25.6 55.0392 0
      vertex 25.7305 54.952 1.8
      vertex 25.6 55.0392 1.8
    endloop
  endfacet
  facet normal -0.555582 -0.831462 -0
    outer loop
      vertex 25.7305 54.952 1.8
      vertex 25.6 55.0392 0
      vertex 25.7305 54.952 0
    endloop
  endfacet
  facet normal 0.0656309 -0.997844 0
    outer loop
      vertex 11.8434 55.1897 0
      vertex 12 55.2 1.8
      vertex 11.8434 55.1897 1.8
    endloop
  endfacet
  facet normal 0.0656309 -0.997844 0
    outer loop
      vertex 12 55.2 1.8
      vertex 11.8434 55.1897 0
      vertex 12 55.2 0
    endloop
  endfacet
  facet normal -0.997844 -0.0656309 0
    outer loop
      vertex 26.2 54 0
      vertex 26.1897 54.1566 1.8
      vertex 26.1897 54.1566 0
    endloop
  endfacet
  facet normal -0.997844 -0.0656309 0
    outer loop
      vertex 26.1897 54.1566 1.8
      vertex 26.2 54 0
      vertex 26.2 54 1.8
    endloop
  endfacet
  facet normal 0.751787 0.659406 0
    outer loop
      vertex 11.1515 53.1515 1.8
      vertex 11.048 53.2695 0
      vertex 11.048 53.2695 1.8
    endloop
  endfacet
  facet normal 0.751787 0.659406 0
    outer loop
      vertex 11.048 53.2695 0
      vertex 11.1515 53.1515 1.8
      vertex 11.1515 53.1515 0
    endloop
  endfacet
  facet normal 0.442622 0.896708 -0
    outer loop
      vertex 11.5408 52.8913 0
      vertex 11.4 52.9608 1.8
      vertex 11.5408 52.8913 1.8
    endloop
  endfacet
  facet normal 0.442622 0.896708 0
    outer loop
      vertex 11.4 52.9608 1.8
      vertex 11.5408 52.8913 0
      vertex 11.4 52.9608 0
    endloop
  endfacet
  facet normal 0.751787 -0.659406 0
    outer loop
      vertex 11.048 54.7305 1.8
      vertex 11.1515 54.8485 0
      vertex 11.1515 54.8485 1.8
    endloop
  endfacet
  facet normal 0.751787 -0.659406 0
    outer loop
      vertex 11.1515 54.8485 0
      vertex 11.048 54.7305 1.8
      vertex 11.048 54.7305 0
    endloop
  endfacet
  facet normal -0.321194 0.947013 0
    outer loop
      vertex 25.4592 52.8913 0
      vertex 25.3106 52.8409 1.8
      vertex 25.4592 52.8913 1.8
    endloop
  endfacet
  facet normal -0.321194 0.947013 0
    outer loop
      vertex 25.3106 52.8409 1.8
      vertex 25.4592 52.8913 0
      vertex 25.3106 52.8409 0
    endloop
  endfacet
  facet normal -0.659406 0.751787 0
    outer loop
      vertex 25.8485 53.1515 0
      vertex 25.7305 53.048 1.8
      vertex 25.8485 53.1515 1.8
    endloop
  endfacet
  facet normal -0.659406 0.751787 0
    outer loop
      vertex 25.7305 53.048 1.8
      vertex 25.8485 53.1515 0
      vertex 25.7305 53.048 0
    endloop
  endfacet
  facet normal -0.980825 -0.194891 0
    outer loop
      vertex 26.1897 54.1566 0
      vertex 26.1591 54.3106 1.8
      vertex 26.1591 54.3106 0
    endloop
  endfacet
  facet normal -0.980825 -0.194891 0
    outer loop
      vertex 26.1591 54.3106 1.8
      vertex 26.1897 54.1566 0
      vertex 26.1897 54.1566 1.8
    endloop
  endfacet
  facet normal -0.194891 -0.980825 0
    outer loop
      vertex 25.1566 55.1897 0
      vertex 25.3106 55.1591 1.8
      vertex 25.1566 55.1897 1.8
    endloop
  endfacet
  facet normal -0.194891 -0.980825 -0
    outer loop
      vertex 25.3106 55.1591 1.8
      vertex 25.1566 55.1897 0
      vertex 25.3106 55.1591 0
    endloop
  endfacet
  facet normal 0.555582 -0.831462 0
    outer loop
      vertex 11.2695 54.952 0
      vertex 11.4 55.0392 1.8
      vertex 11.2695 54.952 1.8
    endloop
  endfacet
  facet normal 0.555582 -0.831462 0
    outer loop
      vertex 11.4 55.0392 1.8
      vertex 11.2695 54.952 0
      vertex 11.4 55.0392 0
    endloop
  endfacet
  facet normal 0.659406 -0.751787 0
    outer loop
      vertex 11.1515 54.8485 0
      vertex 11.2695 54.952 1.8
      vertex 11.1515 54.8485 1.8
    endloop
  endfacet
  facet normal 0.659406 -0.751787 0
    outer loop
      vertex 11.2695 54.952 1.8
      vertex 11.1515 54.8485 0
      vertex 11.2695 54.952 0
    endloop
  endfacet
  facet normal -0.896708 -0.442622 0
    outer loop
      vertex 26.1087 54.4592 0
      vertex 26.0392 54.6 1.8
      vertex 26.0392 54.6 0
    endloop
  endfacet
  facet normal -0.896708 -0.442622 0
    outer loop
      vertex 26.0392 54.6 1.8
      vertex 26.1087 54.4592 0
      vertex 26.1087 54.4592 1.8
    endloop
  endfacet
  facet normal 0.896708 0.442622 0
    outer loop
      vertex 10.9608 53.4 1.8
      vertex 10.8913 53.5408 0
      vertex 10.8913 53.5408 1.8
    endloop
  endfacet
  facet normal 0.896708 0.442622 0
    outer loop
      vertex 10.8913 53.5408 0
      vertex 10.9608 53.4 1.8
      vertex 10.9608 53.4 0
    endloop
  endfacet
  facet normal -0.896708 0.442622 0
    outer loop
      vertex 26.0392 53.4 0
      vertex 26.1087 53.5408 1.8
      vertex 26.1087 53.5408 0
    endloop
  endfacet
  facet normal -0.896708 0.442622 0
    outer loop
      vertex 26.1087 53.5408 1.8
      vertex 26.0392 53.4 0
      vertex 26.0392 53.4 1.8
    endloop
  endfacet
  facet normal -0.947013 0.321194 0
    outer loop
      vertex 26.1087 53.5408 0
      vertex 26.1591 53.6894 1.8
      vertex 26.1591 53.6894 0
    endloop
  endfacet
  facet normal -0.947013 0.321194 0
    outer loop
      vertex 26.1591 53.6894 1.8
      vertex 26.1087 53.5408 0
      vertex 26.1087 53.5408 1.8
    endloop
  endfacet
  facet normal 0.947013 -0.321194 0
    outer loop
      vertex 10.8409 54.3106 1.8
      vertex 10.8913 54.4592 0
      vertex 10.8913 54.4592 1.8
    endloop
  endfacet
  facet normal 0.947013 -0.321194 0
    outer loop
      vertex 10.8913 54.4592 0
      vertex 10.8409 54.3106 1.8
      vertex 10.8409 54.3106 0
    endloop
  endfacet
  facet normal 0.321194 -0.947013 0
    outer loop
      vertex 11.5408 55.1087 0
      vertex 11.6894 55.1591 1.8
      vertex 11.5408 55.1087 1.8
    endloop
  endfacet
  facet normal 0.321194 -0.947013 0
    outer loop
      vertex 11.6894 55.1591 1.8
      vertex 11.5408 55.1087 0
      vertex 11.6894 55.1591 0
    endloop
  endfacet
  facet normal 0.980825 -0.194891 0
    outer loop
      vertex 10.8103 54.1566 1.8
      vertex 10.8409 54.3106 0
      vertex 10.8409 54.3106 1.8
    endloop
  endfacet
  facet normal 0.980825 -0.194891 0
    outer loop
      vertex 10.8409 54.3106 0
      vertex 10.8103 54.1566 1.8
      vertex 10.8103 54.1566 0
    endloop
  endfacet
  facet normal 0.980825 0.194891 0
    outer loop
      vertex 10.8409 53.6894 1.8
      vertex 10.8103 53.8434 0
      vertex 10.8103 53.8434 1.8
    endloop
  endfacet
  facet normal 0.980825 0.194891 0
    outer loop
      vertex 10.8103 53.8434 0
      vertex 10.8409 53.6894 1.8
      vertex 10.8409 53.6894 0
    endloop
  endfacet
  facet normal 0.831462 0.555582 0
    outer loop
      vertex 11.048 53.2695 1.8
      vertex 10.9608 53.4 0
      vertex 10.9608 53.4 1.8
    endloop
  endfacet
  facet normal 0.831462 0.555582 0
    outer loop
      vertex 10.9608 53.4 0
      vertex 11.048 53.2695 1.8
      vertex 11.048 53.2695 0
    endloop
  endfacet
  facet normal 0.997844 -0.0656309 0
    outer loop
      vertex 10.8 54 1.8
      vertex 10.8103 54.1566 0
      vertex 10.8103 54.1566 1.8
    endloop
  endfacet
  facet normal 0.997844 -0.0656309 0
    outer loop
      vertex 10.8103 54.1566 0
      vertex 10.8 54 1.8
      vertex 10.8 54 0
    endloop
  endfacet
  facet normal 0.997844 0.0656309 0
    outer loop
      vertex 10.8103 53.8434 1.8
      vertex 10.8 54 0
      vertex 10.8 54 1.8
    endloop
  endfacet
  facet normal 0.997844 0.0656309 0
    outer loop
      vertex 10.8 54 0
      vertex 10.8103 53.8434 1.8
      vertex 10.8103 53.8434 0
    endloop
  endfacet
  facet normal -0.555582 0.831462 0
    outer loop
      vertex 25.7305 53.048 0
      vertex 25.6 52.9608 1.8
      vertex 25.7305 53.048 1.8
    endloop
  endfacet
  facet normal -0.555582 0.831462 0
    outer loop
      vertex 25.6 52.9608 1.8
      vertex 25.7305 53.048 0
      vertex 25.6 52.9608 0
    endloop
  endfacet
  facet normal -0.831462 0.555582 0
    outer loop
      vertex 25.952 53.2695 0
      vertex 26.0392 53.4 1.8
      vertex 26.0392 53.4 0
    endloop
  endfacet
  facet normal -0.831462 0.555582 0
    outer loop
      vertex 26.0392 53.4 1.8
      vertex 25.952 53.2695 0
      vertex 25.952 53.2695 1.8
    endloop
  endfacet
  facet normal -0.442622 0.896708 0
    outer loop
      vertex 25.6 52.9608 0
      vertex 25.4592 52.8913 1.8
      vertex 25.6 52.9608 1.8
    endloop
  endfacet
  facet normal -0.442622 0.896708 0
    outer loop
      vertex 25.4592 52.8913 1.8
      vertex 25.6 52.9608 0
      vertex 25.4592 52.8913 0
    endloop
  endfacet
  facet normal -0.980825 0.194891 0
    outer loop
      vertex 26.1591 53.6894 0
      vertex 26.1897 53.8434 1.8
      vertex 26.1897 53.8434 0
    endloop
  endfacet
  facet normal -0.980825 0.194891 0
    outer loop
      vertex 26.1897 53.8434 1.8
      vertex 26.1591 53.6894 0
      vertex 26.1591 53.6894 1.8
    endloop
  endfacet
  facet normal 0.947013 0.321194 0
    outer loop
      vertex 10.8913 53.5408 1.8
      vertex 10.8409 53.6894 0
      vertex 10.8409 53.6894 1.8
    endloop
  endfacet
  facet normal 0.947013 0.321194 0
    outer loop
      vertex 10.8409 53.6894 0
      vertex 10.8913 53.5408 1.8
      vertex 10.8913 53.5408 0
    endloop
  endfacet
  facet normal -0.751787 0.659406 0
    outer loop
      vertex 25.8485 53.1515 0
      vertex 25.952 53.2695 1.8
      vertex 25.952 53.2695 0
    endloop
  endfacet
  facet normal -0.751787 0.659406 0
    outer loop
      vertex 25.952 53.2695 1.8
      vertex 25.8485 53.1515 0
      vertex 25.8485 53.1515 1.8
    endloop
  endfacet
  facet normal 0.194891 0.980825 -0
    outer loop
      vertex 11.8434 52.8103 0
      vertex 11.6894 52.8409 1.8
      vertex 11.8434 52.8103 1.8
    endloop
  endfacet
  facet normal 0.194891 0.980825 0
    outer loop
      vertex 11.6894 52.8409 1.8
      vertex 11.8434 52.8103 0
      vertex 11.6894 52.8409 0
    endloop
  endfacet
  facet normal 0 0 -1
    outer loop
      vertex 5.05 66.982 13.7
      vertex 32.04 68 13.7
      vertex 32.04 66.982 13.7
    endloop
  endfacet
  facet normal -0 0 -1
    outer loop
      vertex 32.04 68 13.7
      vertex 5.05 66.982 13.7
      vertex 5.05 68 13.7
    endloop
  endfacet
  facet normal 0 0 -1
    outer loop
      vertex 33.89 65.4 13.7
      vertex 37.09 66.782 13.7
      vertex 37.09 65.4 13.7
    endloop
  endfacet
  facet normal 0 0 -1
    outer loop
      vertex 33.89 68 13.7
      vertex 37.09 66.782 13.7
      vertex 33.89 65.4 13.7
    endloop
  endfacet
  facet normal 0 0 -1
    outer loop
      vertex 37.09 66.782 13.7
      vertex 33.89 68 13.7
      vertex 37.0729 67.0431 13.7
    endloop
  endfacet
  facet normal 0 0 -1
    outer loop
      vertex 37.0729 67.0431 13.7
      vertex 33.89 68 13.7
      vertex 37.0219 67.2996 13.7
    endloop
  endfacet
  facet normal 0 0 -1
    outer loop
      vertex 37.0219 67.2996 13.7
      vertex 33.89 68 13.7
      vertex 36.9378 67.5474 13.7
    endloop
  endfacet
  facet normal 0 0 -1
    outer loop
      vertex 36.9378 67.5474 13.7
      vertex 33.89 68 13.7
      vertex 36.8221 67.782 13.7
    endloop
  endfacet
  facet normal -0 -0 -1
    outer loop
      vertex 36.6763 68 13.7
      vertex 36.8221 67.782 13.7
      vertex 33.89 68 13.7
    endloop
  endfacet
  facet normal 0 0 -1
    outer loop
      vertex 36.8221 67.782 13.7
      vertex 36.6763 68 13.7
      vertex 36.6767 67.9995 13.7
    endloop
  endfacet
  facet normal 0 0 -1
    outer loop
      vertex 3.2 65.4 13.7
      vertex 1.16667 65.4167 13.7
      vertex 3.2 68 13.7
    endloop
  endfacet
  facet normal 0 -0 -1
    outer loop
      vertex 1.16667 65.4167 13.7
      vertex 3.2 65.4 13.7
      vertex 0.779991 65.4 13.7
    endloop
  endfacet
  facet normal 0 0 -1
    outer loop
      vertex 1.16667 67.9833 13.7
      vertex 3.2 68 13.7
      vertex 1.16667 65.4167 13.7
    endloop
  endfacet
  facet normal -0 0 -1
    outer loop
      vertex 3.2 68 13.7
      vertex 1.16667 67.9833 13.7
      vertex 0.779991 68 13.7
    endloop
  endfacet
  facet normal 0 0 1
    outer loop
      vertex 0.413293 67.9995 11.1
      vertex 1.8 68 11.1
      vertex 0.413712 68 11.1
    endloop
  endfacet
  facet normal 0 0 1
    outer loop
      vertex 1.8 68 11.1
      vertex 0.413293 67.9995 11.1
      vertex 0.267949 67.782 11.1
    endloop
  endfacet
  facet normal 0 0 1
    outer loop
      vertex 0.152241 67.5474 11.1
      vertex 1.8 68 11.1
      vertex 0.267949 67.782 11.1
    endloop
  endfacet
  facet normal 0 0 1
    outer loop
      vertex 0.0681477 67.2996 11.1
      vertex 1.8 68 11.1
      vertex 0.152241 67.5474 11.1
    endloop
  endfacet
  facet normal 0 0 1
    outer loop
      vertex 0.0171099 67.0431 11.1
      vertex 1.8 68 11.1
      vertex 0.0681477 67.2996 11.1
    endloop
  endfacet
  facet normal 0 0 1
    outer loop
      vertex 0 66.782 11.1
      vertex 1.8 68 11.1
      vertex 0.0171099 67.0431 11.1
    endloop
  endfacet
  facet normal 0 0 1
    outer loop
      vertex 1.8 68 11.1
      vertex 0 66.782 11.1
      vertex 1.8 65.4 11.1
    endloop
  endfacet
  facet normal 0 0 1
    outer loop
      vertex 1.8 65.4 11.1
      vertex 0 66.782 11.1
      vertex 0 65.4 11.1
    endloop
  endfacet
  facet normal -0 0 1
    outer loop
      vertex 5.05 68 11.1
      vertex 32.04 66.982 11.1
      vertex 32.04 68 11.1
    endloop
  endfacet
  facet normal 0 0 1
    outer loop
      vertex 32.04 66.982 11.1
      vertex 5.05 68 11.1
      vertex 5.05 66.982 11.1
    endloop
  endfacet
  facet normal 0 0 1
    outer loop
      vertex 35.29 68 11.1
      vertex 37.09 66.782 11.1
      vertex 37.0729 67.0431 11.1
    endloop
  endfacet
  facet normal 0 0 1
    outer loop
      vertex 35.29 68 11.1
      vertex 37.0729 67.0431 11.1
      vertex 37.0219 67.2996 11.1
    endloop
  endfacet
  facet normal 0 0 1
    outer loop
      vertex 35.29 68 11.1
      vertex 37.0219 67.2996 11.1
      vertex 36.9378 67.5474 11.1
    endloop
  endfacet
  facet normal 0 0 1
    outer loop
      vertex 35.29 68 11.1
      vertex 36.9378 67.5474 11.1
      vertex 36.8221 67.782 11.1
    endloop
  endfacet
  facet normal 0 0 1
    outer loop
      vertex 35.29 68 11.1
      vertex 36.8221 67.782 11.1
      vertex 36.6767 67.9995 11.1
    endloop
  endfacet
  facet normal -0 0 1
    outer loop
      vertex 35.29 68 11.1
      vertex 36.6767 67.9995 11.1
      vertex 36.6763 68 11.1
    endloop
  endfacet
  facet normal 0 0 1
    outer loop
      vertex 37.09 66.782 11.1
      vertex 35.29 68 11.1
      vertex 35.29 65.4 11.1
    endloop
  endfacet
  facet normal 0 0 1
    outer loop
      vertex 37.09 66.782 11.1
      vertex 35.29 65.4 11.1
      vertex 37.09 65.4 11.1
    endloop
  endfacet
  facet normal 0 -1 0
    outer loop
      vertex 0.413712 68 11.2
      vertex 0.413712 68 11.1
      vertex 0.779991 68 11.2
    endloop
  endfacet
  facet normal 0 -1 0
    outer loop
      vertex 0.779991 68 13.7
      vertex 1.8 68 13.2
      vertex 3.2 68 13.7
    endloop
  endfacet
  facet normal 0 -1 0
    outer loop
      vertex 0.779991 68 11.2
      vertex 1.8 68 13.2
      vertex 0.779991 68 13.7
    endloop
  endfacet
  facet normal 0 -1 0
    outer loop
      vertex 0.779991 68 11.2
      vertex 1.8 68 11.1
      vertex 1.8 68 13.2
    endloop
  endfacet
  facet normal 0 -1 0
    outer loop
      vertex 1.8 68 11.1
      vertex 0.779991 68 11.2
      vertex 0.413712 68 11.1
    endloop
  endfacet
  facet normal 0 -1 -0
    outer loop
      vertex 3.2 68 13.7
      vertex 1.8 68 13.2
      vertex 3.2 68 13.2
    endloop
  endfacet
  facet normal 0 -1 0
    outer loop
      vertex 35.29 68 13.2
      vertex 33.89 68 13.7
      vertex 33.89 68 13.2
    endloop
  endfacet
  facet normal 0 -1 0
    outer loop
      vertex 33.89 68 13.7
      vertex 35.29 68 13.2
      vertex 36.6763 68 13.7
    endloop
  endfacet
  facet normal 0 -1 0
    outer loop
      vertex 36.6763 68 11.1
      vertex 35.29 68 13.2
      vertex 35.29 68 11.1
    endloop
  endfacet
  facet normal 0 -1 0
    outer loop
      vertex 35.29 68 13.2
      vertex 36.6763 68 11.1
      vertex 36.6763 68 13.7
    endloop
  endfacet
  facet normal 0 -1 0
    outer loop
      vertex 5.05 68 11.1
      vertex 32.04 68 13.7
      vertex 5.05 68 13.7
    endloop
  endfacet
  facet normal 0 -1 -0
    outer loop
      vertex 32.04 68 13.7
      vertex 5.05 68 11.1
      vertex 32.04 68 11.1
    endloop
  endfacet
  facet normal 0 1 0
    outer loop
      vertex 1.8 65.4 13.2
      vertex 3.2 65.4 13.7
      vertex 3.2 65.4 13.2
    endloop
  endfacet
  facet normal 0 1 0
    outer loop
      vertex 3.2 65.4 13.7
      vertex 1.8 65.4 13.2
      vertex 0.779991 65.4 13.7
    endloop
  endfacet
  facet normal 0 1 0
    outer loop
      vertex 1.8 65.4 13.2
      vertex 0.779991 65.4 11.2
      vertex 0.779991 65.4 13.7
    endloop
  endfacet
  facet normal 0 1 -0
    outer loop
      vertex 1.8 65.4 11.1
      vertex 0.779991 65.4 11.2
      vertex 1.8 65.4 13.2
    endloop
  endfacet
  facet normal 0 1 0
    outer loop
      vertex 0 65.4 11.1
      vertex 0.779991 65.4 11.2
      vertex 1.8 65.4 11.1
    endloop
  endfacet
  facet normal 0 1 0
    outer loop
      vertex 0.779991 65.4 11.2
      vertex 0 65.4 11.1
      vertex 0 65.4 11.2
    endloop
  endfacet
  facet normal 0 1 0
    outer loop
      vertex 37.09 65.4 13.7
      vertex 35.29 65.4 13.2
      vertex 33.89 65.4 13.7
    endloop
  endfacet
  facet normal 0 1 -0
    outer loop
      vertex 37.09 65.4 11.1
      vertex 35.29 65.4 13.2
      vertex 37.09 65.4 13.7
    endloop
  endfacet
  facet normal 0 1 0
    outer loop
      vertex 35.29 65.4 13.2
      vertex 37.09 65.4 11.1
      vertex 35.29 65.4 11.1
    endloop
  endfacet
  facet normal 0 1 0
    outer loop
      vertex 33.89 65.4 13.7
      vertex 35.29 65.4 13.2
      vertex 33.89 65.4 13.2
    endloop
  endfacet
  facet normal -1 0 0
    outer loop
      vertex 17.5 7.90199 14.9
      vertex 17.5 7.402 15.3
      vertex 17.5 7.90199 16.9
    endloop
  endfacet
  facet normal -1 0 0
    outer loop
      vertex 17.5 7.90199 14.9
      vertex 17.5 3.002 15.3
      vertex 17.5 7.402 15.3
    endloop
  endfacet
  facet normal -1 0 0
    outer loop
      vertex 17.5 2.502 14.9
      vertex 17.5 3.002 15.3
      vertex 17.5 7.90199 14.9
    endloop
  endfacet
  facet normal -1 0 0
    outer loop
      vertex 17.5 2.502 14.9
      vertex 17.5 3.002 16.3
      vertex 17.5 3.002 15.3
    endloop
  endfacet
  facet normal -1 0 0
    outer loop
      vertex 17.5 2.502 16.9
      vertex 17.5 3.002 16.3
      vertex 17.5 2.502 14.9
    endloop
  endfacet
  facet normal -1 0 0
    outer loop
      vertex 17.5 3.002 16.3
      vertex 17.5 2.502 16.9
      vertex 17.5 3.002 16.9
    endloop
  endfacet
  facet normal -1 -0 0
    outer loop
      vertex 17.5 7.90199 16.9
      vertex 17.5 7.402 15.3
      vertex 17.5 7.402 16.9
    endloop
  endfacet
  facet normal 0.442286 0.896874 -0
    outer loop
      vertex 8.69246 2.72102 14.9
      vertex 8.43436 2.8483 16.9
      vertex 8.69246 2.72102 16.9
    endloop
  endfacet
  facet normal 0.442286 0.896874 0
    outer loop
      vertex 8.43436 2.8483 16.9
      vertex 8.69246 2.72102 14.9
      vertex 8.43436 2.8483 14.9
    endloop
  endfacet
  facet normal 0.997859 0.0654003 0
    outer loop
      vertex 7.07538 4.88216 16.9
      vertex 7.05656 5.16931 14.9
      vertex 7.05656 5.16931 16.9
    endloop
  endfacet
  facet normal 0.997859 0.0654003 0
    outer loop
      vertex 7.05656 5.16931 14.9
      vertex 7.07538 4.88216 16.9
      vertex 7.07538 4.88216 14.9
    endloop
  endfacet
  facet normal 0.499969 -0.866043 0
    outer loop
      vertex 8.3777 7.52298 14.9
      vertex 8.43436 7.55569 16.9
      vertex 8.3777 7.52298 16.9
    endloop
  endfacet
  facet normal 0.499969 -0.866043 0
    outer loop
      vertex 8.43436 7.55569 16.9
      vertex 8.3777 7.52298 14.9
      vertex 8.43436 7.55569 14.9
    endloop
  endfacet
  facet normal 0.865977 0.500084 0
    outer loop
      vertex 7.43451 3.8242 16.9
      vertex 7.40179 3.88086 14.9
      vertex 7.40179 3.88086 16.9
    endloop
  endfacet
  facet normal 0.865977 0.500084 0
    outer loop
      vertex 7.40179 3.88086 14.9
      vertex 7.43451 3.8242 16.9
      vertex 7.43451 3.8242 14.9
    endloop
  endfacet
  facet normal 0.965919 -0.258843 0
    outer loop
      vertex 7.14008 5.86896 16.9
      vertex 7.157 5.9321 14.9
      vertex 7.157 5.9321 16.9
    endloop
  endfacet
  facet normal 0.965919 -0.258843 0
    outer loop
      vertex 7.157 5.9321 14.9
      vertex 7.14008 5.86896 16.9
      vertex 7.14008 5.86896 14.9
    endloop
  endfacet
  facet normal 0.0327242 0.999464 -0
    outer loop
      vertex 9.75549 2.502 14.9
      vertex 9.72281 2.50307 16.9
      vertex 9.75549 2.502 16.9
    endloop
  endfacet
  facet normal 0.0327242 0.999464 0
    outer loop
      vertex 9.72281 2.50307 16.9
      vertex 9.75549 2.502 14.9
      vertex 9.72281 2.50307 14.9
    endloop
  endfacet
  facet normal 0.0653635 0.997862 -0
    outer loop
      vertex 9.72281 2.50307 14.9
      vertex 9.43565 2.52188 16.9
      vertex 9.72281 2.50307 16.9
    endloop
  endfacet
  facet normal 0.0653635 0.997862 0
    outer loop
      vertex 9.43565 2.52188 16.9
      vertex 9.72281 2.50307 14.9
      vertex 9.43565 2.52188 14.9
    endloop
  endfacet
  facet normal 0.991448 0.130502 0
    outer loop
      vertex 7.08392 4.81728 16.9
      vertex 7.07538 4.88216 14.9
      vertex 7.07538 4.88216 16.9
    endloop
  endfacet
  facet normal 0.991448 0.130502 0
    outer loop
      vertex 7.07538 4.88216 14.9
      vertex 7.08392 4.81728 16.9
      vertex 7.08392 4.81728 14.9
    endloop
  endfacet
  facet normal 0.793402 0.608698 0
    outer loop
      vertex 7.6342 3.53304 16.9
      vertex 7.59439 3.58493 14.9
      vertex 7.59439 3.58493 16.9
    endloop
  endfacet
  facet normal 0.793402 0.608698 0
    outer loop
      vertex 7.59439 3.58493 14.9
      vertex 7.6342 3.53304 16.9
      vertex 7.6342 3.53304 14.9
    endloop
  endfacet
  facet normal 0.659378 0.751812 -0
    outer loop
      vertex 8.08653 3.0807 14.9
      vertex 7.87018 3.27045 16.9
      vertex 8.08653 3.0807 16.9
    endloop
  endfacet
  facet normal 0.659378 0.751812 0
    outer loop
      vertex 7.87018 3.27045 16.9
      vertex 8.08653 3.0807 14.9
      vertex 7.87018 3.27045 14.9
    endloop
  endfacet
  facet normal 1 -0 0
    outer loop
      vertex 7.05656 5.16931 16.9
      vertex 7.05656 5.23468 14.9
      vertex 7.05656 5.23468 16.9
    endloop
  endfacet
  facet normal 1 0 0
    outer loop
      vertex 7.05656 5.23468 14.9
      vertex 7.05656 5.16931 16.9
      vertex 7.05656 5.16931 14.9
    endloop
  endfacet
  facet normal 0 -1 0
    outer loop
      vertex 9.75549 7.90199 14.9
      vertex 17.5 7.90199 16.9
      vertex 9.75549 7.90199 16.9
    endloop
  endfacet
  facet normal 0 -1 -0
    outer loop
      vertex 17.5 7.90199 16.9
      vertex 9.75549 7.90199 14.9
      vertex 17.5 7.90199 14.9
    endloop
  endfacet
  facet normal 0.608624 -0.793459 0
    outer loop
      vertex 8.08653 7.32329 14.9
      vertex 8.13843 7.3631 16.9
      vertex 8.08653 7.32329 16.9
    endloop
  endfacet
  facet normal 0.608624 -0.793459 0
    outer loop
      vertex 8.13843 7.3631 16.9
      vertex 8.08653 7.32329 14.9
      vertex 8.13843 7.3631 14.9
    endloop
  endfacet
  facet normal 0 1 -0
    outer loop
      vertex 17.5 2.502 14.9
      vertex 9.75549 2.502 16.9
      vertex 17.5 2.502 16.9
    endloop
  endfacet
  facet normal 0 1 0
    outer loop
      vertex 9.75549 2.502 16.9
      vertex 17.5 2.502 14.9
      vertex 9.75549 2.502 14.9
    endloop
  endfacet
  facet normal 0.70703 -0.707183 0
    outer loop
      vertex 7.82394 7.08731 16.9
      vertex 7.87018 7.13354 14.9
      vertex 7.87018 7.13354 16.9
    endloop
  endfacet
  facet normal 0.70703 -0.707183 0
    outer loop
      vertex 7.87018 7.13354 14.9
      vertex 7.82394 7.08731 16.9
      vertex 7.82394 7.08731 14.9
    endloop
  endfacet
  facet normal 0.831462 0.555582 0
    outer loop
      vertex 7.59439 3.58493 16.9
      vertex 7.43451 3.8242 14.9
      vertex 7.43451 3.8242 16.9
    endloop
  endfacet
  facet normal 0.831462 0.555582 0
    outer loop
      vertex 7.43451 3.8242 14.9
      vertex 7.59439 3.58493 16.9
      vertex 7.59439 3.58493 14.9
    endloop
  endfacet
  facet normal 0.831467 -0.555574 0
    outer loop
      vertex 7.43449 6.57976 16.9
      vertex 7.59438 6.81905 14.9
      vertex 7.59438 6.81905 16.9
    endloop
  endfacet
  facet normal 0.831467 -0.555574 0
    outer loop
      vertex 7.59438 6.81905 14.9
      vertex 7.43449 6.57976 16.9
      vertex 7.43449 6.57976 14.9
    endloop
  endfacet
  facet normal 0.499969 0.866043 -0
    outer loop
      vertex 8.43436 2.8483 14.9
      vertex 8.3777 2.88101 16.9
      vertex 8.43436 2.8483 16.9
    endloop
  endfacet
  facet normal 0.499969 0.866043 0
    outer loop
      vertex 8.3777 2.88101 16.9
      vertex 8.43436 2.8483 14.9
      vertex 8.3777 2.88101 14.9
    endloop
  endfacet
  facet normal 0.321425 -0.946935 0
    outer loop
      vertex 8.75288 7.70799 14.9
      vertex 9.02539 7.80049 16.9
      vertex 8.75288 7.70799 16.9
    endloop
  endfacet
  facet normal 0.321425 -0.946935 0
    outer loop
      vertex 9.02539 7.80049 16.9
      vertex 8.75288 7.70799 14.9
      vertex 9.02539 7.80049 14.9
    endloop
  endfacet
  facet normal 0.555582 -0.831462 0
    outer loop
      vertex 8.13843 7.3631 14.9
      vertex 8.3777 7.52298 16.9
      vertex 8.13843 7.3631 16.9
    endloop
  endfacet
  facet normal 0.555582 -0.831462 0
    outer loop
      vertex 8.3777 7.52298 16.9
      vertex 8.13843 7.3631 14.9
      vertex 8.3777 7.52298 14.9
    endloop
  endfacet
  facet normal 0.195087 -0.980786 0
    outer loop
      vertex 9.08856 7.81741 14.9
      vertex 9.3708 7.87355 16.9
      vertex 9.08856 7.81741 16.9
    endloop
  endfacet
  facet normal 0.195087 -0.980786 0
    outer loop
      vertex 9.3708 7.87355 16.9
      vertex 9.08856 7.81741 14.9
      vertex 9.3708 7.87355 14.9
    endloop
  endfacet
  facet normal 0.382595 -0.923916 0
    outer loop
      vertex 8.69246 7.68297 14.9
      vertex 8.75288 7.70799 16.9
      vertex 8.69246 7.68297 16.9
    endloop
  endfacet
  facet normal 0.382595 -0.923916 0
    outer loop
      vertex 8.75288 7.70799 16.9
      vertex 8.69246 7.68297 14.9
      vertex 8.75288 7.70799 14.9
    endloop
  endfacet
  facet normal 0.555582 0.831462 -0
    outer loop
      vertex 8.3777 2.88101 14.9
      vertex 8.13843 3.04089 16.9
      vertex 8.3777 2.88101 16.9
    endloop
  endfacet
  facet normal 0.555582 0.831462 0
    outer loop
      vertex 8.13843 3.04089 16.9
      vertex 8.3777 2.88101 14.9
      vertex 8.13843 3.04089 14.9
    endloop
  endfacet
  facet normal 0.130771 -0.991413 0
    outer loop
      vertex 9.3708 7.87355 14.9
      vertex 9.43562 7.8821 16.9
      vertex 9.3708 7.87355 16.9
    endloop
  endfacet
  facet normal 0.130771 -0.991413 0
    outer loop
      vertex 9.43562 7.8821 16.9
      vertex 9.3708 7.87355 14.9
      vertex 9.43562 7.8821 14.9
    endloop
  endfacet
  facet normal 0.980773 -0.195154 0
    outer loop
      vertex 7.08392 5.58672 16.9
      vertex 7.14008 5.86896 14.9
      vertex 7.14008 5.86896 16.9
    endloop
  endfacet
  facet normal 0.980773 -0.195154 0
    outer loop
      vertex 7.14008 5.86896 14.9
      vertex 7.08392 5.58672 16.9
      vertex 7.08392 5.58672 14.9
    endloop
  endfacet
  facet normal 0.258756 0.965943 -0
    outer loop
      vertex 9.08856 2.58656 14.9
      vertex 9.02536 2.60349 16.9
      vertex 9.08856 2.58656 16.9
    endloop
  endfacet
  facet normal 0.258756 0.965943 0
    outer loop
      vertex 9.02536 2.60349 16.9
      vertex 9.08856 2.58656 14.9
      vertex 9.02536 2.60349 14.9
    endloop
  endfacet
  facet normal 0.130712 0.99142 -0
    outer loop
      vertex 9.43565 2.52188 14.9
      vertex 9.3708 2.53043 16.9
      vertex 9.43565 2.52188 16.9
    endloop
  endfacet
  facet normal 0.130712 0.99142 0
    outer loop
      vertex 9.3708 2.53043 16.9
      vertex 9.43565 2.52188 14.9
      vertex 9.3708 2.53043 14.9
    endloop
  endfacet
  facet normal 0.946928 0.321446 0
    outer loop
      vertex 7.2495 4.19937 16.9
      vertex 7.157 4.47186 14.9
      vertex 7.157 4.47186 16.9
    endloop
  endfacet
  facet normal 0.946928 0.321446 0
    outer loop
      vertex 7.157 4.47186 14.9
      vertex 7.2495 4.19937 16.9
      vertex 7.2495 4.19937 14.9
    endloop
  endfacet
  facet normal 0.195053 0.980793 -0
    outer loop
      vertex 9.3708 2.53043 14.9
      vertex 9.08856 2.58656 16.9
      vertex 9.3708 2.53043 16.9
    endloop
  endfacet
  facet normal 0.195053 0.980793 0
    outer loop
      vertex 9.08856 2.58656 16.9
      vertex 9.3708 2.53043 14.9
      vertex 9.08856 2.58656 14.9
    endloop
  endfacet
  facet normal 0.70703 0.707183 0
    outer loop
      vertex 7.87018 3.27045 16.9
      vertex 7.82394 3.31668 14.9
      vertex 7.82394 3.31668 16.9
    endloop
  endfacet
  facet normal 0.70703 0.707183 0
    outer loop
      vertex 7.82394 3.31668 14.9
      vertex 7.87018 3.27045 16.9
      vertex 7.87018 3.27045 14.9
    endloop
  endfacet
  facet normal 0.946935 -0.321425 0
    outer loop
      vertex 7.157 5.9321 16.9
      vertex 7.2495 6.20461 14.9
      vertex 7.2495 6.20461 16.9
    endloop
  endfacet
  facet normal 0.946935 -0.321425 0
    outer loop
      vertex 7.2495 6.20461 14.9
      vertex 7.157 5.9321 16.9
      vertex 7.157 5.9321 14.9
    endloop
  endfacet
  facet normal 0.923894 0.382649 0
    outer loop
      vertex 7.27452 4.13896 16.9
      vertex 7.2495 4.19937 14.9
      vertex 7.2495 4.19937 16.9
    endloop
  endfacet
  facet normal 0.923894 0.382649 0
    outer loop
      vertex 7.2495 4.19937 14.9
      vertex 7.27452 4.13896 16.9
      vertex 7.27452 4.13896 14.9
    endloop
  endfacet
  facet normal 0.258728 -0.96595 0
    outer loop
      vertex 9.02539 7.80049 14.9
      vertex 9.08856 7.81741 16.9
      vertex 9.02539 7.80049 16.9
    endloop
  endfacet
  facet normal 0.258728 -0.96595 0
    outer loop
      vertex 9.08856 7.81741 16.9
      vertex 9.02539 7.80049 14.9
      vertex 9.08856 7.81741 14.9
    endloop
  endfacet
  facet normal 0.608624 0.793459 -0
    outer loop
      vertex 8.13843 3.04089 14.9
      vertex 8.08653 3.0807 16.9
      vertex 8.13843 3.04089 16.9
    endloop
  endfacet
  facet normal 0.608624 0.793459 0
    outer loop
      vertex 8.08653 3.0807 16.9
      vertex 8.13843 3.04089 14.9
      vertex 8.08653 3.0807 14.9
    endloop
  endfacet
  facet normal 0.980775 0.19514 0
    outer loop
      vertex 7.14008 4.53502 16.9
      vertex 7.08392 4.81728 14.9
      vertex 7.08392 4.81728 16.9
    endloop
  endfacet
  facet normal 0.980775 0.19514 0
    outer loop
      vertex 7.08392 4.81728 14.9
      vertex 7.14008 4.53502 16.9
      vertex 7.14008 4.53502 14.9
    endloop
  endfacet
  facet normal 0.751844 0.659341 0
    outer loop
      vertex 7.82394 3.31668 16.9
      vertex 7.6342 3.53304 14.9
      vertex 7.6342 3.53304 16.9
    endloop
  endfacet
  facet normal 0.751844 0.659341 0
    outer loop
      vertex 7.6342 3.53304 14.9
      vertex 7.82394 3.31668 16.9
      vertex 7.82394 3.31668 14.9
    endloop
  endfacet
  facet normal 0.0653981 -0.997859 0
    outer loop
      vertex 9.43562 7.8821 14.9
      vertex 9.72278 7.90092 16.9
      vertex 9.43562 7.8821 16.9
    endloop
  endfacet
  facet normal 0.0653981 -0.997859 0
    outer loop
      vertex 9.72278 7.90092 16.9
      vertex 9.43562 7.8821 14.9
      vertex 9.72278 7.90092 14.9
    endloop
  endfacet
  facet normal 0.321456 0.946925 -0
    outer loop
      vertex 9.02536 2.60349 14.9
      vertex 8.75285 2.696 16.9
      vertex 9.02536 2.60349 16.9
    endloop
  endfacet
  facet normal 0.321456 0.946925 0
    outer loop
      vertex 8.75285 2.696 16.9
      vertex 9.02536 2.60349 14.9
      vertex 8.75285 2.696 14.9
    endloop
  endfacet
  facet normal 0.923961 -0.382487 0
    outer loop
      vertex 7.2495 6.20461 16.9
      vertex 7.27452 6.26505 14.9
      vertex 7.27452 6.26505 16.9
    endloop
  endfacet
  facet normal 0.923961 -0.382487 0
    outer loop
      vertex 7.27452 6.26505 14.9
      vertex 7.2495 6.20461 16.9
      vertex 7.2495 6.20461 14.9
    endloop
  endfacet
  facet normal 0.96594 0.258767 0
    outer loop
      vertex 7.157 4.47186 16.9
      vertex 7.14008 4.53502 14.9
      vertex 7.14008 4.53502 16.9
    endloop
  endfacet
  facet normal 0.96594 0.258767 0
    outer loop
      vertex 7.14008 4.53502 14.9
      vertex 7.157 4.47186 16.9
      vertex 7.157 4.47186 14.9
    endloop
  endfacet
  facet normal 0.442286 -0.896874 0
    outer loop
      vertex 8.43436 7.55569 14.9
      vertex 8.69246 7.68297 16.9
      vertex 8.43436 7.55569 16.9
    endloop
  endfacet
  facet normal 0.442286 -0.896874 0
    outer loop
      vertex 8.69246 7.68297 16.9
      vertex 8.43436 7.55569 14.9
      vertex 8.69246 7.68297 14.9
    endloop
  endfacet
  facet normal 0.991448 -0.130502 0
    outer loop
      vertex 7.07538 5.52184 16.9
      vertex 7.08392 5.58672 14.9
      vertex 7.08392 5.58672 16.9
    endloop
  endfacet
  facet normal 0.991448 -0.130502 0
    outer loop
      vertex 7.08392 5.58672 14.9
      vertex 7.07538 5.52184 16.9
      vertex 7.07538 5.52184 14.9
    endloop
  endfacet
  facet normal 0.997859 -0.0653981 0
    outer loop
      vertex 7.05656 5.23468 16.9
      vertex 7.07538 5.52184 14.9
      vertex 7.07538 5.52184 16.9
    endloop
  endfacet
  facet normal 0.997859 -0.0653981 0
    outer loop
      vertex 7.07538 5.52184 14.9
      vertex 7.05656 5.23468 16.9
      vertex 7.05656 5.23468 14.9
    endloop
  endfacet
  facet normal 0.0326942 -0.999465 0
    outer loop
      vertex 9.72278 7.90092 14.9
      vertex 9.75549 7.90199 16.9
      vertex 9.72278 7.90092 16.9
    endloop
  endfacet
  facet normal 0.0326942 -0.999465 0
    outer loop
      vertex 9.75549 7.90199 16.9
      vertex 9.72278 7.90092 14.9
      vertex 9.75549 7.90199 14.9
    endloop
  endfacet
  facet normal 0.896874 -0.442286 0
    outer loop
      vertex 7.27452 6.26505 16.9
      vertex 7.40179 6.52313 14.9
      vertex 7.40179 6.52313 16.9
    endloop
  endfacet
  facet normal 0.896874 -0.442286 0
    outer loop
      vertex 7.40179 6.52313 14.9
      vertex 7.27452 6.26505 16.9
      vertex 7.27452 6.26505 14.9
    endloop
  endfacet
  facet normal 0.751829 -0.659358 0
    outer loop
      vertex 7.6342 6.87096 16.9
      vertex 7.82394 7.08731 14.9
      vertex 7.82394 7.08731 16.9
    endloop
  endfacet
  facet normal 0.751829 -0.659358 0
    outer loop
      vertex 7.82394 7.08731 14.9
      vertex 7.6342 6.87096 16.9
      vertex 7.6342 6.87096 14.9
    endloop
  endfacet
  facet normal 0.896888 0.442258 0
    outer loop
      vertex 7.40179 3.88086 16.9
      vertex 7.27452 4.13896 14.9
      vertex 7.27452 4.13896 16.9
    endloop
  endfacet
  facet normal 0.896888 0.442258 0
    outer loop
      vertex 7.27452 4.13896 14.9
      vertex 7.40179 3.88086 16.9
      vertex 7.40179 3.88086 14.9
    endloop
  endfacet
  facet normal 0.865995 -0.500053 0
    outer loop
      vertex 7.40179 6.52313 16.9
      vertex 7.43449 6.57976 14.9
      vertex 7.43449 6.57976 16.9
    endloop
  endfacet
  facet normal 0.865995 -0.500053 0
    outer loop
      vertex 7.43449 6.57976 14.9
      vertex 7.40179 6.52313 16.9
      vertex 7.40179 6.52313 14.9
    endloop
  endfacet
  facet normal 0.382757 0.923849 -0
    outer loop
      vertex 8.75285 2.696 14.9
      vertex 8.69246 2.72102 16.9
      vertex 8.75285 2.696 16.9
    endloop
  endfacet
  facet normal 0.382757 0.923849 0
    outer loop
      vertex 8.69246 2.72102 16.9
      vertex 8.75285 2.696 14.9
      vertex 8.69246 2.72102 14.9
    endloop
  endfacet
  facet normal 0.659378 -0.751812 0
    outer loop
      vertex 7.87018 7.13354 14.9
      vertex 8.08653 7.32329 16.9
      vertex 7.87018 7.13354 16.9
    endloop
  endfacet
  facet normal 0.659378 -0.751812 0
    outer loop
      vertex 8.08653 7.32329 16.9
      vertex 7.87018 7.13354 14.9
      vertex 8.08653 7.32329 14.9
    endloop
  endfacet
  facet normal 0.793442 -0.608647 0
    outer loop
      vertex 7.59438 6.81905 16.9
      vertex 7.6342 6.87096 14.9
      vertex 7.6342 6.87096 16.9
    endloop
  endfacet
  facet normal 0.793442 -0.608647 0
    outer loop
      vertex 7.6342 6.87096 14.9
      vertex 7.59438 6.81905 16.9
      vertex 7.59438 6.81905 14.9
    endloop
  endfacet
  facet normal 0 -1 0
    outer loop
      vertex 19.59 7.90199 14.9
      vertex 27.3345 7.90199 16.9
      vertex 19.59 7.90199 16.9
    endloop
  endfacet
  facet normal 0 -1 -0
    outer loop
      vertex 27.3345 7.90199 16.9
      vertex 19.59 7.90199 14.9
      vertex 27.3345 7.90199 14.9
    endloop
  endfacet
  facet normal -0.991527 -0.129901 0
    outer loop
      vertex 30.0146 5.52184 14.9
      vertex 30.0061 5.58672 16.9
      vertex 30.0061 5.58672 14.9
    endloop
  endfacet
  facet normal -0.991527 -0.129901 0
    outer loop
      vertex 30.0061 5.58672 16.9
      vertex 30.0146 5.52184 14.9
      vertex 30.0146 5.52184 16.9
    endloop
  endfacet
  facet normal 1 0 0
    outer loop
      vertex 19.59 3.002 16.9
      vertex 19.59 2.502 16.9
      vertex 19.59 3.002 16.3
    endloop
  endfacet
  facet normal 1 0 0
    outer loop
      vertex 19.59 7.402 15.3
      vertex 19.59 7.90199 16.9
      vertex 19.59 7.402 16.9
    endloop
  endfacet
  facet normal 1 0 0
    outer loop
      vertex 19.59 7.90199 16.9
      vertex 19.59 7.402 15.3
      vertex 19.59 7.90199 14.9
    endloop
  endfacet
  facet normal 1 -0 0
    outer loop
      vertex 19.59 3.002 15.3
      vertex 19.59 7.90199 14.9
      vertex 19.59 7.402 15.3
    endloop
  endfacet
  facet normal 1 0 0
    outer loop
      vertex 19.59 2.502 14.9
      vertex 19.59 3.002 16.3
      vertex 19.59 2.502 16.9
    endloop
  endfacet
  facet normal 1 0 0
    outer loop
      vertex 19.59 3.002 15.3
      vertex 19.59 2.502 14.9
      vertex 19.59 7.90199 14.9
    endloop
  endfacet
  facet normal 1 0 0
    outer loop
      vertex 19.59 3.002 16.3
      vertex 19.59 2.502 14.9
      vertex 19.59 3.002 15.3
    endloop
  endfacet
  facet normal -0.258614 -0.965981 0
    outer loop
      vertex 28.0014 7.81741 14.9
      vertex 28.0646 7.80049 16.9
      vertex 28.0014 7.81741 16.9
    endloop
  endfacet
  facet normal -0.258614 -0.965981 -0
    outer loop
      vertex 28.0646 7.80049 16.9
      vertex 28.0014 7.81741 14.9
      vertex 28.0646 7.80049 14.9
    endloop
  endfacet
  facet normal -0.946935 -0.321425 0
    outer loop
      vertex 29.933 5.9321 14.9
      vertex 29.8405 6.20461 16.9
      vertex 29.8405 6.20461 14.9
    endloop
  endfacet
  facet normal -0.946935 -0.321425 0
    outer loop
      vertex 29.8405 6.20461 16.9
      vertex 29.933 5.9321 14.9
      vertex 29.933 5.9321 16.9
    endloop
  endfacet
  facet normal -0.555534 -0.831494 0
    outer loop
      vertex 28.7123 7.52298 14.9
      vertex 28.9516 7.3631 16.9
      vertex 28.7123 7.52298 16.9
    endloop
  endfacet
  facet normal -0.555534 -0.831494 -0
    outer loop
      vertex 28.9516 7.3631 16.9
      vertex 28.7123 7.52298 14.9
      vertex 28.9516 7.3631 14.9
    endloop
  endfacet
  facet normal -0.0327042 0.999465 0
    outer loop
      vertex 27.3672 2.50307 14.9
      vertex 27.3345 2.502 16.9
      vertex 27.3672 2.50307 16.9
    endloop
  endfacet
  facet normal -0.0327042 0.999465 0
    outer loop
      vertex 27.3345 2.502 16.9
      vertex 27.3672 2.50307 14.9
      vertex 27.3345 2.502 14.9
    endloop
  endfacet
  facet normal -0.608624 -0.793459 0
    outer loop
      vertex 28.9516 7.3631 14.9
      vertex 29.0035 7.32329 16.9
      vertex 28.9516 7.3631 16.9
    endloop
  endfacet
  facet normal -0.608624 -0.793459 -0
    outer loop
      vertex 29.0035 7.32329 16.9
      vertex 28.9516 7.3631 14.9
      vertex 29.0035 7.32329 14.9
    endloop
  endfacet
  facet normal -0.555534 0.831494 0
    outer loop
      vertex 28.9516 3.04089 14.9
      vertex 28.7123 2.88101 16.9
      vertex 28.9516 3.04089 16.9
    endloop
  endfacet
  facet normal -0.555534 0.831494 0
    outer loop
      vertex 28.7123 2.88101 16.9
      vertex 28.9516 3.04089 14.9
      vertex 28.7123 2.88101 14.9
    endloop
  endfacet
  facet normal -0.130613 0.991433 0
    outer loop
      vertex 27.7192 2.53043 14.9
      vertex 27.6543 2.52188 16.9
      vertex 27.7192 2.53043 16.9
    endloop
  endfacet
  facet normal -0.130613 0.991433 0
    outer loop
      vertex 27.6543 2.52188 16.9
      vertex 27.7192 2.53043 14.9
      vertex 27.6543 2.52188 14.9
    endloop
  endfacet
  facet normal 0 1 -0
    outer loop
      vertex 27.3345 2.502 14.9
      vertex 19.59 2.502 16.9
      vertex 27.3345 2.502 16.9
    endloop
  endfacet
  facet normal 0 1 0
    outer loop
      vertex 19.59 2.502 16.9
      vertex 27.3345 2.502 14.9
      vertex 19.59 2.502 14.9
    endloop
  endfacet
  facet normal -0.997864 -0.0653289 0
    outer loop
      vertex 30.0334 5.23468 14.9
      vertex 30.0146 5.52184 16.9
      vertex 30.0146 5.52184 14.9
    endloop
  endfacet
  facet normal -0.997864 -0.0653289 0
    outer loop
      vertex 30.0146 5.52184 16.9
      vertex 30.0334 5.23468 14.9
      vertex 30.0334 5.23468 16.9
    endloop
  endfacet
  facet normal -0.195113 -0.980781 0
    outer loop
      vertex 27.7192 7.87355 14.9
      vertex 28.0014 7.81741 16.9
      vertex 27.7192 7.87355 16.9
    endloop
  endfacet
  facet normal -0.195113 -0.980781 -0
    outer loop
      vertex 28.0014 7.81741 16.9
      vertex 27.7192 7.87355 14.9
      vertex 28.0014 7.81741 14.9
    endloop
  endfacet
  facet normal -0.0653771 0.997861 0
    outer loop
      vertex 27.6543 2.52188 14.9
      vertex 27.3672 2.50307 16.9
      vertex 27.6543 2.52188 16.9
    endloop
  endfacet
  facet normal -0.0653771 0.997861 0
    outer loop
      vertex 27.3672 2.50307 16.9
      vertex 27.6543 2.52188 14.9
      vertex 27.3672 2.50307 14.9
    endloop
  endfacet
  facet normal -0.865995 -0.500053 0
    outer loop
      vertex 29.6882 6.52313 14.9
      vertex 29.6555 6.57976 16.9
      vertex 29.6555 6.57976 14.9
    endloop
  endfacet
  facet normal -0.865995 -0.500053 0
    outer loop
      vertex 29.6555 6.57976 16.9
      vertex 29.6882 6.52313 14.9
      vertex 29.6882 6.52313 16.9
    endloop
  endfacet
  facet normal -0.608624 0.793459 0
    outer loop
      vertex 29.0035 3.0807 14.9
      vertex 28.9516 3.04089 16.9
      vertex 29.0035 3.0807 16.9
    endloop
  endfacet
  facet normal -0.608624 0.793459 0
    outer loop
      vertex 28.9516 3.04089 16.9
      vertex 29.0035 3.0807 14.9
      vertex 28.9516 3.04089 14.9
    endloop
  endfacet
  facet normal -0.706572 0.707642 0
    outer loop
      vertex 29.2198 3.27045 14.9
      vertex 29.2661 3.31668 16.9
      vertex 29.2661 3.31668 14.9
    endloop
  endfacet
  facet normal -0.706572 0.707642 0
    outer loop
      vertex 29.2661 3.31668 16.9
      vertex 29.2198 3.27045 14.9
      vertex 29.2198 3.27045 16.9
    endloop
  endfacet
  facet normal -0.659464 -0.751736 0
    outer loop
      vertex 29.0035 7.32329 14.9
      vertex 29.2198 7.13354 16.9
      vertex 29.0035 7.32329 16.9
    endloop
  endfacet
  facet normal -0.659464 -0.751736 -0
    outer loop
      vertex 29.2198 7.13354 16.9
      vertex 29.0035 7.32329 14.9
      vertex 29.2198 7.13354 14.9
    endloop
  endfacet
  facet normal -0.659464 0.751736 0
    outer loop
      vertex 29.2198 3.27045 14.9
      vertex 29.0035 3.0807 16.9
      vertex 29.2198 3.27045 16.9
    endloop
  endfacet
  facet normal -0.659464 0.751736 0
    outer loop
      vertex 29.0035 3.0807 16.9
      vertex 29.2198 3.27045 14.9
      vertex 29.0035 3.0807 14.9
    endloop
  endfacet
  facet normal -0.442286 0.896874 0
    outer loop
      vertex 28.6556 2.8483 14.9
      vertex 28.3975 2.72102 16.9
      vertex 28.6556 2.8483 16.9
    endloop
  endfacet
  facet normal -0.442286 0.896874 0
    outer loop
      vertex 28.3975 2.72102 16.9
      vertex 28.6556 2.8483 14.9
      vertex 28.3975 2.72102 14.9
    endloop
  endfacet
  facet normal -1 0 0
    outer loop
      vertex 30.0334 5.16931 14.9
      vertex 30.0334 5.23468 16.9
      vertex 30.0334 5.23468 14.9
    endloop
  endfacet
  facet normal -1 -0 0
    outer loop
      vertex 30.0334 5.23468 16.9
      vertex 30.0334 5.16931 14.9
      vertex 30.0334 5.16931 16.9
    endloop
  endfacet
  facet normal -0.946928 0.321446 0
    outer loop
      vertex 29.8405 4.19937 14.9
      vertex 29.933 4.47186 16.9
      vertex 29.933 4.47186 14.9
    endloop
  endfacet
  facet normal -0.946928 0.321446 0
    outer loop
      vertex 29.933 4.47186 16.9
      vertex 29.8405 4.19937 14.9
      vertex 29.8405 4.19937 16.9
    endloop
  endfacet
  facet normal -0.258756 0.965943 0
    outer loop
      vertex 28.0646 2.60349 14.9
      vertex 28.0014 2.58656 16.9
      vertex 28.0646 2.60349 16.9
    endloop
  endfacet
  facet normal -0.258756 0.965943 0
    outer loop
      vertex 28.0014 2.58656 16.9
      vertex 28.0646 2.60349 14.9
      vertex 28.0014 2.58656 14.9
    endloop
  endfacet
  facet normal -0.924069 -0.382226 0
    outer loop
      vertex 29.8405 6.20461 14.9
      vertex 29.8155 6.26505 16.9
      vertex 29.8155 6.26505 14.9
    endloop
  endfacet
  facet normal -0.924069 -0.382226 0
    outer loop
      vertex 29.8155 6.26505 16.9
      vertex 29.8405 6.20461 14.9
      vertex 29.8405 6.20461 16.9
    endloop
  endfacet
  facet normal -0.19508 0.980787 0
    outer loop
      vertex 28.0014 2.58656 14.9
      vertex 27.7192 2.53043 16.9
      vertex 28.0014 2.58656 16.9
    endloop
  endfacet
  facet normal -0.19508 0.980787 0
    outer loop
      vertex 27.7192 2.53043 16.9
      vertex 28.0014 2.58656 14.9
      vertex 27.7192 2.53043 14.9
    endloop
  endfacet
  facet normal -0.793589 -0.608454 0
    outer loop
      vertex 29.4956 6.81905 14.9
      vertex 29.4558 6.87096 16.9
      vertex 29.4558 6.87096 14.9
    endloop
  endfacet
  facet normal -0.793589 -0.608454 0
    outer loop
      vertex 29.4558 6.87096 16.9
      vertex 29.4956 6.81905 14.9
      vertex 29.4956 6.81905 16.9
    endloop
  endfacet
  facet normal -0.706572 -0.707642 0
    outer loop
      vertex 29.2661 7.08731 14.9
      vertex 29.2198 7.13354 16.9
      vertex 29.2198 7.13354 14.9
    endloop
  endfacet
  facet normal -0.706572 -0.707642 0
    outer loop
      vertex 29.2198 7.13354 16.9
      vertex 29.2661 7.08731 14.9
      vertex 29.2661 7.08731 16.9
    endloop
  endfacet
  facet normal -0.793476 0.608602 0
    outer loop
      vertex 29.4558 3.53304 14.9
      vertex 29.4956 3.58493 16.9
      vertex 29.4956 3.58493 14.9
    endloop
  endfacet
  facet normal -0.793476 0.608602 0
    outer loop
      vertex 29.4956 3.58493 16.9
      vertex 29.4558 3.53304 14.9
      vertex 29.4558 3.53304 16.9
    endloop
  endfacet
  facet normal -0.382703 0.923871 0
    outer loop
      vertex 28.3975 2.72102 14.9
      vertex 28.3371 2.696 16.9
      vertex 28.3975 2.72102 16.9
    endloop
  endfacet
  facet normal -0.382703 0.923871 0
    outer loop
      vertex 28.3371 2.696 16.9
      vertex 28.3975 2.72102 14.9
      vertex 28.3371 2.696 14.9
    endloop
  endfacet
  facet normal -0.499705 0.866196 0
    outer loop
      vertex 28.7123 2.88101 14.9
      vertex 28.6556 2.8483 16.9
      vertex 28.7123 2.88101 16.9
    endloop
  endfacet
  facet normal -0.499705 0.866196 0
    outer loop
      vertex 28.6556 2.8483 16.9
      vertex 28.7123 2.88101 14.9
      vertex 28.6556 2.8483 14.9
    endloop
  endfacet
  facet normal -0.997864 0.0653311 0
    outer loop
      vertex 30.0146 4.88216 14.9
      vertex 30.0334 5.16931 16.9
      vertex 30.0334 5.16931 14.9
    endloop
  endfacet
  facet normal -0.997864 0.0653311 0
    outer loop
      vertex 30.0334 5.16931 16.9
      vertex 30.0146 4.88216 14.9
      vertex 30.0146 4.88216 16.9
    endloop
  endfacet
  facet normal -0.751913 0.659262 0
    outer loop
      vertex 29.2661 3.31668 14.9
      vertex 29.4558 3.53304 16.9
      vertex 29.4558 3.53304 14.9
    endloop
  endfacet
  facet normal -0.751913 0.659262 0
    outer loop
      vertex 29.4558 3.53304 16.9
      vertex 29.2661 3.31668 14.9
      vertex 29.2661 3.31668 16.9
    endloop
  endfacet
  facet normal -0.896833 -0.44237 0
    outer loop
      vertex 29.8155 6.26505 14.9
      vertex 29.6882 6.52313 16.9
      vertex 29.6882 6.52313 14.9
    endloop
  endfacet
  facet normal -0.896833 -0.44237 0
    outer loop
      vertex 29.6882 6.52313 16.9
      vertex 29.8155 6.26505 14.9
      vertex 29.8155 6.26505 16.9
    endloop
  endfacet
  facet normal -0.751898 -0.659279 0
    outer loop
      vertex 29.4558 6.87096 14.9
      vertex 29.2661 7.08731 16.9
      vertex 29.2661 7.08731 14.9
    endloop
  endfacet
  facet normal -0.751898 -0.659279 0
    outer loop
      vertex 29.2661 7.08731 16.9
      vertex 29.4558 6.87096 14.9
      vertex 29.4558 6.87096 16.9
    endloop
  endfacet
  facet normal -0.499705 -0.866196 0
    outer loop
      vertex 28.6556 7.55569 14.9
      vertex 28.7123 7.52298 16.9
      vertex 28.6556 7.55569 16.9
    endloop
  endfacet
  facet normal -0.499705 -0.866196 -0
    outer loop
      vertex 28.7123 7.52298 16.9
      vertex 28.6556 7.55569 14.9
      vertex 28.7123 7.52298 14.9
    endloop
  endfacet
  facet normal -0.966016 0.258481 0
    outer loop
      vertex 29.933 4.47186 14.9
      vertex 29.9499 4.53502 16.9
      vertex 29.9499 4.53502 14.9
    endloop
  endfacet
  facet normal -0.966016 0.258481 0
    outer loop
      vertex 29.9499 4.53502 16.9
      vertex 29.933 4.47186 14.9
      vertex 29.933 4.47186 16.9
    endloop
  endfacet
  facet normal -0.866109 0.499855 0
    outer loop
      vertex 29.6555 3.8242 14.9
      vertex 29.6882 3.88086 16.9
      vertex 29.6882 3.88086 14.9
    endloop
  endfacet
  facet normal -0.866109 0.499855 0
    outer loop
      vertex 29.6882 3.88086 16.9
      vertex 29.6555 3.8242 14.9
      vertex 29.6555 3.8242 16.9
    endloop
  endfacet
  facet normal -0.83143 0.55563 0
    outer loop
      vertex 29.4956 3.58493 14.9
      vertex 29.6555 3.8242 16.9
      vertex 29.6555 3.8242 14.9
    endloop
  endfacet
  facet normal -0.83143 0.55563 0
    outer loop
      vertex 29.6555 3.8242 16.9
      vertex 29.4956 3.58493 14.9
      vertex 29.4956 3.58493 16.9
    endloop
  endfacet
  facet normal -0.130811 -0.991407 0
    outer loop
      vertex 27.6544 7.8821 14.9
      vertex 27.7192 7.87355 16.9
      vertex 27.6544 7.8821 16.9
    endloop
  endfacet
  facet normal -0.130811 -0.991407 -0
    outer loop
      vertex 27.7192 7.87355 16.9
      vertex 27.6544 7.8821 14.9
      vertex 27.7192 7.87355 14.9
    endloop
  endfacet
  facet normal -0.382703 -0.923871 0
    outer loop
      vertex 28.3371 7.70799 14.9
      vertex 28.3975 7.68297 16.9
      vertex 28.3371 7.70799 16.9
    endloop
  endfacet
  facet normal -0.382703 -0.923871 -0
    outer loop
      vertex 28.3975 7.68297 16.9
      vertex 28.3371 7.70799 14.9
      vertex 28.3975 7.68297 14.9
    endloop
  endfacet
  facet normal -0.980746 -0.195287 0
    outer loop
      vertex 30.0061 5.58672 14.9
      vertex 29.9499 5.86896 16.9
      vertex 29.9499 5.86896 14.9
    endloop
  endfacet
  facet normal -0.980746 -0.195287 0
    outer loop
      vertex 29.9499 5.86896 16.9
      vertex 30.0061 5.58672 14.9
      vertex 30.0061 5.58672 16.9
    endloop
  endfacet
  facet normal -0.924002 0.382388 0
    outer loop
      vertex 29.8155 4.13896 14.9
      vertex 29.8405 4.19937 16.9
      vertex 29.8405 4.19937 14.9
    endloop
  endfacet
  facet normal -0.924002 0.382388 0
    outer loop
      vertex 29.8405 4.19937 16.9
      vertex 29.8155 4.13896 14.9
      vertex 29.8155 4.13896 16.9
    endloop
  endfacet
  facet normal -0.980749 0.195274 0
    outer loop
      vertex 29.9499 4.53502 14.9
      vertex 30.0061 4.81728 16.9
      vertex 30.0061 4.81728 14.9
    endloop
  endfacet
  facet normal -0.980749 0.195274 0
    outer loop
      vertex 30.0061 4.81728 16.9
      vertex 29.9499 4.53502 14.9
      vertex 29.9499 4.53502 16.9
    endloop
  endfacet
  facet normal -0.965996 -0.258558 0
    outer loop
      vertex 29.9499 5.86896 14.9
      vertex 29.933 5.9321 16.9
      vertex 29.933 5.9321 14.9
    endloop
  endfacet
  facet normal -0.965996 -0.258558 0
    outer loop
      vertex 29.933 5.9321 16.9
      vertex 29.9499 5.86896 14.9
      vertex 29.9499 5.86896 16.9
    endloop
  endfacet
  facet normal -0.321435 -0.946931 0
    outer loop
      vertex 28.0646 7.80049 14.9
      vertex 28.3371 7.70799 16.9
      vertex 28.0646 7.80049 16.9
    endloop
  endfacet
  facet normal -0.321435 -0.946931 -0
    outer loop
      vertex 28.3371 7.70799 16.9
      vertex 28.0646 7.80049 14.9
      vertex 28.3371 7.70799 14.9
    endloop
  endfacet
  facet normal -0.991527 0.129901 0
    outer loop
      vertex 30.0061 4.81728 14.9
      vertex 30.0146 4.88216 16.9
      vertex 30.0146 4.88216 14.9
    endloop
  endfacet
  facet normal -0.991527 0.129901 0
    outer loop
      vertex 30.0146 4.88216 16.9
      vertex 30.0061 4.81728 14.9
      vertex 30.0061 4.81728 16.9
    endloop
  endfacet
  facet normal -0.442286 -0.896874 0
    outer loop
      vertex 28.3975 7.68297 14.9
      vertex 28.6556 7.55569 16.9
      vertex 28.3975 7.68297 16.9
    endloop
  endfacet
  facet normal -0.442286 -0.896874 -0
    outer loop
      vertex 28.6556 7.55569 16.9
      vertex 28.3975 7.68297 14.9
      vertex 28.6556 7.55569 14.9
    endloop
  endfacet
  facet normal -0.896846 0.442342 0
    outer loop
      vertex 29.6882 3.88086 14.9
      vertex 29.8155 4.13896 16.9
      vertex 29.8155 4.13896 14.9
    endloop
  endfacet
  facet normal -0.896846 0.442342 0
    outer loop
      vertex 29.8155 4.13896 16.9
      vertex 29.6882 3.88086 14.9
      vertex 29.6882 3.88086 16.9
    endloop
  endfacet
  facet normal -0.321467 0.946921 0
    outer loop
      vertex 28.3371 2.696 14.9
      vertex 28.0646 2.60349 16.9
      vertex 28.3371 2.696 16.9
    endloop
  endfacet
  facet normal -0.321467 0.946921 0
    outer loop
      vertex 28.0646 2.60349 16.9
      vertex 28.3371 2.696 14.9
      vertex 28.0646 2.60349 14.9
    endloop
  endfacet
  facet normal -0.065389 -0.99786 0
    outer loop
      vertex 27.3672 7.90092 14.9
      vertex 27.6544 7.8821 16.9
      vertex 27.3672 7.90092 16.9
    endloop
  endfacet
  facet normal -0.065389 -0.99786 -0
    outer loop
      vertex 27.6544 7.8821 16.9
      vertex 27.3672 7.90092 14.9
      vertex 27.6544 7.8821 14.9
    endloop
  endfacet
  facet normal -0.0327042 -0.999465 0
    outer loop
      vertex 27.3345 7.90199 14.9
      vertex 27.3672 7.90092 16.9
      vertex 27.3345 7.90199 16.9
    endloop
  endfacet
  facet normal -0.0327042 -0.999465 -0
    outer loop
      vertex 27.3672 7.90092 16.9
      vertex 27.3345 7.90199 14.9
      vertex 27.3672 7.90092 14.9
    endloop
  endfacet
  facet normal -0.831451 -0.555598 0
    outer loop
      vertex 29.6555 6.57976 14.9
      vertex 29.4956 6.81905 16.9
      vertex 29.4956 6.81905 14.9
    endloop
  endfacet
  facet normal -0.831451 -0.555598 0
    outer loop
      vertex 29.4956 6.81905 16.9
      vertex 29.6555 6.57976 14.9
      vertex 29.6555 6.57976 16.9
    endloop
  endfacet
  facet normal -0.831443 0.55561 0
    outer loop
      vertex 0.267949 67.782 14.9
      vertex 0.413293 67.9995 16.9
      vertex 0.413293 67.9995 14.9
    endloop
  endfacet
  facet normal -0.831443 0.55561 0
    outer loop
      vertex 0.413293 67.9995 16.9
      vertex 0.267949 67.782 14.9
      vertex 0.267949 67.782 16.9
    endloop
  endfacet
  facet normal 0.831344 0.555758 0
    outer loop
      vertex 36.8221 67.782 16.9
      vertex 36.6767 67.9995 14.9
      vertex 36.6767 67.9995 16.9
    endloop
  endfacet
  facet normal 0.831344 0.555758 0
    outer loop
      vertex 36.6767 67.9995 14.9
      vertex 36.8221 67.782 16.9
      vertex 36.8221 67.782 14.9
    endloop
  endfacet
  facet normal 0.555758 0.831344 -0
    outer loop
      vertex 36.3075 68.3687 14.9
      vertex 36.09 68.5141 16.9
      vertex 36.3075 68.3687 16.9
    endloop
  endfacet
  facet normal 0.555758 0.831344 0
    outer loop
      vertex 36.09 68.5141 16.9
      vertex 36.3075 68.3687 14.9
      vertex 36.09 68.5141 14.9
    endloop
  endfacet
  facet normal -0.659362 0.751826 0
    outer loop
      vertex 0.782476 68.3687 14.9
      vertex 0.585786 68.1962 16.9
      vertex 0.782476 68.3687 16.9
    endloop
  endfacet
  facet normal -0.659362 0.751826 0
    outer loop
      vertex 0.585786 68.1962 16.9
      vertex 0.782476 68.3687 14.9
      vertex 0.585786 68.1962 14.9
    endloop
  endfacet
  facet normal 0.442338 -0.896848 0
    outer loop
      vertex 35.8554 0.152241 13.4
      vertex 36.09 0.267949 16.9
      vertex 35.8554 0.152241 16.9
    endloop
  endfacet
  facet normal 0.442338 -0.896848 0
    outer loop
      vertex 36.09 0.267949 16.9
      vertex 35.8554 0.152241 13.4
      vertex 36.09 0.267949 13.4
    endloop
  endfacet
  facet normal -0.321463 0.946922 0
    outer loop
      vertex 1.48236 68.7139 14.9
      vertex 1.23463 68.6298 16.9
      vertex 1.48236 68.7139 16.9
    endloop
  endfacet
  facet normal -0.321463 0.946922 0
    outer loop
      vertex 1.23463 68.6298 16.9
      vertex 1.48236 68.7139 14.9
      vertex 1.23463 68.6298 14.9
    endloop
  endfacet
  facet normal -0.555716 0.831372 0
    outer loop
      vertex 1 68.5141 14.9
      vertex 0.782476 68.3687 16.9
      vertex 1 68.5141 16.9
    endloop
  endfacet
  facet normal -0.555716 0.831372 0
    outer loop
      vertex 0.782476 68.3687 16.9
      vertex 1 68.5141 14.9
      vertex 0.782476 68.3687 14.9
    endloop
  endfacet
  facet normal 0.195013 0.980801 -0
    outer loop
      vertex 35.6076 68.7139 14.9
      vertex 35.3511 68.7649 16.9
      vertex 35.6076 68.7139 16.9
    endloop
  endfacet
  facet normal 0.195013 0.980801 0
    outer loop
      vertex 35.3511 68.7649 16.9
      vertex 35.6076 68.7139 14.9
      vertex 35.3511 68.7649 14.9
    endloop
  endfacet
  facet normal -0.0653646 0.997861 0
    outer loop
      vertex 2 68.782 14.9
      vertex 1.73895 68.7649 16.9
      vertex 2 68.782 16.9
    endloop
  endfacet
  facet normal -0.0653646 0.997861 0
    outer loop
      vertex 1.73895 68.7649 16.9
      vertex 2 68.782 14.9
      vertex 1.73895 68.7649 14.9
    endloop
  endfacet
  facet normal -0.946957 0.321359 0
    outer loop
      vertex 0.0681477 67.2996 14.9
      vertex 0.152241 67.5474 16.9
      vertex 0.152241 67.5474 14.9
    endloop
  endfacet
  facet normal -0.946957 0.321359 0
    outer loop
      vertex 0.152241 67.5474 16.9
      vertex 0.0681477 67.2996 14.9
      vertex 0.0681477 67.2996 16.9
    endloop
  endfacet
  facet normal 0 1 -0
    outer loop
      vertex 35.09 68.782 14.9
      vertex 2 68.782 16.9
      vertex 35.09 68.782 16.9
    endloop
  endfacet
  facet normal 0 1 0
    outer loop
      vertex 2 68.782 16.9
      vertex 35.09 68.782 14.9
      vertex 2 68.782 14.9
    endloop
  endfacet
  facet normal 0.0653521 0.997862 -0
    outer loop
      vertex 35.3511 68.7649 14.9
      vertex 35.09 68.782 16.9
      vertex 35.3511 68.7649 16.9
    endloop
  endfacet
  facet normal 0.0653521 0.997862 0
    outer loop
      vertex 35.09 68.782 16.9
      vertex 35.3511 68.7649 14.9
      vertex 35.09 68.782 14.9
    endloop
  endfacet
  facet normal 1 -0 0
    outer loop
      vertex 37.09 2 16.9
      vertex 37.09 66.782 14.9
      vertex 37.09 66.782 16.9
    endloop
  endfacet
  facet normal 1 0 0
    outer loop
      vertex 37.09 66.782 14.9
      vertex 37.09 2 16.9
      vertex 37.09 2 14.9
    endloop
  endfacet
  facet normal 0.321382 0.94695 -0
    outer loop
      vertex 35.8554 68.6298 14.9
      vertex 35.6076 68.7139 16.9
      vertex 35.8554 68.6298 16.9
    endloop
  endfacet
  facet normal 0.321382 0.94695 0
    outer loop
      vertex 35.6076 68.7139 16.9
      vertex 35.8554 68.6298 14.9
      vertex 35.6076 68.7139 14.9
    endloop
  endfacet
  facet normal -0.32144 -0.94693 0
    outer loop
      vertex 1.23463 0.152241 13.4
      vertex 1.48236 0.0681477 16.9
      vertex 1.23463 0.152241 16.9
    endloop
  endfacet
  facet normal -0.32144 -0.94693 -0
    outer loop
      vertex 1.48236 0.0681477 16.9
      vertex 1.23463 0.152241 13.4
      vertex 1.48236 0.0681477 13.4
    endloop
  endfacet
  facet normal -1 0 0
    outer loop
      vertex 0 2 14.9
      vertex 0 66.782 16.9
      vertex 0 66.782 14.9
    endloop
  endfacet
  facet normal -1 -0 0
    outer loop
      vertex 0 66.782 16.9
      vertex 0 2 14.9
      vertex 0 2 16.9
    endloop
  endfacet
  facet normal -0.99786 0.0653898 0
    outer loop
      vertex 0 66.782 14.9
      vertex 0.0171099 67.0431 16.9
      vertex 0.0171099 67.0431 14.9
    endloop
  endfacet
  facet normal -0.99786 0.0653898 0
    outer loop
      vertex 0.0171099 67.0431 16.9
      vertex 0 66.782 14.9
      vertex 0 66.782 16.9
    endloop
  endfacet
  facet normal -0.751855 0.659328 0
    outer loop
      vertex 0.413293 67.9995 14.9
      vertex 0.585786 68.1962 16.9
      vertex 0.585786 68.1962 14.9
    endloop
  endfacet
  facet normal -0.751855 0.659328 0
    outer loop
      vertex 0.585786 68.1962 16.9
      vertex 0.413293 67.9995 14.9
      vertex 0.413293 67.9995 16.9
    endloop
  endfacet
  facet normal -0.442268 0.896883 0
    outer loop
      vertex 1.23463 68.6298 14.9
      vertex 1 68.5141 16.9
      vertex 1.23463 68.6298 16.9
    endloop
  endfacet
  facet normal -0.442268 0.896883 0
    outer loop
      vertex 1 68.5141 16.9
      vertex 1.23463 68.6298 14.9
      vertex 1 68.5141 14.9
    endloop
  endfacet
  facet normal 0.896883 -0.442268 0
    outer loop
      vertex 36.8221 1 16.9
      vertex 36.9378 1.23463 13.4
      vertex 36.9378 1.23463 16.9
    endloop
  endfacet
  facet normal 0.896883 -0.442268 0
    outer loop
      vertex 36.9378 1.23463 13.4
      vertex 36.8221 1 16.9
      vertex 36.8221 1 13.4
    endloop
  endfacet
  facet normal 0.980801 0.195013 0
    outer loop
      vertex 37.0729 67.0431 16.9
      vertex 37.0219 67.2996 14.9
      vertex 37.0219 67.2996 16.9
    endloop
  endfacet
  facet normal 0.980801 0.195013 0
    outer loop
      vertex 37.0219 67.2996 14.9
      vertex 37.0729 67.0431 16.9
      vertex 37.0729 67.0431 14.9
    endloop
  endfacet
  facet normal -0.194947 0.980814 0
    outer loop
      vertex 1.73895 68.7649 14.9
      vertex 1.48236 68.7139 16.9
      vertex 1.73895 68.7649 16.9
    endloop
  endfacet
  facet normal -0.194947 0.980814 0
    outer loop
      vertex 1.48236 68.7139 16.9
      vertex 1.73895 68.7649 14.9
      vertex 1.48236 68.7139 14.9
    endloop
  endfacet
  facet normal 0.442314 0.89686 -0
    outer loop
      vertex 36.09 68.5141 14.9
      vertex 35.8554 68.6298 16.9
      vertex 36.09 68.5141 16.9
    endloop
  endfacet
  facet normal 0.442314 0.89686 0
    outer loop
      vertex 35.8554 68.6298 16.9
      vertex 36.09 68.5141 14.9
      vertex 35.8554 68.6298 14.9
    endloop
  endfacet
  facet normal 0.659328 -0.751855 0
    outer loop
      vertex 36.3075 0.413293 13.4
      vertex 36.5042 0.585786 16.9
      vertex 36.3075 0.413293 16.9
    endloop
  endfacet
  facet normal 0.659328 -0.751855 0
    outer loop
      vertex 36.5042 0.585786 16.9
      vertex 36.3075 0.413293 13.4
      vertex 36.5042 0.585786 13.4
    endloop
  endfacet
  facet normal -0.896848 0.442338 0
    outer loop
      vertex 0.152241 67.5474 14.9
      vertex 0.267949 67.782 16.9
      vertex 0.267949 67.782 14.9
    endloop
  endfacet
  facet normal -0.896848 0.442338 0
    outer loop
      vertex 0.267949 67.782 16.9
      vertex 0.152241 67.5474 14.9
      vertex 0.152241 67.5474 16.9
    endloop
  endfacet
  facet normal 0.321359 -0.946957 0
    outer loop
      vertex 35.6076 0.0681477 13.4
      vertex 35.8554 0.152241 16.9
      vertex 35.6076 0.0681477 16.9
    endloop
  endfacet
  facet normal 0.321359 -0.946957 0
    outer loop
      vertex 35.8554 0.152241 16.9
      vertex 35.6076 0.0681477 13.4
      vertex 35.8554 0.152241 13.4
    endloop
  endfacet
  facet normal 0.55561 -0.831443 0
    outer loop
      vertex 36.09 0.267949 13.4
      vertex 36.3075 0.413293 16.9
      vertex 36.09 0.267949 16.9
    endloop
  endfacet
  facet normal 0.55561 -0.831443 0
    outer loop
      vertex 36.3075 0.413293 16.9
      vertex 36.09 0.267949 13.4
      vertex 36.3075 0.413293 13.4
    endloop
  endfacet
  facet normal 0.0653898 -0.99786 -1.70134e-07
    outer loop
      vertex 35.09 0 16.9
      vertex 35.14 0.0032771 13.4
      vertex 35.3511 0.0171099 16.9
    endloop
  endfacet
  facet normal 0.0654017 -0.997859 0
    outer loop
      vertex 35.09 0 10.8
      vertex 35.14 0.0032771 13.4
      vertex 35.09 0 16.9
    endloop
  endfacet
  facet normal 0.0654017 -0.997859 0
    outer loop
      vertex 35.14 0.0032771 13.4
      vertex 35.09 0 10.8
      vertex 35.14 0.0032771 10.8
    endloop
  endfacet
  facet normal 0.065387 -0.99786 0
    outer loop
      vertex 35.3511 0.0171099 16.9
      vertex 35.14 0.0032771 13.4
      vertex 35.3511 0.0171099 13.4
    endloop
  endfacet
  facet normal 0.831372 -0.555716 0
    outer loop
      vertex 36.6767 0.782476 16.9
      vertex 36.8221 1 13.4
      vertex 36.8221 1 16.9
    endloop
  endfacet
  facet normal 0.831372 -0.555716 0
    outer loop
      vertex 36.8221 1 13.4
      vertex 36.6767 0.782476 16.9
      vertex 36.6767 0.782476 13.4
    endloop
  endfacet
  facet normal -0.896871 -0.442293 0
    outer loop
      vertex 0.267949 1 13.4
      vertex 0.152241 1.23463 16.9
      vertex 0.152241 1.23463 13.4
    endloop
  endfacet
  facet normal -0.896871 -0.442293 0
    outer loop
      vertex 0.152241 1.23463 16.9
      vertex 0.267949 1 13.4
      vertex 0.267949 1 16.9
    endloop
  endfacet
  facet normal 0 -1 0
    outer loop
      vertex 2 0 16.9
      vertex 10.545 0 14.9
      vertex 35.09 0 16.9
    endloop
  endfacet
  facet normal 0 -1 0
    outer loop
      vertex 2 0 16.9
      vertex 4.9 0 13.4
      vertex 10.545 0 14.9
    endloop
  endfacet
  facet normal 0 -1 0
    outer loop
      vertex 2 0 10.8
      vertex 4.9 0 13.4
      vertex 2 0 16.9
    endloop
  endfacet
  facet normal 0 -1 -0
    outer loop
      vertex 4.9 0 13.4
      vertex 2 0 10.8
      vertex 4.9 0 10.8
    endloop
  endfacet
  facet normal 0 -1 0
    outer loop
      vertex 26.545 0 14.9
      vertex 35.09 0 16.9
      vertex 10.545 0 14.9
    endloop
  endfacet
  facet normal 0 -1 0
    outer loop
      vertex 32.19 0 13.4
      vertex 26.545 0 14.9
      vertex 26.545 0 13.4
    endloop
  endfacet
  facet normal 0 -1 0
    outer loop
      vertex 26.545 0 14.9
      vertex 32.19 0 13.4
      vertex 35.09 0 16.9
    endloop
  endfacet
  facet normal 0 -1 0
    outer loop
      vertex 35.09 0 10.8
      vertex 32.19 0 13.4
      vertex 32.19 0 10.8
    endloop
  endfacet
  facet normal 0 -1 0
    outer loop
      vertex 32.19 0 13.4
      vertex 35.09 0 10.8
      vertex 35.09 0 16.9
    endloop
  endfacet
  facet normal 0 -1 -0
    outer loop
      vertex 10.545 0 14.9
      vertex 4.9 0 13.4
      vertex 10.545 0 13.4
    endloop
  endfacet
  facet normal -0.751839 -0.659347 0
    outer loop
      vertex 0.585786 0.585786 13.4
      vertex 0.413293 0.782476 16.9
      vertex 0.413293 0.782476 13.4
    endloop
  endfacet
  facet normal -0.751839 -0.659347 0
    outer loop
      vertex 0.413293 0.782476 16.9
      vertex 0.585786 0.585786 13.4
      vertex 0.585786 0.585786 16.9
    endloop
  endfacet
  facet normal -0.980773 0.195152 0
    outer loop
      vertex 0.0171099 67.0431 14.9
      vertex 0.0681477 67.2996 16.9
      vertex 0.0681477 67.2996 14.9
    endloop
  endfacet
  facet normal -0.980773 0.195152 0
    outer loop
      vertex 0.0681477 67.2996 16.9
      vertex 0.0171099 67.0431 14.9
      vertex 0.0171099 67.0431 16.9
    endloop
  endfacet
  facet normal 0.94695 0.321382 0
    outer loop
      vertex 37.0219 67.2996 16.9
      vertex 36.9378 67.5474 14.9
      vertex 36.9378 67.5474 16.9
    endloop
  endfacet
  facet normal 0.94695 0.321382 0
    outer loop
      vertex 36.9378 67.5474 14.9
      vertex 37.0219 67.2996 16.9
      vertex 37.0219 67.2996 14.9
    endloop
  endfacet
  facet normal -0.555568 -0.831471 0
    outer loop
      vertex 0.782476 0.413293 13.4
      vertex 1 0.267949 16.9
      vertex 0.782476 0.413293 16.9
    endloop
  endfacet
  facet normal -0.555568 -0.831471 -0
    outer loop
      vertex 1 0.267949 16.9
      vertex 0.782476 0.413293 13.4
      vertex 1 0.267949 13.4
    endloop
  endfacet
  facet normal 0.751826 -0.659362 0
    outer loop
      vertex 36.5042 0.585786 16.9
      vertex 36.6767 0.782476 13.4
      vertex 36.6767 0.782476 16.9
    endloop
  endfacet
  facet normal 0.751826 -0.659362 0
    outer loop
      vertex 36.6767 0.782476 13.4
      vertex 36.5042 0.585786 16.9
      vertex 36.5042 0.585786 13.4
    endloop
  endfacet
  facet normal 0.946922 -0.321463 0
    outer loop
      vertex 36.9378 1.23463 16.9
      vertex 37.0219 1.48236 13.4
      vertex 37.0219 1.48236 16.9
    endloop
  endfacet
  facet normal 0.946922 -0.321463 0
    outer loop
      vertex 37.0219 1.48236 13.4
      vertex 36.9378 1.23463 16.9
      vertex 36.9378 1.23463 13.4
    endloop
  endfacet
  facet normal 0.195152 -0.980773 0
    outer loop
      vertex 35.3511 0.0171099 13.4
      vertex 35.6076 0.0681477 16.9
      vertex 35.3511 0.0171099 16.9
    endloop
  endfacet
  facet normal 0.195152 -0.980773 0
    outer loop
      vertex 35.6076 0.0681477 16.9
      vertex 35.3511 0.0171099 13.4
      vertex 35.6076 0.0681477 13.4
    endloop
  endfacet
  facet normal 0.751842 0.659343 0
    outer loop
      vertex 36.6767 67.9995 16.9
      vertex 36.5042 68.1962 14.9
      vertex 36.5042 68.1962 16.9
    endloop
  endfacet
  facet normal 0.751842 0.659343 0
    outer loop
      vertex 36.5042 68.1962 14.9
      vertex 36.6767 67.9995 16.9
      vertex 36.6767 67.9995 14.9
    endloop
  endfacet
  facet normal 0.659343 0.751842 -0
    outer loop
      vertex 36.5042 68.1962 14.9
      vertex 36.3075 68.3687 16.9
      vertex 36.5042 68.1962 16.9
    endloop
  endfacet
  facet normal 0.659343 0.751842 0
    outer loop
      vertex 36.3075 68.3687 16.9
      vertex 36.5042 68.1962 14.9
      vertex 36.3075 68.3687 14.9
    endloop
  endfacet
  facet normal -0.659347 -0.751839 0
    outer loop
      vertex 0.585786 0.585786 13.4
      vertex 0.782476 0.413293 16.9
      vertex 0.585786 0.585786 16.9
    endloop
  endfacet
  facet normal -0.659347 -0.751839 -0
    outer loop
      vertex 0.782476 0.413293 16.9
      vertex 0.585786 0.585786 13.4
      vertex 0.782476 0.413293 13.4
    endloop
  endfacet
  facet normal 0.997862 0.0653521 0
    outer loop
      vertex 37.09 66.782 16.9
      vertex 37.0729 67.0431 14.9
      vertex 37.0729 67.0431 16.9
    endloop
  endfacet
  facet normal 0.997862 0.0653521 0
    outer loop
      vertex 37.0729 67.0431 14.9
      vertex 37.09 66.782 16.9
      vertex 37.09 66.782 14.9
    endloop
  endfacet
  facet normal -0.94693 -0.32144 0
    outer loop
      vertex 0.152241 1.23463 13.4
      vertex 0.0681477 1.48236 16.9
      vertex 0.0681477 1.48236 13.4
    endloop
  endfacet
  facet normal -0.94693 -0.32144 0
    outer loop
      vertex 0.0681477 1.48236 16.9
      vertex 0.152241 1.23463 13.4
      vertex 0.152241 1.23463 16.9
    endloop
  endfacet
  facet normal 0.980814 -0.194947 0
    outer loop
      vertex 37.0219 1.48236 16.9
      vertex 37.0729 1.73895 13.4
      vertex 37.0729 1.73895 16.9
    endloop
  endfacet
  facet normal 0.980814 -0.194947 0
    outer loop
      vertex 37.0729 1.73895 13.4
      vertex 37.0219 1.48236 16.9
      vertex 37.0219 1.48236 13.4
    endloop
  endfacet
  facet normal 0.89686 0.442314 0
    outer loop
      vertex 36.9378 67.5474 16.9
      vertex 36.8221 67.782 14.9
      vertex 36.8221 67.782 16.9
    endloop
  endfacet
  facet normal 0.89686 0.442314 0
    outer loop
      vertex 36.8221 67.782 14.9
      vertex 36.9378 67.5474 16.9
      vertex 36.9378 67.5474 14.9
    endloop
  endfacet
  facet normal -0.980786 -0.195086 0
    outer loop
      vertex 0.0681477 1.48236 13.4
      vertex 0.0171099 1.73895 16.9
      vertex 0.0171099 1.73895 13.4
    endloop
  endfacet
  facet normal -0.980786 -0.195086 0
    outer loop
      vertex 0.0171099 1.73895 16.9
      vertex 0.0681477 1.48236 13.4
      vertex 0.0681477 1.48236 16.9
    endloop
  endfacet
  facet normal -0.442293 -0.896871 0
    outer loop
      vertex 1 0.267949 13.4
      vertex 1.23463 0.152241 16.9
      vertex 1 0.267949 16.9
    endloop
  endfacet
  facet normal -0.442293 -0.896871 -0
    outer loop
      vertex 1.23463 0.152241 16.9
      vertex 1 0.267949 13.4
      vertex 1.23463 0.152241 13.4
    endloop
  endfacet
  facet normal 0 0 1
    outer loop
      vertex 16.5 7.40199 16.9
      vertex 17.5 7.402 16.9
      vertex 16.5 7.402 16.9
    endloop
  endfacet
  facet normal 0 0 1
    outer loop
      vertex 17.5 7.402 16.9
      vertex 16.5 7.40199 16.9
      vertex 17.5 3.002 16.9
    endloop
  endfacet
  facet normal 0 0 1
    outer loop
      vertex 9.75549 3.002 16.9
      vertex 16.5 7.40199 16.9
      vertex 9.75549 7.40199 16.9
    endloop
  endfacet
  facet normal 0 0 1
    outer loop
      vertex 16.5 7.40199 16.9
      vertex 9.75549 3.002 16.9
      vertex 17.5 3.002 16.9
    endloop
  endfacet
  facet normal -0 0 1
    outer loop
      vertex 9.46834 7.38316 16.9
      vertex 9.75549 3.002 16.9
      vertex 9.75549 7.40199 16.9
    endloop
  endfacet
  facet normal 0 0 1
    outer loop
      vertex 9.46834 7.38316 16.9
      vertex 9.46834 3.02081 16.9
      vertex 9.75549 3.002 16.9
    endloop
  endfacet
  facet normal -0 0 1
    outer loop
      vertex 9.1861 7.32703 16.9
      vertex 9.46834 3.02081 16.9
      vertex 9.46834 7.38316 16.9
    endloop
  endfacet
  facet normal 0 0 1
    outer loop
      vertex 9.1861 7.32703 16.9
      vertex 9.1861 3.07695 16.9
      vertex 9.46834 3.02081 16.9
    endloop
  endfacet
  facet normal -0 0 1
    outer loop
      vertex 8.91359 7.23453 16.9
      vertex 9.1861 3.07695 16.9
      vertex 9.1861 7.32703 16.9
    endloop
  endfacet
  facet normal 0 0 1
    outer loop
      vertex 8.91359 7.23453 16.9
      vertex 8.91359 3.16946 16.9
      vertex 9.1861 3.07695 16.9
    endloop
  endfacet
  facet normal -0 0 1
    outer loop
      vertex 8.65549 7.10725 16.9
      vertex 8.91359 3.16946 16.9
      vertex 8.91359 7.23453 16.9
    endloop
  endfacet
  facet normal 0 0 1
    outer loop
      vertex 8.65549 7.10725 16.9
      vertex 8.65549 3.29674 16.9
      vertex 8.91359 3.16946 16.9
    endloop
  endfacet
  facet normal -0 0 1
    outer loop
      vertex 8.41621 6.94737 16.9
      vertex 8.65549 3.29674 16.9
      vertex 8.65549 7.10725 16.9
    endloop
  endfacet
  facet normal 0 0 1
    outer loop
      vertex 8.41621 6.94737 16.9
      vertex 8.41621 3.45662 16.9
      vertex 8.65549 3.29674 16.9
    endloop
  endfacet
  facet normal -0 0 1
    outer loop
      vertex 8.19986 6.75763 16.9
      vertex 8.41621 3.45662 16.9
      vertex 8.41621 6.94737 16.9
    endloop
  endfacet
  facet normal 0 0 1
    outer loop
      vertex 8.19986 6.75763 16.9
      vertex 8.19986 3.64636 16.9
      vertex 8.41621 3.45662 16.9
    endloop
  endfacet
  facet normal -0 0 1
    outer loop
      vertex 8.01012 6.54128 16.9
      vertex 8.19986 3.64636 16.9
      vertex 8.19986 6.75763 16.9
    endloop
  endfacet
  facet normal 0 0 1
    outer loop
      vertex 8.01012 6.54128 16.9
      vertex 8.01012 3.86272 16.9
      vertex 8.19986 3.64636 16.9
    endloop
  endfacet
  facet normal -0 0 1
    outer loop
      vertex 7.85023 6.30199 16.9
      vertex 8.01012 3.86272 16.9
      vertex 8.01012 6.54128 16.9
    endloop
  endfacet
  facet normal 0 0 1
    outer loop
      vertex 7.85023 6.30199 16.9
      vertex 7.85023 4.10199 16.9
      vertex 8.01012 3.86272 16.9
    endloop
  endfacet
  facet normal -0 0 1
    outer loop
      vertex 7.72296 6.0439 16.9
      vertex 7.85023 4.10199 16.9
      vertex 7.85023 6.30199 16.9
    endloop
  endfacet
  facet normal 0 0 1
    outer loop
      vertex 7.72296 6.0439 16.9
      vertex 7.72296 4.36009 16.9
      vertex 7.85023 4.10199 16.9
    endloop
  endfacet
  facet normal -0 0 1
    outer loop
      vertex 7.63046 5.77139 16.9
      vertex 7.72296 4.36009 16.9
      vertex 7.72296 6.0439 16.9
    endloop
  endfacet
  facet normal 0 0 1
    outer loop
      vertex 7.63046 5.77139 16.9
      vertex 7.63046 4.63258 16.9
      vertex 7.72296 4.36009 16.9
    endloop
  endfacet
  facet normal -0 0 1
    outer loop
      vertex 7.57431 5.48915 16.9
      vertex 7.63046 4.63258 16.9
      vertex 7.63046 5.77139 16.9
    endloop
  endfacet
  facet normal 0 0 1
    outer loop
      vertex 7.57431 5.48915 16.9
      vertex 7.57431 4.91484 16.9
      vertex 7.63046 4.63258 16.9
    endloop
  endfacet
  facet normal 0 -0 1
    outer loop
      vertex 7.57431 4.91484 16.9
      vertex 7.57431 5.48915 16.9
      vertex 7.5555 5.202 16.9
    endloop
  endfacet
  facet normal 0 0 1
    outer loop
      vertex 35.09 68.782 16.9
      vertex 37.09 66.782 16.9
      vertex 37.0729 67.0431 16.9
    endloop
  endfacet
  facet normal 0 0 1
    outer loop
      vertex 37.09 66.782 16.9
      vertex 29.7132 12.7318 16.9
      vertex 37.09 2 16.9
    endloop
  endfacet
  facet normal 0 0 1
    outer loop
      vertex 35.09 68.782 16.9
      vertex 37.0729 67.0431 16.9
      vertex 37.0219 67.2996 16.9
    endloop
  endfacet
  facet normal -0 -0 1
    outer loop
      vertex 29.8155 6.26505 16.9
      vertex 37.09 2 16.9
      vertex 29.7132 12.7318 16.9
    endloop
  endfacet
  facet normal 0 0 1
    outer loop
      vertex 35.09 68.782 16.9
      vertex 37.0219 67.2996 16.9
      vertex 36.9378 67.5474 16.9
    endloop
  endfacet
  facet normal -0 -0 1
    outer loop
      vertex 29.8405 6.20461 16.9
      vertex 37.09 2 16.9
      vertex 29.8155 6.26505 16.9
    endloop
  endfacet
  facet normal 0 0 1
    outer loop
      vertex 35.09 68.782 16.9
      vertex 36.9378 67.5474 16.9
      vertex 36.8221 67.782 16.9
    endloop
  endfacet
  facet normal -0 -0 1
    outer loop
      vertex 29.933 5.9321 16.9
      vertex 37.09 2 16.9
      vertex 29.8405 6.20461 16.9
    endloop
  endfacet
  facet normal 0 0 1
    outer loop
      vertex 35.09 68.782 16.9
      vertex 36.8221 67.782 16.9
      vertex 36.6767 67.9995 16.9
    endloop
  endfacet
  facet normal -0 -0 1
    outer loop
      vertex 29.9499 5.86896 16.9
      vertex 37.09 2 16.9
      vertex 29.933 5.9321 16.9
    endloop
  endfacet
  facet normal 0 0 1
    outer loop
      vertex 35.09 68.782 16.9
      vertex 36.6767 67.9995 16.9
      vertex 36.5042 68.1962 16.9
    endloop
  endfacet
  facet normal -0 -0 1
    outer loop
      vertex 30.0146 5.52184 16.9
      vertex 37.09 2 16.9
      vertex 30.0061 5.58672 16.9
    endloop
  endfacet
  facet normal 0 0 1
    outer loop
      vertex 35.09 68.782 16.9
      vertex 36.5042 68.1962 16.9
      vertex 36.3075 68.3687 16.9
    endloop
  endfacet
  facet normal -0 -0 1
    outer loop
      vertex 30.0334 5.23468 16.9
      vertex 37.09 2 16.9
      vertex 30.0146 5.52184 16.9
    endloop
  endfacet
  facet normal 0 0 1
    outer loop
      vertex 35.09 68.782 16.9
      vertex 36.3075 68.3687 16.9
      vertex 36.09 68.5141 16.9
    endloop
  endfacet
  facet normal -0 0 1
    outer loop
      vertex 30.0334 5.16931 16.9
      vertex 37.09 2 16.9
      vertex 30.0334 5.23468 16.9
    endloop
  endfacet
  facet normal 0 0 1
    outer loop
      vertex 35.09 68.782 16.9
      vertex 36.09 68.5141 16.9
      vertex 35.8554 68.6298 16.9
    endloop
  endfacet
  facet normal -0 0 1
    outer loop
      vertex 30.0146 4.88216 16.9
      vertex 37.09 2 16.9
      vertex 30.0334 5.16931 16.9
    endloop
  endfacet
  facet normal 0 0 1
    outer loop
      vertex 35.09 68.782 16.9
      vertex 35.8554 68.6298 16.9
      vertex 35.6076 68.7139 16.9
    endloop
  endfacet
  facet normal -0 0 1
    outer loop
      vertex 30.0061 4.81728 16.9
      vertex 37.09 2 16.9
      vertex 30.0146 4.88216 16.9
    endloop
  endfacet
  facet normal 0 0 1
    outer loop
      vertex 35.09 68.782 16.9
      vertex 35.6076 68.7139 16.9
      vertex 35.3511 68.7649 16.9
    endloop
  endfacet
  facet normal -0 0 1
    outer loop
      vertex 29.9499 4.53502 16.9
      vertex 37.09 2 16.9
      vertex 30.0061 4.81728 16.9
    endloop
  endfacet
  facet normal 0 0 1
    outer loop
      vertex 37.09 66.782 16.9
      vertex 35.09 68.782 16.9
      vertex 29.7132 60.0682 16.9
    endloop
  endfacet
  facet normal 0 -0 1
    outer loop
      vertex 35.09 0 16.9
      vertex 37.09 2 16.9
      vertex 29.9499 4.53502 16.9
    endloop
  endfacet
  facet normal 0 0 1
    outer loop
      vertex 37.09 2 16.9
      vertex 35.09 0 16.9
      vertex 37.0729 1.73895 16.9
    endloop
  endfacet
  facet normal 0 0 1
    outer loop
      vertex 35.8554 0.152241 16.9
      vertex 35.09 0 16.9
      vertex 35.6076 0.0681477 16.9
    endloop
  endfacet
  facet normal 0 0 1
    outer loop
      vertex 36.9378 1.23463 16.9
      vertex 35.09 0 16.9
      vertex 36.8221 1 16.9
    endloop
  endfacet
  facet normal 0 0 1
    outer loop
      vertex 36.3075 0.413293 16.9
      vertex 35.09 0 16.9
      vertex 36.09 0.267949 16.9
    endloop
  endfacet
  facet normal 0 0 1
    outer loop
      vertex 36.5042 0.585786 16.9
      vertex 35.09 0 16.9
      vertex 36.3075 0.413293 16.9
    endloop
  endfacet
  facet normal 0 0 1
    outer loop
      vertex 36.8221 1 16.9
      vertex 35.09 0 16.9
      vertex 36.6767 0.782476 16.9
    endloop
  endfacet
  facet normal 0 0 1
    outer loop
      vertex 37.0729 1.73895 16.9
      vertex 35.09 0 16.9
      vertex 37.0219 1.48236 16.9
    endloop
  endfacet
  facet normal 0 0 1
    outer loop
      vertex 37.09 66.782 16.9
      vertex 29.7132 60.0682 16.9
      vertex 29.7132 12.7318 16.9
    endloop
  endfacet
  facet normal 0 0 1
    outer loop
      vertex 35.09 68.782 16.9
      vertex 7.37682 60.0682 16.9
      vertex 29.7132 60.0682 16.9
    endloop
  endfacet
  facet normal 0 0 1
    outer loop
      vertex 0 66.782 16.9
      vertex 7.37682 12.7318 16.9
      vertex 7.37682 60.0682 16.9
    endloop
  endfacet
  facet normal 0 0 1
    outer loop
      vertex 7.37682 12.7318 16.9
      vertex 0 2 16.9
      vertex 7.27452 6.26505 16.9
    endloop
  endfacet
  facet normal 0 0 1
    outer loop
      vertex 7.27452 6.26505 16.9
      vertex 0 2 16.9
      vertex 7.2495 6.20461 16.9
    endloop
  endfacet
  facet normal 0 0 1
    outer loop
      vertex 7.2495 6.20461 16.9
      vertex 0 2 16.9
      vertex 7.157 5.9321 16.9
    endloop
  endfacet
  facet normal 0 0 1
    outer loop
      vertex 7.157 5.9321 16.9
      vertex 0 2 16.9
      vertex 7.14008 5.86896 16.9
    endloop
  endfacet
  facet normal 0 0 1
    outer loop
      vertex 7.14008 5.86896 16.9
      vertex 0 2 16.9
      vertex 7.08392 5.58672 16.9
    endloop
  endfacet
  facet normal 0 0 1
    outer loop
      vertex 7.08392 5.58672 16.9
      vertex 0 2 16.9
      vertex 7.07538 5.52184 16.9
    endloop
  endfacet
  facet normal 0 0 1
    outer loop
      vertex 7.37682 12.7318 16.9
      vertex 0 66.782 16.9
      vertex 0 2 16.9
    endloop
  endfacet
  facet normal -0 0 1
    outer loop
      vertex 0 66.782 16.9
      vertex 7.37682 60.0682 16.9
      vertex 2 68.782 16.9
    endloop
  endfacet
  facet normal -0 0 1
    outer loop
      vertex 2 68.782 16.9
      vertex 7.37682 60.0682 16.9
      vertex 35.09 68.782 16.9
    endloop
  endfacet
  facet normal 0 0 1
    outer loop
      vertex 35.6076 0.0681477 16.9
      vertex 35.09 0 16.9
      vertex 35.3511 0.0171099 16.9
    endloop
  endfacet
  facet normal 0 0 1
    outer loop
      vertex 36.09 0.267949 16.9
      vertex 35.09 0 16.9
      vertex 35.8554 0.152241 16.9
    endloop
  endfacet
  facet normal 0 0 1
    outer loop
      vertex 36.6767 0.782476 16.9
      vertex 35.09 0 16.9
      vertex 36.5042 0.585786 16.9
    endloop
  endfacet
  facet normal 0 0 1
    outer loop
      vertex 37.0219 1.48236 16.9
      vertex 35.09 0 16.9
      vertex 36.9378 1.23463 16.9
    endloop
  endfacet
  facet normal -0 0 1
    outer loop
      vertex 29.933 4.47186 16.9
      vertex 35.09 0 16.9
      vertex 29.9499 4.53502 16.9
    endloop
  endfacet
  facet normal -0 0 1
    outer loop
      vertex 29.8405 4.19937 16.9
      vertex 35.09 0 16.9
      vertex 29.933 4.47186 16.9
    endloop
  endfacet
  facet normal -0 0 1
    outer loop
      vertex 29.8155 4.13896 16.9
      vertex 35.09 0 16.9
      vertex 29.8405 4.19937 16.9
    endloop
  endfacet
  facet normal -0 0 1
    outer loop
      vertex 29.6882 3.88086 16.9
      vertex 35.09 0 16.9
      vertex 29.8155 4.13896 16.9
    endloop
  endfacet
  facet normal -0 0 1
    outer loop
      vertex 29.6555 3.8242 16.9
      vertex 35.09 0 16.9
      vertex 29.6882 3.88086 16.9
    endloop
  endfacet
  facet normal -0 0 1
    outer loop
      vertex 29.4956 3.58493 16.9
      vertex 35.09 0 16.9
      vertex 29.6555 3.8242 16.9
    endloop
  endfacet
  facet normal -0 0 1
    outer loop
      vertex 29.4558 3.53304 16.9
      vertex 35.09 0 16.9
      vertex 29.4956 3.58493 16.9
    endloop
  endfacet
  facet normal -0 0 1
    outer loop
      vertex 29.2661 3.31668 16.9
      vertex 35.09 0 16.9
      vertex 29.4558 3.53304 16.9
    endloop
  endfacet
  facet normal -0 0 1
    outer loop
      vertex 29.2198 3.27045 16.9
      vertex 35.09 0 16.9
      vertex 29.2661 3.31668 16.9
    endloop
  endfacet
  facet normal -0 0 1
    outer loop
      vertex 29.0035 3.0807 16.9
      vertex 35.09 0 16.9
      vertex 29.2198 3.27045 16.9
    endloop
  endfacet
  facet normal -0 0 1
    outer loop
      vertex 28.9516 3.04089 16.9
      vertex 35.09 0 16.9
      vertex 29.0035 3.0807 16.9
    endloop
  endfacet
  facet normal -0 0 1
    outer loop
      vertex 28.7123 2.88101 16.9
      vertex 35.09 0 16.9
      vertex 28.9516 3.04089 16.9
    endloop
  endfacet
  facet normal -0 0 1
    outer loop
      vertex 28.6556 2.8483 16.9
      vertex 35.09 0 16.9
      vertex 28.7123 2.88101 16.9
    endloop
  endfacet
  facet normal -0 0 1
    outer loop
      vertex 28.3975 2.72102 16.9
      vertex 35.09 0 16.9
      vertex 28.6556 2.8483 16.9
    endloop
  endfacet
  facet normal -0 0 1
    outer loop
      vertex 28.3371 2.696 16.9
      vertex 35.09 0 16.9
      vertex 28.3975 2.72102 16.9
    endloop
  endfacet
  facet normal -0 0 1
    outer loop
      vertex 28.0646 2.60349 16.9
      vertex 35.09 0 16.9
      vertex 28.3371 2.696 16.9
    endloop
  endfacet
  facet normal -0 0 1
    outer loop
      vertex 28.0014 2.58656 16.9
      vertex 35.09 0 16.9
      vertex 28.0646 2.60349 16.9
    endloop
  endfacet
  facet normal -0 0 1
    outer loop
      vertex 27.7192 2.53043 16.9
      vertex 35.09 0 16.9
      vertex 28.0014 2.58656 16.9
    endloop
  endfacet
  facet normal -0 0 1
    outer loop
      vertex 27.6543 2.52188 16.9
      vertex 35.09 0 16.9
      vertex 27.7192 2.53043 16.9
    endloop
  endfacet
  facet normal -0 0 1
    outer loop
      vertex 27.3672 2.50307 16.9
      vertex 35.09 0 16.9
      vertex 27.6543 2.52188 16.9
    endloop
  endfacet
  facet normal -0 0 1
    outer loop
      vertex 27.3345 2.502 16.9
      vertex 35.09 0 16.9
      vertex 27.3672 2.50307 16.9
    endloop
  endfacet
  facet normal -0 0 1
    outer loop
      vertex 19.59 2.502 16.9
      vertex 35.09 0 16.9
      vertex 27.3345 2.502 16.9
    endloop
  endfacet
  facet normal 0 0 1
    outer loop
      vertex 17.5 3.002 16.9
      vertex 19.59 3.002 16.9
      vertex 17.5 7.402 16.9
    endloop
  endfacet
  facet normal 0 0 1
    outer loop
      vertex 19.59 3.002 16.9
      vertex 17.5 3.002 16.9
      vertex 19.59 2.502 16.9
    endloop
  endfacet
  facet normal 0 0 1
    outer loop
      vertex 17.5 2.502 16.9
      vertex 19.59 2.502 16.9
      vertex 17.5 3.002 16.9
    endloop
  endfacet
  facet normal -0 0 1
    outer loop
      vertex 17.5 2.502 16.9
      vertex 35.09 0 16.9
      vertex 19.59 2.502 16.9
    endloop
  endfacet
  facet normal 0 0 1
    outer loop
      vertex 2 0 16.9
      vertex 17.5 2.502 16.9
      vertex 9.75549 2.502 16.9
    endloop
  endfacet
  facet normal 0 0 1
    outer loop
      vertex 2 0 16.9
      vertex 9.75549 2.502 16.9
      vertex 9.72281 2.50307 16.9
    endloop
  endfacet
  facet normal 0 0 1
    outer loop
      vertex 2 0 16.9
      vertex 9.72281 2.50307 16.9
      vertex 9.43565 2.52188 16.9
    endloop
  endfacet
  facet normal 0 0 1
    outer loop
      vertex 7.07538 5.52184 16.9
      vertex 0 2 16.9
      vertex 7.05656 5.23468 16.9
    endloop
  endfacet
  facet normal 0 0 1
    outer loop
      vertex 17.5 2.502 16.9
      vertex 2 0 16.9
      vertex 35.09 0 16.9
    endloop
  endfacet
  facet normal 0 0 1
    outer loop
      vertex 9.3708 2.53043 16.9
      vertex 2 0 16.9
      vertex 9.43565 2.52188 16.9
    endloop
  endfacet
  facet normal 0 0 1
    outer loop
      vertex 9.08856 2.58656 16.9
      vertex 2 0 16.9
      vertex 9.3708 2.53043 16.9
    endloop
  endfacet
  facet normal 0 0 1
    outer loop
      vertex 9.02536 2.60349 16.9
      vertex 2 0 16.9
      vertex 9.08856 2.58656 16.9
    endloop
  endfacet
  facet normal 0 0 1
    outer loop
      vertex 8.75285 2.696 16.9
      vertex 2 0 16.9
      vertex 9.02536 2.60349 16.9
    endloop
  endfacet
  facet normal 0 0 1
    outer loop
      vertex 8.69246 2.72102 16.9
      vertex 2 0 16.9
      vertex 8.75285 2.696 16.9
    endloop
  endfacet
  facet normal 0 0 1
    outer loop
      vertex 8.43436 2.8483 16.9
      vertex 2 0 16.9
      vertex 8.69246 2.72102 16.9
    endloop
  endfacet
  facet normal 0 0 1
    outer loop
      vertex 8.3777 2.88101 16.9
      vertex 2 0 16.9
      vertex 8.43436 2.8483 16.9
    endloop
  endfacet
  facet normal 0 0 1
    outer loop
      vertex 8.13843 3.04089 16.9
      vertex 2 0 16.9
      vertex 8.3777 2.88101 16.9
    endloop
  endfacet
  facet normal 0 0 1
    outer loop
      vertex 8.08653 3.0807 16.9
      vertex 2 0 16.9
      vertex 8.13843 3.04089 16.9
    endloop
  endfacet
  facet normal 0 0 1
    outer loop
      vertex 7.87018 3.27045 16.9
      vertex 2 0 16.9
      vertex 8.08653 3.0807 16.9
    endloop
  endfacet
  facet normal 0 0 1
    outer loop
      vertex 7.82394 3.31668 16.9
      vertex 2 0 16.9
      vertex 7.87018 3.27045 16.9
    endloop
  endfacet
  facet normal 0 0 1
    outer loop
      vertex 7.6342 3.53304 16.9
      vertex 2 0 16.9
      vertex 7.82394 3.31668 16.9
    endloop
  endfacet
  facet normal 0 0 1
    outer loop
      vertex 7.59439 3.58493 16.9
      vertex 2 0 16.9
      vertex 7.6342 3.53304 16.9
    endloop
  endfacet
  facet normal 0 0 1
    outer loop
      vertex 7.43451 3.8242 16.9
      vertex 2 0 16.9
      vertex 7.59439 3.58493 16.9
    endloop
  endfacet
  facet normal 0 0 1
    outer loop
      vertex 7.40179 3.88086 16.9
      vertex 2 0 16.9
      vertex 7.43451 3.8242 16.9
    endloop
  endfacet
  facet normal 0 0 1
    outer loop
      vertex 7.27452 4.13896 16.9
      vertex 2 0 16.9
      vertex 7.40179 3.88086 16.9
    endloop
  endfacet
  facet normal 0 0 1
    outer loop
      vertex 7.2495 4.19937 16.9
      vertex 2 0 16.9
      vertex 7.27452 4.13896 16.9
    endloop
  endfacet
  facet normal 0 0 1
    outer loop
      vertex 7.157 4.47186 16.9
      vertex 2 0 16.9
      vertex 7.2495 4.19937 16.9
    endloop
  endfacet
  facet normal 0 0 1
    outer loop
      vertex 7.14008 4.53502 16.9
      vertex 2 0 16.9
      vertex 7.157 4.47186 16.9
    endloop
  endfacet
  facet normal 0 0 1
    outer loop
      vertex 0 2 16.9
      vertex 7.14008 4.53502 16.9
      vertex 7.08392 4.81728 16.9
    endloop
  endfacet
  facet normal 0 0 1
    outer loop
      vertex 0 2 16.9
      vertex 7.08392 4.81728 16.9
      vertex 7.07538 4.88216 16.9
    endloop
  endfacet
  facet normal 0 0 1
    outer loop
      vertex 7.05656 5.23468 16.9
      vertex 0 2 16.9
      vertex 7.05656 5.16931 16.9
    endloop
  endfacet
  facet normal 0 0 1
    outer loop
      vertex 0 66.782 16.9
      vertex 2 68.782 16.9
      vertex 1.73895 68.7649 16.9
    endloop
  endfacet
  facet normal 0 0 1
    outer loop
      vertex 7.05656 5.16931 16.9
      vertex 0 2 16.9
      vertex 7.07538 4.88216 16.9
    endloop
  endfacet
  facet normal 0 0 1
    outer loop
      vertex 0 66.782 16.9
      vertex 1.73895 68.7649 16.9
      vertex 1.48236 68.7139 16.9
    endloop
  endfacet
  facet normal 0 0 1
    outer loop
      vertex 7.14008 4.53502 16.9
      vertex 0 2 16.9
      vertex 2 0 16.9
    endloop
  endfacet
  facet normal 0 0 1
    outer loop
      vertex 0 66.782 16.9
      vertex 1.48236 68.7139 16.9
      vertex 1.23463 68.6298 16.9
    endloop
  endfacet
  facet normal 0 0 1
    outer loop
      vertex 2 0 16.9
      vertex 0 2 16.9
      vertex 1.73895 0.0171099 16.9
    endloop
  endfacet
  facet normal 0 0 1
    outer loop
      vertex 0 66.782 16.9
      vertex 1.23463 68.6298 16.9
      vertex 1 68.5141 16.9
    endloop
  endfacet
  facet normal 0 0 1
    outer loop
      vertex 1.73895 0.0171099 16.9
      vertex 0 2 16.9
      vertex 1.48236 0.0681477 16.9
    endloop
  endfacet
  facet normal 0 0 1
    outer loop
      vertex 0 66.782 16.9
      vertex 1 68.5141 16.9
      vertex 0.782476 68.3687 16.9
    endloop
  endfacet
  facet normal 0 0 1
    outer loop
      vertex 1.48236 0.0681477 16.9
      vertex 0 2 16.9
      vertex 1.23463 0.152241 16.9
    endloop
  endfacet
  facet normal 0 0 1
    outer loop
      vertex 0 66.782 16.9
      vertex 0.782476 68.3687 16.9
      vertex 0.585786 68.1962 16.9
    endloop
  endfacet
  facet normal 0 0 1
    outer loop
      vertex 1.23463 0.152241 16.9
      vertex 0 2 16.9
      vertex 1 0.267949 16.9
    endloop
  endfacet
  facet normal 0 0 1
    outer loop
      vertex 0 66.782 16.9
      vertex 0.585786 68.1962 16.9
      vertex 0.413293 67.9995 16.9
    endloop
  endfacet
  facet normal 0 0 1
    outer loop
      vertex 1 0.267949 16.9
      vertex 0 2 16.9
      vertex 0.782476 0.413293 16.9
    endloop
  endfacet
  facet normal 0 0 1
    outer loop
      vertex 0 66.782 16.9
      vertex 0.413293 67.9995 16.9
      vertex 0.267949 67.782 16.9
    endloop
  endfacet
  facet normal 0 0 1
    outer loop
      vertex 0.782476 0.413293 16.9
      vertex 0 2 16.9
      vertex 0.585786 0.585786 16.9
    endloop
  endfacet
  facet normal 0 0 1
    outer loop
      vertex 0 66.782 16.9
      vertex 0.267949 67.782 16.9
      vertex 0.152241 67.5474 16.9
    endloop
  endfacet
  facet normal 0 0 1
    outer loop
      vertex 0.585786 0.585786 16.9
      vertex 0 2 16.9
      vertex 0.413293 0.782476 16.9
    endloop
  endfacet
  facet normal 0 0 1
    outer loop
      vertex 0 66.782 16.9
      vertex 0.152241 67.5474 16.9
      vertex 0.0681477 67.2996 16.9
    endloop
  endfacet
  facet normal 0 0 1
    outer loop
      vertex 0.413293 0.782476 16.9
      vertex 0 2 16.9
      vertex 0.267949 1 16.9
    endloop
  endfacet
  facet normal 0 0 1
    outer loop
      vertex 0 66.782 16.9
      vertex 0.0681477 67.2996 16.9
      vertex 0.0171099 67.0431 16.9
    endloop
  endfacet
  facet normal 0 0 1
    outer loop
      vertex 0.267949 1 16.9
      vertex 0 2 16.9
      vertex 0.152241 1.23463 16.9
    endloop
  endfacet
  facet normal 0 0 1
    outer loop
      vertex 0.152241 1.23463 16.9
      vertex 0 2 16.9
      vertex 0.0681477 1.48236 16.9
    endloop
  endfacet
  facet normal 0 0 1
    outer loop
      vertex 0.0681477 1.48236 16.9
      vertex 0 2 16.9
      vertex 0.0171099 1.73895 16.9
    endloop
  endfacet
  facet normal -0 -0 1
    outer loop
      vertex 30.0061 5.58672 16.9
      vertex 37.09 2 16.9
      vertex 29.9499 5.86896 16.9
    endloop
  endfacet
  facet normal 0 0 1
    outer loop
      vertex 29.7132 12.7318 16.9
      vertex 29.6882 6.52313 16.9
      vertex 29.8155 6.26505 16.9
    endloop
  endfacet
  facet normal 0 0 1
    outer loop
      vertex 29.7132 12.7318 16.9
      vertex 29.6555 6.57976 16.9
      vertex 29.6882 6.52313 16.9
    endloop
  endfacet
  facet normal 0 0 1
    outer loop
      vertex 29.7132 12.7318 16.9
      vertex 29.4956 6.81905 16.9
      vertex 29.6555 6.57976 16.9
    endloop
  endfacet
  facet normal 0 0 1
    outer loop
      vertex 29.7132 12.7318 16.9
      vertex 29.4558 6.87096 16.9
      vertex 29.4956 6.81905 16.9
    endloop
  endfacet
  facet normal 0 0 1
    outer loop
      vertex 29.7132 12.7318 16.9
      vertex 29.2661 7.08731 16.9
      vertex 29.4558 6.87096 16.9
    endloop
  endfacet
  facet normal 0 0 1
    outer loop
      vertex 29.7132 12.7318 16.9
      vertex 29.2198 7.13354 16.9
      vertex 29.2661 7.08731 16.9
    endloop
  endfacet
  facet normal 0 0 1
    outer loop
      vertex 29.7132 12.7318 16.9
      vertex 29.0035 7.32329 16.9
      vertex 29.2198 7.13354 16.9
    endloop
  endfacet
  facet normal 0 0 1
    outer loop
      vertex 29.7132 12.7318 16.9
      vertex 28.9516 7.3631 16.9
      vertex 29.0035 7.32329 16.9
    endloop
  endfacet
  facet normal 0 0 1
    outer loop
      vertex 29.7132 12.7318 16.9
      vertex 28.7123 7.52298 16.9
      vertex 28.9516 7.3631 16.9
    endloop
  endfacet
  facet normal 0 0 1
    outer loop
      vertex 29.7132 12.7318 16.9
      vertex 28.6556 7.55569 16.9
      vertex 28.7123 7.52298 16.9
    endloop
  endfacet
  facet normal 0 0 1
    outer loop
      vertex 29.7132 12.7318 16.9
      vertex 28.3975 7.68297 16.9
      vertex 28.6556 7.55569 16.9
    endloop
  endfacet
  facet normal 0 0 1
    outer loop
      vertex 29.7132 12.7318 16.9
      vertex 28.3371 7.70799 16.9
      vertex 28.3975 7.68297 16.9
    endloop
  endfacet
  facet normal 0 0 1
    outer loop
      vertex 29.7132 12.7318 16.9
      vertex 28.0646 7.80049 16.9
      vertex 28.3371 7.70799 16.9
    endloop
  endfacet
  facet normal 0 0 1
    outer loop
      vertex 29.7132 12.7318 16.9
      vertex 28.0014 7.81741 16.9
      vertex 28.0646 7.80049 16.9
    endloop
  endfacet
  facet normal 0 0 1
    outer loop
      vertex 29.7132 12.7318 16.9
      vertex 27.7192 7.87355 16.9
      vertex 28.0014 7.81741 16.9
    endloop
  endfacet
  facet normal 0 0 1
    outer loop
      vertex 29.7132 12.7318 16.9
      vertex 27.6544 7.8821 16.9
      vertex 27.7192 7.87355 16.9
    endloop
  endfacet
  facet normal 0 0 1
    outer loop
      vertex 29.7132 12.7318 16.9
      vertex 27.3672 7.90092 16.9
      vertex 27.6544 7.8821 16.9
    endloop
  endfacet
  facet normal 0 0 1
    outer loop
      vertex 29.7132 12.7318 16.9
      vertex 27.3345 7.90199 16.9
      vertex 27.3672 7.90092 16.9
    endloop
  endfacet
  facet normal 0 0 1
    outer loop
      vertex 29.7132 12.7318 16.9
      vertex 19.59 7.90199 16.9
      vertex 27.3345 7.90199 16.9
    endloop
  endfacet
  facet normal -0 0 1
    outer loop
      vertex 17.5 7.90199 16.9
      vertex 19.59 7.402 16.9
      vertex 19.59 7.90199 16.9
    endloop
  endfacet
  facet normal 0 0 1
    outer loop
      vertex 17.5 7.402 16.9
      vertex 19.59 7.402 16.9
      vertex 17.5 7.90199 16.9
    endloop
  endfacet
  facet normal 0 0 1
    outer loop
      vertex 19.59 7.402 16.9
      vertex 17.5 7.402 16.9
      vertex 19.59 3.002 16.9
    endloop
  endfacet
  facet normal 0 0 1
    outer loop
      vertex 29.7132 12.7318 16.9
      vertex 17.5 7.90199 16.9
      vertex 19.59 7.90199 16.9
    endloop
  endfacet
  facet normal -0 0 1
    outer loop
      vertex 7.37682 12.7318 16.9
      vertex 17.5 7.90199 16.9
      vertex 29.7132 12.7318 16.9
    endloop
  endfacet
  facet normal 0 0 1
    outer loop
      vertex 17.5 7.90199 16.9
      vertex 7.37682 12.7318 16.9
      vertex 9.75549 7.90199 16.9
    endloop
  endfacet
  facet normal 0 0 1
    outer loop
      vertex 9.75549 7.90199 16.9
      vertex 7.37682 12.7318 16.9
      vertex 9.72278 7.90092 16.9
    endloop
  endfacet
  facet normal 0 0 1
    outer loop
      vertex 9.72278 7.90092 16.9
      vertex 7.37682 12.7318 16.9
      vertex 9.43562 7.8821 16.9
    endloop
  endfacet
  facet normal 0 0 1
    outer loop
      vertex 9.43562 7.8821 16.9
      vertex 7.37682 12.7318 16.9
      vertex 9.3708 7.87355 16.9
    endloop
  endfacet
  facet normal 0 0 1
    outer loop
      vertex 9.3708 7.87355 16.9
      vertex 7.37682 12.7318 16.9
      vertex 9.08856 7.81741 16.9
    endloop
  endfacet
  facet normal 0 0 1
    outer loop
      vertex 7.37682 12.7318 16.9
      vertex 9.02539 7.80049 16.9
      vertex 9.08856 7.81741 16.9
    endloop
  endfacet
  facet normal 0 0 1
    outer loop
      vertex 7.37682 12.7318 16.9
      vertex 8.75288 7.70799 16.9
      vertex 9.02539 7.80049 16.9
    endloop
  endfacet
  facet normal 0 0 1
    outer loop
      vertex 7.37682 12.7318 16.9
      vertex 8.69246 7.68297 16.9
      vertex 8.75288 7.70799 16.9
    endloop
  endfacet
  facet normal 0 0 1
    outer loop
      vertex 7.37682 12.7318 16.9
      vertex 8.43436 7.55569 16.9
      vertex 8.69246 7.68297 16.9
    endloop
  endfacet
  facet normal 0 0 1
    outer loop
      vertex 7.37682 12.7318 16.9
      vertex 8.3777 7.52298 16.9
      vertex 8.43436 7.55569 16.9
    endloop
  endfacet
  facet normal 0 0 1
    outer loop
      vertex 7.37682 12.7318 16.9
      vertex 8.13843 7.3631 16.9
      vertex 8.3777 7.52298 16.9
    endloop
  endfacet
  facet normal 0 0 1
    outer loop
      vertex 7.37682 12.7318 16.9
      vertex 8.08653 7.32329 16.9
      vertex 8.13843 7.3631 16.9
    endloop
  endfacet
  facet normal 0 0 1
    outer loop
      vertex 7.37682 12.7318 16.9
      vertex 7.87018 7.13354 16.9
      vertex 8.08653 7.32329 16.9
    endloop
  endfacet
  facet normal 0 0 1
    outer loop
      vertex 7.37682 12.7318 16.9
      vertex 7.82394 7.08731 16.9
      vertex 7.87018 7.13354 16.9
    endloop
  endfacet
  facet normal 0 0 1
    outer loop
      vertex 7.37682 12.7318 16.9
      vertex 7.6342 6.87096 16.9
      vertex 7.82394 7.08731 16.9
    endloop
  endfacet
  facet normal 0 0 1
    outer loop
      vertex 7.37682 12.7318 16.9
      vertex 7.59438 6.81905 16.9
      vertex 7.6342 6.87096 16.9
    endloop
  endfacet
  facet normal 0 0 1
    outer loop
      vertex 7.37682 12.7318 16.9
      vertex 7.43449 6.57976 16.9
      vertex 7.59438 6.81905 16.9
    endloop
  endfacet
  facet normal 0 0 1
    outer loop
      vertex 7.37682 12.7318 16.9
      vertex 7.40179 6.52313 16.9
      vertex 7.43449 6.57976 16.9
    endloop
  endfacet
  facet normal 0 0 1
    outer loop
      vertex 7.40179 6.52313 16.9
      vertex 7.37682 12.7318 16.9
      vertex 7.27452 6.26505 16.9
    endloop
  endfacet
  facet normal 0 0 1
    outer loop
      vertex 20.59 7.402 16.9
      vertex 19.59 7.402 16.9
      vertex 20.59 7.40199 16.9
    endloop
  endfacet
  facet normal 0 0 1
    outer loop
      vertex 29.5157 5.48915 16.9
      vertex 29.5157 4.91484 16.9
      vertex 29.5345 5.202 16.9
    endloop
  endfacet
  facet normal 0 0 1
    outer loop
      vertex 29.4595 5.77139 16.9
      vertex 29.5157 4.91484 16.9
      vertex 29.5157 5.48915 16.9
    endloop
  endfacet
  facet normal 0 0 1
    outer loop
      vertex 29.4595 5.77139 16.9
      vertex 29.4595 4.63258 16.9
      vertex 29.5157 4.91484 16.9
    endloop
  endfacet
  facet normal 0 0 1
    outer loop
      vertex 29.367 6.0439 16.9
      vertex 29.4595 4.63258 16.9
      vertex 29.4595 5.77139 16.9
    endloop
  endfacet
  facet normal 0 0 1
    outer loop
      vertex 29.367 6.0439 16.9
      vertex 29.367 4.36009 16.9
      vertex 29.4595 4.63258 16.9
    endloop
  endfacet
  facet normal 0 0 1
    outer loop
      vertex 29.2398 6.30199 16.9
      vertex 29.367 4.36009 16.9
      vertex 29.367 6.0439 16.9
    endloop
  endfacet
  facet normal 0 0 1
    outer loop
      vertex 29.2398 6.30199 16.9
      vertex 29.2398 4.10199 16.9
      vertex 29.367 4.36009 16.9
    endloop
  endfacet
  facet normal 0 0 1
    outer loop
      vertex 29.0799 6.54128 16.9
      vertex 29.2398 4.10199 16.9
      vertex 29.2398 6.30199 16.9
    endloop
  endfacet
  facet normal 0 0 1
    outer loop
      vertex 29.0799 6.54128 16.9
      vertex 29.0799 3.86272 16.9
      vertex 29.2398 4.10199 16.9
    endloop
  endfacet
  facet normal 0 0 1
    outer loop
      vertex 28.8901 6.75763 16.9
      vertex 29.0799 3.86272 16.9
      vertex 29.0799 6.54128 16.9
    endloop
  endfacet
  facet normal 0 0 1
    outer loop
      vertex 28.8901 6.75763 16.9
      vertex 28.8901 3.64636 16.9
      vertex 29.0799 3.86272 16.9
    endloop
  endfacet
  facet normal 0 0 1
    outer loop
      vertex 28.6738 6.94737 16.9
      vertex 28.8901 3.64636 16.9
      vertex 28.8901 6.75763 16.9
    endloop
  endfacet
  facet normal 0 0 1
    outer loop
      vertex 28.6738 6.94737 16.9
      vertex 28.6738 3.45662 16.9
      vertex 28.8901 3.64636 16.9
    endloop
  endfacet
  facet normal 0 0 1
    outer loop
      vertex 28.4345 7.10725 16.9
      vertex 28.6738 3.45662 16.9
      vertex 28.6738 6.94737 16.9
    endloop
  endfacet
  facet normal 0 0 1
    outer loop
      vertex 28.4345 7.10725 16.9
      vertex 28.4345 3.29674 16.9
      vertex 28.6738 3.45662 16.9
    endloop
  endfacet
  facet normal 0 0 1
    outer loop
      vertex 28.1764 7.23453 16.9
      vertex 28.4345 3.29674 16.9
      vertex 28.4345 7.10725 16.9
    endloop
  endfacet
  facet normal 0 0 1
    outer loop
      vertex 28.1764 7.23453 16.9
      vertex 28.1764 3.16946 16.9
      vertex 28.4345 3.29674 16.9
    endloop
  endfacet
  facet normal 0 0 1
    outer loop
      vertex 27.9039 7.32703 16.9
      vertex 28.1764 3.16946 16.9
      vertex 28.1764 7.23453 16.9
    endloop
  endfacet
  facet normal 0 0 1
    outer loop
      vertex 27.9039 7.32703 16.9
      vertex 27.9039 3.07695 16.9
      vertex 28.1764 3.16946 16.9
    endloop
  endfacet
  facet normal 0 0 1
    outer loop
      vertex 27.6217 7.38316 16.9
      vertex 27.9039 3.07695 16.9
      vertex 27.9039 7.32703 16.9
    endloop
  endfacet
  facet normal 0 0 1
    outer loop
      vertex 27.6217 7.38316 16.9
      vertex 27.6217 3.02081 16.9
      vertex 27.9039 3.07695 16.9
    endloop
  endfacet
  facet normal 0 0 1
    outer loop
      vertex 27.3345 7.40199 16.9
      vertex 27.6217 3.02081 16.9
      vertex 27.6217 7.38316 16.9
    endloop
  endfacet
  facet normal 0 0 1
    outer loop
      vertex 27.3345 7.40199 16.9
      vertex 27.3345 3.002 16.9
      vertex 27.6217 3.02081 16.9
    endloop
  endfacet
  facet normal -0 0 1
    outer loop
      vertex 20.59 7.40199 16.9
      vertex 27.3345 3.002 16.9
      vertex 27.3345 7.40199 16.9
    endloop
  endfacet
  facet normal 0 0 1
    outer loop
      vertex 19.59 3.002 16.9
      vertex 20.59 7.40199 16.9
      vertex 19.59 7.402 16.9
    endloop
  endfacet
  facet normal 0 0 1
    outer loop
      vertex 20.59 7.40199 16.9
      vertex 19.59 3.002 16.9
      vertex 27.3345 3.002 16.9
    endloop
  endfacet
  facet normal -0 0 -1
    outer loop
      vertex 8.01318 59.4318 14.9
      vertex 3.4 52 14.9
      vertex 4.8 61 14.9
    endloop
  endfacet
  facet normal -0 0 -1
    outer loop
      vertex 4.8 61 14.9
      vertex 3.4 52 14.9
      vertex 3.4 61 14.9
    endloop
  endfacet
  facet normal 0 0 -1
    outer loop
      vertex 3.4 32 14.9
      vertex 4.8 43 14.9
      vertex 4.8 32 14.9
    endloop
  endfacet
  facet normal -0 0 -1
    outer loop
      vertex 4.8 43 14.9
      vertex 3.4 32 14.9
      vertex 3.4 43 14.9
    endloop
  endfacet
  facet normal 0 0 -1
    outer loop
      vertex 4.8 32 14.9
      vertex 6.05 24 14.9
      vertex 4.8 24 14.9
    endloop
  endfacet
  facet normal 0 0 -1
    outer loop
      vertex 6.05 24 14.9
      vertex 4.8 32 14.9
      vertex 6.05 49 14.9
    endloop
  endfacet
  facet normal 0 0 -1
    outer loop
      vertex 4.8 43 14.9
      vertex 6.05 49 14.9
      vertex 4.8 32 14.9
    endloop
  endfacet
  facet normal -0 0 -1
    outer loop
      vertex 6.05 49 14.9
      vertex 4.8 43 14.9
      vertex 4.8 49 14.9
    endloop
  endfacet
  facet normal -0 0 -1
    outer loop
      vertex 8.01318 13.3682 14.9
      vertex 4.8 13 14.9
      vertex 6.05 21 14.9
    endloop
  endfacet
  facet normal 0 0 -1
    outer loop
      vertex 3.4 21 14.9
      vertex 4.8 13 14.9
      vertex 3.4 13 14.9
    endloop
  endfacet
  facet normal 0 0 -1
    outer loop
      vertex 4.8 13 14.9
      vertex 3.4 21 14.9
      vertex 6.05 21 14.9
    endloop
  endfacet
  facet normal 0 0 -1
    outer loop
      vertex 26.545 0 14.9
      vertex 19.59 2.502 14.9
      vertex 26.545 1.8 14.9
    endloop
  endfacet
  facet normal 0 0 -1
    outer loop
      vertex 19.59 2.502 14.9
      vertex 17.5 2.502 14.9
      vertex 19.59 7.90199 14.9
    endloop
  endfacet
  facet normal 0 0 -1
    outer loop
      vertex 26.545 0 14.9
      vertex 17.5 2.502 14.9
      vertex 19.59 2.502 14.9
    endloop
  endfacet
  facet normal 0 0 -1
    outer loop
      vertex 10.545 0 14.9
      vertex 17.5 2.502 14.9
      vertex 26.545 0 14.9
    endloop
  endfacet
  facet normal 0 0 -1
    outer loop
      vertex 10.545 1.8 14.9
      vertex 17.5 2.502 14.9
      vertex 10.545 0 14.9
    endloop
  endfacet
  facet normal 0 0 -1
    outer loop
      vertex 10.545 1.8 14.9
      vertex 9.75549 2.502 14.9
      vertex 17.5 2.502 14.9
    endloop
  endfacet
  facet normal 0 0 -1
    outer loop
      vertex 10.545 1.8 14.9
      vertex 9.72281 2.50307 14.9
      vertex 9.75549 2.502 14.9
    endloop
  endfacet
  facet normal 0 0 -1
    outer loop
      vertex 10.545 1.8 14.9
      vertex 9.43565 2.52188 14.9
      vertex 9.72281 2.50307 14.9
    endloop
  endfacet
  facet normal 0 0 -1
    outer loop
      vertex 10.545 1.8 14.9
      vertex 9.3708 2.53043 14.9
      vertex 9.43565 2.52188 14.9
    endloop
  endfacet
  facet normal 0 0 -1
    outer loop
      vertex 10.545 1.8 14.9
      vertex 9.08856 2.58656 14.9
      vertex 9.3708 2.53043 14.9
    endloop
  endfacet
  facet normal 0 0 -1
    outer loop
      vertex 10.545 1.8 14.9
      vertex 9.02536 2.60349 14.9
      vertex 9.08856 2.58656 14.9
    endloop
  endfacet
  facet normal 0 0 -1
    outer loop
      vertex 10.545 1.8 14.9
      vertex 8.75285 2.696 14.9
      vertex 9.02536 2.60349 14.9
    endloop
  endfacet
  facet normal 0 0 -1
    outer loop
      vertex 0.0131084 1.8 14.9
      vertex 8.75285 2.696 14.9
      vertex 10.545 1.8 14.9
    endloop
  endfacet
  facet normal -0 0 -1
    outer loop
      vertex 8.75285 2.696 14.9
      vertex 0.0131084 1.8 14.9
      vertex 8.69246 2.72102 14.9
    endloop
  endfacet
  facet normal 0 0 -1
    outer loop
      vertex 4.8 5 14.9
      vertex 7.05656 5.23468 14.9
      vertex 7.05656 5.16931 14.9
    endloop
  endfacet
  facet normal 0 0 -1
    outer loop
      vertex 4.8 13 14.9
      vertex 7.05656 5.23468 14.9
      vertex 4.8 5 14.9
    endloop
  endfacet
  facet normal 0 0 -1
    outer loop
      vertex 7.07538 4.88216 14.9
      vertex 4.8 5 14.9
      vertex 7.05656 5.16931 14.9
    endloop
  endfacet
  facet normal 0 0 -1
    outer loop
      vertex 7.08392 4.81728 14.9
      vertex 4.8 5 14.9
      vertex 7.07538 4.88216 14.9
    endloop
  endfacet
  facet normal 0 0 -1
    outer loop
      vertex 7.14008 4.53502 14.9
      vertex 4.8 5 14.9
      vertex 7.08392 4.81728 14.9
    endloop
  endfacet
  facet normal 0 0 -1
    outer loop
      vertex 7.157 4.47186 14.9
      vertex 4.8 5 14.9
      vertex 7.14008 4.53502 14.9
    endloop
  endfacet
  facet normal 0 0 -1
    outer loop
      vertex 7.2495 4.19937 14.9
      vertex 4.8 5 14.9
      vertex 7.157 4.47186 14.9
    endloop
  endfacet
  facet normal 0 0 -1
    outer loop
      vertex 7.27452 4.13896 14.9
      vertex 4.8 5 14.9
      vertex 7.2495 4.19937 14.9
    endloop
  endfacet
  facet normal 0 0 -1
    outer loop
      vertex 7.40179 3.88086 14.9
      vertex 4.8 5 14.9
      vertex 7.27452 4.13896 14.9
    endloop
  endfacet
  facet normal 0 0 -1
    outer loop
      vertex 7.43451 3.8242 14.9
      vertex 4.8 5 14.9
      vertex 7.40179 3.88086 14.9
    endloop
  endfacet
  facet normal 0 0 -1
    outer loop
      vertex 7.59439 3.58493 14.9
      vertex 4.8 5 14.9
      vertex 7.43451 3.8242 14.9
    endloop
  endfacet
  facet normal 0 0 -1
    outer loop
      vertex 7.6342 3.53304 14.9
      vertex 4.8 5 14.9
      vertex 7.59439 3.58493 14.9
    endloop
  endfacet
  facet normal 0 0 -1
    outer loop
      vertex 0.0131084 1.8 14.9
      vertex 7.6342 3.53304 14.9
      vertex 7.82394 3.31668 14.9
    endloop
  endfacet
  facet normal 0 0 -1
    outer loop
      vertex 0.0131084 1.8 14.9
      vertex 7.82394 3.31668 14.9
      vertex 7.87018 3.27045 14.9
    endloop
  endfacet
  facet normal 0 0 -1
    outer loop
      vertex 0.0131084 1.8 14.9
      vertex 7.87018 3.27045 14.9
      vertex 8.08653 3.0807 14.9
    endloop
  endfacet
  facet normal 0 0 -1
    outer loop
      vertex 0.0131084 1.8 14.9
      vertex 8.08653 3.0807 14.9
      vertex 8.13843 3.04089 14.9
    endloop
  endfacet
  facet normal 0 0 -1
    outer loop
      vertex 0.0131084 1.8 14.9
      vertex 8.13843 3.04089 14.9
      vertex 8.3777 2.88101 14.9
    endloop
  endfacet
  facet normal -0 0 -1
    outer loop
      vertex 7.6342 3.53304 14.9
      vertex 0.0131084 1.8 14.9
      vertex 4.8 5 14.9
    endloop
  endfacet
  facet normal 0 0 -1
    outer loop
      vertex 0.0131084 1.8 14.9
      vertex 8.3777 2.88101 14.9
      vertex 8.43436 2.8483 14.9
    endloop
  endfacet
  facet normal -0 0 -1
    outer loop
      vertex 8.69246 2.72102 14.9
      vertex 0.0131084 1.8 14.9
      vertex 8.43436 2.8483 14.9
    endloop
  endfacet
  facet normal 0 0 -1
    outer loop
      vertex 0 2 14.9
      vertex 3.4 13 14.9
      vertex 3.4 5 14.9
    endloop
  endfacet
  facet normal -0 0 -1
    outer loop
      vertex 3.4 13 14.9
      vertex 0 2 14.9
      vertex 3.4 21 14.9
    endloop
  endfacet
  facet normal -0 0 -1
    outer loop
      vertex 3.4 21 14.9
      vertex 0 2 14.9
      vertex 3.4 32 14.9
    endloop
  endfacet
  facet normal 0 0 -1
    outer loop
      vertex 0 66.782 14.9
      vertex 3.4 32 14.9
      vertex 0 2 14.9
    endloop
  endfacet
  facet normal 0 0 -1
    outer loop
      vertex 3.4 32 14.9
      vertex 0 66.782 14.9
      vertex 3.4 43 14.9
    endloop
  endfacet
  facet normal 0 0 -1
    outer loop
      vertex 3.4 43 14.9
      vertex 0 66.782 14.9
      vertex 3.4 52 14.9
    endloop
  endfacet
  facet normal 0 0 -1
    outer loop
      vertex 3.4 61 14.9
      vertex 0 66.782 14.9
      vertex 3.4 68.4 14.9
    endloop
  endfacet
  facet normal -0 0 -1
    outer loop
      vertex 3.4 68.4 14.9
      vertex 0 66.782 14.9
      vertex 2 68.782 14.9
    endloop
  endfacet
  facet normal 0 0 -1
    outer loop
      vertex 2 68.782 14.9
      vertex 0 66.782 14.9
      vertex 1.73895 68.7649 14.9
    endloop
  endfacet
  facet normal 0 0 -1
    outer loop
      vertex 1.73895 68.7649 14.9
      vertex 0 66.782 14.9
      vertex 1.48236 68.7139 14.9
    endloop
  endfacet
  facet normal 0 0 -1
    outer loop
      vertex 1.48236 68.7139 14.9
      vertex 0 66.782 14.9
      vertex 1.23463 68.6298 14.9
    endloop
  endfacet
  facet normal 0 0 -1
    outer loop
      vertex 1.23463 68.6298 14.9
      vertex 0 66.782 14.9
      vertex 1 68.5141 14.9
    endloop
  endfacet
  facet normal 0 0 -1
    outer loop
      vertex 1 68.5141 14.9
      vertex 0 66.782 14.9
      vertex 0.782476 68.3687 14.9
    endloop
  endfacet
  facet normal 0 0 -1
    outer loop
      vertex 0.782476 68.3687 14.9
      vertex 0 66.782 14.9
      vertex 0.585786 68.1962 14.9
    endloop
  endfacet
  facet normal 0 0 -1
    outer loop
      vertex 0.585786 68.1962 14.9
      vertex 0 66.782 14.9
      vertex 0.413293 67.9995 14.9
    endloop
  endfacet
  facet normal 0 0 -1
    outer loop
      vertex 0.413293 67.9995 14.9
      vertex 0 66.782 14.9
      vertex 0.267949 67.782 14.9
    endloop
  endfacet
  facet normal 0 0 -1
    outer loop
      vertex 0.267949 67.782 14.9
      vertex 0 66.782 14.9
      vertex 0.152241 67.5474 14.9
    endloop
  endfacet
  facet normal 0 0 -1
    outer loop
      vertex 0.152241 67.5474 14.9
      vertex 0 66.782 14.9
      vertex 0.0681477 67.2996 14.9
    endloop
  endfacet
  facet normal -0 0 -1
    outer loop
      vertex 4.8 5 14.9
      vertex 0.0131084 1.8 14.9
      vertex 3.4 5 14.9
    endloop
  endfacet
  facet normal 0 0 -1
    outer loop
      vertex 0 2 14.9
      vertex 3.4 5 14.9
      vertex 0.0131084 1.8 14.9
    endloop
  endfacet
  facet normal 0 0 -1
    outer loop
      vertex 3.4 52 14.9
      vertex 0 66.782 14.9
      vertex 3.4 61 14.9
    endloop
  endfacet
  facet normal 0 0 -1
    outer loop
      vertex 0.0681477 67.2996 14.9
      vertex 0 66.782 14.9
      vertex 0.0171099 67.0431 14.9
    endloop
  endfacet
  facet normal 0 0 -1
    outer loop
      vertex 28.9516 7.3631 14.9
      vertex 32.29 13 14.9
      vertex 29.0035 7.32329 14.9
    endloop
  endfacet
  facet normal 0 0 -1
    outer loop
      vertex 28.7123 7.52298 14.9
      vertex 32.29 13 14.9
      vertex 28.9516 7.3631 14.9
    endloop
  endfacet
  facet normal -0 0 -1
    outer loop
      vertex 32.29 13 14.9
      vertex 28.7123 7.52298 14.9
      vertex 29.0768 13.3682 14.9
    endloop
  endfacet
  facet normal 0 0 -1
    outer loop
      vertex 28.6556 7.55569 14.9
      vertex 29.0768 13.3682 14.9
      vertex 28.7123 7.52298 14.9
    endloop
  endfacet
  facet normal 0 0 -1
    outer loop
      vertex 28.3975 7.68297 14.9
      vertex 29.0768 13.3682 14.9
      vertex 28.6556 7.55569 14.9
    endloop
  endfacet
  facet normal 0 0 -1
    outer loop
      vertex 28.3371 7.70799 14.9
      vertex 29.0768 13.3682 14.9
      vertex 28.3975 7.68297 14.9
    endloop
  endfacet
  facet normal 0 0 -1
    outer loop
      vertex 28.0646 7.80049 14.9
      vertex 29.0768 13.3682 14.9
      vertex 28.3371 7.70799 14.9
    endloop
  endfacet
  facet normal 0 0 -1
    outer loop
      vertex 28.0014 7.81741 14.9
      vertex 29.0768 13.3682 14.9
      vertex 28.0646 7.80049 14.9
    endloop
  endfacet
  facet normal 0 0 -1
    outer loop
      vertex 27.7192 7.87355 14.9
      vertex 29.0768 13.3682 14.9
      vertex 28.0014 7.81741 14.9
    endloop
  endfacet
  facet normal 0 0 -1
    outer loop
      vertex 27.6544 7.8821 14.9
      vertex 29.0768 13.3682 14.9
      vertex 27.7192 7.87355 14.9
    endloop
  endfacet
  facet normal 0 0 -1
    outer loop
      vertex 27.3672 7.90092 14.9
      vertex 29.0768 13.3682 14.9
      vertex 27.6544 7.8821 14.9
    endloop
  endfacet
  facet normal 0 0 -1
    outer loop
      vertex 27.3345 7.90199 14.9
      vertex 29.0768 13.3682 14.9
      vertex 27.3672 7.90092 14.9
    endloop
  endfacet
  facet normal 0 0 -1
    outer loop
      vertex 19.59 7.90199 14.9
      vertex 29.0768 13.3682 14.9
      vertex 27.3345 7.90199 14.9
    endloop
  endfacet
  facet normal 0 0 -1
    outer loop
      vertex 17.5 7.90199 14.9
      vertex 19.59 7.90199 14.9
      vertex 17.5 2.502 14.9
    endloop
  endfacet
  facet normal 0 0 -1
    outer loop
      vertex 17.5 7.90199 14.9
      vertex 29.0768 13.3682 14.9
      vertex 19.59 7.90199 14.9
    endloop
  endfacet
  facet normal 0 0 -1
    outer loop
      vertex 8.01318 13.3682 14.9
      vertex 17.5 7.90199 14.9
      vertex 9.75549 7.90199 14.9
    endloop
  endfacet
  facet normal 0 0 -1
    outer loop
      vertex 8.01318 13.3682 14.9
      vertex 9.75549 7.90199 14.9
      vertex 9.72278 7.90092 14.9
    endloop
  endfacet
  facet normal 0 0 -1
    outer loop
      vertex 8.01318 13.3682 14.9
      vertex 9.72278 7.90092 14.9
      vertex 9.43562 7.8821 14.9
    endloop
  endfacet
  facet normal 0 0 -1
    outer loop
      vertex 8.01318 13.3682 14.9
      vertex 9.43562 7.8821 14.9
      vertex 9.3708 7.87355 14.9
    endloop
  endfacet
  facet normal 0 0 -1
    outer loop
      vertex 8.01318 13.3682 14.9
      vertex 9.3708 7.87355 14.9
      vertex 9.08856 7.81741 14.9
    endloop
  endfacet
  facet normal 0 0 -1
    outer loop
      vertex 8.01318 13.3682 14.9
      vertex 9.08856 7.81741 14.9
      vertex 9.02539 7.80049 14.9
    endloop
  endfacet
  facet normal 0 0 -1
    outer loop
      vertex 17.5 7.90199 14.9
      vertex 8.01318 13.3682 14.9
      vertex 29.0768 13.3682 14.9
    endloop
  endfacet
  facet normal 0 0 -1
    outer loop
      vertex 8.75288 7.70799 14.9
      vertex 8.01318 13.3682 14.9
      vertex 9.02539 7.80049 14.9
    endloop
  endfacet
  facet normal 0 0 -1
    outer loop
      vertex 8.69246 7.68297 14.9
      vertex 8.01318 13.3682 14.9
      vertex 8.75288 7.70799 14.9
    endloop
  endfacet
  facet normal 0 0 -1
    outer loop
      vertex 8.43436 7.55569 14.9
      vertex 8.01318 13.3682 14.9
      vertex 8.69246 7.68297 14.9
    endloop
  endfacet
  facet normal 0 0 -1
    outer loop
      vertex 8.3777 7.52298 14.9
      vertex 8.01318 13.3682 14.9
      vertex 8.43436 7.55569 14.9
    endloop
  endfacet
  facet normal 0 0 -1
    outer loop
      vertex 4.8 13 14.9
      vertex 8.3777 7.52298 14.9
      vertex 8.13843 7.3631 14.9
    endloop
  endfacet
  facet normal 0 0 -1
    outer loop
      vertex 4.8 13 14.9
      vertex 8.13843 7.3631 14.9
      vertex 8.08653 7.32329 14.9
    endloop
  endfacet
  facet normal 0 0 -1
    outer loop
      vertex 4.8 13 14.9
      vertex 7.87018 7.13354 14.9
      vertex 7.82394 7.08731 14.9
    endloop
  endfacet
  facet normal 0 0 -1
    outer loop
      vertex 4.8 13 14.9
      vertex 8.08653 7.32329 14.9
      vertex 7.87018 7.13354 14.9
    endloop
  endfacet
  facet normal 0 0 -1
    outer loop
      vertex 31.04 24 14.9
      vertex 32.29 32 14.9
      vertex 32.29 24 14.9
    endloop
  endfacet
  facet normal 0 0 -1
    outer loop
      vertex 31.04 49 14.9
      vertex 32.29 32 14.9
      vertex 31.04 24 14.9
    endloop
  endfacet
  facet normal 0 0 -1
    outer loop
      vertex 32.29 32 14.9
      vertex 31.04 49 14.9
      vertex 32.29 43 14.9
    endloop
  endfacet
  facet normal 0 0 -1
    outer loop
      vertex 32.29 43 14.9
      vertex 31.04 49 14.9
      vertex 32.29 49 14.9
    endloop
  endfacet
  facet normal 0 0 -1
    outer loop
      vertex 33.69 52 14.9
      vertex 32.29 61 14.9
      vertex 33.69 61 14.9
    endloop
  endfacet
  facet normal 0 0 -1
    outer loop
      vertex 33.69 52 14.9
      vertex 29.0768 59.4318 14.9
      vertex 32.29 61 14.9
    endloop
  endfacet
  facet normal 0 0 -1
    outer loop
      vertex 29.0768 59.4318 14.9
      vertex 33.69 52 14.9
      vertex 31.04 52 14.9
    endloop
  endfacet
  facet normal 0 0 -1
    outer loop
      vertex 32.29 32 14.9
      vertex 33.69 43 14.9
      vertex 33.69 32 14.9
    endloop
  endfacet
  facet normal -0 0 -1
    outer loop
      vertex 33.69 43 14.9
      vertex 32.29 32 14.9
      vertex 32.29 43 14.9
    endloop
  endfacet
  facet normal 0 0 -1
    outer loop
      vertex 32.29 13 14.9
      vertex 33.69 21 14.9
      vertex 33.69 13 14.9
    endloop
  endfacet
  facet normal -0 0 -1
    outer loop
      vertex 33.69 21 14.9
      vertex 32.29 13 14.9
      vertex 31.04 21 14.9
    endloop
  endfacet
  facet normal 0 0 -1
    outer loop
      vertex 33.69 5 14.9
      vertex 37.09 2 14.9
      vertex 37.0769 1.8 14.9
    endloop
  endfacet
  facet normal 0 0 -1
    outer loop
      vertex 37.09 2 14.9
      vertex 33.69 32 14.9
      vertex 37.09 66.782 14.9
    endloop
  endfacet
  facet normal 0 0 -1
    outer loop
      vertex 33.69 43 14.9
      vertex 37.09 66.782 14.9
      vertex 33.69 32 14.9
    endloop
  endfacet
  facet normal 0 0 -1
    outer loop
      vertex 33.69 52 14.9
      vertex 37.09 66.782 14.9
      vertex 33.69 43 14.9
    endloop
  endfacet
  facet normal 0 0 -1
    outer loop
      vertex 33.69 61 14.9
      vertex 37.09 66.782 14.9
      vertex 33.69 52 14.9
    endloop
  endfacet
  facet normal 0 0 -1
    outer loop
      vertex 33.69 68.4 14.9
      vertex 37.09 66.782 14.9
      vertex 33.69 61 14.9
    endloop
  endfacet
  facet normal 0 -0 -1
    outer loop
      vertex 35.09 68.782 14.9
      vertex 37.09 66.782 14.9
      vertex 33.69 68.4 14.9
    endloop
  endfacet
  facet normal 0 0 -1
    outer loop
      vertex 37.0729 67.0431 14.9
      vertex 35.09 68.782 14.9
      vertex 37.0219 67.2996 14.9
    endloop
  endfacet
  facet normal 0 0 -1
    outer loop
      vertex 37.0219 67.2996 14.9
      vertex 35.09 68.782 14.9
      vertex 36.9378 67.5474 14.9
    endloop
  endfacet
  facet normal 0 0 -1
    outer loop
      vertex 36.9378 67.5474 14.9
      vertex 35.09 68.782 14.9
      vertex 36.8221 67.782 14.9
    endloop
  endfacet
  facet normal 0 0 -1
    outer loop
      vertex 36.8221 67.782 14.9
      vertex 35.09 68.782 14.9
      vertex 36.6767 67.9995 14.9
    endloop
  endfacet
  facet normal 0 0 -1
    outer loop
      vertex 36.6767 67.9995 14.9
      vertex 35.09 68.782 14.9
      vertex 36.5042 68.1962 14.9
    endloop
  endfacet
  facet normal 0 0 -1
    outer loop
      vertex 36.5042 68.1962 14.9
      vertex 35.09 68.782 14.9
      vertex 36.3075 68.3687 14.9
    endloop
  endfacet
  facet normal 0 0 -1
    outer loop
      vertex 37.09 2 14.9
      vertex 33.69 5 14.9
      vertex 33.69 13 14.9
    endloop
  endfacet
  facet normal 0 0 -1
    outer loop
      vertex 37.0769 1.8 14.9
      vertex 32.29 5 14.9
      vertex 33.69 5 14.9
    endloop
  endfacet
  facet normal 0 0 -1
    outer loop
      vertex 29.4956 6.81905 14.9
      vertex 32.29 13 14.9
      vertex 32.29 5 14.9
    endloop
  endfacet
  facet normal 0 0 -1
    outer loop
      vertex 29.0768 13.3682 14.9
      vertex 31.04 24 14.9
      vertex 31.04 21 14.9
    endloop
  endfacet
  facet normal -0 0 -1
    outer loop
      vertex 31.04 24 14.9
      vertex 29.0768 13.3682 14.9
      vertex 31.04 49 14.9
    endloop
  endfacet
  facet normal 0 0 -1
    outer loop
      vertex 30.0146 5.52184 14.9
      vertex 32.29 5 14.9
      vertex 30.0334 5.23468 14.9
    endloop
  endfacet
  facet normal 0 0 -1
    outer loop
      vertex 30.0334 5.23468 14.9
      vertex 32.29 5 14.9
      vertex 30.0334 5.16931 14.9
    endloop
  endfacet
  facet normal 0 0 -1
    outer loop
      vertex 29.4558 3.53304 14.9
      vertex 32.29 5 14.9
      vertex 37.0769 1.8 14.9
    endloop
  endfacet
  facet normal -0 0 -1
    outer loop
      vertex 32.29 5 14.9
      vertex 30.0146 4.88216 14.9
      vertex 30.0334 5.16931 14.9
    endloop
  endfacet
  facet normal 0 0 -1
    outer loop
      vertex 32.29 5 14.9
      vertex 30.0061 4.81728 14.9
      vertex 30.0146 4.88216 14.9
    endloop
  endfacet
  facet normal 0 0 -1
    outer loop
      vertex 32.29 5 14.9
      vertex 29.9499 4.53502 14.9
      vertex 30.0061 4.81728 14.9
    endloop
  endfacet
  facet normal 0 0 -1
    outer loop
      vertex 32.29 5 14.9
      vertex 29.933 4.47186 14.9
      vertex 29.9499 4.53502 14.9
    endloop
  endfacet
  facet normal 0 0 -1
    outer loop
      vertex 32.29 5 14.9
      vertex 29.8405 4.19937 14.9
      vertex 29.933 4.47186 14.9
    endloop
  endfacet
  facet normal 0 0 -1
    outer loop
      vertex 32.29 5 14.9
      vertex 29.8155 4.13896 14.9
      vertex 29.8405 4.19937 14.9
    endloop
  endfacet
  facet normal 0 0 -1
    outer loop
      vertex 32.29 5 14.9
      vertex 29.6882 3.88086 14.9
      vertex 29.8155 4.13896 14.9
    endloop
  endfacet
  facet normal 0 0 -1
    outer loop
      vertex 32.29 5 14.9
      vertex 29.6555 3.8242 14.9
      vertex 29.6882 3.88086 14.9
    endloop
  endfacet
  facet normal 0 0 -1
    outer loop
      vertex 32.29 5 14.9
      vertex 29.4956 3.58493 14.9
      vertex 29.6555 3.8242 14.9
    endloop
  endfacet
  facet normal 0 0 -1
    outer loop
      vertex 32.29 5 14.9
      vertex 29.4558 3.53304 14.9
      vertex 29.4956 3.58493 14.9
    endloop
  endfacet
  facet normal 0 0 -1
    outer loop
      vertex 37.0769 1.8 14.9
      vertex 29.2661 3.31668 14.9
      vertex 29.4558 3.53304 14.9
    endloop
  endfacet
  facet normal 0 0 -1
    outer loop
      vertex 37.0769 1.8 14.9
      vertex 29.2198 3.27045 14.9
      vertex 29.2661 3.31668 14.9
    endloop
  endfacet
  facet normal 0 0 -1
    outer loop
      vertex 37.0769 1.8 14.9
      vertex 29.0035 3.0807 14.9
      vertex 29.2198 3.27045 14.9
    endloop
  endfacet
  facet normal 0 0 -1
    outer loop
      vertex 37.0769 1.8 14.9
      vertex 28.9516 3.04089 14.9
      vertex 29.0035 3.0807 14.9
    endloop
  endfacet
  facet normal 0 0 -1
    outer loop
      vertex 37.0769 1.8 14.9
      vertex 28.7123 2.88101 14.9
      vertex 28.9516 3.04089 14.9
    endloop
  endfacet
  facet normal 0 0 -1
    outer loop
      vertex 37.0769 1.8 14.9
      vertex 28.6556 2.8483 14.9
      vertex 28.7123 2.88101 14.9
    endloop
  endfacet
  facet normal 0 0 -1
    outer loop
      vertex 37.0769 1.8 14.9
      vertex 28.3975 2.72102 14.9
      vertex 28.6556 2.8483 14.9
    endloop
  endfacet
  facet normal 0 0 -1
    outer loop
      vertex 37.0769 1.8 14.9
      vertex 28.3371 2.696 14.9
      vertex 28.3975 2.72102 14.9
    endloop
  endfacet
  facet normal 0 0 -1
    outer loop
      vertex 26.545 1.8 14.9
      vertex 28.3371 2.696 14.9
      vertex 37.0769 1.8 14.9
    endloop
  endfacet
  facet normal 0 0 -1
    outer loop
      vertex 28.3371 2.696 14.9
      vertex 26.545 1.8 14.9
      vertex 28.0646 2.60349 14.9
    endloop
  endfacet
  facet normal 0 0 -1
    outer loop
      vertex 28.0646 2.60349 14.9
      vertex 26.545 1.8 14.9
      vertex 28.0014 2.58656 14.9
    endloop
  endfacet
  facet normal 0 0 -1
    outer loop
      vertex 28.0014 2.58656 14.9
      vertex 26.545 1.8 14.9
      vertex 27.7192 2.53043 14.9
    endloop
  endfacet
  facet normal 0 0 -1
    outer loop
      vertex 27.7192 2.53043 14.9
      vertex 26.545 1.8 14.9
      vertex 27.6543 2.52188 14.9
    endloop
  endfacet
  facet normal 0 0 -1
    outer loop
      vertex 27.6543 2.52188 14.9
      vertex 26.545 1.8 14.9
      vertex 27.3672 2.50307 14.9
    endloop
  endfacet
  facet normal 0 0 -1
    outer loop
      vertex 27.3672 2.50307 14.9
      vertex 26.545 1.8 14.9
      vertex 27.3345 2.502 14.9
    endloop
  endfacet
  facet normal -0 0 -1
    outer loop
      vertex 27.3345 2.502 14.9
      vertex 26.545 1.8 14.9
      vertex 19.59 2.502 14.9
    endloop
  endfacet
  facet normal 0 0 -1
    outer loop
      vertex 37.09 2 14.9
      vertex 33.69 13 14.9
      vertex 33.69 21 14.9
    endloop
  endfacet
  facet normal 0 0 -1
    outer loop
      vertex 37.09 2 14.9
      vertex 33.69 21 14.9
      vertex 33.69 32 14.9
    endloop
  endfacet
  facet normal 0 0 -1
    outer loop
      vertex 37.09 66.782 14.9
      vertex 35.09 68.782 14.9
      vertex 37.0729 67.0431 14.9
    endloop
  endfacet
  facet normal 0 0 -1
    outer loop
      vertex 36.3075 68.3687 14.9
      vertex 35.09 68.782 14.9
      vertex 36.09 68.5141 14.9
    endloop
  endfacet
  facet normal 0 0 -1
    outer loop
      vertex 36.09 68.5141 14.9
      vertex 35.09 68.782 14.9
      vertex 35.8554 68.6298 14.9
    endloop
  endfacet
  facet normal 0 0 -1
    outer loop
      vertex 35.8554 68.6298 14.9
      vertex 35.09 68.782 14.9
      vertex 35.6076 68.7139 14.9
    endloop
  endfacet
  facet normal 0 0 -1
    outer loop
      vertex 35.6076 68.7139 14.9
      vertex 35.09 68.782 14.9
      vertex 35.3511 68.7649 14.9
    endloop
  endfacet
  facet normal 0 0 -1
    outer loop
      vertex 32.29 68.4 14.9
      vertex 35.09 68.782 14.9
      vertex 33.69 68.4 14.9
    endloop
  endfacet
  facet normal 0 0 -1
    outer loop
      vertex 30.0061 5.58672 14.9
      vertex 32.29 5 14.9
      vertex 30.0146 5.52184 14.9
    endloop
  endfacet
  facet normal 0 0 -1
    outer loop
      vertex 29.9499 5.86896 14.9
      vertex 32.29 5 14.9
      vertex 30.0061 5.58672 14.9
    endloop
  endfacet
  facet normal 0 0 -1
    outer loop
      vertex 29.933 5.9321 14.9
      vertex 32.29 5 14.9
      vertex 29.9499 5.86896 14.9
    endloop
  endfacet
  facet normal 0 0 -1
    outer loop
      vertex 29.8405 6.20461 14.9
      vertex 32.29 5 14.9
      vertex 29.933 5.9321 14.9
    endloop
  endfacet
  facet normal 0 0 -1
    outer loop
      vertex 32.29 13 14.9
      vertex 29.0768 13.3682 14.9
      vertex 31.04 21 14.9
    endloop
  endfacet
  facet normal 0 0 -1
    outer loop
      vertex 29.8155 6.26505 14.9
      vertex 32.29 5 14.9
      vertex 29.8405 6.20461 14.9
    endloop
  endfacet
  facet normal 0 0 -1
    outer loop
      vertex 29.6882 6.52313 14.9
      vertex 32.29 5 14.9
      vertex 29.8155 6.26505 14.9
    endloop
  endfacet
  facet normal 0 0 -1
    outer loop
      vertex 29.6555 6.57976 14.9
      vertex 32.29 5 14.9
      vertex 29.6882 6.52313 14.9
    endloop
  endfacet
  facet normal 0 0 -1
    outer loop
      vertex 29.4956 6.81905 14.9
      vertex 32.29 5 14.9
      vertex 29.6555 6.57976 14.9
    endloop
  endfacet
  facet normal 0 0 -1
    outer loop
      vertex 32.29 13 14.9
      vertex 29.4956 6.81905 14.9
      vertex 29.4558 6.87096 14.9
    endloop
  endfacet
  facet normal 0 0 -1
    outer loop
      vertex 29.2661 7.08731 14.9
      vertex 32.29 13 14.9
      vertex 29.4558 6.87096 14.9
    endloop
  endfacet
  facet normal 0 0 -1
    outer loop
      vertex 29.2198 7.13354 14.9
      vertex 32.29 13 14.9
      vertex 29.2661 7.08731 14.9
    endloop
  endfacet
  facet normal 0 0 -1
    outer loop
      vertex 29.0035 7.32329 14.9
      vertex 32.29 13 14.9
      vertex 29.2198 7.13354 14.9
    endloop
  endfacet
  facet normal 0 0 -1
    outer loop
      vertex 29.0768 59.4318 14.9
      vertex 31.04 49 14.9
      vertex 29.0768 13.3682 14.9
    endloop
  endfacet
  facet normal 0 0 -1
    outer loop
      vertex 31.04 49 14.9
      vertex 29.0768 59.4318 14.9
      vertex 31.04 52 14.9
    endloop
  endfacet
  facet normal -0 0 -1
    outer loop
      vertex 32.29 61 14.9
      vertex 29.0768 59.4318 14.9
      vertex 32.29 68.4 14.9
    endloop
  endfacet
  facet normal 0 0 -1
    outer loop
      vertex 8.01318 59.4318 14.9
      vertex 32.29 68.4 14.9
      vertex 29.0768 59.4318 14.9
    endloop
  endfacet
  facet normal 0 0 -1
    outer loop
      vertex 4.8 13 14.9
      vertex 7.82394 7.08731 14.9
      vertex 7.6342 6.87096 14.9
    endloop
  endfacet
  facet normal 0 0 -1
    outer loop
      vertex 4.8 13 14.9
      vertex 7.6342 6.87096 14.9
      vertex 7.59438 6.81905 14.9
    endloop
  endfacet
  facet normal 0 0 -1
    outer loop
      vertex 4.8 13 14.9
      vertex 7.59438 6.81905 14.9
      vertex 7.43449 6.57976 14.9
    endloop
  endfacet
  facet normal 0 0 -1
    outer loop
      vertex 4.8 13 14.9
      vertex 7.43449 6.57976 14.9
      vertex 7.40179 6.52313 14.9
    endloop
  endfacet
  facet normal 0 0 -1
    outer loop
      vertex 4.8 13 14.9
      vertex 7.40179 6.52313 14.9
      vertex 7.27452 6.26505 14.9
    endloop
  endfacet
  facet normal 0 0 -1
    outer loop
      vertex 4.8 13 14.9
      vertex 7.27452 6.26505 14.9
      vertex 7.2495 6.20461 14.9
    endloop
  endfacet
  facet normal 0 0 -1
    outer loop
      vertex 4.8 13 14.9
      vertex 7.2495 6.20461 14.9
      vertex 7.157 5.9321 14.9
    endloop
  endfacet
  facet normal 0 0 -1
    outer loop
      vertex 8.3777 7.52298 14.9
      vertex 4.8 13 14.9
      vertex 8.01318 13.3682 14.9
    endloop
  endfacet
  facet normal 0 0 -1
    outer loop
      vertex 4.8 13 14.9
      vertex 7.157 5.9321 14.9
      vertex 7.14008 5.86896 14.9
    endloop
  endfacet
  facet normal 0 0 -1
    outer loop
      vertex 4.8 13 14.9
      vertex 7.14008 5.86896 14.9
      vertex 7.08392 5.58672 14.9
    endloop
  endfacet
  facet normal 0 0 -1
    outer loop
      vertex 4.8 13 14.9
      vertex 7.08392 5.58672 14.9
      vertex 7.07538 5.52184 14.9
    endloop
  endfacet
  facet normal 0 0 -1
    outer loop
      vertex 4.8 13 14.9
      vertex 7.07538 5.52184 14.9
      vertex 7.05656 5.23468 14.9
    endloop
  endfacet
  facet normal 0 0 -1
    outer loop
      vertex 8.01318 13.3682 14.9
      vertex 6.05 21 14.9
      vertex 6.05 24 14.9
    endloop
  endfacet
  facet normal 0 0 -1
    outer loop
      vertex 8.01318 13.3682 14.9
      vertex 6.05 24 14.9
      vertex 8.01318 59.4318 14.9
    endloop
  endfacet
  facet normal 0 0 -1
    outer loop
      vertex 6.05 49 14.9
      vertex 8.01318 59.4318 14.9
      vertex 6.05 24 14.9
    endloop
  endfacet
  facet normal 0 0 -1
    outer loop
      vertex 6.05 52 14.9
      vertex 8.01318 59.4318 14.9
      vertex 6.05 49 14.9
    endloop
  endfacet
  facet normal 0 0 -1
    outer loop
      vertex 3.4 52 14.9
      vertex 8.01318 59.4318 14.9
      vertex 6.05 52 14.9
    endloop
  endfacet
  facet normal 0 0 -1
    outer loop
      vertex 4.8 68.4 14.9
      vertex 8.01318 59.4318 14.9
      vertex 4.8 61 14.9
    endloop
  endfacet
  facet normal 0 0 -1
    outer loop
      vertex 8.01318 59.4318 14.9
      vertex 4.8 68.4 14.9
      vertex 32.29 68.4 14.9
    endloop
  endfacet
  facet normal 0 0 -1
    outer loop
      vertex 4.8 68.4 14.9
      vertex 35.09 68.782 14.9
      vertex 32.29 68.4 14.9
    endloop
  endfacet
  facet normal 0 0 -1
    outer loop
      vertex 2 68.782 14.9
      vertex 4.8 68.4 14.9
      vertex 3.4 68.4 14.9
    endloop
  endfacet
  facet normal 0 0 -1
    outer loop
      vertex 4.8 68.4 14.9
      vertex 2 68.782 14.9
      vertex 35.09 68.782 14.9
    endloop
  endfacet
  facet normal -0.0654024 -0.997859 0
    outer loop
      vertex 1.95 0.0032771 13.4
      vertex 1.73895 0.0171099 16.9
      vertex 1.73895 0.0171099 13.4
    endloop
  endfacet
  facet normal -0.0654023 -0.997859 8.78625e-09
    outer loop
      vertex 1.73895 0.0171099 16.9
      vertex 1.95 0.0032771 13.4
      vertex 2 0 16.9
    endloop
  endfacet
  facet normal -0.0654017 -0.997859 0
    outer loop
      vertex 2 0 10.8
      vertex 1.95 0.0032771 13.4
      vertex 1.95 0.0032771 10.8
    endloop
  endfacet
  facet normal -0.0654017 -0.997859 0
    outer loop
      vertex 1.95 0.0032771 13.4
      vertex 2 0 10.8
      vertex 2 0 16.9
    endloop
  endfacet
  facet normal -0.195086 -0.980786 0
    outer loop
      vertex 1.48236 0.0681477 13.4
      vertex 1.73895 0.0171099 16.9
      vertex 1.48236 0.0681477 16.9
    endloop
  endfacet
  facet normal -0.195086 -0.980786 -0
    outer loop
      vertex 1.73895 0.0171099 16.9
      vertex 1.48236 0.0681477 13.4
      vertex 1.73895 0.0171099 13.4
    endloop
  endfacet
  facet normal -0.831471 -0.555568 0
    outer loop
      vertex 0.413293 0.782476 13.4
      vertex 0.267949 1 16.9
      vertex 0.267949 1 13.4
    endloop
  endfacet
  facet normal -0.831471 -0.555568 0
    outer loop
      vertex 0.267949 1 16.9
      vertex 0.413293 0.782476 13.4
      vertex 0.413293 0.782476 16.9
    endloop
  endfacet
  facet normal 0 0.952921 0.303219
    outer loop
      vertex 29.0768 13.3682 14.9
      vertex 7.37682 12.7318 16.9
      vertex 29.7132 12.7318 16.9
    endloop
  endfacet
  facet normal 0 0.952921 0.303219
    outer loop
      vertex 7.37682 12.7318 16.9
      vertex 29.0768 13.3682 14.9
      vertex 8.01318 13.3682 14.9
    endloop
  endfacet
  facet normal 0 -0.952921 0.303219
    outer loop
      vertex 8.01318 59.4318 14.9
      vertex 29.7132 60.0682 16.9
      vertex 7.37682 60.0682 16.9
    endloop
  endfacet
  facet normal 0 -0.952921 0.303219
    outer loop
      vertex 29.7132 60.0682 16.9
      vertex 8.01318 59.4318 14.9
      vertex 29.0768 59.4318 14.9
    endloop
  endfacet
  facet normal 0.952926 0 0.303202
    outer loop
      vertex 7.37682 60.0682 16.9
      vertex 8.01318 13.3682 14.9
      vertex 8.01318 59.4318 14.9
    endloop
  endfacet
  facet normal 0.952926 0 0.303202
    outer loop
      vertex 8.01318 13.3682 14.9
      vertex 7.37682 60.0682 16.9
      vertex 7.37682 12.7318 16.9
    endloop
  endfacet
  facet normal -0.952921 0 0.303219
    outer loop
      vertex 29.0768 13.3682 14.9
      vertex 29.7132 60.0682 16.9
      vertex 29.0768 59.4318 14.9
    endloop
  endfacet
  facet normal -0.952921 0 0.303219
    outer loop
      vertex 29.7132 60.0682 16.9
      vertex 29.0768 13.3682 14.9
      vertex 29.7132 12.7318 16.9
    endloop
  endfacet
  facet normal -0.442286 0.896874 0
    outer loop
      vertex 8.91359 7.23453 16.3
      vertex 8.65549 7.10725 16.9
      vertex 8.91359 7.23453 16.9
    endloop
  endfacet
  facet normal -0.442286 0.896874 0
    outer loop
      vertex 8.65549 7.10725 16.9
      vertex 8.91359 7.23453 16.3
      vertex 8.65549 7.10725 16.3
    endloop
  endfacet
  facet normal -0.997862 -0.0653635 0
    outer loop
      vertex 7.57431 4.91484 16.3
      vertex 7.5555 5.202 16.9
      vertex 7.5555 5.202 16.3
    endloop
  endfacet
  facet normal -0.997862 -0.0653635 0
    outer loop
      vertex 7.5555 5.202 16.9
      vertex 7.57431 4.91484 16.3
      vertex 7.57431 4.91484 16.9
    endloop
  endfacet
  facet normal -0.980782 -0.195107 0
    outer loop
      vertex 7.63046 4.63258 16.3
      vertex 7.57431 4.91484 16.9
      vertex 7.57431 4.91484 16.3
    endloop
  endfacet
  facet normal -0.980782 -0.195107 0
    outer loop
      vertex 7.57431 4.91484 16.9
      vertex 7.63046 4.63258 16.3
      vertex 7.63046 4.63258 16.9
    endloop
  endfacet
  facet normal -0.442286 -0.896874 0
    outer loop
      vertex 8.65549 3.29674 16.3
      vertex 8.91359 3.16946 16.9
      vertex 8.65549 3.29674 16.9
    endloop
  endfacet
  facet normal -0.442286 -0.896874 -0
    outer loop
      vertex 8.91359 3.16946 16.9
      vertex 8.65549 3.29674 16.3
      vertex 8.91359 3.16946 16.3
    endloop
  endfacet
  facet normal -0.555566 -0.831472 0
    outer loop
      vertex 8.41621 3.45662 16.3
      vertex 8.65549 3.29674 16.9
      vertex 8.41621 3.45662 16.9
    endloop
  endfacet
  facet normal -0.555566 -0.831472 -0
    outer loop
      vertex 8.65549 3.29674 16.9
      vertex 8.41621 3.45662 16.3
      vertex 8.65549 3.29674 16.3
    endloop
  endfacet
  facet normal 0 -1 0
    outer loop
      vertex 9.75549 3.002 16.3
      vertex 17.5 3.002 16.9
      vertex 9.75549 3.002 16.9
    endloop
  endfacet
  facet normal 0 -1 -0
    outer loop
      vertex 17.5 3.002 16.9
      vertex 9.75549 3.002 16.3
      vertex 17.5 3.002 16.3
    endloop
  endfacet
  facet normal 0 1 -0
    outer loop
      vertex 16.5 7.40199 16.3
      vertex 9.75549 7.40199 16.9
      vertex 16.5 7.40199 16.9
    endloop
  endfacet
  facet normal 0 1 0
    outer loop
      vertex 9.75549 7.40199 16.9
      vertex 16.5 7.40199 16.3
      vertex 9.75549 7.40199 16.3
    endloop
  endfacet
  facet normal -0.946935 0.321425 0
    outer loop
      vertex 7.63046 5.77139 16.3
      vertex 7.72296 6.0439 16.9
      vertex 7.72296 6.0439 16.3
    endloop
  endfacet
  facet normal -0.946935 0.321425 0
    outer loop
      vertex 7.72296 6.0439 16.9
      vertex 7.63046 5.77139 16.3
      vertex 7.63046 5.77139 16.9
    endloop
  endfacet
  facet normal -0.659358 0.751829 0
    outer loop
      vertex 8.41621 6.94737 16.3
      vertex 8.19986 6.75763 16.9
      vertex 8.41621 6.94737 16.9
    endloop
  endfacet
  facet normal -0.659358 0.751829 0
    outer loop
      vertex 8.19986 6.75763 16.9
      vertex 8.41621 6.94737 16.3
      vertex 8.19986 6.75763 16.3
    endloop
  endfacet
  facet normal -0.321456 -0.946925 0
    outer loop
      vertex 8.91359 3.16946 16.3
      vertex 9.1861 3.07695 16.9
      vertex 8.91359 3.16946 16.9
    endloop
  endfacet
  facet normal -0.321456 -0.946925 -0
    outer loop
      vertex 9.1861 3.07695 16.9
      vertex 8.91359 3.16946 16.3
      vertex 9.1861 3.07695 16.3
    endloop
  endfacet
  facet normal -0.997861 0.0653657 0
    outer loop
      vertex 7.5555 5.202 16.3
      vertex 7.57431 5.48915 16.9
      vertex 7.57431 5.48915 16.3
    endloop
  endfacet
  facet normal -0.997861 0.0653657 0
    outer loop
      vertex 7.57431 5.48915 16.9
      vertex 7.5555 5.202 16.3
      vertex 7.5555 5.202 16.9
    endloop
  endfacet
  facet normal 0 0 -1
    outer loop
      vertex 16.5 3.002 16.3
      vertex 11.8555 5.202 16.3
      vertex 16.5 7.40199 16.3
    endloop
  endfacet
  facet normal 0 0 -1
    outer loop
      vertex 16.5 3.002 16.3
      vertex 11.8375 4.92789 16.3
      vertex 11.8555 5.202 16.3
    endloop
  endfacet
  facet normal 0 0 -1
    outer loop
      vertex 16.5 3.002 16.3
      vertex 11.7839 4.65848 16.3
      vertex 11.8375 4.92789 16.3
    endloop
  endfacet
  facet normal 0 0 -1
    outer loop
      vertex 16.5 3.002 16.3
      vertex 11.6956 4.39836 16.3
      vertex 11.7839 4.65848 16.3
    endloop
  endfacet
  facet normal 0 0 -1
    outer loop
      vertex 16.5 3.002 16.3
      vertex 11.5742 4.152 16.3
      vertex 11.6956 4.39836 16.3
    endloop
  endfacet
  facet normal 0 0 -1
    outer loop
      vertex 16.5 3.002 16.3
      vertex 11.4215 3.9236 16.3
      vertex 11.5742 4.152 16.3
    endloop
  endfacet
  facet normal 0 0 -1
    outer loop
      vertex 16.5 3.002 16.3
      vertex 11.2404 3.71708 16.3
      vertex 11.4215 3.9236 16.3
    endloop
  endfacet
  facet normal 0 0 -1
    outer loop
      vertex 16.5 3.002 16.3
      vertex 11.0339 3.53596 16.3
      vertex 11.2404 3.71708 16.3
    endloop
  endfacet
  facet normal 0 0 -1
    outer loop
      vertex 16.5 3.002 16.3
      vertex 10.8055 3.38335 16.3
      vertex 11.0339 3.53596 16.3
    endloop
  endfacet
  facet normal 0 0 -1
    outer loop
      vertex 16.5 3.002 16.3
      vertex 10.5591 3.26185 16.3
      vertex 10.8055 3.38335 16.3
    endloop
  endfacet
  facet normal 0 0 -1
    outer loop
      vertex 16.5 3.002 16.3
      vertex 10.299 3.17356 16.3
      vertex 10.5591 3.26185 16.3
    endloop
  endfacet
  facet normal 0 0 -1
    outer loop
      vertex 9.75549 3.002 16.3
      vertex 10.299 3.17356 16.3
      vertex 16.5 3.002 16.3
    endloop
  endfacet
  facet normal 0 0 -1
    outer loop
      vertex 10.299 3.17356 16.3
      vertex 9.75549 3.002 16.3
      vertex 10.0296 3.11997 16.3
    endloop
  endfacet
  facet normal 0 0 0
    outer loop
      vertex 9.75549 3.002 16.3
      vertex 16.5 3.002 16.3
      vertex 17.5 3.002 16.3
    endloop
  endfacet
  facet normal 0 0 -1
    outer loop
      vertex 10.0296 3.11997 16.3
      vertex 9.75549 3.002 16.3
      vertex 9.7555 3.102 16.3
    endloop
  endfacet
  facet normal 0 0 -1
    outer loop
      vertex 9.75549 3.002 16.3
      vertex 9.48139 3.11997 16.3
      vertex 9.7555 3.102 16.3
    endloop
  endfacet
  facet normal 0 0 -1
    outer loop
      vertex 9.46834 3.02081 16.3
      vertex 9.48139 3.11997 16.3
      vertex 9.75549 3.002 16.3
    endloop
  endfacet
  facet normal 0 0 -1
    outer loop
      vertex 9.46834 3.02081 16.3
      vertex 9.21198 3.17356 16.3
      vertex 9.48139 3.11997 16.3
    endloop
  endfacet
  facet normal 0 0 -1
    outer loop
      vertex 9.1861 3.07695 16.3
      vertex 9.21198 3.17356 16.3
      vertex 9.46834 3.02081 16.3
    endloop
  endfacet
  facet normal 0 0 -1
    outer loop
      vertex 9.1861 3.07695 16.3
      vertex 8.95186 3.26185 16.3
      vertex 9.21198 3.17356 16.3
    endloop
  endfacet
  facet normal 0 0 -1
    outer loop
      vertex 8.91359 3.16946 16.3
      vertex 8.95186 3.26185 16.3
      vertex 9.1861 3.07695 16.3
    endloop
  endfacet
  facet normal 0 0 -1
    outer loop
      vertex 8.91359 3.16946 16.3
      vertex 8.7055 3.38335 16.3
      vertex 8.95186 3.26185 16.3
    endloop
  endfacet
  facet normal 0 0 -1
    outer loop
      vertex 8.65549 3.29674 16.3
      vertex 8.7055 3.38335 16.3
      vertex 8.91359 3.16946 16.3
    endloop
  endfacet
  facet normal 0 0 -1
    outer loop
      vertex 8.65549 3.29674 16.3
      vertex 8.4771 3.53596 16.3
      vertex 8.7055 3.38335 16.3
    endloop
  endfacet
  facet normal 0 0 -1
    outer loop
      vertex 8.41621 3.45662 16.3
      vertex 8.4771 3.53596 16.3
      vertex 8.65549 3.29674 16.3
    endloop
  endfacet
  facet normal 0 0 -1
    outer loop
      vertex 8.41621 3.45662 16.3
      vertex 8.27058 3.71708 16.3
      vertex 8.4771 3.53596 16.3
    endloop
  endfacet
  facet normal 0 0 -1
    outer loop
      vertex 8.19986 3.64636 16.3
      vertex 8.27058 3.71708 16.3
      vertex 8.41621 3.45662 16.3
    endloop
  endfacet
  facet normal 0 0 -1
    outer loop
      vertex 8.19986 3.64636 16.3
      vertex 8.08946 3.9236 16.3
      vertex 8.27058 3.71708 16.3
    endloop
  endfacet
  facet normal 0 0 -1
    outer loop
      vertex 8.01012 3.86272 16.3
      vertex 8.08946 3.9236 16.3
      vertex 8.19986 3.64636 16.3
    endloop
  endfacet
  facet normal 0 0 -1
    outer loop
      vertex 8.01012 3.86272 16.3
      vertex 7.93685 4.152 16.3
      vertex 8.08946 3.9236 16.3
    endloop
  endfacet
  facet normal 0 0 -1
    outer loop
      vertex 7.85023 4.10199 16.3
      vertex 7.93685 4.152 16.3
      vertex 8.01012 3.86272 16.3
    endloop
  endfacet
  facet normal 0 0 -1
    outer loop
      vertex 7.85023 4.10199 16.3
      vertex 7.81535 4.39836 16.3
      vertex 7.93685 4.152 16.3
    endloop
  endfacet
  facet normal 0 0 -1
    outer loop
      vertex 7.72296 4.36009 16.3
      vertex 7.81535 4.39836 16.3
      vertex 7.85023 4.10199 16.3
    endloop
  endfacet
  facet normal -0 0 -1
    outer loop
      vertex 7.81535 4.39836 16.3
      vertex 7.72296 4.36009 16.3
      vertex 7.72706 4.65848 16.3
    endloop
  endfacet
  facet normal 0 0 -1
    outer loop
      vertex 7.63046 4.63258 16.3
      vertex 7.72706 4.65848 16.3
      vertex 7.72296 4.36009 16.3
    endloop
  endfacet
  facet normal 0 0 -1
    outer loop
      vertex 7.57431 4.91484 16.3
      vertex 7.67347 4.92789 16.3
      vertex 7.63046 4.63258 16.3
    endloop
  endfacet
  facet normal -0 0 -1
    outer loop
      vertex 7.72706 4.65848 16.3
      vertex 7.63046 4.63258 16.3
      vertex 7.67347 4.92789 16.3
    endloop
  endfacet
  facet normal 0 0 -1
    outer loop
      vertex 11.8375 5.4761 16.3
      vertex 16.5 7.40199 16.3
      vertex 11.8555 5.202 16.3
    endloop
  endfacet
  facet normal 0 0 -1
    outer loop
      vertex 11.7839 5.74552 16.3
      vertex 16.5 7.40199 16.3
      vertex 11.8375 5.4761 16.3
    endloop
  endfacet
  facet normal 0 0 -1
    outer loop
      vertex 11.6956 6.00563 16.3
      vertex 16.5 7.40199 16.3
      vertex 11.7839 5.74552 16.3
    endloop
  endfacet
  facet normal 0 0 -1
    outer loop
      vertex 11.5742 6.252 16.3
      vertex 16.5 7.40199 16.3
      vertex 11.6956 6.00563 16.3
    endloop
  endfacet
  facet normal 0 0 -1
    outer loop
      vertex 11.4215 6.4804 16.3
      vertex 16.5 7.40199 16.3
      vertex 11.5742 6.252 16.3
    endloop
  endfacet
  facet normal 0 0 -1
    outer loop
      vertex 11.2404 6.68692 16.3
      vertex 16.5 7.40199 16.3
      vertex 11.4215 6.4804 16.3
    endloop
  endfacet
  facet normal 0 0 -1
    outer loop
      vertex 11.0339 6.86804 16.3
      vertex 16.5 7.40199 16.3
      vertex 11.2404 6.68692 16.3
    endloop
  endfacet
  facet normal 0 0 -1
    outer loop
      vertex 10.8055 7.02065 16.3
      vertex 16.5 7.40199 16.3
      vertex 11.0339 6.86804 16.3
    endloop
  endfacet
  facet normal 0 0 -1
    outer loop
      vertex 10.5591 7.14215 16.3
      vertex 16.5 7.40199 16.3
      vertex 10.8055 7.02065 16.3
    endloop
  endfacet
  facet normal 0 0 -1
    outer loop
      vertex 10.299 7.23044 16.3
      vertex 16.5 7.40199 16.3
      vertex 10.5591 7.14215 16.3
    endloop
  endfacet
  facet normal 0 0 -1
    outer loop
      vertex 9.75549 7.40199 16.3
      vertex 10.299 7.23044 16.3
      vertex 10.0296 7.28403 16.3
    endloop
  endfacet
  facet normal 0 0 -1
    outer loop
      vertex 9.75549 7.40199 16.3
      vertex 10.0296 7.28403 16.3
      vertex 9.7555 7.302 16.3
    endloop
  endfacet
  facet normal 0 0 -1
    outer loop
      vertex 10.299 7.23044 16.3
      vertex 9.75549 7.40199 16.3
      vertex 16.5 7.40199 16.3
    endloop
  endfacet
  facet normal 0 0 -1
    outer loop
      vertex 9.48139 7.28403 16.3
      vertex 9.75549 7.40199 16.3
      vertex 9.7555 7.302 16.3
    endloop
  endfacet
  facet normal 0 0 -1
    outer loop
      vertex 9.48139 7.28403 16.3
      vertex 9.46834 7.38316 16.3
      vertex 9.75549 7.40199 16.3
    endloop
  endfacet
  facet normal 0 0 -1
    outer loop
      vertex 9.21198 7.23044 16.3
      vertex 9.46834 7.38316 16.3
      vertex 9.48139 7.28403 16.3
    endloop
  endfacet
  facet normal 0 0 -1
    outer loop
      vertex 9.21198 7.23044 16.3
      vertex 9.1861 7.32703 16.3
      vertex 9.46834 7.38316 16.3
    endloop
  endfacet
  facet normal 0 0 -1
    outer loop
      vertex 8.95186 7.14215 16.3
      vertex 9.1861 7.32703 16.3
      vertex 9.21198 7.23044 16.3
    endloop
  endfacet
  facet normal 0 0 -1
    outer loop
      vertex 8.95186 7.14215 16.3
      vertex 8.91359 7.23453 16.3
      vertex 9.1861 7.32703 16.3
    endloop
  endfacet
  facet normal 0 0 -1
    outer loop
      vertex 8.7055 7.02065 16.3
      vertex 8.91359 7.23453 16.3
      vertex 8.95186 7.14215 16.3
    endloop
  endfacet
  facet normal 0 0 -1
    outer loop
      vertex 8.7055 7.02065 16.3
      vertex 8.65549 7.10725 16.3
      vertex 8.91359 7.23453 16.3
    endloop
  endfacet
  facet normal 0 0 -1
    outer loop
      vertex 8.4771 6.86804 16.3
      vertex 8.65549 7.10725 16.3
      vertex 8.7055 7.02065 16.3
    endloop
  endfacet
  facet normal 0 0 -1
    outer loop
      vertex 8.4771 6.86804 16.3
      vertex 8.41621 6.94737 16.3
      vertex 8.65549 7.10725 16.3
    endloop
  endfacet
  facet normal 0 0 -1
    outer loop
      vertex 8.27058 6.68692 16.3
      vertex 8.41621 6.94737 16.3
      vertex 8.4771 6.86804 16.3
    endloop
  endfacet
  facet normal 0 0 -1
    outer loop
      vertex 8.27058 6.68692 16.3
      vertex 8.19986 6.75763 16.3
      vertex 8.41621 6.94737 16.3
    endloop
  endfacet
  facet normal 0 0 -1
    outer loop
      vertex 8.08946 6.4804 16.3
      vertex 8.19986 6.75763 16.3
      vertex 8.27058 6.68692 16.3
    endloop
  endfacet
  facet normal 0 0 -1
    outer loop
      vertex 8.08946 6.4804 16.3
      vertex 8.01012 6.54128 16.3
      vertex 8.19986 6.75763 16.3
    endloop
  endfacet
  facet normal 0 0 -1
    outer loop
      vertex 7.93685 6.252 16.3
      vertex 8.01012 6.54128 16.3
      vertex 8.08946 6.4804 16.3
    endloop
  endfacet
  facet normal 0 0 -1
    outer loop
      vertex 7.93685 6.252 16.3
      vertex 7.85023 6.30199 16.3
      vertex 8.01012 6.54128 16.3
    endloop
  endfacet
  facet normal 0 0 -1
    outer loop
      vertex 7.81535 6.00563 16.3
      vertex 7.85023 6.30199 16.3
      vertex 7.93685 6.252 16.3
    endloop
  endfacet
  facet normal 0 0 -1
    outer loop
      vertex 7.72296 6.0439 16.3
      vertex 7.81535 6.00563 16.3
      vertex 7.72706 5.74552 16.3
    endloop
  endfacet
  facet normal 0 0 -1
    outer loop
      vertex 7.81535 6.00563 16.3
      vertex 7.72296 6.0439 16.3
      vertex 7.85023 6.30199 16.3
    endloop
  endfacet
  facet normal 0 0 -1
    outer loop
      vertex 7.63046 5.77139 16.3
      vertex 7.72706 5.74552 16.3
      vertex 7.67347 5.4761 16.3
    endloop
  endfacet
  facet normal 0 0 -1
    outer loop
      vertex 7.72706 5.74552 16.3
      vertex 7.63046 5.77139 16.3
      vertex 7.72296 6.0439 16.3
    endloop
  endfacet
  facet normal 0 0 -1
    outer loop
      vertex 7.57431 5.48915 16.3
      vertex 7.67347 5.4761 16.3
      vertex 7.6555 5.202 16.3
    endloop
  endfacet
  facet normal -0 0 -1
    outer loop
      vertex 7.67347 4.92789 16.3
      vertex 7.57431 4.91484 16.3
      vertex 7.6555 5.202 16.3
    endloop
  endfacet
  facet normal 0 0 -1
    outer loop
      vertex 7.5555 5.202 16.3
      vertex 7.6555 5.202 16.3
      vertex 7.57431 4.91484 16.3
    endloop
  endfacet
  facet normal 0 0 -1
    outer loop
      vertex 7.67347 5.4761 16.3
      vertex 7.57431 5.48915 16.3
      vertex 7.63046 5.77139 16.3
    endloop
  endfacet
  facet normal 0 0 -1
    outer loop
      vertex 7.6555 5.202 16.3
      vertex 7.5555 5.202 16.3
      vertex 7.57431 5.48915 16.3
    endloop
  endfacet
  facet normal -0.555566 0.831472 0
    outer loop
      vertex 8.65549 7.10725 16.3
      vertex 8.41621 6.94737 16.9
      vertex 8.65549 7.10725 16.9
    endloop
  endfacet
  facet normal -0.555566 0.831472 0
    outer loop
      vertex 8.41621 6.94737 16.9
      vertex 8.65549 7.10725 16.3
      vertex 8.41621 6.94737 16.3
    endloop
  endfacet
  facet normal -0.0653657 -0.997861 0
    outer loop
      vertex 9.46834 3.02081 16.3
      vertex 9.75549 3.002 16.9
      vertex 9.46834 3.02081 16.9
    endloop
  endfacet
  facet normal -0.0653657 -0.997861 -0
    outer loop
      vertex 9.75549 3.002 16.9
      vertex 9.46834 3.02081 16.3
      vertex 9.75549 3.002 16.3
    endloop
  endfacet
  facet normal -0.195087 -0.980786 0
    outer loop
      vertex 9.1861 3.07695 16.3
      vertex 9.46834 3.02081 16.9
      vertex 9.1861 3.07695 16.9
    endloop
  endfacet
  facet normal -0.195087 -0.980786 -0
    outer loop
      vertex 9.46834 3.02081 16.9
      vertex 9.1861 3.07695 16.3
      vertex 9.46834 3.02081 16.3
    endloop
  endfacet
  facet normal -0.896888 -0.442258 0
    outer loop
      vertex 7.85023 4.10199 16.3
      vertex 7.72296 4.36009 16.9
      vertex 7.72296 4.36009 16.3
    endloop
  endfacet
  facet normal -0.896888 -0.442258 0
    outer loop
      vertex 7.72296 4.36009 16.9
      vertex 7.85023 4.10199 16.3
      vertex 7.85023 4.10199 16.9
    endloop
  endfacet
  facet normal -0.946928 -0.321446 0
    outer loop
      vertex 7.72296 4.36009 16.3
      vertex 7.63046 4.63258 16.9
      vertex 7.63046 4.63258 16.3
    endloop
  endfacet
  facet normal -0.946928 -0.321446 0
    outer loop
      vertex 7.63046 4.63258 16.9
      vertex 7.72296 4.36009 16.3
      vertex 7.72296 4.36009 16.9
    endloop
  endfacet
  facet normal -0.751844 -0.659341 0
    outer loop
      vertex 8.19986 3.64636 16.3
      vertex 8.01012 3.86272 16.9
      vertex 8.01012 3.86272 16.3
    endloop
  endfacet
  facet normal -0.751844 -0.659341 0
    outer loop
      vertex 8.01012 3.86272 16.9
      vertex 8.19986 3.64636 16.3
      vertex 8.19986 3.64636 16.9
    endloop
  endfacet
  facet normal -0.751829 0.659358 0
    outer loop
      vertex 8.01012 6.54128 16.3
      vertex 8.19986 6.75763 16.9
      vertex 8.19986 6.75763 16.3
    endloop
  endfacet
  facet normal -0.751829 0.659358 0
    outer loop
      vertex 8.19986 6.75763 16.9
      vertex 8.01012 6.54128 16.3
      vertex 8.01012 6.54128 16.9
    endloop
  endfacet
  facet normal -0.321425 0.946935 0
    outer loop
      vertex 9.1861 7.32703 16.3
      vertex 8.91359 7.23453 16.9
      vertex 9.1861 7.32703 16.9
    endloop
  endfacet
  facet normal -0.321425 0.946935 0
    outer loop
      vertex 8.91359 7.23453 16.9
      vertex 9.1861 7.32703 16.3
      vertex 8.91359 7.23453 16.3
    endloop
  endfacet
  facet normal -0.195053 0.980793 0
    outer loop
      vertex 9.46834 7.38316 16.3
      vertex 9.1861 7.32703 16.9
      vertex 9.46834 7.38316 16.9
    endloop
  endfacet
  facet normal -0.195053 0.980793 0
    outer loop
      vertex 9.1861 7.32703 16.9
      vertex 9.46834 7.38316 16.3
      vertex 9.1861 7.32703 16.3
    endloop
  endfacet
  facet normal -0.831467 0.555574 0
    outer loop
      vertex 7.85023 6.30199 16.3
      vertex 8.01012 6.54128 16.9
      vertex 8.01012 6.54128 16.3
    endloop
  endfacet
  facet normal -0.831467 0.555574 0
    outer loop
      vertex 8.01012 6.54128 16.9
      vertex 7.85023 6.30199 16.3
      vertex 7.85023 6.30199 16.9
    endloop
  endfacet
  facet normal -0.831446 -0.555606 0
    outer loop
      vertex 8.01012 3.86272 16.3
      vertex 7.85023 4.10199 16.9
      vertex 7.85023 4.10199 16.3
    endloop
  endfacet
  facet normal -0.831446 -0.555606 0
    outer loop
      vertex 7.85023 4.10199 16.9
      vertex 8.01012 3.86272 16.3
      vertex 8.01012 3.86272 16.9
    endloop
  endfacet
  facet normal -0.659358 -0.751829 0
    outer loop
      vertex 8.19986 3.64636 16.3
      vertex 8.41621 3.45662 16.9
      vertex 8.19986 3.64636 16.9
    endloop
  endfacet
  facet normal -0.659358 -0.751829 -0
    outer loop
      vertex 8.41621 3.45662 16.9
      vertex 8.19986 3.64636 16.3
      vertex 8.41621 3.45662 16.3
    endloop
  endfacet
  facet normal -0.0654349 0.997857 0
    outer loop
      vertex 9.75549 7.40199 16.3
      vertex 9.46834 7.38316 16.9
      vertex 9.75549 7.40199 16.9
    endloop
  endfacet
  facet normal -0.0654349 0.997857 0
    outer loop
      vertex 9.46834 7.38316 16.9
      vertex 9.75549 7.40199 16.3
      vertex 9.46834 7.38316 16.3
    endloop
  endfacet
  facet normal -0.896881 0.442272 0
    outer loop
      vertex 7.72296 6.0439 16.3
      vertex 7.85023 6.30199 16.9
      vertex 7.85023 6.30199 16.3
    endloop
  endfacet
  facet normal -0.896881 0.442272 0
    outer loop
      vertex 7.85023 6.30199 16.9
      vertex 7.72296 6.0439 16.3
      vertex 7.72296 6.0439 16.9
    endloop
  endfacet
  facet normal -0.980779 0.19512 0
    outer loop
      vertex 7.57431 5.48915 16.3
      vertex 7.63046 5.77139 16.9
      vertex 7.63046 5.77139 16.3
    endloop
  endfacet
  facet normal -0.980779 0.19512 0
    outer loop
      vertex 7.63046 5.77139 16.9
      vertex 7.57431 5.48915 16.3
      vertex 7.57431 5.48915 16.9
    endloop
  endfacet
  facet normal 0.0654196 0.997858 -0
    outer loop
      vertex 10.0296 7.28403 14.9
      vertex 9.7555 7.302 16.3
      vertex 10.0296 7.28403 16.3
    endloop
  endfacet
  facet normal 0.0654196 0.997858 0
    outer loop
      vertex 9.7555 7.302 16.3
      vertex 10.0296 7.28403 14.9
      vertex 9.7555 7.302 14.9
    endloop
  endfacet
  facet normal 0.980779 0.195122 0
    outer loop
      vertex 11.8375 5.4761 16.3
      vertex 11.7839 5.74552 14.9
      vertex 11.7839 5.74552 16.3
    endloop
  endfacet
  facet normal 0.980779 0.195122 0
    outer loop
      vertex 11.7839 5.74552 14.9
      vertex 11.8375 5.4761 16.3
      vertex 11.8375 5.4761 14.9
    endloop
  endfacet
  facet normal 0.997851 0.0655283 0
    outer loop
      vertex 11.8555 5.202 16.3
      vertex 11.8375 5.4761 14.9
      vertex 11.8375 5.4761 16.3
    endloop
  endfacet
  facet normal 0.997851 0.0655283 0
    outer loop
      vertex 11.8375 5.4761 14.9
      vertex 11.8555 5.202 16.3
      vertex 11.8555 5.202 14.9
    endloop
  endfacet
  facet normal -0.442314 -0.89686 0
    outer loop
      vertex 8.7055 3.38335 14.9
      vertex 8.95186 3.26185 16.3
      vertex 8.7055 3.38335 16.3
    endloop
  endfacet
  facet normal -0.442314 -0.89686 -0
    outer loop
      vertex 8.95186 3.26185 16.3
      vertex 8.7055 3.38335 14.9
      vertex 8.95186 3.26185 14.9
    endloop
  endfacet
  facet normal -0.751827 0.65936 0
    outer loop
      vertex 8.08946 6.4804 14.9
      vertex 8.27058 6.68692 16.3
      vertex 8.27058 6.68692 14.9
    endloop
  endfacet
  facet normal -0.751827 0.65936 0
    outer loop
      vertex 8.27058 6.68692 16.3
      vertex 8.08946 6.4804 14.9
      vertex 8.08946 6.4804 16.3
    endloop
  endfacet
  facet normal 0.980778 -0.195129 0
    outer loop
      vertex 11.7839 4.65848 16.3
      vertex 11.8375 4.92789 14.9
      vertex 11.8375 4.92789 16.3
    endloop
  endfacet
  facet normal 0.980778 -0.195129 0
    outer loop
      vertex 11.8375 4.92789 14.9
      vertex 11.7839 4.65848 16.3
      vertex 11.7839 4.65848 14.9
    endloop
  endfacet
  facet normal 0.321433 0.946932 -0
    outer loop
      vertex 10.5591 7.14215 14.9
      vertex 10.299 7.23044 16.3
      vertex 10.5591 7.14215 16.3
    endloop
  endfacet
  facet normal 0.321433 0.946932 0
    outer loop
      vertex 10.299 7.23044 16.3
      vertex 10.5591 7.14215 14.9
      vertex 10.299 7.23044 14.9
    endloop
  endfacet
  facet normal -0.980785 -0.195094 0
    outer loop
      vertex 7.72706 4.65848 14.9
      vertex 7.67347 4.92789 16.3
      vertex 7.67347 4.92789 14.9
    endloop
  endfacet
  facet normal -0.980785 -0.195094 0
    outer loop
      vertex 7.67347 4.92789 16.3
      vertex 7.72706 4.65848 14.9
      vertex 7.72706 4.65848 16.3
    endloop
  endfacet
  facet normal 0.659396 -0.751796 0
    outer loop
      vertex 11.0339 3.53596 14.9
      vertex 11.2404 3.71708 16.3
      vertex 11.0339 3.53596 16.3
    endloop
  endfacet
  facet normal 0.659396 -0.751796 0
    outer loop
      vertex 11.2404 3.71708 16.3
      vertex 11.0339 3.53596 14.9
      vertex 11.2404 3.71708 14.9
    endloop
  endfacet
  facet normal 0.897012 0.442007 0
    outer loop
      vertex 11.6956 6.00563 16.3
      vertex 11.5742 6.252 14.9
      vertex 11.5742 6.252 16.3
    endloop
  endfacet
  facet normal 0.897012 0.442007 0
    outer loop
      vertex 11.5742 6.252 14.9
      vertex 11.6956 6.00563 16.3
      vertex 11.6956 6.00563 14.9
    endloop
  endfacet
  facet normal -0.442314 0.89686 0
    outer loop
      vertex 8.95186 7.14215 14.9
      vertex 8.7055 7.02065 16.3
      vertex 8.95186 7.14215 16.3
    endloop
  endfacet
  facet normal -0.442314 0.89686 0
    outer loop
      vertex 8.7055 7.02065 16.3
      vertex 8.95186 7.14215 14.9
      vertex 8.7055 7.02065 14.9
    endloop
  endfacet
  facet normal 0.321433 -0.946932 0
    outer loop
      vertex 10.299 3.17356 14.9
      vertex 10.5591 3.26185 16.3
      vertex 10.299 3.17356 16.3
    endloop
  endfacet
  facet normal 0.321433 -0.946932 0
    outer loop
      vertex 10.5591 3.26185 16.3
      vertex 10.299 3.17356 14.9
      vertex 10.5591 3.26185 14.9
    endloop
  endfacet
  facet normal -0.65936 0.751827 0
    outer loop
      vertex 8.4771 6.86804 14.9
      vertex 8.27058 6.68692 16.3
      vertex 8.4771 6.86804 16.3
    endloop
  endfacet
  facet normal -0.65936 0.751827 0
    outer loop
      vertex 8.27058 6.68692 16.3
      vertex 8.4771 6.86804 14.9
      vertex 8.27058 6.68692 14.9
    endloop
  endfacet
  facet normal -0.321411 0.94694 0
    outer loop
      vertex 9.21198 7.23044 14.9
      vertex 8.95186 7.14215 16.3
      vertex 9.21198 7.23044 16.3
    endloop
  endfacet
  facet normal -0.321411 0.94694 0
    outer loop
      vertex 8.95186 7.14215 16.3
      vertex 9.21198 7.23044 14.9
      vertex 8.95186 7.14215 14.9
    endloop
  endfacet
  facet normal 0.442256 -0.896889 0
    outer loop
      vertex 10.5591 3.26185 14.9
      vertex 10.8055 3.38335 16.3
      vertex 10.5591 3.26185 16.3
    endloop
  endfacet
  facet normal 0.442256 -0.896889 0
    outer loop
      vertex 10.8055 3.38335 16.3
      vertex 10.5591 3.26185 14.9
      vertex 10.8055 3.38335 14.9
    endloop
  endfacet
  facet normal 0.195101 -0.980783 0
    outer loop
      vertex 10.0296 3.11997 14.9
      vertex 10.299 3.17356 16.3
      vertex 10.0296 3.11997 16.3
    endloop
  endfacet
  facet normal 0.195101 -0.980783 0
    outer loop
      vertex 10.299 3.17356 16.3
      vertex 10.0296 3.11997 14.9
      vertex 10.299 3.17356 14.9
    endloop
  endfacet
  facet normal -0.997858 0.0654196 0
    outer loop
      vertex 7.6555 5.202 14.9
      vertex 7.67347 5.4761 16.3
      vertex 7.67347 5.4761 14.9
    endloop
  endfacet
  facet normal -0.997858 0.0654196 0
    outer loop
      vertex 7.67347 5.4761 16.3
      vertex 7.6555 5.202 14.9
      vertex 7.6555 5.202 16.3
    endloop
  endfacet
  facet normal -0.831473 -0.555565 0
    outer loop
      vertex 8.08946 3.9236 14.9
      vertex 7.93685 4.152 16.3
      vertex 7.93685 4.152 14.9
    endloop
  endfacet
  facet normal -0.831473 -0.555565 0
    outer loop
      vertex 7.93685 4.152 16.3
      vertex 8.08946 3.9236 14.9
      vertex 8.08946 3.9236 16.3
    endloop
  endfacet
  facet normal 0.0654196 -0.997858 0
    outer loop
      vertex 9.7555 3.102 14.9
      vertex 10.0296 3.11997 16.3
      vertex 9.7555 3.102 16.3
    endloop
  endfacet
  facet normal 0.0654196 -0.997858 0
    outer loop
      vertex 10.0296 3.11997 16.3
      vertex 9.7555 3.102 14.9
      vertex 10.0296 3.11997 14.9
    endloop
  endfacet
  facet normal -0.65936 -0.751827 0
    outer loop
      vertex 8.27058 3.71708 14.9
      vertex 8.4771 3.53596 16.3
      vertex 8.27058 3.71708 16.3
    endloop
  endfacet
  facet normal -0.65936 -0.751827 -0
    outer loop
      vertex 8.4771 3.53596 16.3
      vertex 8.27058 3.71708 14.9
      vertex 8.4771 3.53596 14.9
    endloop
  endfacet
  facet normal -0.555565 0.831473 0
    outer loop
      vertex 8.7055 7.02065 14.9
      vertex 8.4771 6.86804 16.3
      vertex 8.7055 7.02065 16.3
    endloop
  endfacet
  facet normal -0.555565 0.831473 0
    outer loop
      vertex 8.4771 6.86804 16.3
      vertex 8.7055 7.02065 14.9
      vertex 8.4771 6.86804 14.9
    endloop
  endfacet
  facet normal 0.946929 -0.321443 0
    outer loop
      vertex 11.6956 4.39836 16.3
      vertex 11.7839 4.65848 14.9
      vertex 11.7839 4.65848 16.3
    endloop
  endfacet
  facet normal 0.946929 -0.321443 0
    outer loop
      vertex 11.7839 4.65848 14.9
      vertex 11.6956 4.39836 16.3
      vertex 11.6956 4.39836 14.9
    endloop
  endfacet
  facet normal -0.94694 -0.321411 0
    outer loop
      vertex 7.81535 4.39836 14.9
      vertex 7.72706 4.65848 16.3
      vertex 7.72706 4.65848 14.9
    endloop
  endfacet
  facet normal -0.94694 -0.321411 0
    outer loop
      vertex 7.72706 4.65848 16.3
      vertex 7.81535 4.39836 14.9
      vertex 7.81535 4.39836 16.3
    endloop
  endfacet
  facet normal 0.897005 -0.442021 0
    outer loop
      vertex 11.5742 4.152 16.3
      vertex 11.6956 4.39836 14.9
      vertex 11.6956 4.39836 16.3
    endloop
  endfacet
  facet normal 0.897005 -0.442021 0
    outer loop
      vertex 11.6956 4.39836 14.9
      vertex 11.5742 4.152 16.3
      vertex 11.5742 4.152 14.9
    endloop
  endfacet
  facet normal 0.997851 -0.0655259 0
    outer loop
      vertex 11.8375 4.92789 16.3
      vertex 11.8555 5.202 14.9
      vertex 11.8555 5.202 16.3
    endloop
  endfacet
  facet normal 0.997851 -0.0655259 0
    outer loop
      vertex 11.8555 5.202 14.9
      vertex 11.8375 4.92789 16.3
      vertex 11.8375 4.92789 14.9
    endloop
  endfacet
  facet normal 0.659396 0.751796 -0
    outer loop
      vertex 11.2404 6.68692 14.9
      vertex 11.0339 6.86804 16.3
      vertex 11.2404 6.68692 16.3
    endloop
  endfacet
  facet normal 0.659396 0.751796 0
    outer loop
      vertex 11.0339 6.86804 16.3
      vertex 11.2404 6.68692 14.9
      vertex 11.0339 6.86804 14.9
    endloop
  endfacet
  facet normal -0.195094 0.980785 0
    outer loop
      vertex 9.48139 7.28403 14.9
      vertex 9.21198 7.23044 16.3
      vertex 9.48139 7.28403 16.3
    endloop
  endfacet
  facet normal -0.195094 0.980785 0
    outer loop
      vertex 9.21198 7.23044 16.3
      vertex 9.48139 7.28403 14.9
      vertex 9.21198 7.23044 14.9
    endloop
  endfacet
  facet normal 0.555565 0.831473 -0
    outer loop
      vertex 11.0339 6.86804 14.9
      vertex 10.8055 7.02065 16.3
      vertex 11.0339 6.86804 16.3
    endloop
  endfacet
  facet normal 0.555565 0.831473 0
    outer loop
      vertex 10.8055 7.02065 16.3
      vertex 11.0339 6.86804 14.9
      vertex 10.8055 7.02065 14.9
    endloop
  endfacet
  facet normal 0.831322 0.555792 0
    outer loop
      vertex 11.5742 6.252 16.3
      vertex 11.4215 6.4804 14.9
      vertex 11.4215 6.4804 16.3
    endloop
  endfacet
  facet normal 0.831322 0.555792 0
    outer loop
      vertex 11.4215 6.4804 14.9
      vertex 11.5742 6.252 16.3
      vertex 11.5742 6.252 14.9
    endloop
  endfacet
  facet normal 0.555565 -0.831473 0
    outer loop
      vertex 10.8055 3.38335 14.9
      vertex 11.0339 3.53596 16.3
      vertex 10.8055 3.38335 16.3
    endloop
  endfacet
  facet normal 0.555565 -0.831473 0
    outer loop
      vertex 11.0339 3.53596 16.3
      vertex 10.8055 3.38335 14.9
      vertex 11.0339 3.53596 14.9
    endloop
  endfacet
  facet normal -0.89686 -0.442314 0
    outer loop
      vertex 7.93685 4.152 14.9
      vertex 7.81535 4.39836 16.3
      vertex 7.81535 4.39836 14.9
    endloop
  endfacet
  facet normal -0.89686 -0.442314 0
    outer loop
      vertex 7.81535 4.39836 16.3
      vertex 7.93685 4.152 14.9
      vertex 7.93685 4.152 16.3
    endloop
  endfacet
  facet normal -0.555565 -0.831473 0
    outer loop
      vertex 8.4771 3.53596 14.9
      vertex 8.7055 3.38335 16.3
      vertex 8.4771 3.53596 16.3
    endloop
  endfacet
  facet normal -0.555565 -0.831473 -0
    outer loop
      vertex 8.7055 3.38335 16.3
      vertex 8.4771 3.53596 14.9
      vertex 8.7055 3.38335 14.9
    endloop
  endfacet
  facet normal 0.831322 -0.555792 0
    outer loop
      vertex 11.4215 3.9236 16.3
      vertex 11.5742 4.152 14.9
      vertex 11.5742 4.152 16.3
    endloop
  endfacet
  facet normal 0.831322 -0.555792 0
    outer loop
      vertex 11.5742 4.152 14.9
      vertex 11.4215 3.9236 16.3
      vertex 11.4215 3.9236 14.9
    endloop
  endfacet
  facet normal 0.442256 0.896889 -0
    outer loop
      vertex 10.8055 7.02065 14.9
      vertex 10.5591 7.14215 16.3
      vertex 10.8055 7.02065 16.3
    endloop
  endfacet
  facet normal 0.442256 0.896889 0
    outer loop
      vertex 10.5591 7.14215 16.3
      vertex 10.8055 7.02065 14.9
      vertex 10.5591 7.14215 14.9
    endloop
  endfacet
  facet normal -0.946936 0.321422 0
    outer loop
      vertex 7.72706 5.74552 14.9
      vertex 7.81535 6.00563 16.3
      vertex 7.81535 6.00563 14.9
    endloop
  endfacet
  facet normal -0.946936 0.321422 0
    outer loop
      vertex 7.81535 6.00563 16.3
      vertex 7.72706 5.74552 14.9
      vertex 7.72706 5.74552 16.3
    endloop
  endfacet
  facet normal 0.751864 -0.659319 0
    outer loop
      vertex 11.2404 3.71708 16.3
      vertex 11.4215 3.9236 14.9
      vertex 11.4215 3.9236 16.3
    endloop
  endfacet
  facet normal 0.751864 -0.659319 0
    outer loop
      vertex 11.4215 3.9236 14.9
      vertex 11.2404 3.71708 16.3
      vertex 11.2404 3.71708 14.9
    endloop
  endfacet
  facet normal -0.997858 -0.0654172 0
    outer loop
      vertex 7.67347 4.92789 14.9
      vertex 7.6555 5.202 16.3
      vertex 7.6555 5.202 14.9
    endloop
  endfacet
  facet normal -0.997858 -0.0654172 0
    outer loop
      vertex 7.6555 5.202 16.3
      vertex 7.67347 4.92789 14.9
      vertex 7.67347 4.92789 16.3
    endloop
  endfacet
  facet normal 0.195101 0.980783 -0
    outer loop
      vertex 10.299 7.23044 14.9
      vertex 10.0296 7.28403 16.3
      vertex 10.299 7.23044 16.3
    endloop
  endfacet
  facet normal 0.195101 0.980783 0
    outer loop
      vertex 10.0296 7.28403 16.3
      vertex 10.299 7.23044 14.9
      vertex 10.0296 7.28403 14.9
    endloop
  endfacet
  facet normal 0.751864 0.659319 0
    outer loop
      vertex 11.4215 6.4804 16.3
      vertex 11.2404 6.68692 14.9
      vertex 11.2404 6.68692 16.3
    endloop
  endfacet
  facet normal 0.751864 0.659319 0
    outer loop
      vertex 11.2404 6.68692 14.9
      vertex 11.4215 6.4804 16.3
      vertex 11.4215 6.4804 14.9
    endloop
  endfacet
  facet normal 0.946925 0.321454 0
    outer loop
      vertex 11.7839 5.74552 16.3
      vertex 11.6956 6.00563 14.9
      vertex 11.6956 6.00563 16.3
    endloop
  endfacet
  facet normal 0.946925 0.321454 0
    outer loop
      vertex 11.6956 6.00563 14.9
      vertex 11.7839 5.74552 16.3
      vertex 11.7839 5.74552 14.9
    endloop
  endfacet
  facet normal 0 0 -1
    outer loop
      vertex 11.8146 4.94095 14.9
      vertex 11.8555 5.202 14.9
      vertex 11.8375 4.92789 14.9
    endloop
  endfacet
  facet normal 0 0 -1
    outer loop
      vertex 11.8146 5.46305 14.9
      vertex 11.8555 5.202 14.9
      vertex 11.8317 5.202 14.9
    endloop
  endfacet
  facet normal -0 0 -1
    outer loop
      vertex 11.8555 5.202 14.9
      vertex 11.8146 4.94095 14.9
      vertex 11.8317 5.202 14.9
    endloop
  endfacet
  facet normal 0 0 -1
    outer loop
      vertex 11.8375 4.92789 14.9
      vertex 11.8139 4.931 14.9
      vertex 11.8146 4.94095 14.9
    endloop
  endfacet
  facet normal 0 0 -1
    outer loop
      vertex 11.7629 4.67442 14.9
      vertex 11.8375 4.92789 14.9
      vertex 11.7839 4.65848 14.9
    endloop
  endfacet
  facet normal -0 0 -1
    outer loop
      vertex 11.8375 4.92789 14.9
      vertex 11.7629 4.67442 14.9
      vertex 11.8139 4.931 14.9
    endloop
  endfacet
  facet normal 0 0 -1
    outer loop
      vertex 11.7839 4.65848 14.9
      vertex 11.7609 4.66464 14.9
      vertex 11.7629 4.67442 14.9
    endloop
  endfacet
  facet normal -0 0 -1
    outer loop
      vertex 11.7839 4.65848 14.9
      vertex 11.7577 4.6552 14.9
      vertex 11.7609 4.66464 14.9
    endloop
  endfacet
  facet normal 0 0 -1
    outer loop
      vertex 11.6956 4.39836 14.9
      vertex 11.7577 4.6552 14.9
      vertex 11.7839 4.65848 14.9
    endloop
  endfacet
  facet normal 0 0 -1
    outer loop
      vertex 11.6956 4.39836 14.9
      vertex 11.6736 4.40748 14.9
      vertex 11.7577 4.6552 14.9
    endloop
  endfacet
  facet normal 0 0 -1
    outer loop
      vertex 11.6956 4.39836 14.9
      vertex 11.6692 4.39854 14.9
      vertex 11.6736 4.40748 14.9
    endloop
  endfacet
  facet normal 0 0 -1
    outer loop
      vertex 11.5742 4.152 14.9
      vertex 11.6692 4.39854 14.9
      vertex 11.6956 4.39836 14.9
    endloop
  endfacet
  facet normal 0 0 -1
    outer loop
      vertex 11.5742 4.152 14.9
      vertex 11.5535 4.1639 14.9
      vertex 11.6692 4.39854 14.9
    endloop
  endfacet
  facet normal 0 0 -1
    outer loop
      vertex 11.5742 4.152 14.9
      vertex 11.548 4.15562 14.9
      vertex 11.5535 4.1639 14.9
    endloop
  endfacet
  facet normal 0 0 -1
    outer loop
      vertex 11.4215 3.9236 14.9
      vertex 11.548 4.15562 14.9
      vertex 11.5742 4.152 14.9
    endloop
  endfacet
  facet normal 0 0 -1
    outer loop
      vertex 11.4215 3.9236 14.9
      vertex 11.4027 3.93809 14.9
      vertex 11.548 4.15562 14.9
    endloop
  endfacet
  facet normal 0 0 -1
    outer loop
      vertex 11.2302 3.7414 14.9
      vertex 11.4215 3.9236 14.9
      vertex 11.2404 3.71708 14.9
    endloop
  endfacet
  facet normal -0 0 -1
    outer loop
      vertex 11.4215 3.9236 14.9
      vertex 11.2302 3.7414 14.9
      vertex 11.4027 3.93809 14.9
    endloop
  endfacet
  facet normal 0 0 -1
    outer loop
      vertex 11.2404 3.71708 14.9
      vertex 11.2236 3.73391 14.9
      vertex 11.2302 3.7414 14.9
    endloop
  endfacet
  facet normal 0 0 -1
    outer loop
      vertex 11.2404 3.71708 14.9
      vertex 11.2161 3.72734 14.9
      vertex 11.2236 3.73391 14.9
    endloop
  endfacet
  facet normal 0 0 -1
    outer loop
      vertex 11.0339 3.53596 14.9
      vertex 11.2161 3.72734 14.9
      vertex 11.2404 3.71708 14.9
    endloop
  endfacet
  facet normal 0 0 -1
    outer loop
      vertex 11.0339 3.53596 14.9
      vertex 11.0194 3.55485 14.9
      vertex 11.2161 3.72734 14.9
    endloop
  endfacet
  facet normal 0 0 -1
    outer loop
      vertex 11.0339 3.53596 14.9
      vertex 11.0111 3.54931 14.9
      vertex 11.0194 3.55485 14.9
    endloop
  endfacet
  facet normal 0 0 -1
    outer loop
      vertex 10.8055 3.38335 14.9
      vertex 11.0111 3.54931 14.9
      vertex 11.0339 3.53596 14.9
    endloop
  endfacet
  facet normal 0 0 -1
    outer loop
      vertex 10.8055 3.38335 14.9
      vertex 10.7936 3.40397 14.9
      vertex 11.0111 3.54931 14.9
    endloop
  endfacet
  facet normal 0 0 -1
    outer loop
      vertex 10.559 3.28826 14.9
      vertex 10.8055 3.38335 14.9
      vertex 10.5591 3.26185 14.9
    endloop
  endfacet
  facet normal -0 0 -1
    outer loop
      vertex 10.8055 3.38335 14.9
      vertex 10.559 3.28826 14.9
      vertex 10.7936 3.40397 14.9
    endloop
  endfacet
  facet normal 0 0 -1
    outer loop
      vertex 10.5591 3.26185 14.9
      vertex 10.55 3.28385 14.9
      vertex 10.559 3.28826 14.9
    endloop
  endfacet
  facet normal 0 0 -1
    outer loop
      vertex 10.5591 3.26185 14.9
      vertex 10.5406 3.28065 14.9
      vertex 10.55 3.28385 14.9
    endloop
  endfacet
  facet normal 0 0 -1
    outer loop
      vertex 10.299 3.17356 14.9
      vertex 10.5406 3.28065 14.9
      vertex 10.5591 3.26185 14.9
    endloop
  endfacet
  facet normal 0 0 -1
    outer loop
      vertex 10.299 3.17356 14.9
      vertex 10.2929 3.19655 14.9
      vertex 10.5406 3.28065 14.9
    endloop
  endfacet
  facet normal 0 0 -1
    outer loop
      vertex 10.299 3.17356 14.9
      vertex 10.2831 3.19461 14.9
      vertex 10.2929 3.19655 14.9
    endloop
  endfacet
  facet normal 0 0 -1
    outer loop
      vertex 10.0296 3.11997 14.9
      vertex 10.2831 3.19461 14.9
      vertex 10.299 3.17356 14.9
    endloop
  endfacet
  facet normal 0 0 -1
    outer loop
      vertex 10.0296 3.11997 14.9
      vertex 10.0265 3.14357 14.9
      vertex 10.2831 3.19461 14.9
    endloop
  endfacet
  facet normal 0 0 -1
    outer loop
      vertex 10.0296 3.11997 14.9
      vertex 9.76544 3.12646 14.9
      vertex 10.0265 3.14357 14.9
    endloop
  endfacet
  facet normal 0 0 -1
    outer loop
      vertex 9.7555 3.102 14.9
      vertex 9.76544 3.12646 14.9
      vertex 10.0296 3.11997 14.9
    endloop
  endfacet
  facet normal 0 0 -1
    outer loop
      vertex 9.7555 3.102 14.9
      vertex 9.7555 3.12581 14.9
      vertex 9.76544 3.12646 14.9
    endloop
  endfacet
  facet normal 0 0 -1
    outer loop
      vertex 9.7555 3.102 14.9
      vertex 9.74555 3.12646 14.9
      vertex 9.7555 3.12581 14.9
    endloop
  endfacet
  facet normal 0 0 -1
    outer loop
      vertex 9.48139 3.11997 14.9
      vertex 9.74555 3.12646 14.9
      vertex 9.7555 3.102 14.9
    endloop
  endfacet
  facet normal -0 0 -1
    outer loop
      vertex 9.74555 3.12646 14.9
      vertex 9.48139 3.11997 14.9
      vertex 9.4845 3.14357 14.9
    endloop
  endfacet
  facet normal 0 0 -1
    outer loop
      vertex 9.48139 3.11997 14.9
      vertex 9.22792 3.19461 14.9
      vertex 9.4845 3.14357 14.9
    endloop
  endfacet
  facet normal 0 0 -1
    outer loop
      vertex 9.21198 3.17356 14.9
      vertex 9.22792 3.19461 14.9
      vertex 9.48139 3.11997 14.9
    endloop
  endfacet
  facet normal -0 0 -1
    outer loop
      vertex 9.22792 3.19461 14.9
      vertex 9.21198 3.17356 14.9
      vertex 9.21814 3.19655 14.9
    endloop
  endfacet
  facet normal 0 0 -1
    outer loop
      vertex 9.21198 3.17356 14.9
      vertex 8.97041 3.28065 14.9
      vertex 9.21814 3.19655 14.9
    endloop
  endfacet
  facet normal 0 0 -1
    outer loop
      vertex 8.95186 3.26185 14.9
      vertex 8.97041 3.28065 14.9
      vertex 9.21198 3.17356 14.9
    endloop
  endfacet
  facet normal -0 0 -1
    outer loop
      vertex 8.97041 3.28065 14.9
      vertex 8.95186 3.26185 14.9
      vertex 8.96098 3.28385 14.9
    endloop
  endfacet
  facet normal 0 0 -1
    outer loop
      vertex 8.95186 3.26185 14.9
      vertex 8.95204 3.28826 14.9
      vertex 8.96098 3.28385 14.9
    endloop
  endfacet
  facet normal 0 0 -1
    outer loop
      vertex 8.7055 3.38335 14.9
      vertex 8.95204 3.28826 14.9
      vertex 8.95186 3.26185 14.9
    endloop
  endfacet
  facet normal 0 0 -1
    outer loop
      vertex 8.95204 3.28826 14.9
      vertex 8.7055 3.38335 14.9
      vertex 8.7174 3.40397 14.9
    endloop
  endfacet
  facet normal 0 0 -1
    outer loop
      vertex 8.7055 3.38335 14.9
      vertex 8.49988 3.54931 14.9
      vertex 8.7174 3.40397 14.9
    endloop
  endfacet
  facet normal 0 0 -1
    outer loop
      vertex 8.4771 3.53596 14.9
      vertex 8.49988 3.54931 14.9
      vertex 8.7055 3.38335 14.9
    endloop
  endfacet
  facet normal -0 0 -1
    outer loop
      vertex 8.49988 3.54931 14.9
      vertex 8.4771 3.53596 14.9
      vertex 8.49159 3.55485 14.9
    endloop
  endfacet
  facet normal 0 0 -1
    outer loop
      vertex 8.4771 3.53596 14.9
      vertex 8.4841 3.56142 14.9
      vertex 8.49159 3.55485 14.9
    endloop
  endfacet
  facet normal 0 0 -1
    outer loop
      vertex 8.27058 3.71708 14.9
      vertex 8.4841 3.56142 14.9
      vertex 8.4771 3.53596 14.9
    endloop
  endfacet
  facet normal 0 0 -1
    outer loop
      vertex 8.4841 3.56142 14.9
      vertex 8.27058 3.71708 14.9
      vertex 8.28741 3.73391 14.9
    endloop
  endfacet
  facet normal 0 0 -1
    outer loop
      vertex 8.27058 3.71708 14.9
      vertex 8.11492 3.9306 14.9
      vertex 8.28741 3.73391 14.9
    endloop
  endfacet
  facet normal 0 0 -1
    outer loop
      vertex 8.08946 3.9236 14.9
      vertex 8.11492 3.9306 14.9
      vertex 8.27058 3.71708 14.9
    endloop
  endfacet
  facet normal -0 0 -1
    outer loop
      vertex 8.11492 3.9306 14.9
      vertex 8.08946 3.9236 14.9
      vertex 8.10835 3.93809 14.9
    endloop
  endfacet
  facet normal 0 0 -1
    outer loop
      vertex 8.08946 3.9236 14.9
      vertex 8.10281 3.94638 14.9
      vertex 8.10835 3.93809 14.9
    endloop
  endfacet
  facet normal 0 0 -1
    outer loop
      vertex 7.93685 4.152 14.9
      vertex 8.10281 3.94638 14.9
      vertex 8.08946 3.9236 14.9
    endloop
  endfacet
  facet normal 0 0 -1
    outer loop
      vertex 8.10281 3.94638 14.9
      vertex 7.93685 4.152 14.9
      vertex 7.95747 4.1639 14.9
    endloop
  endfacet
  facet normal 0 0 -1
    outer loop
      vertex 7.93685 4.152 14.9
      vertex 7.84176 4.39854 14.9
      vertex 7.95747 4.1639 14.9
    endloop
  endfacet
  facet normal 0 0 -1
    outer loop
      vertex 7.81535 4.39836 14.9
      vertex 7.84176 4.39854 14.9
      vertex 7.93685 4.152 14.9
    endloop
  endfacet
  facet normal -0 0 -1
    outer loop
      vertex 7.84176 4.39854 14.9
      vertex 7.81535 4.39836 14.9
      vertex 7.83735 4.40748 14.9
    endloop
  endfacet
  facet normal 0 0 -1
    outer loop
      vertex 7.81535 4.39836 14.9
      vertex 7.83415 4.41691 14.9
      vertex 7.83735 4.40748 14.9
    endloop
  endfacet
  facet normal 0 0 -1
    outer loop
      vertex 7.72706 4.65848 14.9
      vertex 7.83415 4.41691 14.9
      vertex 7.81535 4.39836 14.9
    endloop
  endfacet
  facet normal 0 0 -1
    outer loop
      vertex 7.83415 4.41691 14.9
      vertex 7.72706 4.65848 14.9
      vertex 7.75005 4.66464 14.9
    endloop
  endfacet
  facet normal 0 0 -1
    outer loop
      vertex 7.72706 4.65848 14.9
      vertex 7.74811 4.67442 14.9
      vertex 7.75005 4.66464 14.9
    endloop
  endfacet
  facet normal 0 0 -1
    outer loop
      vertex 7.67347 4.92789 14.9
      vertex 7.74811 4.67442 14.9
      vertex 7.72706 4.65848 14.9
    endloop
  endfacet
  facet normal 0 0 -1
    outer loop
      vertex 7.6555 5.202 14.9
      vertex 7.67996 5.19205 14.9
      vertex 7.67347 4.92789 14.9
    endloop
  endfacet
  facet normal -0 0 -1
    outer loop
      vertex 7.69707 4.931 14.9
      vertex 7.67347 4.92789 14.9
      vertex 7.67996 5.19205 14.9
    endloop
  endfacet
  facet normal 0 0 -1
    outer loop
      vertex 7.74811 4.67442 14.9
      vertex 7.67347 4.92789 14.9
      vertex 7.69707 4.931 14.9
    endloop
  endfacet
  facet normal 0 0 -1
    outer loop
      vertex 11.8555 5.202 14.9
      vertex 11.8146 5.46305 14.9
      vertex 11.8375 5.4761 14.9
    endloop
  endfacet
  facet normal 0 0 -1
    outer loop
      vertex 11.8139 5.473 14.9
      vertex 11.8375 5.4761 14.9
      vertex 11.8146 5.46305 14.9
    endloop
  endfacet
  facet normal 0 0 -1
    outer loop
      vertex 11.7629 5.72958 14.9
      vertex 11.8375 5.4761 14.9
      vertex 11.8139 5.473 14.9
    endloop
  endfacet
  facet normal 0 0 -1
    outer loop
      vertex 11.8375 5.4761 14.9
      vertex 11.7629 5.72958 14.9
      vertex 11.7839 5.74552 14.9
    endloop
  endfacet
  facet normal 0 0 -1
    outer loop
      vertex 11.7609 5.73936 14.9
      vertex 11.7839 5.74552 14.9
      vertex 11.7629 5.72958 14.9
    endloop
  endfacet
  facet normal 0 0 -1
    outer loop
      vertex 11.7577 5.74879 14.9
      vertex 11.7839 5.74552 14.9
      vertex 11.7609 5.73936 14.9
    endloop
  endfacet
  facet normal 0 0 -1
    outer loop
      vertex 11.7577 5.74879 14.9
      vertex 11.6956 6.00563 14.9
      vertex 11.7839 5.74552 14.9
    endloop
  endfacet
  facet normal 0 0 -1
    outer loop
      vertex 11.6736 5.99652 14.9
      vertex 11.6956 6.00563 14.9
      vertex 11.7577 5.74879 14.9
    endloop
  endfacet
  facet normal 0 0 -1
    outer loop
      vertex 11.5579 6.23116 14.9
      vertex 11.6956 6.00563 14.9
      vertex 11.6736 5.99652 14.9
    endloop
  endfacet
  facet normal 0 0 -1
    outer loop
      vertex 11.6956 6.00563 14.9
      vertex 11.5579 6.23116 14.9
      vertex 11.5742 6.252 14.9
    endloop
  endfacet
  facet normal 0 0 -1
    outer loop
      vertex 11.5535 6.2401 14.9
      vertex 11.5742 6.252 14.9
      vertex 11.5579 6.23116 14.9
    endloop
  endfacet
  facet normal 0 0 -1
    outer loop
      vertex 11.548 6.24838 14.9
      vertex 11.5742 6.252 14.9
      vertex 11.5535 6.2401 14.9
    endloop
  endfacet
  facet normal 0 0 -1
    outer loop
      vertex 11.548 6.24838 14.9
      vertex 11.4215 6.4804 14.9
      vertex 11.5742 6.252 14.9
    endloop
  endfacet
  facet normal 0 0 -1
    outer loop
      vertex 11.4027 6.4659 14.9
      vertex 11.4215 6.4804 14.9
      vertex 11.548 6.24838 14.9
    endloop
  endfacet
  facet normal 0 0 -1
    outer loop
      vertex 11.2302 6.6626 14.9
      vertex 11.4215 6.4804 14.9
      vertex 11.4027 6.4659 14.9
    endloop
  endfacet
  facet normal 0 0 -1
    outer loop
      vertex 11.4215 6.4804 14.9
      vertex 11.2302 6.6626 14.9
      vertex 11.2404 6.68692 14.9
    endloop
  endfacet
  facet normal 0 0 -1
    outer loop
      vertex 11.2236 6.67009 14.9
      vertex 11.2404 6.68692 14.9
      vertex 11.2302 6.6626 14.9
    endloop
  endfacet
  facet normal 0 0 -1
    outer loop
      vertex 11.2161 6.67666 14.9
      vertex 11.2404 6.68692 14.9
      vertex 11.2236 6.67009 14.9
    endloop
  endfacet
  facet normal 0 0 -1
    outer loop
      vertex 11.2161 6.67666 14.9
      vertex 11.0339 6.86804 14.9
      vertex 11.2404 6.68692 14.9
    endloop
  endfacet
  facet normal 0 0 -1
    outer loop
      vertex 11.0194 6.84915 14.9
      vertex 11.0339 6.86804 14.9
      vertex 11.2161 6.67666 14.9
    endloop
  endfacet
  facet normal 0 0 -1
    outer loop
      vertex 10.8019 6.9945 14.9
      vertex 11.0339 6.86804 14.9
      vertex 11.0194 6.84915 14.9
    endloop
  endfacet
  facet normal 0 0 -1
    outer loop
      vertex 11.0339 6.86804 14.9
      vertex 10.8019 6.9945 14.9
      vertex 10.8055 7.02065 14.9
    endloop
  endfacet
  facet normal 0 0 -1
    outer loop
      vertex 10.7936 7.00003 14.9
      vertex 10.8055 7.02065 14.9
      vertex 10.8019 6.9945 14.9
    endloop
  endfacet
  facet normal 0 0 -1
    outer loop
      vertex 10.7847 7.00444 14.9
      vertex 10.8055 7.02065 14.9
      vertex 10.7936 7.00003 14.9
    endloop
  endfacet
  facet normal 0 0 -1
    outer loop
      vertex 10.7847 7.00444 14.9
      vertex 10.5591 7.14215 14.9
      vertex 10.8055 7.02065 14.9
    endloop
  endfacet
  facet normal 0 0 -1
    outer loop
      vertex 10.55 7.12015 14.9
      vertex 10.5591 7.14215 14.9
      vertex 10.7847 7.00444 14.9
    endloop
  endfacet
  facet normal 0 0 -1
    outer loop
      vertex 10.3023 7.20424 14.9
      vertex 10.5591 7.14215 14.9
      vertex 10.55 7.12015 14.9
    endloop
  endfacet
  facet normal 0 0 -1
    outer loop
      vertex 10.3023 7.20424 14.9
      vertex 10.299 7.23044 14.9
      vertex 10.5591 7.14215 14.9
    endloop
  endfacet
  facet normal 0 0 -1
    outer loop
      vertex 10.2929 7.20745 14.9
      vertex 10.299 7.23044 14.9
      vertex 10.3023 7.20424 14.9
    endloop
  endfacet
  facet normal 0 0 -1
    outer loop
      vertex 10.2831 7.20939 14.9
      vertex 10.299 7.23044 14.9
      vertex 10.2929 7.20745 14.9
    endloop
  endfacet
  facet normal 0 0 -1
    outer loop
      vertex 10.2831 7.20939 14.9
      vertex 10.0296 7.28403 14.9
      vertex 10.299 7.23044 14.9
    endloop
  endfacet
  facet normal 0 0 -1
    outer loop
      vertex 10.0265 7.26043 14.9
      vertex 10.0296 7.28403 14.9
      vertex 10.2831 7.20939 14.9
    endloop
  endfacet
  facet normal 0 0 -1
    outer loop
      vertex 10.0166 7.26108 14.9
      vertex 10.0296 7.28403 14.9
      vertex 10.0265 7.26043 14.9
    endloop
  endfacet
  facet normal 0 0 -1
    outer loop
      vertex 9.7555 7.302 14.9
      vertex 10.0166 7.26108 14.9
      vertex 9.7555 7.27819 14.9
    endloop
  endfacet
  facet normal 0 0 -1
    outer loop
      vertex 10.0166 7.26108 14.9
      vertex 9.7555 7.302 14.9
      vertex 10.0296 7.28403 14.9
    endloop
  endfacet
  facet normal 0 0 -1
    outer loop
      vertex 9.49445 7.26108 14.9
      vertex 9.7555 7.302 14.9
      vertex 9.7555 7.27819 14.9
    endloop
  endfacet
  facet normal 0 0 -1
    outer loop
      vertex 9.48139 7.28403 14.9
      vertex 9.49445 7.26108 14.9
      vertex 9.4845 7.26043 14.9
    endloop
  endfacet
  facet normal 0 0 -1
    outer loop
      vertex 9.49445 7.26108 14.9
      vertex 9.48139 7.28403 14.9
      vertex 9.7555 7.302 14.9
    endloop
  endfacet
  facet normal 0 0 -1
    outer loop
      vertex 9.22792 7.20939 14.9
      vertex 9.48139 7.28403 14.9
      vertex 9.4845 7.26043 14.9
    endloop
  endfacet
  facet normal 0 0 -1
    outer loop
      vertex 9.21198 7.23044 14.9
      vertex 9.22792 7.20939 14.9
      vertex 9.21814 7.20745 14.9
    endloop
  endfacet
  facet normal 0 0 -1
    outer loop
      vertex 9.22792 7.20939 14.9
      vertex 9.21198 7.23044 14.9
      vertex 9.48139 7.28403 14.9
    endloop
  endfacet
  facet normal 0 0 -1
    outer loop
      vertex 9.2087 7.20424 14.9
      vertex 9.21198 7.23044 14.9
      vertex 9.21814 7.20745 14.9
    endloop
  endfacet
  facet normal 0 0 -1
    outer loop
      vertex 8.95186 7.14215 14.9
      vertex 9.2087 7.20424 14.9
      vertex 8.96098 7.12015 14.9
    endloop
  endfacet
  facet normal -0 0 -1
    outer loop
      vertex 9.2087 7.20424 14.9
      vertex 8.95186 7.14215 14.9
      vertex 9.21198 7.23044 14.9
    endloop
  endfacet
  facet normal 0 0 -1
    outer loop
      vertex 8.72634 7.00444 14.9
      vertex 8.95186 7.14215 14.9
      vertex 8.96098 7.12015 14.9
    endloop
  endfacet
  facet normal 0 0 -1
    outer loop
      vertex 8.7055 7.02065 14.9
      vertex 8.72634 7.00444 14.9
      vertex 8.7174 7.00003 14.9
    endloop
  endfacet
  facet normal 0 0 -1
    outer loop
      vertex 8.72634 7.00444 14.9
      vertex 8.7055 7.02065 14.9
      vertex 8.95186 7.14215 14.9
    endloop
  endfacet
  facet normal 0 0 -1
    outer loop
      vertex 8.70912 6.9945 14.9
      vertex 8.7055 7.02065 14.9
      vertex 8.7174 7.00003 14.9
    endloop
  endfacet
  facet normal 0 0 -1
    outer loop
      vertex 8.4771 6.86804 14.9
      vertex 8.70912 6.9945 14.9
      vertex 8.49159 6.84915 14.9
    endloop
  endfacet
  facet normal -0 0 -1
    outer loop
      vertex 8.70912 6.9945 14.9
      vertex 8.4771 6.86804 14.9
      vertex 8.7055 7.02065 14.9
    endloop
  endfacet
  facet normal 0 0 -1
    outer loop
      vertex 8.4841 6.84258 14.9
      vertex 8.4771 6.86804 14.9
      vertex 8.49159 6.84915 14.9
    endloop
  endfacet
  facet normal 0 0 -1
    outer loop
      vertex 8.27058 6.68692 14.9
      vertex 8.4841 6.84258 14.9
      vertex 8.28741 6.67009 14.9
    endloop
  endfacet
  facet normal -0 0 -1
    outer loop
      vertex 8.4841 6.84258 14.9
      vertex 8.27058 6.68692 14.9
      vertex 8.4771 6.86804 14.9
    endloop
  endfacet
  facet normal 0 0 -1
    outer loop
      vertex 8.11492 6.4734 14.9
      vertex 8.27058 6.68692 14.9
      vertex 8.28741 6.67009 14.9
    endloop
  endfacet
  facet normal 0 0 -1
    outer loop
      vertex 8.08946 6.4804 14.9
      vertex 8.11492 6.4734 14.9
      vertex 8.10835 6.4659 14.9
    endloop
  endfacet
  facet normal 0 0 -1
    outer loop
      vertex 8.11492 6.4734 14.9
      vertex 8.08946 6.4804 14.9
      vertex 8.27058 6.68692 14.9
    endloop
  endfacet
  facet normal 0 0 -1
    outer loop
      vertex 8.10281 6.45762 14.9
      vertex 8.08946 6.4804 14.9
      vertex 8.10835 6.4659 14.9
    endloop
  endfacet
  facet normal 0 0 -1
    outer loop
      vertex 7.93685 6.252 14.9
      vertex 8.10281 6.45762 14.9
      vertex 7.95747 6.2401 14.9
    endloop
  endfacet
  facet normal -0 0 -1
    outer loop
      vertex 8.10281 6.45762 14.9
      vertex 7.93685 6.252 14.9
      vertex 8.08946 6.4804 14.9
    endloop
  endfacet
  facet normal 0 0 -1
    outer loop
      vertex 7.95306 6.23116 14.9
      vertex 7.93685 6.252 14.9
      vertex 7.95747 6.2401 14.9
    endloop
  endfacet
  facet normal 0 0 -1
    outer loop
      vertex 7.81535 6.00563 14.9
      vertex 7.95306 6.23116 14.9
      vertex 7.83735 5.99652 14.9
    endloop
  endfacet
  facet normal -0 0 -1
    outer loop
      vertex 7.95306 6.23116 14.9
      vertex 7.81535 6.00563 14.9
      vertex 7.93685 6.252 14.9
    endloop
  endfacet
  facet normal 0 0 -1
    outer loop
      vertex 7.83415 5.98709 14.9
      vertex 7.81535 6.00563 14.9
      vertex 7.83735 5.99652 14.9
    endloop
  endfacet
  facet normal 0 0 -1
    outer loop
      vertex 7.72706 5.74552 14.9
      vertex 7.83415 5.98709 14.9
      vertex 7.75005 5.73936 14.9
    endloop
  endfacet
  facet normal -0 0 -1
    outer loop
      vertex 7.83415 5.98709 14.9
      vertex 7.72706 5.74552 14.9
      vertex 7.81535 6.00563 14.9
    endloop
  endfacet
  facet normal 0 0 -1
    outer loop
      vertex 7.74811 5.72958 14.9
      vertex 7.72706 5.74552 14.9
      vertex 7.75005 5.73936 14.9
    endloop
  endfacet
  facet normal 0 0 -1
    outer loop
      vertex 7.67347 5.4761 14.9
      vertex 7.74811 5.72958 14.9
      vertex 7.69707 5.473 14.9
    endloop
  endfacet
  facet normal -0 0 -1
    outer loop
      vertex 7.74811 5.72958 14.9
      vertex 7.67347 5.4761 14.9
      vertex 7.72706 5.74552 14.9
    endloop
  endfacet
  facet normal 0 0 -1
    outer loop
      vertex 7.67996 5.21194 14.9
      vertex 7.67347 5.4761 14.9
      vertex 7.69707 5.473 14.9
    endloop
  endfacet
  facet normal 0 0 -1
    outer loop
      vertex 7.6555 5.202 14.9
      vertex 7.67996 5.21194 14.9
      vertex 7.67931 5.202 14.9
    endloop
  endfacet
  facet normal 0 0 -1
    outer loop
      vertex 7.67996 5.19205 14.9
      vertex 7.6555 5.202 14.9
      vertex 7.67931 5.202 14.9
    endloop
  endfacet
  facet normal -0 0 -1
    outer loop
      vertex 7.67996 5.21194 14.9
      vertex 7.6555 5.202 14.9
      vertex 7.67347 5.4761 14.9
    endloop
  endfacet
  facet normal -0.980786 0.195087 0
    outer loop
      vertex 7.67347 5.4761 14.9
      vertex 7.72706 5.74552 16.3
      vertex 7.72706 5.74552 14.9
    endloop
  endfacet
  facet normal -0.980786 0.195087 0
    outer loop
      vertex 7.72706 5.74552 16.3
      vertex 7.67347 5.4761 14.9
      vertex 7.67347 5.4761 16.3
    endloop
  endfacet
  facet normal -0.321411 -0.94694 0
    outer loop
      vertex 8.95186 3.26185 14.9
      vertex 9.21198 3.17356 16.3
      vertex 8.95186 3.26185 16.3
    endloop
  endfacet
  facet normal -0.321411 -0.94694 -0
    outer loop
      vertex 9.21198 3.17356 16.3
      vertex 8.95186 3.26185 14.9
      vertex 9.21198 3.17356 14.9
    endloop
  endfacet
  facet normal -0.195094 -0.980785 0
    outer loop
      vertex 9.21198 3.17356 14.9
      vertex 9.48139 3.11997 16.3
      vertex 9.21198 3.17356 16.3
    endloop
  endfacet
  facet normal -0.195094 -0.980785 -0
    outer loop
      vertex 9.48139 3.11997 16.3
      vertex 9.21198 3.17356 14.9
      vertex 9.48139 3.11997 14.9
    endloop
  endfacet
  facet normal -0.0654172 -0.997858 0
    outer loop
      vertex 9.48139 3.11997 14.9
      vertex 9.7555 3.102 16.3
      vertex 9.48139 3.11997 16.3
    endloop
  endfacet
  facet normal -0.0654172 -0.997858 -0
    outer loop
      vertex 9.7555 3.102 16.3
      vertex 9.48139 3.11997 14.9
      vertex 9.7555 3.102 14.9
    endloop
  endfacet
  facet normal -0.751827 -0.65936 0
    outer loop
      vertex 8.27058 3.71708 14.9
      vertex 8.08946 3.9236 16.3
      vertex 8.08946 3.9236 14.9
    endloop
  endfacet
  facet normal -0.751827 -0.65936 0
    outer loop
      vertex 8.08946 3.9236 16.3
      vertex 8.27058 3.71708 14.9
      vertex 8.27058 3.71708 16.3
    endloop
  endfacet
  facet normal -0.831473 0.555565 0
    outer loop
      vertex 7.93685 6.252 14.9
      vertex 8.08946 6.4804 16.3
      vertex 8.08946 6.4804 14.9
    endloop
  endfacet
  facet normal -0.831473 0.555565 0
    outer loop
      vertex 8.08946 6.4804 16.3
      vertex 7.93685 6.252 14.9
      vertex 7.93685 6.252 16.3
    endloop
  endfacet
  facet normal -0.896867 0.4423 0
    outer loop
      vertex 7.81535 6.00563 14.9
      vertex 7.93685 6.252 16.3
      vertex 7.93685 6.252 14.9
    endloop
  endfacet
  facet normal -0.896867 0.4423 0
    outer loop
      vertex 7.93685 6.252 16.3
      vertex 7.81535 6.00563 14.9
      vertex 7.81535 6.00563 16.3
    endloop
  endfacet
  facet normal -0.0654172 0.997858 0
    outer loop
      vertex 9.7555 7.302 14.9
      vertex 9.48139 7.28403 16.3
      vertex 9.7555 7.302 16.3
    endloop
  endfacet
  facet normal -0.0654172 0.997858 0
    outer loop
      vertex 9.48139 7.28403 16.3
      vertex 9.7555 7.302 14.9
      vertex 9.48139 7.28403 14.9
    endloop
  endfacet
  facet normal 0.885892 -0.176082 -0.429174
    outer loop
      vertex 11.7629 4.67442 14.9
      vertex 11.301 4.78789 13.9
      vertex 11.3418 4.99316 13.9
    endloop
  endfacet
  facet normal 0.88487 -0.180955 -0.429255
    outer loop
      vertex 11.301 4.78789 13.9
      vertex 11.7629 4.67442 14.9
      vertex 11.7609 4.66464 14.9
    endloop
  endfacet
  facet normal -0.855275 -0.290351 -0.429187
    outer loop
      vertex 7.83415 4.41691 14.9
      vertex 7.75005 4.66464 14.9
      vertex 8.21002 4.78789 13.9
    endloop
  endfacet
  facet normal -0.595527 -0.679078 -0.429185
    outer loop
      vertex 8.4841 3.56142 14.9
      vertex 8.28741 3.73391 14.9
      vertex 8.62413 4.07063 13.9
    endloop
  endfacet
  facet normal 0.901282 0.0590382 -0.429191
    outer loop
      vertex 11.8317 5.202 14.9
      vertex 11.3555 5.202 13.9
      vertex 11.8146 5.46305 14.9
    endloop
  endfacet
  facet normal 0.900946 0.0633832 -0.429277
    outer loop
      vertex 11.8146 5.46305 14.9
      vertex 11.3418 5.41084 13.9
      vertex 11.8139 5.473 14.9
    endloop
  endfacet
  facet normal 0.901269 0.0591237 -0.429207
    outer loop
      vertex 11.3418 5.41084 13.9
      vertex 11.8146 5.46305 14.9
      vertex 11.3555 5.202 13.9
    endloop
  endfacet
  facet normal 0.751145 -0.501569 -0.429196
    outer loop
      vertex 11.5535 4.1639 14.9
      vertex 11.0249 4.22798 13.9
      vertex 11.1411 4.402 13.9
    endloop
  endfacet
  facet normal 0.752186 -0.49964 -0.429623
    outer loop
      vertex 11.0249 4.22798 13.9
      vertex 11.5535 4.1639 14.9
      vertex 11.548 4.15562 14.9
    endloop
  endfacet
  facet normal 0.175397 0.886028 -0.429173
    outer loop
      vertex 10.1696 6.74748 13.9
      vertex 10.2831 7.20939 14.9
      vertex 10.2929 7.20745 14.9
    endloop
  endfacet
  facet normal 0.176214 0.885859 -0.429188
    outer loop
      vertex 10.2831 7.20939 14.9
      vertex 10.1696 6.74748 13.9
      vertex 9.96434 6.78831 13.9
    endloop
  endfacet
  facet normal 0.0589376 -0.901291 -0.429186
    outer loop
      vertex 9.7555 3.602 13.9
      vertex 9.76544 3.12646 14.9
      vertex 9.7555 3.12581 14.9
    endloop
  endfacet
  facet normal 0.0590814 -0.901283 -0.429183
    outer loop
      vertex 9.76544 3.12646 14.9
      vertex 9.7555 3.602 13.9
      vertex 9.96434 3.61569 13.9
    endloop
  endfacet
  facet normal 0.901269 -0.0591237 -0.429207
    outer loop
      vertex 11.8146 4.94095 14.9
      vertex 11.3418 4.99316 13.9
      vertex 11.3555 5.202 13.9
    endloop
  endfacet
  facet normal 0.900946 -0.0633832 -0.429277
    outer loop
      vertex 11.3418 4.99316 13.9
      vertex 11.8146 4.94095 14.9
      vertex 11.8139 4.931 14.9
    endloop
  endfacet
  facet normal 0.399508 -0.810065 -0.429171
    outer loop
      vertex 10.5555 3.81636 13.9
      vertex 10.55 3.28385 14.9
      vertex 10.3678 3.72379 13.9
    endloop
  endfacet
  facet normal 0.397337 -0.810893 -0.429623
    outer loop
      vertex 10.55 3.28385 14.9
      vertex 10.5555 3.81636 13.9
      vertex 10.559 3.28826 14.9
    endloop
  endfacet
  facet normal 0.595449 -0.679157 -0.42917
    outer loop
      vertex 10.8869 4.07063 13.9
      vertex 11.2161 3.72734 14.9
      vertex 10.7295 3.93263 13.9
    endloop
  endfacet
  facet normal 0.595164 -0.679411 -0.429163
    outer loop
      vertex 11.2161 3.72734 14.9
      vertex 10.8869 4.07063 13.9
      vertex 11.2236 3.73391 14.9
    endloop
  endfacet
  facet normal 0.855286 -0.290366 -0.429154
    outer loop
      vertex 11.6736 4.40748 14.9
      vertex 11.2337 4.58971 13.9
      vertex 11.7577 4.6552 14.9
    endloop
  endfacet
  facet normal -0.501795 -0.751001 -0.429183
    outer loop
      vertex 8.7174 3.40397 14.9
      vertex 8.49988 3.54931 14.9
      vertex 8.9555 3.81636 13.9
    endloop
  endfacet
  facet normal -0.176206 0.885863 -0.429183
    outer loop
      vertex 9.34139 6.74748 13.9
      vertex 9.22792 7.20939 14.9
      vertex 9.54666 6.78831 13.9
    endloop
  endfacet
  facet normal -0.175742 0.885959 -0.429175
    outer loop
      vertex 9.22792 7.20939 14.9
      vertex 9.34139 6.74748 13.9
      vertex 9.21814 7.20745 14.9
    endloop
  endfacet
  facet normal -0.399581 -0.810034 -0.429162
    outer loop
      vertex 8.9555 3.81636 13.9
      vertex 8.96098 3.28385 14.9
      vertex 8.95204 3.28826 14.9
    endloop
  endfacet
  facet normal -0.399489 -0.810069 -0.429181
    outer loop
      vertex 8.96098 3.28385 14.9
      vertex 8.9555 3.81636 13.9
      vertex 9.14321 3.72379 13.9
    endloop
  endfacet
  facet normal 0.399398 0.810118 -0.429174
    outer loop
      vertex 10.7847 7.00444 14.9
      vertex 10.3678 6.68021 13.9
      vertex 10.55 7.12015 14.9
    endloop
  endfacet
  facet normal -0.810074 0.399479 -0.429181
    outer loop
      vertex 8.27729 5.81429 13.9
      vertex 7.83735 5.99652 14.9
      vertex 7.95306 6.23116 14.9
    endloop
  endfacet
  facet normal -0.751001 0.501795 -0.429183
    outer loop
      vertex 8.36986 6.002 13.9
      vertex 7.95747 6.2401 14.9
      vertex 8.10281 6.45762 14.9
    endloop
  endfacet
  facet normal 0.501822 -0.750985 -0.429181
    outer loop
      vertex 10.7295 3.93263 13.9
      vertex 11.0111 3.54931 14.9
      vertex 10.5555 3.81636 13.9
    endloop
  endfacet
  facet normal 0.501435 -0.751248 -0.429173
    outer loop
      vertex 11.0111 3.54931 14.9
      vertex 10.7295 3.93263 13.9
      vertex 11.0194 3.55485 14.9
    endloop
  endfacet
  facet normal 0.595508 0.679091 -0.429192
    outer loop
      vertex 11.2161 6.67666 14.9
      vertex 10.7295 6.47136 13.9
      vertex 11.0194 6.84915 14.9
    endloop
  endfacet
  facet normal -0.176219 0.885859 -0.429186
    outer loop
      vertex 9.54666 6.78831 13.9
      vertex 9.22792 7.20939 14.9
      vertex 9.4845 7.26043 14.9
    endloop
  endfacet
  facet normal 0.500742 0.751565 -0.429427
    outer loop
      vertex 10.7295 6.47136 13.9
      vertex 10.7936 7.00003 14.9
      vertex 10.8019 6.9945 14.9
    endloop
  endfacet
  facet normal 0.501852 0.750965 -0.429181
    outer loop
      vertex 10.7936 7.00003 14.9
      vertex 10.7295 6.47136 13.9
      vertex 10.5555 6.58764 13.9
    endloop
  endfacet
  facet normal 0.501828 -0.750981 -0.429182
    outer loop
      vertex 10.7936 3.40397 14.9
      vertex 10.5555 3.81636 13.9
      vertex 11.0111 3.54931 14.9
    endloop
  endfacet
  facet normal 0.59551 -0.679093 -0.429186
    outer loop
      vertex 11.0194 3.55485 14.9
      vertex 10.7295 3.93263 13.9
      vertex 11.2161 3.72734 14.9
    endloop
  endfacet
  facet normal -0.399489 0.810068 -0.429183
    outer loop
      vertex 8.9555 6.58764 13.9
      vertex 8.72634 7.00444 14.9
      vertex 9.14321 6.68021 13.9
    endloop
  endfacet
  facet normal -0.399576 0.810024 -0.429185
    outer loop
      vertex 8.72634 7.00444 14.9
      vertex 8.9555 6.58764 13.9
      vertex 8.7174 7.00003 14.9
    endloop
  endfacet
  facet normal 0.679059 -0.595545 -0.429191
    outer loop
      vertex 11.2302 3.7414 14.9
      vertex 11.0249 4.22798 13.9
      vertex 11.4027 3.93809 14.9
    endloop
  endfacet
  facet normal -0.810069 -0.399489 -0.429181
    outer loop
      vertex 8.36986 4.402 13.9
      vertex 7.83735 4.40748 14.9
      vertex 8.27729 4.58971 13.9
    endloop
  endfacet
  facet normal -0.810034 -0.399581 -0.429162
    outer loop
      vertex 7.83735 4.40748 14.9
      vertex 8.36986 4.402 13.9
      vertex 7.84176 4.39854 14.9
    endloop
  endfacet
  facet normal -0.501812 0.750991 -0.429183
    outer loop
      vertex 8.78148 6.47136 13.9
      vertex 8.7174 7.00003 14.9
      vertex 8.9555 6.58764 13.9
    endloop
  endfacet
  facet normal -0.501632 0.751088 -0.429222
    outer loop
      vertex 8.7174 7.00003 14.9
      vertex 8.78148 6.47136 13.9
      vertex 8.70912 6.9945 14.9
    endloop
  endfacet
  facet normal -0.290245 -0.855315 -0.429179
    outer loop
      vertex 9.14321 3.72379 13.9
      vertex 8.97041 3.28065 14.9
      vertex 8.96098 3.28385 14.9
    endloop
  endfacet
  facet normal -0.290318 -0.855289 -0.42918
    outer loop
      vertex 8.97041 3.28065 14.9
      vertex 9.14321 3.72379 13.9
      vertex 9.34139 3.65652 13.9
    endloop
  endfacet
  facet normal 0.176214 -0.885859 -0.429188
    outer loop
      vertex 10.1696 3.65652 13.9
      vertex 10.2831 3.19461 14.9
      vertex 9.96434 3.61569 13.9
    endloop
  endfacet
  facet normal 0.175397 -0.886028 -0.429173
    outer loop
      vertex 10.2831 3.19461 14.9
      vertex 10.1696 3.65652 13.9
      vertex 10.2929 3.19655 14.9
    endloop
  endfacet
  facet normal -0.901294 -0.0588785 -0.429187
    outer loop
      vertex 8.1555 5.202 13.9
      vertex 7.67996 5.19205 14.9
      vertex 7.67931 5.202 14.9
    endloop
  endfacet
  facet normal -0.901283 -0.0590814 -0.429184
    outer loop
      vertex 7.67996 5.19205 14.9
      vertex 8.1555 5.202 13.9
      vertex 8.16919 4.99316 13.9
    endloop
  endfacet
  facet normal -0.901283 0.0590705 -0.429185
    outer loop
      vertex 8.16919 5.41084 13.9
      vertex 7.67996 5.21194 14.9
      vertex 7.69707 5.473 14.9
    endloop
  endfacet
  facet normal 0.855385 -0.289961 -0.429232
    outer loop
      vertex 11.2337 4.58971 13.9
      vertex 11.7609 4.66464 14.9
      vertex 11.7577 4.6552 14.9
    endloop
  endfacet
  facet normal 0.85527 -0.290441 -0.429136
    outer loop
      vertex 11.7609 4.66464 14.9
      vertex 11.2337 4.58971 13.9
      vertex 11.301 4.78789 13.9
    endloop
  endfacet
  facet normal -0.595527 0.679078 -0.429185
    outer loop
      vertex 8.62413 6.33337 13.9
      vertex 8.28741 6.67009 14.9
      vertex 8.4841 6.84258 14.9
    endloop
  endfacet
  facet normal 0.885891 -0.176087 -0.429175
    outer loop
      vertex 11.7629 4.67442 14.9
      vertex 11.3418 4.99316 13.9
      vertex 11.8139 4.931 14.9
    endloop
  endfacet
  facet normal 0.901282 -0.0590382 -0.429191
    outer loop
      vertex 11.8146 4.94095 14.9
      vertex 11.3555 5.202 13.9
      vertex 11.8317 5.202 14.9
    endloop
  endfacet
  facet normal -0.595526 0.679079 -0.429186
    outer loop
      vertex 8.62413 6.33337 13.9
      vertex 8.49159 6.84915 14.9
      vertex 8.78148 6.47136 13.9
    endloop
  endfacet
  facet normal -0.595612 0.679016 -0.429165
    outer loop
      vertex 8.49159 6.84915 14.9
      vertex 8.62413 6.33337 13.9
      vertex 8.4841 6.84258 14.9
    endloop
  endfacet
  facet normal -0.810074 -0.399479 -0.429182
    outer loop
      vertex 7.95747 4.1639 14.9
      vertex 7.84176 4.39854 14.9
      vertex 8.36986 4.402 13.9
    endloop
  endfacet
  facet normal 0.176206 -0.885862 -0.429186
    outer loop
      vertex 10.0265 3.14357 14.9
      vertex 9.96434 3.61569 13.9
      vertex 10.2831 3.19461 14.9
    endloop
  endfacet
  facet normal -0.679059 -0.595553 -0.42918
    outer loop
      vertex 8.62413 4.07063 13.9
      vertex 8.10835 3.93809 14.9
      vertex 8.48613 4.22798 13.9
    endloop
  endfacet
  facet normal -0.679016 -0.595612 -0.429165
    outer loop
      vertex 8.10835 3.93809 14.9
      vertex 8.62413 4.07063 13.9
      vertex 8.11492 3.9306 14.9
    endloop
  endfacet
  facet normal 0.290292 -0.855298 -0.429179
    outer loop
      vertex 10.3678 3.72379 13.9
      vertex 10.5406 3.28065 14.9
      vertex 10.1696 3.65652 13.9
    endloop
  endfacet
  facet normal 0.291073 -0.855026 -0.429194
    outer loop
      vertex 10.5406 3.28065 14.9
      vertex 10.3678 3.72379 13.9
      vertex 10.55 3.28385 14.9
    endloop
  endfacet
  facet normal -0.0590728 -0.901283 -0.429185
    outer loop
      vertex 9.74555 3.12646 14.9
      vertex 9.4845 3.14357 14.9
      vertex 9.54666 3.61569 13.9
    endloop
  endfacet
  facet normal -0.501803 0.750995 -0.429186
    outer loop
      vertex 8.78148 6.47136 13.9
      vertex 8.49159 6.84915 14.9
      vertex 8.70912 6.9945 14.9
    endloop
  endfacet
  facet normal -0.175742 -0.885959 -0.429175
    outer loop
      vertex 9.34139 3.65652 13.9
      vertex 9.22792 3.19461 14.9
      vertex 9.21814 3.19655 14.9
    endloop
  endfacet
  facet normal -0.176206 -0.885863 -0.429183
    outer loop
      vertex 9.22792 3.19461 14.9
      vertex 9.34139 3.65652 13.9
      vertex 9.54666 3.61569 13.9
    endloop
  endfacet
  facet normal 0.0590616 0.901285 -0.429183
    outer loop
      vertex 10.0166 7.26108 14.9
      vertex 9.7555 6.802 13.9
      vertex 9.7555 7.27819 14.9
    endloop
  endfacet
  facet normal 0.176206 0.885862 -0.429186
    outer loop
      vertex 10.2831 7.20939 14.9
      vertex 9.96434 6.78831 13.9
      vertex 10.0265 7.26043 14.9
    endloop
  endfacet
  facet normal -0.810024 0.399576 -0.429185
    outer loop
      vertex 8.36986 6.002 13.9
      vertex 7.95306 6.23116 14.9
      vertex 7.95747 6.2401 14.9
    endloop
  endfacet
  facet normal -0.810068 0.399489 -0.429183
    outer loop
      vertex 7.95306 6.23116 14.9
      vertex 8.36986 6.002 13.9
      vertex 8.27729 5.81429 13.9
    endloop
  endfacet
  facet normal 0.0590705 -0.901283 -0.429185
    outer loop
      vertex 10.0265 3.14357 14.9
      vertex 9.76544 3.12646 14.9
      vertex 9.96434 3.61569 13.9
    endloop
  endfacet
  facet normal 0.40101 0.809294 -0.429225
    outer loop
      vertex 10.5555 6.58764 13.9
      vertex 10.7847 7.00444 14.9
      vertex 10.7936 7.00003 14.9
    endloop
  endfacet
  facet normal 0.399503 0.810054 -0.429197
    outer loop
      vertex 10.7847 7.00444 14.9
      vertex 10.5555 6.58764 13.9
      vertex 10.3678 6.68021 13.9
    endloop
  endfacet
  facet normal -0.399479 0.810074 -0.429181
    outer loop
      vertex 9.14321 6.68021 13.9
      vertex 8.72634 7.00444 14.9
      vertex 8.96098 7.12015 14.9
    endloop
  endfacet
  facet normal -0.855315 0.290245 -0.429179
    outer loop
      vertex 8.27729 5.81429 13.9
      vertex 7.83415 5.98709 14.9
      vertex 7.83735 5.99652 14.9
    endloop
  endfacet
  facet normal -0.855289 0.290318 -0.42918
    outer loop
      vertex 7.83415 5.98709 14.9
      vertex 8.27729 5.81429 13.9
      vertex 8.21002 5.61611 13.9
    endloop
  endfacet
  facet normal -0.595612 -0.679016 -0.429165
    outer loop
      vertex 8.62413 4.07063 13.9
      vertex 8.49159 3.55485 14.9
      vertex 8.4841 3.56142 14.9
    endloop
  endfacet
  facet normal -0.595553 -0.679059 -0.42918
    outer loop
      vertex 8.49159 3.55485 14.9
      vertex 8.62413 4.07063 13.9
      vertex 8.78148 3.93263 13.9
    endloop
  endfacet
  facet normal 0.810085 -0.39945 -0.429188
    outer loop
      vertex 11.5535 4.1639 14.9
      vertex 11.1411 4.402 13.9
      vertex 11.6692 4.39854 14.9
    endloop
  endfacet
  facet normal -0.885863 -0.176206 -0.429183
    outer loop
      vertex 8.21002 4.78789 13.9
      vertex 7.74811 4.67442 14.9
      vertex 8.16919 4.99316 13.9
    endloop
  endfacet
  facet normal -0.885959 -0.175742 -0.429175
    outer loop
      vertex 7.74811 4.67442 14.9
      vertex 8.21002 4.78789 13.9
      vertex 7.75005 4.66464 14.9
    endloop
  endfacet
  facet normal -0.290331 0.855284 -0.429181
    outer loop
      vertex 9.14321 6.68021 13.9
      vertex 8.96098 7.12015 14.9
      vertex 9.2087 7.20424 14.9
    endloop
  endfacet
  facet normal -0.679078 -0.595527 -0.429185
    outer loop
      vertex 8.28741 3.73391 14.9
      vertex 8.11492 3.9306 14.9
      vertex 8.62413 4.07063 13.9
    endloop
  endfacet
  facet normal 0.501849 0.750961 -0.429192
    outer loop
      vertex 11.0194 6.84915 14.9
      vertex 10.7295 6.47136 13.9
      vertex 10.8019 6.9945 14.9
    endloop
  endfacet
  facet normal 0.679055 -0.595549 -0.429192
    outer loop
      vertex 11.2302 3.7414 14.9
      vertex 10.8869 4.07063 13.9
      vertex 11.0249 4.22798 13.9
    endloop
  endfacet
  facet normal 0.677647 -0.597125 -0.429228
    outer loop
      vertex 10.8869 4.07063 13.9
      vertex 11.2302 3.7414 14.9
      vertex 11.2236 3.73391 14.9
    endloop
  endfacet
  facet normal 0.81003 -0.399599 -0.429151
    outer loop
      vertex 11.6736 4.40748 14.9
      vertex 11.1411 4.402 13.9
      vertex 11.2337 4.58971 13.9
    endloop
  endfacet
  facet normal 0.810328 -0.398819 -0.429314
    outer loop
      vertex 11.1411 4.402 13.9
      vertex 11.6736 4.40748 14.9
      vertex 11.6692 4.39854 14.9
    endloop
  endfacet
  facet normal -0.855289 -0.290318 -0.42918
    outer loop
      vertex 8.27729 4.58971 13.9
      vertex 7.83415 4.41691 14.9
      vertex 8.21002 4.78789 13.9
    endloop
  endfacet
  facet normal -0.855315 -0.290245 -0.429179
    outer loop
      vertex 7.83415 4.41691 14.9
      vertex 8.27729 4.58971 13.9
      vertex 7.83735 4.40748 14.9
    endloop
  endfacet
  facet normal 0.0591746 0.901275 -0.429188
    outer loop
      vertex 9.96434 6.78831 13.9
      vertex 10.0166 7.26108 14.9
      vertex 10.0265 7.26043 14.9
    endloop
  endfacet
  facet normal 0.0590813 0.901282 -0.429186
    outer loop
      vertex 10.0166 7.26108 14.9
      vertex 9.96434 6.78831 13.9
      vertex 9.7555 6.802 13.9
    endloop
  endfacet
  facet normal 0.399533 -0.810046 -0.429184
    outer loop
      vertex 10.559 3.28826 14.9
      vertex 10.5555 3.81636 13.9
      vertex 10.7936 3.40397 14.9
    endloop
  endfacet
  facet normal -0.751001 -0.501795 -0.429183
    outer loop
      vertex 8.10281 3.94638 14.9
      vertex 7.95747 4.1639 14.9
      vertex 8.36986 4.402 13.9
    endloop
  endfacet
  facet normal 0.751074 -0.501683 -0.429188
    outer loop
      vertex 11.4027 3.93809 14.9
      vertex 11.0249 4.22798 13.9
      vertex 11.548 4.15562 14.9
    endloop
  endfacet
  facet normal -0.67937 0.595128 -0.429278
    outer loop
      vertex 8.62413 6.33337 13.9
      vertex 8.10835 6.4659 14.9
      vertex 8.11492 6.4734 14.9
    endloop
  endfacet
  facet normal -0.679061 0.595554 -0.429175
    outer loop
      vertex 8.10835 6.4659 14.9
      vertex 8.62413 6.33337 13.9
      vertex 8.48613 6.17602 13.9
    endloop
  endfacet
  facet normal 0.290381 -0.855259 -0.429198
    outer loop
      vertex 10.2929 3.19655 14.9
      vertex 10.1696 3.65652 13.9
      vertex 10.5406 3.28065 14.9
    endloop
  endfacet
  facet normal -0.290317 0.855286 -0.429187
    outer loop
      vertex 9.14321 6.68021 13.9
      vertex 9.21814 7.20745 14.9
      vertex 9.34139 6.74748 13.9
    endloop
  endfacet
  facet normal -0.290795 0.855172 -0.429092
    outer loop
      vertex 9.21814 7.20745 14.9
      vertex 9.14321 6.68021 13.9
      vertex 9.2087 7.20424 14.9
    endloop
  endfacet
  facet normal -0.501851 -0.750965 -0.429181
    outer loop
      vertex 8.78148 3.93263 13.9
      vertex 8.49988 3.54931 14.9
      vertex 8.49159 3.55485 14.9
    endloop
  endfacet
  facet normal -0.501782 -0.751012 -0.42918
    outer loop
      vertex 8.49988 3.54931 14.9
      vertex 8.78148 3.93263 13.9
      vertex 8.9555 3.81636 13.9
    endloop
  endfacet
  facet normal -0.855275 0.290351 -0.429187
    outer loop
      vertex 8.21002 5.61611 13.9
      vertex 7.75005 5.73936 14.9
      vertex 7.83415 5.98709 14.9
    endloop
  endfacet
  facet normal -0.901283 -0.0590728 -0.429185
    outer loop
      vertex 7.69707 4.931 14.9
      vertex 7.67996 5.19205 14.9
      vertex 8.16919 4.99316 13.9
    endloop
  endfacet
  facet normal -0.885859 -0.176219 -0.429186
    outer loop
      vertex 7.74811 4.67442 14.9
      vertex 7.69707 4.931 14.9
      vertex 8.16919 4.99316 13.9
    endloop
  endfacet
  facet normal -0.750682 0.502268 -0.42919
    outer loop
      vertex 8.48613 6.17602 13.9
      vertex 8.10281 6.45762 14.9
      vertex 8.10835 6.4659 14.9
    endloop
  endfacet
  facet normal -0.751012 0.501782 -0.42918
    outer loop
      vertex 8.10281 6.45762 14.9
      vertex 8.48613 6.17602 13.9
      vertex 8.36986 6.002 13.9
    endloop
  endfacet
  facet normal 0.679076 0.595529 -0.429187
    outer loop
      vertex 11.4027 6.4659 14.9
      vertex 11.0249 6.17602 13.9
      vertex 11.2302 6.6626 14.9
    endloop
  endfacet
  facet normal -0.885859 0.176219 -0.429186
    outer loop
      vertex 8.16919 5.41084 13.9
      vertex 7.69707 5.473 14.9
      vertex 7.74811 5.72958 14.9
    endloop
  endfacet
  facet normal -0.399479 -0.810074 -0.429182
    outer loop
      vertex 8.95204 3.28826 14.9
      vertex 8.7174 3.40397 14.9
      vertex 8.9555 3.81636 13.9
    endloop
  endfacet
  facet normal -0.679078 0.595527 -0.429185
    outer loop
      vertex 8.62413 6.33337 13.9
      vertex 8.11492 6.4734 14.9
      vertex 8.28741 6.67009 14.9
    endloop
  endfacet
  facet normal 0.752186 0.49964 -0.429623
    outer loop
      vertex 11.5535 6.2401 14.9
      vertex 11.0249 6.17602 13.9
      vertex 11.548 6.24838 14.9
    endloop
  endfacet
  facet normal 0.751145 0.501569 -0.429196
    outer loop
      vertex 11.0249 6.17602 13.9
      vertex 11.5535 6.2401 14.9
      vertex 11.1411 6.002 13.9
    endloop
  endfacet
  facet normal -0.290351 -0.855275 -0.429187
    outer loop
      vertex 9.21814 3.19655 14.9
      vertex 8.97041 3.28065 14.9
      vertex 9.34139 3.65652 13.9
    endloop
  endfacet
  facet normal -0.0590814 -0.901283 -0.429184
    outer loop
      vertex 9.7555 3.602 13.9
      vertex 9.74555 3.12646 14.9
      vertex 9.54666 3.61569 13.9
    endloop
  endfacet
  facet normal -0.0588785 -0.901294 -0.429187
    outer loop
      vertex 9.74555 3.12646 14.9
      vertex 9.7555 3.602 13.9
      vertex 9.7555 3.12581 14.9
    endloop
  endfacet
  facet normal -0.0590729 0.901284 -0.429182
    outer loop
      vertex 9.7555 6.802 13.9
      vertex 9.49445 7.26108 14.9
      vertex 9.7555 7.27819 14.9
    endloop
  endfacet
  facet normal 0.595164 0.679411 -0.429163
    outer loop
      vertex 10.8869 6.33337 13.9
      vertex 11.2161 6.67666 14.9
      vertex 11.2236 6.67009 14.9
    endloop
  endfacet
  facet normal 0.595425 0.679179 -0.429169
    outer loop
      vertex 11.2161 6.67666 14.9
      vertex 10.8869 6.33337 13.9
      vertex 10.7295 6.47136 13.9
    endloop
  endfacet
  facet normal -0.0590814 0.901283 -0.429184
    outer loop
      vertex 9.54666 6.78831 13.9
      vertex 9.49445 7.26108 14.9
      vertex 9.7555 6.802 13.9
    endloop
  endfacet
  facet normal -0.0588787 0.901298 -0.429181
    outer loop
      vertex 9.49445 7.26108 14.9
      vertex 9.54666 6.78831 13.9
      vertex 9.4845 7.26043 14.9
    endloop
  endfacet
  facet normal 0.810099 0.399456 -0.429155
    outer loop
      vertex 11.6736 5.99652 14.9
      vertex 11.2337 5.81429 13.9
      vertex 11.5579 6.23116 14.9
    endloop
  endfacet
  facet normal -0.176219 -0.885859 -0.429186
    outer loop
      vertex 9.4845 3.14357 14.9
      vertex 9.22792 3.19461 14.9
      vertex 9.54666 3.61569 13.9
    endloop
  endfacet
  facet normal -0.751012 -0.501782 -0.42918
    outer loop
      vertex 8.48613 4.22798 13.9
      vertex 8.10281 3.94638 14.9
      vertex 8.36986 4.402 13.9
    endloop
  endfacet
  facet normal -0.750965 -0.501851 -0.429181
    outer loop
      vertex 8.10281 3.94638 14.9
      vertex 8.48613 4.22798 13.9
      vertex 8.10835 3.93809 14.9
    endloop
  endfacet
  facet normal -0.901283 0.0590814 -0.429183
    outer loop
      vertex 8.1555 5.202 13.9
      vertex 7.67996 5.21194 14.9
      vertex 8.16919 5.41084 13.9
    endloop
  endfacet
  facet normal -0.901291 0.0589376 -0.429186
    outer loop
      vertex 7.67996 5.21194 14.9
      vertex 8.1555 5.202 13.9
      vertex 7.67931 5.202 14.9
    endloop
  endfacet
  facet normal -0.885959 0.175742 -0.429175
    outer loop
      vertex 8.21002 5.61611 13.9
      vertex 7.74811 5.72958 14.9
      vertex 7.75005 5.73936 14.9
    endloop
  endfacet
  facet normal -0.885863 0.176206 -0.429183
    outer loop
      vertex 7.74811 5.72958 14.9
      vertex 8.21002 5.61611 13.9
      vertex 8.16919 5.41084 13.9
    endloop
  endfacet
  facet normal 0.290353 0.85528 -0.429174
    outer loop
      vertex 10.3678 6.68021 13.9
      vertex 10.3023 7.20424 14.9
      vertex 10.55 7.12015 14.9
    endloop
  endfacet
  facet normal 0.291937 0.854894 -0.428868
    outer loop
      vertex 10.3678 6.68021 13.9
      vertex 10.2929 7.20745 14.9
      vertex 10.3023 7.20424 14.9
    endloop
  endfacet
  facet normal 0.290289 0.855289 -0.4292
    outer loop
      vertex 10.2929 7.20745 14.9
      vertex 10.3678 6.68021 13.9
      vertex 10.1696 6.74748 13.9
    endloop
  endfacet
  facet normal 0.885891 0.176087 -0.429175
    outer loop
      vertex 11.8139 5.473 14.9
      vertex 11.3418 5.41084 13.9
      vertex 11.7629 5.72958 14.9
    endloop
  endfacet
  facet normal 0.85529 0.290356 -0.429154
    outer loop
      vertex 11.7577 5.74879 14.9
      vertex 11.2337 5.81429 13.9
      vertex 11.6736 5.99652 14.9
    endloop
  endfacet
  facet normal 0.677647 0.597125 -0.429228
    outer loop
      vertex 11.2302 6.6626 14.9
      vertex 10.8869 6.33337 13.9
      vertex 11.2236 6.67009 14.9
    endloop
  endfacet
  facet normal 0.679055 0.595549 -0.429192
    outer loop
      vertex 10.8869 6.33337 13.9
      vertex 11.2302 6.6626 14.9
      vertex 11.0249 6.17602 13.9
    endloop
  endfacet
  facet normal 0.751065 0.5017 -0.429185
    outer loop
      vertex 11.548 6.24838 14.9
      vertex 11.0249 6.17602 13.9
      vertex 11.4027 6.4659 14.9
    endloop
  endfacet
  facet normal 0.88487 0.180955 -0.429255
    outer loop
      vertex 11.7629 5.72958 14.9
      vertex 11.301 5.61611 13.9
      vertex 11.7609 5.73936 14.9
    endloop
  endfacet
  facet normal 0.885892 0.176082 -0.429174
    outer loop
      vertex 11.301 5.61611 13.9
      vertex 11.7629 5.72958 14.9
      vertex 11.3418 5.41084 13.9
    endloop
  endfacet
  facet normal 0 0 -1
    outer loop
      vertex 11.3418 4.99316 13.9
      vertex 11.3418 5.41084 13.9
      vertex 11.3555 5.202 13.9
    endloop
  endfacet
  facet normal 0 0 -1
    outer loop
      vertex 11.301 4.78789 13.9
      vertex 11.3418 5.41084 13.9
      vertex 11.3418 4.99316 13.9
    endloop
  endfacet
  facet normal 0 0 -1
    outer loop
      vertex 11.301 4.78789 13.9
      vertex 11.301 5.61611 13.9
      vertex 11.3418 5.41084 13.9
    endloop
  endfacet
  facet normal 0 0 -1
    outer loop
      vertex 11.2337 4.58971 13.9
      vertex 11.301 5.61611 13.9
      vertex 11.301 4.78789 13.9
    endloop
  endfacet
  facet normal 0 0 -1
    outer loop
      vertex 11.2337 4.58971 13.9
      vertex 11.2337 5.81429 13.9
      vertex 11.301 5.61611 13.9
    endloop
  endfacet
  facet normal 0 0 -1
    outer loop
      vertex 11.1411 4.402 13.9
      vertex 11.2337 5.81429 13.9
      vertex 11.2337 4.58971 13.9
    endloop
  endfacet
  facet normal 0 0 -1
    outer loop
      vertex 11.1411 4.402 13.9
      vertex 11.1411 6.002 13.9
      vertex 11.2337 5.81429 13.9
    endloop
  endfacet
  facet normal 0 0 -1
    outer loop
      vertex 11.0249 4.22798 13.9
      vertex 11.1411 6.002 13.9
      vertex 11.1411 4.402 13.9
    endloop
  endfacet
  facet normal 0 0 -1
    outer loop
      vertex 11.0249 4.22798 13.9
      vertex 11.0249 6.17602 13.9
      vertex 11.1411 6.002 13.9
    endloop
  endfacet
  facet normal 0 0 -1
    outer loop
      vertex 10.8869 4.07063 13.9
      vertex 11.0249 6.17602 13.9
      vertex 11.0249 4.22798 13.9
    endloop
  endfacet
  facet normal 0 0 -1
    outer loop
      vertex 10.8869 4.07063 13.9
      vertex 10.8869 6.33337 13.9
      vertex 11.0249 6.17602 13.9
    endloop
  endfacet
  facet normal 0 0 -1
    outer loop
      vertex 10.7295 3.93263 13.9
      vertex 10.8869 6.33337 13.9
      vertex 10.8869 4.07063 13.9
    endloop
  endfacet
  facet normal 0 0 -1
    outer loop
      vertex 10.7295 3.93263 13.9
      vertex 10.7295 6.47136 13.9
      vertex 10.8869 6.33337 13.9
    endloop
  endfacet
  facet normal 0 0 -1
    outer loop
      vertex 10.5555 3.81636 13.9
      vertex 10.7295 6.47136 13.9
      vertex 10.7295 3.93263 13.9
    endloop
  endfacet
  facet normal 0 0 -1
    outer loop
      vertex 10.5555 3.81636 13.9
      vertex 10.5555 6.58764 13.9
      vertex 10.7295 6.47136 13.9
    endloop
  endfacet
  facet normal 0 0 -1
    outer loop
      vertex 10.3678 3.72379 13.9
      vertex 10.5555 6.58764 13.9
      vertex 10.5555 3.81636 13.9
    endloop
  endfacet
  facet normal 0 0 -1
    outer loop
      vertex 10.3678 3.72379 13.9
      vertex 10.3678 6.68021 13.9
      vertex 10.5555 6.58764 13.9
    endloop
  endfacet
  facet normal 0 0 -1
    outer loop
      vertex 10.1696 3.65652 13.9
      vertex 10.3678 6.68021 13.9
      vertex 10.3678 3.72379 13.9
    endloop
  endfacet
  facet normal 0 0 -1
    outer loop
      vertex 10.1696 3.65652 13.9
      vertex 10.1696 6.74748 13.9
      vertex 10.3678 6.68021 13.9
    endloop
  endfacet
  facet normal 0 0 -1
    outer loop
      vertex 9.96434 3.61569 13.9
      vertex 10.1696 6.74748 13.9
      vertex 10.1696 3.65652 13.9
    endloop
  endfacet
  facet normal 0 0 -1
    outer loop
      vertex 9.96434 3.61569 13.9
      vertex 9.96434 6.78831 13.9
      vertex 10.1696 6.74748 13.9
    endloop
  endfacet
  facet normal 0 0 -1
    outer loop
      vertex 9.7555 3.602 13.9
      vertex 9.96434 6.78831 13.9
      vertex 9.96434 3.61569 13.9
    endloop
  endfacet
  facet normal 0 0 -1
    outer loop
      vertex 9.7555 3.602 13.9
      vertex 9.7555 6.802 13.9
      vertex 9.96434 6.78831 13.9
    endloop
  endfacet
  facet normal 0 0 -1
    outer loop
      vertex 9.54666 3.61569 13.9
      vertex 9.7555 6.802 13.9
      vertex 9.7555 3.602 13.9
    endloop
  endfacet
  facet normal 0 0 -1
    outer loop
      vertex 9.54666 3.61569 13.9
      vertex 9.54666 6.78831 13.9
      vertex 9.7555 6.802 13.9
    endloop
  endfacet
  facet normal 0 0 -1
    outer loop
      vertex 9.34139 3.65652 13.9
      vertex 9.54666 6.78831 13.9
      vertex 9.54666 3.61569 13.9
    endloop
  endfacet
  facet normal 0 0 -1
    outer loop
      vertex 9.34139 3.65652 13.9
      vertex 9.34139 6.74748 13.9
      vertex 9.54666 6.78831 13.9
    endloop
  endfacet
  facet normal 0 0 -1
    outer loop
      vertex 9.14321 3.72379 13.9
      vertex 9.34139 6.74748 13.9
      vertex 9.34139 3.65652 13.9
    endloop
  endfacet
  facet normal 0 0 -1
    outer loop
      vertex 9.14321 3.72379 13.9
      vertex 9.14321 6.68021 13.9
      vertex 9.34139 6.74748 13.9
    endloop
  endfacet
  facet normal 0 0 -1
    outer loop
      vertex 8.9555 3.81636 13.9
      vertex 9.14321 6.68021 13.9
      vertex 9.14321 3.72379 13.9
    endloop
  endfacet
  facet normal 0 0 -1
    outer loop
      vertex 8.9555 3.81636 13.9
      vertex 8.9555 6.58764 13.9
      vertex 9.14321 6.68021 13.9
    endloop
  endfacet
  facet normal 0 0 -1
    outer loop
      vertex 8.78148 3.93263 13.9
      vertex 8.9555 6.58764 13.9
      vertex 8.9555 3.81636 13.9
    endloop
  endfacet
  facet normal 0 0 -1
    outer loop
      vertex 8.78148 3.93263 13.9
      vertex 8.78148 6.47136 13.9
      vertex 8.9555 6.58764 13.9
    endloop
  endfacet
  facet normal 0 0 -1
    outer loop
      vertex 8.62413 4.07063 13.9
      vertex 8.78148 6.47136 13.9
      vertex 8.78148 3.93263 13.9
    endloop
  endfacet
  facet normal 0 0 -1
    outer loop
      vertex 8.62413 4.07063 13.9
      vertex 8.62413 6.33337 13.9
      vertex 8.78148 6.47136 13.9
    endloop
  endfacet
  facet normal 0 0 -1
    outer loop
      vertex 8.48613 4.22798 13.9
      vertex 8.62413 6.33337 13.9
      vertex 8.62413 4.07063 13.9
    endloop
  endfacet
  facet normal 0 0 -1
    outer loop
      vertex 8.48613 4.22798 13.9
      vertex 8.48613 6.17602 13.9
      vertex 8.62413 6.33337 13.9
    endloop
  endfacet
  facet normal 0 0 -1
    outer loop
      vertex 8.36986 4.402 13.9
      vertex 8.48613 6.17602 13.9
      vertex 8.48613 4.22798 13.9
    endloop
  endfacet
  facet normal 0 0 -1
    outer loop
      vertex 8.36986 4.402 13.9
      vertex 8.36986 6.002 13.9
      vertex 8.48613 6.17602 13.9
    endloop
  endfacet
  facet normal 0 0 -1
    outer loop
      vertex 8.27729 4.58971 13.9
      vertex 8.36986 6.002 13.9
      vertex 8.36986 4.402 13.9
    endloop
  endfacet
  facet normal 0 0 -1
    outer loop
      vertex 8.27729 4.58971 13.9
      vertex 8.27729 5.81429 13.9
      vertex 8.36986 6.002 13.9
    endloop
  endfacet
  facet normal 0 0 -1
    outer loop
      vertex 8.21002 4.78789 13.9
      vertex 8.27729 5.81429 13.9
      vertex 8.27729 4.58971 13.9
    endloop
  endfacet
  facet normal 0 0 -1
    outer loop
      vertex 8.21002 4.78789 13.9
      vertex 8.21002 5.61611 13.9
      vertex 8.27729 5.81429 13.9
    endloop
  endfacet
  facet normal 0 0 -1
    outer loop
      vertex 8.16919 4.99316 13.9
      vertex 8.21002 5.61611 13.9
      vertex 8.21002 4.78789 13.9
    endloop
  endfacet
  facet normal 0 0 -1
    outer loop
      vertex 8.16919 4.99316 13.9
      vertex 8.16919 5.41084 13.9
      vertex 8.21002 5.61611 13.9
    endloop
  endfacet
  facet normal 0 -0 -1
    outer loop
      vertex 8.16919 5.41084 13.9
      vertex 8.16919 4.99316 13.9
      vertex 8.1555 5.202 13.9
    endloop
  endfacet
  facet normal 0.81039 0.39885 -0.429171
    outer loop
      vertex 11.5579 6.23116 14.9
      vertex 11.1411 6.002 13.9
      vertex 11.5535 6.2401 14.9
    endloop
  endfacet
  facet normal 0.810016 0.399592 -0.429185
    outer loop
      vertex 11.1411 6.002 13.9
      vertex 11.5579 6.23116 14.9
      vertex 11.2337 5.81429 13.9
    endloop
  endfacet
  facet normal 0.855317 0.290245 -0.429175
    outer loop
      vertex 11.7609 5.73936 14.9
      vertex 11.2337 5.81429 13.9
      vertex 11.7577 5.74879 14.9
    endloop
  endfacet
  facet normal 0.85527 0.290441 -0.429136
    outer loop
      vertex 11.2337 5.81429 13.9
      vertex 11.7609 5.73936 14.9
      vertex 11.301 5.61611 13.9
    endloop
  endfacet
  facet normal -0.707107 0 -0.707107
    outer loop
      vertex 17.5 7.402 15.3
      vertex 16.5 7.40199 16.3
      vertex 16.5 7.402 16.3
    endloop
  endfacet
  facet normal -0.707107 0 -0.707107
    outer loop
      vertex 17.5 3.002 15.3
      vertex 16.5 7.40199 16.3
      vertex 17.5 7.402 15.3
    endloop
  endfacet
  facet normal -0.707107 -0 -0.707107
    outer loop
      vertex 16.5 7.40199 16.3
      vertex 17.5 3.002 15.3
      vertex 16.5 3.002 16.3
    endloop
  endfacet
  facet normal -1 0 0
    outer loop
      vertex 16.5 7.40199 16.3
      vertex 16.5 7.402 16.9
      vertex 16.5 7.402 16.3
    endloop
  endfacet
  facet normal -1 -0 0
    outer loop
      vertex 16.5 7.402 16.9
      vertex 16.5 7.40199 16.3
      vertex 16.5 7.40199 16.9
    endloop
  endfacet
  facet normal -0 -1 -0
    outer loop
      vertex 17.5 3.002 16.3
      vertex 16.5 3.002 16.3
      vertex 17.5 3.002 15.3
    endloop
  endfacet
  facet normal 0 1 0
    outer loop
      vertex 17.5 7.402 16.9
      vertex 16.5 7.402 16.3
      vertex 16.5 7.402 16.9
    endloop
  endfacet
  facet normal -0 1 0
    outer loop
      vertex 16.5 7.402 16.3
      vertex 17.5 7.402 16.9
      vertex 17.5 7.402 15.3
    endloop
  endfacet
  facet normal 0.442286 0.896874 -0
    outer loop
      vertex 28.4345 7.10725 16.3
      vertex 28.1764 7.23453 16.9
      vertex 28.4345 7.10725 16.9
    endloop
  endfacet
  facet normal 0.442286 0.896874 0
    outer loop
      vertex 28.1764 7.23453 16.9
      vertex 28.4345 7.10725 16.3
      vertex 28.1764 7.23453 16.3
    endloop
  endfacet
  facet normal 0.997864 -0.0653289 0
    outer loop
      vertex 29.5157 4.91484 16.9
      vertex 29.5345 5.202 16.3
      vertex 29.5345 5.202 16.9
    endloop
  endfacet
  facet normal 0.997864 -0.0653289 0
    outer loop
      vertex 29.5345 5.202 16.3
      vertex 29.5157 4.91484 16.9
      vertex 29.5157 4.91484 16.3
    endloop
  endfacet
  facet normal 0.980749 -0.195274 0
    outer loop
      vertex 29.4595 4.63258 16.9
      vertex 29.5157 4.91484 16.3
      vertex 29.5157 4.91484 16.9
    endloop
  endfacet
  facet normal 0.980749 -0.195274 0
    outer loop
      vertex 29.5157 4.91484 16.3
      vertex 29.4595 4.63258 16.9
      vertex 29.4595 4.63258 16.3
    endloop
  endfacet
  facet normal 0.442286 -0.896874 0
    outer loop
      vertex 28.1764 3.16946 16.3
      vertex 28.4345 3.29674 16.9
      vertex 28.1764 3.16946 16.9
    endloop
  endfacet
  facet normal 0.442286 -0.896874 0
    outer loop
      vertex 28.4345 3.29674 16.9
      vertex 28.1764 3.16946 16.3
      vertex 28.4345 3.29674 16.3
    endloop
  endfacet
  facet normal 0.555534 -0.831494 0
    outer loop
      vertex 28.4345 3.29674 16.3
      vertex 28.6738 3.45662 16.9
      vertex 28.4345 3.29674 16.9
    endloop
  endfacet
  facet normal 0.555534 -0.831494 0
    outer loop
      vertex 28.6738 3.45662 16.9
      vertex 28.4345 3.29674 16.3
      vertex 28.6738 3.45662 16.3
    endloop
  endfacet
  facet normal 0 -1 0
    outer loop
      vertex 19.59 3.002 16.3
      vertex 27.3345 3.002 16.9
      vertex 19.59 3.002 16.9
    endloop
  endfacet
  facet normal 0 -1 -0
    outer loop
      vertex 27.3345 3.002 16.9
      vertex 19.59 3.002 16.3
      vertex 27.3345 3.002 16.3
    endloop
  endfacet
  facet normal 0 1 -0
    outer loop
      vertex 27.3345 7.40199 16.3
      vertex 20.59 7.40199 16.9
      vertex 27.3345 7.40199 16.9
    endloop
  endfacet
  facet normal 0 1 0
    outer loop
      vertex 20.59 7.40199 16.9
      vertex 27.3345 7.40199 16.3
      vertex 20.59 7.40199 16.3
    endloop
  endfacet
  facet normal 0.946935 0.321425 0
    outer loop
      vertex 29.4595 5.77139 16.9
      vertex 29.367 6.0439 16.3
      vertex 29.367 6.0439 16.9
    endloop
  endfacet
  facet normal 0.946935 0.321425 0
    outer loop
      vertex 29.367 6.0439 16.3
      vertex 29.4595 5.77139 16.9
      vertex 29.4595 5.77139 16.3
    endloop
  endfacet
  facet normal 0.659444 0.751754 -0
    outer loop
      vertex 28.8901 6.75763 16.3
      vertex 28.6738 6.94737 16.9
      vertex 28.8901 6.75763 16.9
    endloop
  endfacet
  facet normal 0.659444 0.751754 0
    outer loop
      vertex 28.6738 6.94737 16.9
      vertex 28.8901 6.75763 16.3
      vertex 28.6738 6.94737 16.3
    endloop
  endfacet
  facet normal 0.321467 -0.946921 0
    outer loop
      vertex 27.9039 3.07695 16.3
      vertex 28.1764 3.16946 16.9
      vertex 27.9039 3.07695 16.9
    endloop
  endfacet
  facet normal 0.321467 -0.946921 0
    outer loop
      vertex 28.1764 3.16946 16.9
      vertex 27.9039 3.07695 16.3
      vertex 28.1764 3.16946 16.3
    endloop
  endfacet
  facet normal 0.997864 0.0653311 0
    outer loop
      vertex 29.5345 5.202 16.9
      vertex 29.5157 5.48915 16.3
      vertex 29.5157 5.48915 16.9
    endloop
  endfacet
  facet normal 0.997864 0.0653311 0
    outer loop
      vertex 29.5157 5.48915 16.3
      vertex 29.5345 5.202 16.9
      vertex 29.5345 5.202 16.3
    endloop
  endfacet
  facet normal 0 0 -1
    outer loop
      vertex 29.4345 5.202 16.3
      vertex 29.5345 5.202 16.3
      vertex 29.5157 4.91484 16.3
    endloop
  endfacet
  facet normal 0 0 -1
    outer loop
      vertex 29.4165 4.92789 16.3
      vertex 29.5157 4.91484 16.3
      vertex 29.4595 4.63258 16.3
    endloop
  endfacet
  facet normal 0 0 -1
    outer loop
      vertex 29.5345 5.202 16.3
      vertex 29.4345 5.202 16.3
      vertex 29.5157 5.48915 16.3
    endloop
  endfacet
  facet normal 0 0 -1
    outer loop
      vertex 29.4165 5.4761 16.3
      vertex 29.5157 5.48915 16.3
      vertex 29.4345 5.202 16.3
    endloop
  endfacet
  facet normal 0 0 -1
    outer loop
      vertex 29.5157 4.91484 16.3
      vertex 29.4165 4.92789 16.3
      vertex 29.4345 5.202 16.3
    endloop
  endfacet
  facet normal 0 0 -1
    outer loop
      vertex 29.3629 4.65848 16.3
      vertex 29.4595 4.63258 16.3
      vertex 29.367 4.36009 16.3
    endloop
  endfacet
  facet normal 0 0 -1
    outer loop
      vertex 29.4595 4.63258 16.3
      vertex 29.3629 4.65848 16.3
      vertex 29.4165 4.92789 16.3
    endloop
  endfacet
  facet normal 0 0 -1
    outer loop
      vertex 29.367 4.36009 16.3
      vertex 29.2746 4.39836 16.3
      vertex 29.3629 4.65848 16.3
    endloop
  endfacet
  facet normal 0 0 -1
    outer loop
      vertex 29.2398 4.10199 16.3
      vertex 29.2746 4.39836 16.3
      vertex 29.367 4.36009 16.3
    endloop
  endfacet
  facet normal 0 0 -1
    outer loop
      vertex 29.2398 4.10199 16.3
      vertex 29.1532 4.152 16.3
      vertex 29.2746 4.39836 16.3
    endloop
  endfacet
  facet normal 0 0 -1
    outer loop
      vertex 29.0799 3.86272 16.3
      vertex 29.1532 4.152 16.3
      vertex 29.2398 4.10199 16.3
    endloop
  endfacet
  facet normal 0 0 -1
    outer loop
      vertex 29.0799 3.86272 16.3
      vertex 29.0005 3.9236 16.3
      vertex 29.1532 4.152 16.3
    endloop
  endfacet
  facet normal 0 0 -1
    outer loop
      vertex 28.8901 3.64636 16.3
      vertex 29.0005 3.9236 16.3
      vertex 29.0799 3.86272 16.3
    endloop
  endfacet
  facet normal 0 0 -1
    outer loop
      vertex 28.8901 3.64636 16.3
      vertex 28.8194 3.71708 16.3
      vertex 29.0005 3.9236 16.3
    endloop
  endfacet
  facet normal 0 0 -1
    outer loop
      vertex 28.6738 3.45662 16.3
      vertex 28.8194 3.71708 16.3
      vertex 28.8901 3.64636 16.3
    endloop
  endfacet
  facet normal 0 0 -1
    outer loop
      vertex 28.6738 3.45662 16.3
      vertex 28.6129 3.53596 16.3
      vertex 28.8194 3.71708 16.3
    endloop
  endfacet
  facet normal 0 0 -1
    outer loop
      vertex 28.4345 3.29674 16.3
      vertex 28.6129 3.53596 16.3
      vertex 28.6738 3.45662 16.3
    endloop
  endfacet
  facet normal 0 0 -1
    outer loop
      vertex 28.4345 3.29674 16.3
      vertex 28.3845 3.38335 16.3
      vertex 28.6129 3.53596 16.3
    endloop
  endfacet
  facet normal 0 0 -1
    outer loop
      vertex 28.1764 3.16946 16.3
      vertex 28.3845 3.38335 16.3
      vertex 28.4345 3.29674 16.3
    endloop
  endfacet
  facet normal 0 0 -1
    outer loop
      vertex 28.1764 3.16946 16.3
      vertex 28.1381 3.26185 16.3
      vertex 28.3845 3.38335 16.3
    endloop
  endfacet
  facet normal 0 0 -1
    outer loop
      vertex 27.9039 3.07695 16.3
      vertex 28.1381 3.26185 16.3
      vertex 28.1764 3.16946 16.3
    endloop
  endfacet
  facet normal 0 0 -1
    outer loop
      vertex 27.9039 3.07695 16.3
      vertex 27.878 3.17356 16.3
      vertex 28.1381 3.26185 16.3
    endloop
  endfacet
  facet normal 0 0 -1
    outer loop
      vertex 27.6217 3.02081 16.3
      vertex 27.878 3.17356 16.3
      vertex 27.9039 3.07695 16.3
    endloop
  endfacet
  facet normal 0 0 -1
    outer loop
      vertex 27.6217 3.02081 16.3
      vertex 27.6086 3.11997 16.3
      vertex 27.878 3.17356 16.3
    endloop
  endfacet
  facet normal 0 0 -1
    outer loop
      vertex 27.3345 3.002 16.3
      vertex 27.6086 3.11997 16.3
      vertex 27.6217 3.02081 16.3
    endloop
  endfacet
  facet normal 0 0 -1
    outer loop
      vertex 27.3345 3.002 16.3
      vertex 27.3345 3.102 16.3
      vertex 27.6086 3.11997 16.3
    endloop
  endfacet
  facet normal 0 0 -1
    outer loop
      vertex 27.3345 3.002 16.3
      vertex 27.0604 3.11997 16.3
      vertex 27.3345 3.102 16.3
    endloop
  endfacet
  facet normal 0 0 -1
    outer loop
      vertex 27.3345 3.002 16.3
      vertex 26.791 3.17356 16.3
      vertex 27.0604 3.11997 16.3
    endloop
  endfacet
  facet normal -0 0 -1
    outer loop
      vertex 25.2525 4.92789 16.3
      vertex 20.59 3.002 16.3
      vertex 25.2345 5.202 16.3
    endloop
  endfacet
  facet normal -0 0 -1
    outer loop
      vertex 25.3061 4.65848 16.3
      vertex 20.59 3.002 16.3
      vertex 25.2525 4.92789 16.3
    endloop
  endfacet
  facet normal -0 0 -1
    outer loop
      vertex 25.3944 4.39836 16.3
      vertex 20.59 3.002 16.3
      vertex 25.3061 4.65848 16.3
    endloop
  endfacet
  facet normal -0 0 -1
    outer loop
      vertex 25.5158 4.152 16.3
      vertex 20.59 3.002 16.3
      vertex 25.3944 4.39836 16.3
    endloop
  endfacet
  facet normal -0 0 -1
    outer loop
      vertex 25.6685 3.9236 16.3
      vertex 20.59 3.002 16.3
      vertex 25.5158 4.152 16.3
    endloop
  endfacet
  facet normal -0 0 -1
    outer loop
      vertex 25.8496 3.71708 16.3
      vertex 20.59 3.002 16.3
      vertex 25.6685 3.9236 16.3
    endloop
  endfacet
  facet normal -0 0 -1
    outer loop
      vertex 26.0561 3.53596 16.3
      vertex 20.59 3.002 16.3
      vertex 25.8496 3.71708 16.3
    endloop
  endfacet
  facet normal -0 0 -1
    outer loop
      vertex 26.2845 3.38335 16.3
      vertex 20.59 3.002 16.3
      vertex 26.0561 3.53596 16.3
    endloop
  endfacet
  facet normal -0 0 -1
    outer loop
      vertex 26.5309 3.26185 16.3
      vertex 20.59 3.002 16.3
      vertex 26.2845 3.38335 16.3
    endloop
  endfacet
  facet normal -0 0 -1
    outer loop
      vertex 26.791 3.17356 16.3
      vertex 20.59 3.002 16.3
      vertex 26.5309 3.26185 16.3
    endloop
  endfacet
  facet normal 0 0 -1
    outer loop
      vertex 27.3345 3.002 16.3
      vertex 20.59 3.002 16.3
      vertex 26.791 3.17356 16.3
    endloop
  endfacet
  facet normal 0 0 0
    outer loop
      vertex 19.59 3.002 16.3
      vertex 20.59 3.002 16.3
      vertex 27.3345 3.002 16.3
    endloop
  endfacet
  facet normal -0 0 -1
    outer loop
      vertex 29.5157 5.48915 16.3
      vertex 29.4165 5.4761 16.3
      vertex 29.4595 5.77139 16.3
    endloop
  endfacet
  facet normal 0 0 -1
    outer loop
      vertex 29.3629 5.74552 16.3
      vertex 29.4595 5.77139 16.3
      vertex 29.4165 5.4761 16.3
    endloop
  endfacet
  facet normal -0 0 -1
    outer loop
      vertex 29.4595 5.77139 16.3
      vertex 29.3629 5.74552 16.3
      vertex 29.367 6.0439 16.3
    endloop
  endfacet
  facet normal 0 0 -1
    outer loop
      vertex 29.2746 6.00563 16.3
      vertex 29.367 6.0439 16.3
      vertex 29.3629 5.74552 16.3
    endloop
  endfacet
  facet normal 0 0 -1
    outer loop
      vertex 29.2746 6.00563 16.3
      vertex 29.2398 6.30199 16.3
      vertex 29.367 6.0439 16.3
    endloop
  endfacet
  facet normal 0 0 -1
    outer loop
      vertex 29.1532 6.252 16.3
      vertex 29.2398 6.30199 16.3
      vertex 29.2746 6.00563 16.3
    endloop
  endfacet
  facet normal 0 0 -1
    outer loop
      vertex 29.1532 6.252 16.3
      vertex 29.0799 6.54128 16.3
      vertex 29.2398 6.30199 16.3
    endloop
  endfacet
  facet normal 0 0 -1
    outer loop
      vertex 29.0005 6.4804 16.3
      vertex 29.0799 6.54128 16.3
      vertex 29.1532 6.252 16.3
    endloop
  endfacet
  facet normal 0 0 -1
    outer loop
      vertex 29.0005 6.4804 16.3
      vertex 28.8901 6.75763 16.3
      vertex 29.0799 6.54128 16.3
    endloop
  endfacet
  facet normal 0 0 -1
    outer loop
      vertex 28.8194 6.68692 16.3
      vertex 28.8901 6.75763 16.3
      vertex 29.0005 6.4804 16.3
    endloop
  endfacet
  facet normal 0 0 -1
    outer loop
      vertex 28.8194 6.68692 16.3
      vertex 28.6738 6.94737 16.3
      vertex 28.8901 6.75763 16.3
    endloop
  endfacet
  facet normal 0 0 -1
    outer loop
      vertex 28.6129 6.86804 16.3
      vertex 28.6738 6.94737 16.3
      vertex 28.8194 6.68692 16.3
    endloop
  endfacet
  facet normal 0 0 -1
    outer loop
      vertex 28.6129 6.86804 16.3
      vertex 28.4345 7.10725 16.3
      vertex 28.6738 6.94737 16.3
    endloop
  endfacet
  facet normal 0 0 -1
    outer loop
      vertex 28.3845 7.02065 16.3
      vertex 28.4345 7.10725 16.3
      vertex 28.6129 6.86804 16.3
    endloop
  endfacet
  facet normal 0 0 -1
    outer loop
      vertex 28.3845 7.02065 16.3
      vertex 28.1764 7.23453 16.3
      vertex 28.4345 7.10725 16.3
    endloop
  endfacet
  facet normal 0 0 -1
    outer loop
      vertex 28.1381 7.14215 16.3
      vertex 28.1764 7.23453 16.3
      vertex 28.3845 7.02065 16.3
    endloop
  endfacet
  facet normal 0 0 -1
    outer loop
      vertex 28.1381 7.14215 16.3
      vertex 27.9039 7.32703 16.3
      vertex 28.1764 7.23453 16.3
    endloop
  endfacet
  facet normal 0 0 -1
    outer loop
      vertex 27.878 7.23044 16.3
      vertex 27.9039 7.32703 16.3
      vertex 28.1381 7.14215 16.3
    endloop
  endfacet
  facet normal 0 0 -1
    outer loop
      vertex 27.878 7.23044 16.3
      vertex 27.6217 7.38316 16.3
      vertex 27.9039 7.32703 16.3
    endloop
  endfacet
  facet normal 0 0 -1
    outer loop
      vertex 27.6086 7.28403 16.3
      vertex 27.6217 7.38316 16.3
      vertex 27.878 7.23044 16.3
    endloop
  endfacet
  facet normal 0 0 -1
    outer loop
      vertex 27.6086 7.28403 16.3
      vertex 27.3345 7.40199 16.3
      vertex 27.6217 7.38316 16.3
    endloop
  endfacet
  facet normal 0 0 -1
    outer loop
      vertex 27.3345 7.302 16.3
      vertex 27.3345 7.40199 16.3
      vertex 27.6086 7.28403 16.3
    endloop
  endfacet
  facet normal 0 0 -1
    outer loop
      vertex 27.0604 7.28403 16.3
      vertex 27.3345 7.40199 16.3
      vertex 27.3345 7.302 16.3
    endloop
  endfacet
  facet normal 0 0 -1
    outer loop
      vertex 26.791 7.23044 16.3
      vertex 27.3345 7.40199 16.3
      vertex 27.0604 7.28403 16.3
    endloop
  endfacet
  facet normal 0 0 -1
    outer loop
      vertex 20.59 7.40199 16.3
      vertex 25.2345 5.202 16.3
      vertex 20.59 3.002 16.3
    endloop
  endfacet
  facet normal 0 0 -1
    outer loop
      vertex 25.2345 5.202 16.3
      vertex 20.59 7.40199 16.3
      vertex 25.2525 5.4761 16.3
    endloop
  endfacet
  facet normal 0 0 -1
    outer loop
      vertex 25.2525 5.4761 16.3
      vertex 20.59 7.40199 16.3
      vertex 25.3061 5.74552 16.3
    endloop
  endfacet
  facet normal 0 0 -1
    outer loop
      vertex 25.3061 5.74552 16.3
      vertex 20.59 7.40199 16.3
      vertex 25.3944 6.00563 16.3
    endloop
  endfacet
  facet normal 0 0 -1
    outer loop
      vertex 25.3944 6.00563 16.3
      vertex 20.59 7.40199 16.3
      vertex 25.5158 6.252 16.3
    endloop
  endfacet
  facet normal 0 0 -1
    outer loop
      vertex 25.5158 6.252 16.3
      vertex 20.59 7.40199 16.3
      vertex 25.6685 6.4804 16.3
    endloop
  endfacet
  facet normal 0 0 -1
    outer loop
      vertex 25.6685 6.4804 16.3
      vertex 20.59 7.40199 16.3
      vertex 25.8496 6.68692 16.3
    endloop
  endfacet
  facet normal 0 0 -1
    outer loop
      vertex 26.791 7.23044 16.3
      vertex 20.59 7.40199 16.3
      vertex 27.3345 7.40199 16.3
    endloop
  endfacet
  facet normal 0 0 -1
    outer loop
      vertex 26.5309 7.14215 16.3
      vertex 20.59 7.40199 16.3
      vertex 26.791 7.23044 16.3
    endloop
  endfacet
  facet normal 0 0 -1
    outer loop
      vertex 26.2845 7.02065 16.3
      vertex 20.59 7.40199 16.3
      vertex 26.5309 7.14215 16.3
    endloop
  endfacet
  facet normal 0 0 -1
    outer loop
      vertex 26.0561 6.86804 16.3
      vertex 20.59 7.40199 16.3
      vertex 26.2845 7.02065 16.3
    endloop
  endfacet
  facet normal 0 0 -1
    outer loop
      vertex 25.8496 6.68692 16.3
      vertex 20.59 7.40199 16.3
      vertex 26.0561 6.86804 16.3
    endloop
  endfacet
  facet normal 0.555534 0.831494 -0
    outer loop
      vertex 28.6738 6.94737 16.3
      vertex 28.4345 7.10725 16.9
      vertex 28.6738 6.94737 16.9
    endloop
  endfacet
  facet normal 0.555534 0.831494 0
    outer loop
      vertex 28.4345 7.10725 16.9
      vertex 28.6738 6.94737 16.3
      vertex 28.4345 7.10725 16.3
    endloop
  endfacet
  facet normal 0.0653544 -0.997862 0
    outer loop
      vertex 27.3345 3.002 16.3
      vertex 27.6217 3.02081 16.9
      vertex 27.3345 3.002 16.9
    endloop
  endfacet
  facet normal 0.0653544 -0.997862 0
    outer loop
      vertex 27.6217 3.02081 16.9
      vertex 27.3345 3.002 16.3
      vertex 27.6217 3.02081 16.3
    endloop
  endfacet
  facet normal 0.195113 -0.980781 0
    outer loop
      vertex 27.6217 3.02081 16.3
      vertex 27.9039 3.07695 16.9
      vertex 27.6217 3.02081 16.9
    endloop
  endfacet
  facet normal 0.195113 -0.980781 0
    outer loop
      vertex 27.9039 3.07695 16.9
      vertex 27.6217 3.02081 16.3
      vertex 27.9039 3.07695 16.3
    endloop
  endfacet
  facet normal 0.896984 -0.442063 0
    outer loop
      vertex 29.2398 4.10199 16.9
      vertex 29.367 4.36009 16.3
      vertex 29.367 4.36009 16.9
    endloop
  endfacet
  facet normal 0.896984 -0.442063 0
    outer loop
      vertex 29.367 4.36009 16.3
      vertex 29.2398 4.10199 16.9
      vertex 29.2398 4.10199 16.3
    endloop
  endfacet
  facet normal 0.946928 -0.321446 0
    outer loop
      vertex 29.367 4.36009 16.9
      vertex 29.4595 4.63258 16.3
      vertex 29.4595 4.63258 16.9
    endloop
  endfacet
  facet normal 0.946928 -0.321446 0
    outer loop
      vertex 29.4595 4.63258 16.3
      vertex 29.367 4.36009 16.9
      vertex 29.367 4.36009 16.3
    endloop
  endfacet
  facet normal 0.751741 -0.659458 0
    outer loop
      vertex 28.8901 3.64636 16.9
      vertex 29.0799 3.86272 16.3
      vertex 29.0799 3.86272 16.9
    endloop
  endfacet
  facet normal 0.751741 -0.659458 0
    outer loop
      vertex 29.0799 3.86272 16.3
      vertex 28.8901 3.64636 16.9
      vertex 28.8901 3.64636 16.3
    endloop
  endfacet
  facet normal 0.751726 0.659476 0
    outer loop
      vertex 29.0799 6.54128 16.9
      vertex 28.8901 6.75763 16.3
      vertex 28.8901 6.75763 16.9
    endloop
  endfacet
  facet normal 0.751726 0.659476 0
    outer loop
      vertex 28.8901 6.75763 16.3
      vertex 29.0799 6.54128 16.9
      vertex 29.0799 6.54128 16.3
    endloop
  endfacet
  facet normal 0.321435 0.946931 -0
    outer loop
      vertex 28.1764 7.23453 16.3
      vertex 27.9039 7.32703 16.9
      vertex 28.1764 7.23453 16.9
    endloop
  endfacet
  facet normal 0.321435 0.946931 0
    outer loop
      vertex 27.9039 7.32703 16.9
      vertex 28.1764 7.23453 16.3
      vertex 27.9039 7.32703 16.3
    endloop
  endfacet
  facet normal 0.19508 0.980787 -0
    outer loop
      vertex 27.9039 7.32703 16.3
      vertex 27.6217 7.38316 16.9
      vertex 27.9039 7.32703 16.9
    endloop
  endfacet
  facet normal 0.19508 0.980787 0
    outer loop
      vertex 27.6217 7.38316 16.9
      vertex 27.9039 7.32703 16.3
      vertex 27.6217 7.38316 16.3
    endloop
  endfacet
  facet normal 0.831451 0.555598 0
    outer loop
      vertex 29.2398 6.30199 16.9
      vertex 29.0799 6.54128 16.3
      vertex 29.0799 6.54128 16.9
    endloop
  endfacet
  facet normal 0.831451 0.555598 0
    outer loop
      vertex 29.0799 6.54128 16.3
      vertex 29.2398 6.30199 16.9
      vertex 29.2398 6.30199 16.3
    endloop
  endfacet
  facet normal 0.83143 -0.55563 0
    outer loop
      vertex 29.0799 3.86272 16.9
      vertex 29.2398 4.10199 16.3
      vertex 29.2398 4.10199 16.9
    endloop
  endfacet
  facet normal 0.83143 -0.55563 0
    outer loop
      vertex 29.2398 4.10199 16.3
      vertex 29.0799 3.86272 16.9
      vertex 29.0799 3.86272 16.3
    endloop
  endfacet
  facet normal 0.659444 -0.751754 0
    outer loop
      vertex 28.6738 3.45662 16.3
      vertex 28.8901 3.64636 16.9
      vertex 28.6738 3.45662 16.9
    endloop
  endfacet
  facet normal 0.659444 -0.751754 0
    outer loop
      vertex 28.8901 3.64636 16.9
      vertex 28.6738 3.45662 16.3
      vertex 28.8901 3.64636 16.3
    endloop
  endfacet
  facet normal 0.0654236 0.997858 -0
    outer loop
      vertex 27.6217 7.38316 16.3
      vertex 27.3345 7.40199 16.9
      vertex 27.6217 7.38316 16.9
    endloop
  endfacet
  facet normal 0.0654236 0.997858 0
    outer loop
      vertex 27.3345 7.40199 16.9
      vertex 27.6217 7.38316 16.3
      vertex 27.3345 7.40199 16.3
    endloop
  endfacet
  facet normal 0.896977 0.442076 0
    outer loop
      vertex 29.367 6.0439 16.9
      vertex 29.2398 6.30199 16.3
      vertex 29.2398 6.30199 16.9
    endloop
  endfacet
  facet normal 0.896977 0.442076 0
    outer loop
      vertex 29.2398 6.30199 16.3
      vertex 29.367 6.0439 16.9
      vertex 29.367 6.0439 16.3
    endloop
  endfacet
  facet normal 0.980746 0.195287 0
    outer loop
      vertex 29.5157 5.48915 16.9
      vertex 29.4595 5.77139 16.3
      vertex 29.4595 5.77139 16.9
    endloop
  endfacet
  facet normal 0.980746 0.195287 0
    outer loop
      vertex 29.4595 5.77139 16.3
      vertex 29.5157 5.48915 16.9
      vertex 29.5157 5.48915 16.3
    endloop
  endfacet
  facet normal -0.0654196 0.997858 0
    outer loop
      vertex 27.3345 7.302 14.9
      vertex 27.0604 7.28403 16.3
      vertex 27.3345 7.302 16.3
    endloop
  endfacet
  facet normal -0.0654196 0.997858 0
    outer loop
      vertex 27.0604 7.28403 16.3
      vertex 27.3345 7.302 14.9
      vertex 27.0604 7.28403 14.9
    endloop
  endfacet
  facet normal -0.980779 0.195122 0
    outer loop
      vertex 25.2525 5.4761 14.9
      vertex 25.3061 5.74552 16.3
      vertex 25.3061 5.74552 14.9
    endloop
  endfacet
  facet normal -0.980779 0.195122 0
    outer loop
      vertex 25.3061 5.74552 16.3
      vertex 25.2525 5.4761 14.9
      vertex 25.2525 5.4761 16.3
    endloop
  endfacet
  facet normal -0.997851 0.0655283 0
    outer loop
      vertex 25.2345 5.202 14.9
      vertex 25.2525 5.4761 16.3
      vertex 25.2525 5.4761 14.9
    endloop
  endfacet
  facet normal -0.997851 0.0655283 0
    outer loop
      vertex 25.2525 5.4761 16.3
      vertex 25.2345 5.202 14.9
      vertex 25.2345 5.202 16.3
    endloop
  endfacet
  facet normal 0.442256 -0.896889 0
    outer loop
      vertex 28.1381 3.26185 14.9
      vertex 28.3845 3.38335 16.3
      vertex 28.1381 3.26185 16.3
    endloop
  endfacet
  facet normal 0.442256 -0.896889 0
    outer loop
      vertex 28.3845 3.38335 16.3
      vertex 28.1381 3.26185 14.9
      vertex 28.3845 3.38335 14.9
    endloop
  endfacet
  facet normal 0.751864 0.659319 0
    outer loop
      vertex 29.0005 6.4804 16.3
      vertex 28.8194 6.68692 14.9
      vertex 28.8194 6.68692 16.3
    endloop
  endfacet
  facet normal 0.751864 0.659319 0
    outer loop
      vertex 28.8194 6.68692 14.9
      vertex 29.0005 6.4804 16.3
      vertex 29.0005 6.4804 14.9
    endloop
  endfacet
  facet normal -0.980778 -0.195129 0
    outer loop
      vertex 25.3061 4.65848 14.9
      vertex 25.2525 4.92789 16.3
      vertex 25.2525 4.92789 14.9
    endloop
  endfacet
  facet normal -0.980778 -0.195129 0
    outer loop
      vertex 25.2525 4.92789 16.3
      vertex 25.3061 4.65848 14.9
      vertex 25.3061 4.65848 16.3
    endloop
  endfacet
  facet normal -0.321433 0.946932 0
    outer loop
      vertex 26.791 7.23044 14.9
      vertex 26.5309 7.14215 16.3
      vertex 26.791 7.23044 16.3
    endloop
  endfacet
  facet normal -0.321433 0.946932 0
    outer loop
      vertex 26.5309 7.14215 16.3
      vertex 26.791 7.23044 14.9
      vertex 26.5309 7.14215 14.9
    endloop
  endfacet
  facet normal 0.980778 -0.195129 0
    outer loop
      vertex 29.3629 4.65848 16.3
      vertex 29.4165 4.92789 14.9
      vertex 29.4165 4.92789 16.3
    endloop
  endfacet
  facet normal 0.980778 -0.195129 0
    outer loop
      vertex 29.4165 4.92789 14.9
      vertex 29.3629 4.65848 16.3
      vertex 29.3629 4.65848 14.9
    endloop
  endfacet
  facet normal -0.659396 -0.751796 0
    outer loop
      vertex 25.8496 3.71708 14.9
      vertex 26.0561 3.53596 16.3
      vertex 25.8496 3.71708 16.3
    endloop
  endfacet
  facet normal -0.659396 -0.751796 -0
    outer loop
      vertex 26.0561 3.53596 16.3
      vertex 25.8496 3.71708 14.9
      vertex 26.0561 3.53596 14.9
    endloop
  endfacet
  facet normal -0.897012 0.442007 0
    outer loop
      vertex 25.3944 6.00563 14.9
      vertex 25.5158 6.252 16.3
      vertex 25.5158 6.252 14.9
    endloop
  endfacet
  facet normal -0.897012 0.442007 0
    outer loop
      vertex 25.5158 6.252 16.3
      vertex 25.3944 6.00563 14.9
      vertex 25.3944 6.00563 16.3
    endloop
  endfacet
  facet normal 0.442256 0.896889 -0
    outer loop
      vertex 28.3845 7.02065 14.9
      vertex 28.1381 7.14215 16.3
      vertex 28.3845 7.02065 16.3
    endloop
  endfacet
  facet normal 0.442256 0.896889 0
    outer loop
      vertex 28.1381 7.14215 16.3
      vertex 28.3845 7.02065 14.9
      vertex 28.1381 7.14215 14.9
    endloop
  endfacet
  facet normal -0.321433 -0.946932 0
    outer loop
      vertex 26.5309 3.26185 14.9
      vertex 26.791 3.17356 16.3
      vertex 26.5309 3.26185 16.3
    endloop
  endfacet
  facet normal -0.321433 -0.946932 -0
    outer loop
      vertex 26.791 3.17356 16.3
      vertex 26.5309 3.26185 14.9
      vertex 26.791 3.17356 14.9
    endloop
  endfacet
  facet normal 0.659396 0.751796 -0
    outer loop
      vertex 28.8194 6.68692 14.9
      vertex 28.6129 6.86804 16.3
      vertex 28.8194 6.68692 16.3
    endloop
  endfacet
  facet normal 0.659396 0.751796 0
    outer loop
      vertex 28.6129 6.86804 16.3
      vertex 28.8194 6.68692 14.9
      vertex 28.6129 6.86804 14.9
    endloop
  endfacet
  facet normal 0.321433 0.946932 -0
    outer loop
      vertex 28.1381 7.14215 14.9
      vertex 27.878 7.23044 16.3
      vertex 28.1381 7.14215 16.3
    endloop
  endfacet
  facet normal 0.321433 0.946932 0
    outer loop
      vertex 27.878 7.23044 16.3
      vertex 28.1381 7.14215 14.9
      vertex 27.878 7.23044 14.9
    endloop
  endfacet
  facet normal -0.442256 -0.896889 0
    outer loop
      vertex 26.2845 3.38335 14.9
      vertex 26.5309 3.26185 16.3
      vertex 26.2845 3.38335 16.3
    endloop
  endfacet
  facet normal -0.442256 -0.896889 -0
    outer loop
      vertex 26.5309 3.26185 16.3
      vertex 26.2845 3.38335 14.9
      vertex 26.5309 3.26185 14.9
    endloop
  endfacet
  facet normal -0.195101 -0.980783 0
    outer loop
      vertex 26.791 3.17356 14.9
      vertex 27.0604 3.11997 16.3
      vertex 26.791 3.17356 16.3
    endloop
  endfacet
  facet normal -0.195101 -0.980783 -0
    outer loop
      vertex 27.0604 3.11997 16.3
      vertex 26.791 3.17356 14.9
      vertex 27.0604 3.11997 14.9
    endloop
  endfacet
  facet normal 0.997851 0.0655283 0
    outer loop
      vertex 29.4345 5.202 16.3
      vertex 29.4165 5.4761 14.9
      vertex 29.4165 5.4761 16.3
    endloop
  endfacet
  facet normal 0.997851 0.0655283 0
    outer loop
      vertex 29.4165 5.4761 14.9
      vertex 29.4345 5.202 16.3
      vertex 29.4345 5.202 14.9
    endloop
  endfacet
  facet normal 0.831322 -0.555792 0
    outer loop
      vertex 29.0005 3.9236 16.3
      vertex 29.1532 4.152 14.9
      vertex 29.1532 4.152 16.3
    endloop
  endfacet
  facet normal 0.831322 -0.555792 0
    outer loop
      vertex 29.1532 4.152 14.9
      vertex 29.0005 3.9236 16.3
      vertex 29.0005 3.9236 14.9
    endloop
  endfacet
  facet normal -0.0654196 -0.997858 0
    outer loop
      vertex 27.0604 3.11997 14.9
      vertex 27.3345 3.102 16.3
      vertex 27.0604 3.11997 16.3
    endloop
  endfacet
  facet normal -0.0654196 -0.997858 -0
    outer loop
      vertex 27.3345 3.102 16.3
      vertex 27.0604 3.11997 14.9
      vertex 27.3345 3.102 14.9
    endloop
  endfacet
  facet normal 0.659396 -0.751796 0
    outer loop
      vertex 28.6129 3.53596 14.9
      vertex 28.8194 3.71708 16.3
      vertex 28.6129 3.53596 16.3
    endloop
  endfacet
  facet normal 0.659396 -0.751796 0
    outer loop
      vertex 28.8194 3.71708 16.3
      vertex 28.6129 3.53596 14.9
      vertex 28.8194 3.71708 14.9
    endloop
  endfacet
  facet normal 0.555565 0.831473 -0
    outer loop
      vertex 28.6129 6.86804 14.9
      vertex 28.3845 7.02065 16.3
      vertex 28.6129 6.86804 16.3
    endloop
  endfacet
  facet normal 0.555565 0.831473 0
    outer loop
      vertex 28.3845 7.02065 16.3
      vertex 28.6129 6.86804 14.9
      vertex 28.3845 7.02065 14.9
    endloop
  endfacet
  facet normal -0.946929 -0.321443 0
    outer loop
      vertex 25.3944 4.39836 14.9
      vertex 25.3061 4.65848 16.3
      vertex 25.3061 4.65848 14.9
    endloop
  endfacet
  facet normal -0.946929 -0.321443 0
    outer loop
      vertex 25.3061 4.65848 16.3
      vertex 25.3944 4.39836 14.9
      vertex 25.3944 4.39836 16.3
    endloop
  endfacet
  facet normal 0.946929 -0.321443 0
    outer loop
      vertex 29.2746 4.39836 16.3
      vertex 29.3629 4.65848 14.9
      vertex 29.3629 4.65848 16.3
    endloop
  endfacet
  facet normal 0.946929 -0.321443 0
    outer loop
      vertex 29.3629 4.65848 14.9
      vertex 29.2746 4.39836 16.3
      vertex 29.2746 4.39836 14.9
    endloop
  endfacet
  facet normal -0.897005 -0.442021 0
    outer loop
      vertex 25.5158 4.152 14.9
      vertex 25.3944 4.39836 16.3
      vertex 25.3944 4.39836 14.9
    endloop
  endfacet
  facet normal -0.897005 -0.442021 0
    outer loop
      vertex 25.3944 4.39836 16.3
      vertex 25.5158 4.152 14.9
      vertex 25.5158 4.152 16.3
    endloop
  endfacet
  facet normal -0.997851 -0.0655259 0
    outer loop
      vertex 25.2525 4.92789 14.9
      vertex 25.2345 5.202 16.3
      vertex 25.2345 5.202 14.9
    endloop
  endfacet
  facet normal -0.997851 -0.0655259 0
    outer loop
      vertex 25.2345 5.202 16.3
      vertex 25.2525 4.92789 14.9
      vertex 25.2525 4.92789 16.3
    endloop
  endfacet
  facet normal -0.659396 0.751796 0
    outer loop
      vertex 26.0561 6.86804 14.9
      vertex 25.8496 6.68692 16.3
      vertex 26.0561 6.86804 16.3
    endloop
  endfacet
  facet normal -0.659396 0.751796 0
    outer loop
      vertex 25.8496 6.68692 16.3
      vertex 26.0561 6.86804 14.9
      vertex 25.8496 6.68692 14.9
    endloop
  endfacet
  facet normal 0.195101 0.980783 -0
    outer loop
      vertex 27.878 7.23044 14.9
      vertex 27.6086 7.28403 16.3
      vertex 27.878 7.23044 16.3
    endloop
  endfacet
  facet normal 0.195101 0.980783 0
    outer loop
      vertex 27.6086 7.28403 16.3
      vertex 27.878 7.23044 14.9
      vertex 27.6086 7.28403 14.9
    endloop
  endfacet
  facet normal -0.555565 0.831473 0
    outer loop
      vertex 26.2845 7.02065 14.9
      vertex 26.0561 6.86804 16.3
      vertex 26.2845 7.02065 16.3
    endloop
  endfacet
  facet normal -0.555565 0.831473 0
    outer loop
      vertex 26.0561 6.86804 16.3
      vertex 26.2845 7.02065 14.9
      vertex 26.0561 6.86804 14.9
    endloop
  endfacet
  facet normal -0.831322 0.555792 0
    outer loop
      vertex 25.5158 6.252 14.9
      vertex 25.6685 6.4804 16.3
      vertex 25.6685 6.4804 14.9
    endloop
  endfacet
  facet normal -0.831322 0.555792 0
    outer loop
      vertex 25.6685 6.4804 16.3
      vertex 25.5158 6.252 14.9
      vertex 25.5158 6.252 16.3
    endloop
  endfacet
  facet normal -0.555565 -0.831473 0
    outer loop
      vertex 26.0561 3.53596 14.9
      vertex 26.2845 3.38335 16.3
      vertex 26.0561 3.53596 16.3
    endloop
  endfacet
  facet normal -0.555565 -0.831473 -0
    outer loop
      vertex 26.2845 3.38335 16.3
      vertex 26.0561 3.53596 14.9
      vertex 26.2845 3.38335 14.9
    endloop
  endfacet
  facet normal 0.897005 -0.442021 0
    outer loop
      vertex 29.1532 4.152 16.3
      vertex 29.2746 4.39836 14.9
      vertex 29.2746 4.39836 16.3
    endloop
  endfacet
  facet normal 0.897005 -0.442021 0
    outer loop
      vertex 29.2746 4.39836 14.9
      vertex 29.1532 4.152 16.3
      vertex 29.1532 4.152 14.9
    endloop
  endfacet
  facet normal 0.555565 -0.831473 0
    outer loop
      vertex 28.3845 3.38335 14.9
      vertex 28.6129 3.53596 16.3
      vertex 28.3845 3.38335 16.3
    endloop
  endfacet
  facet normal 0.555565 -0.831473 0
    outer loop
      vertex 28.6129 3.53596 16.3
      vertex 28.3845 3.38335 14.9
      vertex 28.6129 3.53596 14.9
    endloop
  endfacet
  facet normal -0.831322 -0.555792 0
    outer loop
      vertex 25.6685 3.9236 14.9
      vertex 25.5158 4.152 16.3
      vertex 25.5158 4.152 14.9
    endloop
  endfacet
  facet normal -0.831322 -0.555792 0
    outer loop
      vertex 25.5158 4.152 16.3
      vertex 25.6685 3.9236 14.9
      vertex 25.6685 3.9236 16.3
    endloop
  endfacet
  facet normal -0.442256 0.896889 0
    outer loop
      vertex 26.5309 7.14215 14.9
      vertex 26.2845 7.02065 16.3
      vertex 26.5309 7.14215 16.3
    endloop
  endfacet
  facet normal -0.442256 0.896889 0
    outer loop
      vertex 26.2845 7.02065 16.3
      vertex 26.5309 7.14215 14.9
      vertex 26.2845 7.02065 14.9
    endloop
  endfacet
  facet normal 0.946925 0.321454 0
    outer loop
      vertex 29.3629 5.74552 16.3
      vertex 29.2746 6.00563 14.9
      vertex 29.2746 6.00563 16.3
    endloop
  endfacet
  facet normal 0.946925 0.321454 0
    outer loop
      vertex 29.2746 6.00563 14.9
      vertex 29.3629 5.74552 16.3
      vertex 29.3629 5.74552 14.9
    endloop
  endfacet
  facet normal -0.751864 -0.659319 0
    outer loop
      vertex 25.8496 3.71708 14.9
      vertex 25.6685 3.9236 16.3
      vertex 25.6685 3.9236 14.9
    endloop
  endfacet
  facet normal -0.751864 -0.659319 0
    outer loop
      vertex 25.6685 3.9236 16.3
      vertex 25.8496 3.71708 14.9
      vertex 25.8496 3.71708 16.3
    endloop
  endfacet
  facet normal 0.997851 -0.0655259 0
    outer loop
      vertex 29.4165 4.92789 16.3
      vertex 29.4345 5.202 14.9
      vertex 29.4345 5.202 16.3
    endloop
  endfacet
  facet normal 0.997851 -0.0655259 0
    outer loop
      vertex 29.4345 5.202 14.9
      vertex 29.4165 4.92789 16.3
      vertex 29.4165 4.92789 14.9
    endloop
  endfacet
  facet normal -0.195101 0.980783 0
    outer loop
      vertex 27.0604 7.28403 14.9
      vertex 26.791 7.23044 16.3
      vertex 27.0604 7.28403 16.3
    endloop
  endfacet
  facet normal -0.195101 0.980783 0
    outer loop
      vertex 26.791 7.23044 16.3
      vertex 27.0604 7.28403 14.9
      vertex 26.791 7.23044 14.9
    endloop
  endfacet
  facet normal -0.751864 0.659319 0
    outer loop
      vertex 25.6685 6.4804 14.9
      vertex 25.8496 6.68692 16.3
      vertex 25.8496 6.68692 14.9
    endloop
  endfacet
  facet normal -0.751864 0.659319 0
    outer loop
      vertex 25.8496 6.68692 16.3
      vertex 25.6685 6.4804 14.9
      vertex 25.6685 6.4804 16.3
    endloop
  endfacet
  facet normal -0.946925 0.321454 0
    outer loop
      vertex 25.3061 5.74552 14.9
      vertex 25.3944 6.00563 16.3
      vertex 25.3944 6.00563 14.9
    endloop
  endfacet
  facet normal -0.946925 0.321454 0
    outer loop
      vertex 25.3944 6.00563 16.3
      vertex 25.3061 5.74552 14.9
      vertex 25.3061 5.74552 16.3
    endloop
  endfacet
  facet normal 0 0 -1
    outer loop
      vertex 29.41 5.19205 14.9
      vertex 29.4345 5.202 14.9
      vertex 29.4165 4.92789 14.9
    endloop
  endfacet
  facet normal 0 0 -1
    outer loop
      vertex 29.41 5.21194 14.9
      vertex 29.4345 5.202 14.9
      vertex 29.4107 5.202 14.9
    endloop
  endfacet
  facet normal -0 0 -1
    outer loop
      vertex 29.4345 5.202 14.9
      vertex 29.41 5.19205 14.9
      vertex 29.4107 5.202 14.9
    endloop
  endfacet
  facet normal 0 0 -1
    outer loop
      vertex 29.4165 4.92789 14.9
      vertex 29.3929 4.931 14.9
      vertex 29.41 5.19205 14.9
    endloop
  endfacet
  facet normal 0 0 -1
    outer loop
      vertex 29.3419 4.67442 14.9
      vertex 29.4165 4.92789 14.9
      vertex 29.3629 4.65848 14.9
    endloop
  endfacet
  facet normal -0 0 -1
    outer loop
      vertex 29.4165 4.92789 14.9
      vertex 29.3419 4.67442 14.9
      vertex 29.3929 4.931 14.9
    endloop
  endfacet
  facet normal 0 0 -1
    outer loop
      vertex 29.3629 4.65848 14.9
      vertex 29.3399 4.66464 14.9
      vertex 29.3419 4.67442 14.9
    endloop
  endfacet
  facet normal 0 0 -1
    outer loop
      vertex 29.2559 4.41691 14.9
      vertex 29.3629 4.65848 14.9
      vertex 29.2746 4.39836 14.9
    endloop
  endfacet
  facet normal -0 0 -1
    outer loop
      vertex 29.3629 4.65848 14.9
      vertex 29.2559 4.41691 14.9
      vertex 29.3399 4.66464 14.9
    endloop
  endfacet
  facet normal 0 0 -1
    outer loop
      vertex 29.2746 4.39836 14.9
      vertex 29.2527 4.40748 14.9
      vertex 29.2559 4.41691 14.9
    endloop
  endfacet
  facet normal 0 0 -1
    outer loop
      vertex 29.2746 4.39836 14.9
      vertex 29.2482 4.39854 14.9
      vertex 29.2527 4.40748 14.9
    endloop
  endfacet
  facet normal 0 0 -1
    outer loop
      vertex 29.1532 4.152 14.9
      vertex 29.2482 4.39854 14.9
      vertex 29.2746 4.39836 14.9
    endloop
  endfacet
  facet normal 0 0 -1
    outer loop
      vertex 29.1532 4.152 14.9
      vertex 29.1325 4.1639 14.9
      vertex 29.2482 4.39854 14.9
    endloop
  endfacet
  facet normal 0 0 -1
    outer loop
      vertex 28.9872 3.94638 14.9
      vertex 29.1532 4.152 14.9
      vertex 29.0005 3.9236 14.9
    endloop
  endfacet
  facet normal -0 0 -1
    outer loop
      vertex 29.1532 4.152 14.9
      vertex 28.9872 3.94638 14.9
      vertex 29.1325 4.1639 14.9
    endloop
  endfacet
  facet normal 0 0 -1
    outer loop
      vertex 29.0005 3.9236 14.9
      vertex 28.9817 3.93809 14.9
      vertex 28.9872 3.94638 14.9
    endloop
  endfacet
  facet normal 0 0 -1
    outer loop
      vertex 29.0005 3.9236 14.9
      vertex 28.9751 3.9306 14.9
      vertex 28.9817 3.93809 14.9
    endloop
  endfacet
  facet normal 0 0 -1
    outer loop
      vertex 28.8194 3.71708 14.9
      vertex 28.9751 3.9306 14.9
      vertex 29.0005 3.9236 14.9
    endloop
  endfacet
  facet normal 0 0 -1
    outer loop
      vertex 28.8194 3.71708 14.9
      vertex 28.8026 3.73391 14.9
      vertex 28.9751 3.9306 14.9
    endloop
  endfacet
  facet normal 0 0 -1
    outer loop
      vertex 28.6059 3.56142 14.9
      vertex 28.8194 3.71708 14.9
      vertex 28.6129 3.53596 14.9
    endloop
  endfacet
  facet normal -0 0 -1
    outer loop
      vertex 28.8194 3.71708 14.9
      vertex 28.6059 3.56142 14.9
      vertex 28.8026 3.73391 14.9
    endloop
  endfacet
  facet normal 0 0 -1
    outer loop
      vertex 28.6129 3.53596 14.9
      vertex 28.5984 3.55485 14.9
      vertex 28.6059 3.56142 14.9
    endloop
  endfacet
  facet normal 0 0 -1
    outer loop
      vertex 28.6129 3.53596 14.9
      vertex 28.5901 3.54931 14.9
      vertex 28.5984 3.55485 14.9
    endloop
  endfacet
  facet normal 0 0 -1
    outer loop
      vertex 28.3845 3.38335 14.9
      vertex 28.5901 3.54931 14.9
      vertex 28.6129 3.53596 14.9
    endloop
  endfacet
  facet normal 0 0 -1
    outer loop
      vertex 28.3845 3.38335 14.9
      vertex 28.3726 3.40397 14.9
      vertex 28.5901 3.54931 14.9
    endloop
  endfacet
  facet normal 0 0 -1
    outer loop
      vertex 28.138 3.28826 14.9
      vertex 28.3845 3.38335 14.9
      vertex 28.1381 3.26185 14.9
    endloop
  endfacet
  facet normal -0 0 -1
    outer loop
      vertex 28.3845 3.38335 14.9
      vertex 28.138 3.28826 14.9
      vertex 28.3726 3.40397 14.9
    endloop
  endfacet
  facet normal 0 0 -1
    outer loop
      vertex 28.1381 3.26185 14.9
      vertex 28.129 3.28385 14.9
      vertex 28.138 3.28826 14.9
    endloop
  endfacet
  facet normal 0 0 -1
    outer loop
      vertex 28.1381 3.26185 14.9
      vertex 28.1196 3.28065 14.9
      vertex 28.129 3.28385 14.9
    endloop
  endfacet
  facet normal 0 0 -1
    outer loop
      vertex 27.878 3.17356 14.9
      vertex 28.1196 3.28065 14.9
      vertex 28.1381 3.26185 14.9
    endloop
  endfacet
  facet normal 0 0 -1
    outer loop
      vertex 27.878 3.17356 14.9
      vertex 27.8719 3.19655 14.9
      vertex 28.1196 3.28065 14.9
    endloop
  endfacet
  facet normal 0 0 -1
    outer loop
      vertex 27.878 3.17356 14.9
      vertex 27.8621 3.19461 14.9
      vertex 27.8719 3.19655 14.9
    endloop
  endfacet
  facet normal 0 0 -1
    outer loop
      vertex 27.6086 3.11997 14.9
      vertex 27.8621 3.19461 14.9
      vertex 27.878 3.17356 14.9
    endloop
  endfacet
  facet normal 0 0 -1
    outer loop
      vertex 27.6086 3.11997 14.9
      vertex 27.6055 3.14357 14.9
      vertex 27.8621 3.19461 14.9
    endloop
  endfacet
  facet normal 0 0 -1
    outer loop
      vertex 27.6086 3.11997 14.9
      vertex 27.3444 3.12646 14.9
      vertex 27.6055 3.14357 14.9
    endloop
  endfacet
  facet normal 0 0 -1
    outer loop
      vertex 27.3345 3.102 14.9
      vertex 27.3444 3.12646 14.9
      vertex 27.6086 3.11997 14.9
    endloop
  endfacet
  facet normal 0 0 -1
    outer loop
      vertex 27.3345 3.102 14.9
      vertex 27.3345 3.12581 14.9
      vertex 27.3444 3.12646 14.9
    endloop
  endfacet
  facet normal 0 0 -1
    outer loop
      vertex 27.3345 3.102 14.9
      vertex 27.3246 3.12646 14.9
      vertex 27.3345 3.12581 14.9
    endloop
  endfacet
  facet normal 0 0 -1
    outer loop
      vertex 27.0604 3.11997 14.9
      vertex 27.3246 3.12646 14.9
      vertex 27.3345 3.102 14.9
    endloop
  endfacet
  facet normal -0 0 -1
    outer loop
      vertex 27.3246 3.12646 14.9
      vertex 27.0604 3.11997 14.9
      vertex 27.0635 3.14357 14.9
    endloop
  endfacet
  facet normal 0 0 -1
    outer loop
      vertex 27.0604 3.11997 14.9
      vertex 26.8069 3.19461 14.9
      vertex 27.0635 3.14357 14.9
    endloop
  endfacet
  facet normal 0 0 -1
    outer loop
      vertex 26.791 3.17356 14.9
      vertex 26.8069 3.19461 14.9
      vertex 27.0604 3.11997 14.9
    endloop
  endfacet
  facet normal -0 0 -1
    outer loop
      vertex 26.8069 3.19461 14.9
      vertex 26.791 3.17356 14.9
      vertex 26.7971 3.19655 14.9
    endloop
  endfacet
  facet normal 0 0 -1
    outer loop
      vertex 26.791 3.17356 14.9
      vertex 26.5494 3.28065 14.9
      vertex 26.7971 3.19655 14.9
    endloop
  endfacet
  facet normal 0 0 -1
    outer loop
      vertex 26.5309 3.26185 14.9
      vertex 26.5494 3.28065 14.9
      vertex 26.791 3.17356 14.9
    endloop
  endfacet
  facet normal -0 0 -1
    outer loop
      vertex 26.5494 3.28065 14.9
      vertex 26.5309 3.26185 14.9
      vertex 26.54 3.28385 14.9
    endloop
  endfacet
  facet normal 0 0 -1
    outer loop
      vertex 26.5309 3.26185 14.9
      vertex 26.531 3.28826 14.9
      vertex 26.54 3.28385 14.9
    endloop
  endfacet
  facet normal 0 0 -1
    outer loop
      vertex 26.2845 3.38335 14.9
      vertex 26.531 3.28826 14.9
      vertex 26.5309 3.26185 14.9
    endloop
  endfacet
  facet normal 0 0 -1
    outer loop
      vertex 26.531 3.28826 14.9
      vertex 26.2845 3.38335 14.9
      vertex 26.2964 3.40397 14.9
    endloop
  endfacet
  facet normal 0 0 -1
    outer loop
      vertex 26.2845 3.38335 14.9
      vertex 26.0789 3.54931 14.9
      vertex 26.2964 3.40397 14.9
    endloop
  endfacet
  facet normal 0 0 -1
    outer loop
      vertex 26.0561 3.53596 14.9
      vertex 26.0789 3.54931 14.9
      vertex 26.2845 3.38335 14.9
    endloop
  endfacet
  facet normal -0 0 -1
    outer loop
      vertex 26.0789 3.54931 14.9
      vertex 26.0561 3.53596 14.9
      vertex 26.0706 3.55485 14.9
    endloop
  endfacet
  facet normal 0 0 -1
    outer loop
      vertex 26.0561 3.53596 14.9
      vertex 25.8739 3.72734 14.9
      vertex 26.0706 3.55485 14.9
    endloop
  endfacet
  facet normal 0 0 -1
    outer loop
      vertex 25.8496 3.71708 14.9
      vertex 25.8739 3.72734 14.9
      vertex 26.0561 3.53596 14.9
    endloop
  endfacet
  facet normal -0 0 -1
    outer loop
      vertex 25.8739 3.72734 14.9
      vertex 25.8496 3.71708 14.9
      vertex 25.8664 3.73391 14.9
    endloop
  endfacet
  facet normal 0 0 -1
    outer loop
      vertex 25.8496 3.71708 14.9
      vertex 25.8598 3.7414 14.9
      vertex 25.8664 3.73391 14.9
    endloop
  endfacet
  facet normal 0 0 -1
    outer loop
      vertex 25.6685 3.9236 14.9
      vertex 25.8598 3.7414 14.9
      vertex 25.8496 3.71708 14.9
    endloop
  endfacet
  facet normal 0 0 -1
    outer loop
      vertex 25.8598 3.7414 14.9
      vertex 25.6685 3.9236 14.9
      vertex 25.6873 3.93809 14.9
    endloop
  endfacet
  facet normal 0 0 -1
    outer loop
      vertex 25.6685 3.9236 14.9
      vertex 25.542 4.15562 14.9
      vertex 25.6873 3.93809 14.9
    endloop
  endfacet
  facet normal 0 0 -1
    outer loop
      vertex 25.5158 4.152 14.9
      vertex 25.542 4.15562 14.9
      vertex 25.6685 3.9236 14.9
    endloop
  endfacet
  facet normal -0 0 -1
    outer loop
      vertex 25.542 4.15562 14.9
      vertex 25.5158 4.152 14.9
      vertex 25.5365 4.1639 14.9
    endloop
  endfacet
  facet normal 0 0 -1
    outer loop
      vertex 25.5158 4.152 14.9
      vertex 25.4208 4.39854 14.9
      vertex 25.5365 4.1639 14.9
    endloop
  endfacet
  facet normal 0 0 -1
    outer loop
      vertex 25.3944 4.39836 14.9
      vertex 25.4208 4.39854 14.9
      vertex 25.5158 4.152 14.9
    endloop
  endfacet
  facet normal -0 0 -1
    outer loop
      vertex 25.4208 4.39854 14.9
      vertex 25.3944 4.39836 14.9
      vertex 25.4164 4.40748 14.9
    endloop
  endfacet
  facet normal 0 0 -1
    outer loop
      vertex 25.3944 4.39836 14.9
      vertex 25.3323 4.6552 14.9
      vertex 25.4164 4.40748 14.9
    endloop
  endfacet
  facet normal 0 0 -1
    outer loop
      vertex 25.3061 4.65848 14.9
      vertex 25.3323 4.6552 14.9
      vertex 25.3944 4.39836 14.9
    endloop
  endfacet
  facet normal 0 0 -1
    outer loop
      vertex 25.3323 4.6552 14.9
      vertex 25.3061 4.65848 14.9
      vertex 25.3291 4.66464 14.9
    endloop
  endfacet
  facet normal 0 0 -1
    outer loop
      vertex 25.3061 4.65848 14.9
      vertex 25.3271 4.67442 14.9
      vertex 25.3291 4.66464 14.9
    endloop
  endfacet
  facet normal 0 0 -1
    outer loop
      vertex 25.2525 4.92789 14.9
      vertex 25.3271 4.67442 14.9
      vertex 25.3061 4.65848 14.9
    endloop
  endfacet
  facet normal 0 0 -1
    outer loop
      vertex 25.2345 5.202 14.9
      vertex 25.2754 4.94095 14.9
      vertex 25.2525 4.92789 14.9
    endloop
  endfacet
  facet normal -0 0 -1
    outer loop
      vertex 25.2761 4.931 14.9
      vertex 25.2525 4.92789 14.9
      vertex 25.2754 4.94095 14.9
    endloop
  endfacet
  facet normal 0 0 -1
    outer loop
      vertex 25.3271 4.67442 14.9
      vertex 25.2525 4.92789 14.9
      vertex 25.2761 4.931 14.9
    endloop
  endfacet
  facet normal 0 0 -1
    outer loop
      vertex 29.4345 5.202 14.9
      vertex 29.41 5.21194 14.9
      vertex 29.4165 5.4761 14.9
    endloop
  endfacet
  facet normal 0 0 -1
    outer loop
      vertex 29.3929 5.473 14.9
      vertex 29.4165 5.4761 14.9
      vertex 29.41 5.21194 14.9
    endloop
  endfacet
  facet normal 0 0 -1
    outer loop
      vertex 29.3419 5.72958 14.9
      vertex 29.4165 5.4761 14.9
      vertex 29.3929 5.473 14.9
    endloop
  endfacet
  facet normal 0 0 -1
    outer loop
      vertex 29.4165 5.4761 14.9
      vertex 29.3419 5.72958 14.9
      vertex 29.3629 5.74552 14.9
    endloop
  endfacet
  facet normal 0 0 -1
    outer loop
      vertex 29.3399 5.73936 14.9
      vertex 29.3629 5.74552 14.9
      vertex 29.3419 5.72958 14.9
    endloop
  endfacet
  facet normal 0 0 -1
    outer loop
      vertex 29.2559 5.98709 14.9
      vertex 29.3629 5.74552 14.9
      vertex 29.3399 5.73936 14.9
    endloop
  endfacet
  facet normal 0 0 -1
    outer loop
      vertex 29.3629 5.74552 14.9
      vertex 29.2559 5.98709 14.9
      vertex 29.2746 6.00563 14.9
    endloop
  endfacet
  facet normal 0 0 -1
    outer loop
      vertex 29.2527 5.99652 14.9
      vertex 29.2746 6.00563 14.9
      vertex 29.2559 5.98709 14.9
    endloop
  endfacet
  facet normal 0 0 -1
    outer loop
      vertex 29.1369 6.23116 14.9
      vertex 29.2746 6.00563 14.9
      vertex 29.2527 5.99652 14.9
    endloop
  endfacet
  facet normal 0 0 -1
    outer loop
      vertex 29.2746 6.00563 14.9
      vertex 29.1369 6.23116 14.9
      vertex 29.1532 6.252 14.9
    endloop
  endfacet
  facet normal 0 0 -1
    outer loop
      vertex 29.1325 6.2401 14.9
      vertex 29.1532 6.252 14.9
      vertex 29.1369 6.23116 14.9
    endloop
  endfacet
  facet normal 0 0 -1
    outer loop
      vertex 28.9872 6.45762 14.9
      vertex 29.1532 6.252 14.9
      vertex 29.1325 6.2401 14.9
    endloop
  endfacet
  facet normal 0 0 -1
    outer loop
      vertex 29.1532 6.252 14.9
      vertex 28.9872 6.45762 14.9
      vertex 29.0005 6.4804 14.9
    endloop
  endfacet
  facet normal 0 0 -1
    outer loop
      vertex 28.9817 6.4659 14.9
      vertex 29.0005 6.4804 14.9
      vertex 28.9872 6.45762 14.9
    endloop
  endfacet
  facet normal 0 0 -1
    outer loop
      vertex 28.9751 6.4734 14.9
      vertex 29.0005 6.4804 14.9
      vertex 28.9817 6.4659 14.9
    endloop
  endfacet
  facet normal 0 0 -1
    outer loop
      vertex 28.9751 6.4734 14.9
      vertex 28.8194 6.68692 14.9
      vertex 29.0005 6.4804 14.9
    endloop
  endfacet
  facet normal 0 0 -1
    outer loop
      vertex 28.8026 6.67009 14.9
      vertex 28.8194 6.68692 14.9
      vertex 28.9751 6.4734 14.9
    endloop
  endfacet
  facet normal 0 0 -1
    outer loop
      vertex 28.6059 6.84258 14.9
      vertex 28.8194 6.68692 14.9
      vertex 28.8026 6.67009 14.9
    endloop
  endfacet
  facet normal 0 0 -1
    outer loop
      vertex 28.8194 6.68692 14.9
      vertex 28.6059 6.84258 14.9
      vertex 28.6129 6.86804 14.9
    endloop
  endfacet
  facet normal 0 0 -1
    outer loop
      vertex 28.5984 6.84915 14.9
      vertex 28.6129 6.86804 14.9
      vertex 28.6059 6.84258 14.9
    endloop
  endfacet
  facet normal 0 0 -1
    outer loop
      vertex 28.3809 6.9945 14.9
      vertex 28.6129 6.86804 14.9
      vertex 28.5984 6.84915 14.9
    endloop
  endfacet
  facet normal 0 0 -1
    outer loop
      vertex 28.6129 6.86804 14.9
      vertex 28.3809 6.9945 14.9
      vertex 28.3845 7.02065 14.9
    endloop
  endfacet
  facet normal 0 0 -1
    outer loop
      vertex 28.3726 7.00003 14.9
      vertex 28.3845 7.02065 14.9
      vertex 28.3809 6.9945 14.9
    endloop
  endfacet
  facet normal 0 0 -1
    outer loop
      vertex 28.3637 7.00444 14.9
      vertex 28.3845 7.02065 14.9
      vertex 28.3726 7.00003 14.9
    endloop
  endfacet
  facet normal 0 0 -1
    outer loop
      vertex 28.3637 7.00444 14.9
      vertex 28.1381 7.14215 14.9
      vertex 28.3845 7.02065 14.9
    endloop
  endfacet
  facet normal 0 0 -1
    outer loop
      vertex 28.129 7.12015 14.9
      vertex 28.1381 7.14215 14.9
      vertex 28.3637 7.00444 14.9
    endloop
  endfacet
  facet normal 0 0 -1
    outer loop
      vertex 27.8813 7.20424 14.9
      vertex 28.1381 7.14215 14.9
      vertex 28.129 7.12015 14.9
    endloop
  endfacet
  facet normal 0 0 -1
    outer loop
      vertex 27.8813 7.20424 14.9
      vertex 27.878 7.23044 14.9
      vertex 28.1381 7.14215 14.9
    endloop
  endfacet
  facet normal 0 0 -1
    outer loop
      vertex 27.8719 7.20745 14.9
      vertex 27.878 7.23044 14.9
      vertex 27.8813 7.20424 14.9
    endloop
  endfacet
  facet normal 0 0 -1
    outer loop
      vertex 27.8621 7.20939 14.9
      vertex 27.878 7.23044 14.9
      vertex 27.8719 7.20745 14.9
    endloop
  endfacet
  facet normal 0 0 -1
    outer loop
      vertex 27.8621 7.20939 14.9
      vertex 27.6086 7.28403 14.9
      vertex 27.878 7.23044 14.9
    endloop
  endfacet
  facet normal 0 0 -1
    outer loop
      vertex 27.6055 7.26043 14.9
      vertex 27.6086 7.28403 14.9
      vertex 27.8621 7.20939 14.9
    endloop
  endfacet
  facet normal 0 0 -1
    outer loop
      vertex 27.5956 7.26108 14.9
      vertex 27.6086 7.28403 14.9
      vertex 27.6055 7.26043 14.9
    endloop
  endfacet
  facet normal 0 0 -1
    outer loop
      vertex 27.3345 7.302 14.9
      vertex 27.5956 7.26108 14.9
      vertex 27.3345 7.27819 14.9
    endloop
  endfacet
  facet normal 0 0 -1
    outer loop
      vertex 27.5956 7.26108 14.9
      vertex 27.3345 7.302 14.9
      vertex 27.6086 7.28403 14.9
    endloop
  endfacet
  facet normal 0 0 -1
    outer loop
      vertex 27.0734 7.26108 14.9
      vertex 27.3345 7.302 14.9
      vertex 27.3345 7.27819 14.9
    endloop
  endfacet
  facet normal 0 0 -1
    outer loop
      vertex 27.0604 7.28403 14.9
      vertex 27.0734 7.26108 14.9
      vertex 27.0635 7.26043 14.9
    endloop
  endfacet
  facet normal 0 0 -1
    outer loop
      vertex 27.0734 7.26108 14.9
      vertex 27.0604 7.28403 14.9
      vertex 27.3345 7.302 14.9
    endloop
  endfacet
  facet normal 0 0 -1
    outer loop
      vertex 26.8069 7.20939 14.9
      vertex 27.0604 7.28403 14.9
      vertex 27.0635 7.26043 14.9
    endloop
  endfacet
  facet normal 0 0 -1
    outer loop
      vertex 26.791 7.23044 14.9
      vertex 26.8069 7.20939 14.9
      vertex 26.7971 7.20745 14.9
    endloop
  endfacet
  facet normal 0 0 -1
    outer loop
      vertex 26.8069 7.20939 14.9
      vertex 26.791 7.23044 14.9
      vertex 27.0604 7.28403 14.9
    endloop
  endfacet
  facet normal 0 0 -1
    outer loop
      vertex 26.7877 7.20424 14.9
      vertex 26.791 7.23044 14.9
      vertex 26.7971 7.20745 14.9
    endloop
  endfacet
  facet normal 0 0 -1
    outer loop
      vertex 26.5309 7.14215 14.9
      vertex 26.7877 7.20424 14.9
      vertex 26.54 7.12015 14.9
    endloop
  endfacet
  facet normal -0 0 -1
    outer loop
      vertex 26.7877 7.20424 14.9
      vertex 26.5309 7.14215 14.9
      vertex 26.791 7.23044 14.9
    endloop
  endfacet
  facet normal 0 0 -1
    outer loop
      vertex 26.3053 7.00444 14.9
      vertex 26.5309 7.14215 14.9
      vertex 26.54 7.12015 14.9
    endloop
  endfacet
  facet normal 0 0 -1
    outer loop
      vertex 26.2845 7.02065 14.9
      vertex 26.3053 7.00444 14.9
      vertex 26.2964 7.00003 14.9
    endloop
  endfacet
  facet normal 0 0 -1
    outer loop
      vertex 26.3053 7.00444 14.9
      vertex 26.2845 7.02065 14.9
      vertex 26.5309 7.14215 14.9
    endloop
  endfacet
  facet normal 0 0 -1
    outer loop
      vertex 26.2881 6.9945 14.9
      vertex 26.2845 7.02065 14.9
      vertex 26.2964 7.00003 14.9
    endloop
  endfacet
  facet normal 0 0 -1
    outer loop
      vertex 26.0561 6.86804 14.9
      vertex 26.2881 6.9945 14.9
      vertex 26.0706 6.84915 14.9
    endloop
  endfacet
  facet normal -0 0 -1
    outer loop
      vertex 26.2881 6.9945 14.9
      vertex 26.0561 6.86804 14.9
      vertex 26.2845 7.02065 14.9
    endloop
  endfacet
  facet normal 0 0 -1
    outer loop
      vertex 25.8739 6.67666 14.9
      vertex 26.0561 6.86804 14.9
      vertex 26.0706 6.84915 14.9
    endloop
  endfacet
  facet normal 0 0 -1
    outer loop
      vertex 25.8496 6.68692 14.9
      vertex 25.8739 6.67666 14.9
      vertex 25.8664 6.67009 14.9
    endloop
  endfacet
  facet normal 0 0 -1
    outer loop
      vertex 25.8739 6.67666 14.9
      vertex 25.8496 6.68692 14.9
      vertex 26.0561 6.86804 14.9
    endloop
  endfacet
  facet normal 0 0 -1
    outer loop
      vertex 25.8598 6.6626 14.9
      vertex 25.8496 6.68692 14.9
      vertex 25.8664 6.67009 14.9
    endloop
  endfacet
  facet normal 0 0 -1
    outer loop
      vertex 25.6685 6.4804 14.9
      vertex 25.8598 6.6626 14.9
      vertex 25.6873 6.4659 14.9
    endloop
  endfacet
  facet normal -0 0 -1
    outer loop
      vertex 25.8598 6.6626 14.9
      vertex 25.6685 6.4804 14.9
      vertex 25.8496 6.68692 14.9
    endloop
  endfacet
  facet normal 0 0 -1
    outer loop
      vertex 25.542 6.24838 14.9
      vertex 25.6685 6.4804 14.9
      vertex 25.6873 6.4659 14.9
    endloop
  endfacet
  facet normal 0 0 -1
    outer loop
      vertex 25.5158 6.252 14.9
      vertex 25.542 6.24838 14.9
      vertex 25.5365 6.2401 14.9
    endloop
  endfacet
  facet normal 0 0 -1
    outer loop
      vertex 25.542 6.24838 14.9
      vertex 25.5158 6.252 14.9
      vertex 25.6685 6.4804 14.9
    endloop
  endfacet
  facet normal 0 0 -1
    outer loop
      vertex 25.5321 6.23116 14.9
      vertex 25.5158 6.252 14.9
      vertex 25.5365 6.2401 14.9
    endloop
  endfacet
  facet normal 0 0 -1
    outer loop
      vertex 25.3944 6.00563 14.9
      vertex 25.5321 6.23116 14.9
      vertex 25.4164 5.99652 14.9
    endloop
  endfacet
  facet normal -0 0 -1
    outer loop
      vertex 25.5321 6.23116 14.9
      vertex 25.3944 6.00563 14.9
      vertex 25.5158 6.252 14.9
    endloop
  endfacet
  facet normal 0 0 -1
    outer loop
      vertex 25.3323 5.74879 14.9
      vertex 25.3944 6.00563 14.9
      vertex 25.4164 5.99652 14.9
    endloop
  endfacet
  facet normal 0 0 -1
    outer loop
      vertex 25.3061 5.74552 14.9
      vertex 25.3323 5.74879 14.9
      vertex 25.3291 5.73936 14.9
    endloop
  endfacet
  facet normal -0 0 -1
    outer loop
      vertex 25.3323 5.74879 14.9
      vertex 25.3061 5.74552 14.9
      vertex 25.3944 6.00563 14.9
    endloop
  endfacet
  facet normal 0 0 -1
    outer loop
      vertex 25.3271 5.72958 14.9
      vertex 25.3061 5.74552 14.9
      vertex 25.3291 5.73936 14.9
    endloop
  endfacet
  facet normal 0 0 -1
    outer loop
      vertex 25.2525 5.4761 14.9
      vertex 25.3271 5.72958 14.9
      vertex 25.2761 5.473 14.9
    endloop
  endfacet
  facet normal -0 0 -1
    outer loop
      vertex 25.3271 5.72958 14.9
      vertex 25.2525 5.4761 14.9
      vertex 25.3061 5.74552 14.9
    endloop
  endfacet
  facet normal 0 0 -1
    outer loop
      vertex 25.2754 5.46305 14.9
      vertex 25.2525 5.4761 14.9
      vertex 25.2761 5.473 14.9
    endloop
  endfacet
  facet normal 0 0 -1
    outer loop
      vertex 25.2345 5.202 14.9
      vertex 25.2754 5.46305 14.9
      vertex 25.2583 5.202 14.9
    endloop
  endfacet
  facet normal 0 0 -1
    outer loop
      vertex 25.2754 4.94095 14.9
      vertex 25.2345 5.202 14.9
      vertex 25.2583 5.202 14.9
    endloop
  endfacet
  facet normal -0 0 -1
    outer loop
      vertex 25.2754 5.46305 14.9
      vertex 25.2345 5.202 14.9
      vertex 25.2525 5.4761 14.9
    endloop
  endfacet
  facet normal 0.980779 0.195122 0
    outer loop
      vertex 29.4165 5.4761 16.3
      vertex 29.3629 5.74552 14.9
      vertex 29.3629 5.74552 16.3
    endloop
  endfacet
  facet normal 0.980779 0.195122 0
    outer loop
      vertex 29.3629 5.74552 14.9
      vertex 29.4165 5.4761 16.3
      vertex 29.4165 5.4761 14.9
    endloop
  endfacet
  facet normal 0.321433 -0.946932 0
    outer loop
      vertex 27.878 3.17356 14.9
      vertex 28.1381 3.26185 16.3
      vertex 27.878 3.17356 16.3
    endloop
  endfacet
  facet normal 0.321433 -0.946932 0
    outer loop
      vertex 28.1381 3.26185 16.3
      vertex 27.878 3.17356 14.9
      vertex 28.1381 3.26185 14.9
    endloop
  endfacet
  facet normal 0.195101 -0.980783 0
    outer loop
      vertex 27.6086 3.11997 14.9
      vertex 27.878 3.17356 16.3
      vertex 27.6086 3.11997 16.3
    endloop
  endfacet
  facet normal 0.195101 -0.980783 0
    outer loop
      vertex 27.878 3.17356 16.3
      vertex 27.6086 3.11997 14.9
      vertex 27.878 3.17356 14.9
    endloop
  endfacet
  facet normal 0.0654196 -0.997858 0
    outer loop
      vertex 27.3345 3.102 14.9
      vertex 27.6086 3.11997 16.3
      vertex 27.3345 3.102 16.3
    endloop
  endfacet
  facet normal 0.0654196 -0.997858 0
    outer loop
      vertex 27.6086 3.11997 16.3
      vertex 27.3345 3.102 14.9
      vertex 27.6086 3.11997 14.9
    endloop
  endfacet
  facet normal 0.751864 -0.659319 0
    outer loop
      vertex 28.8194 3.71708 16.3
      vertex 29.0005 3.9236 14.9
      vertex 29.0005 3.9236 16.3
    endloop
  endfacet
  facet normal 0.751864 -0.659319 0
    outer loop
      vertex 29.0005 3.9236 14.9
      vertex 28.8194 3.71708 16.3
      vertex 28.8194 3.71708 14.9
    endloop
  endfacet
  facet normal 0.831322 0.555792 0
    outer loop
      vertex 29.1532 6.252 16.3
      vertex 29.0005 6.4804 14.9
      vertex 29.0005 6.4804 16.3
    endloop
  endfacet
  facet normal 0.831322 0.555792 0
    outer loop
      vertex 29.0005 6.4804 14.9
      vertex 29.1532 6.252 16.3
      vertex 29.1532 6.252 14.9
    endloop
  endfacet
  facet normal 0.897012 0.442007 0
    outer loop
      vertex 29.2746 6.00563 16.3
      vertex 29.1532 6.252 14.9
      vertex 29.1532 6.252 16.3
    endloop
  endfacet
  facet normal 0.897012 0.442007 0
    outer loop
      vertex 29.1532 6.252 14.9
      vertex 29.2746 6.00563 16.3
      vertex 29.2746 6.00563 14.9
    endloop
  endfacet
  facet normal 0.0654196 0.997858 -0
    outer loop
      vertex 27.6086 7.28403 14.9
      vertex 27.3345 7.302 16.3
      vertex 27.6086 7.28403 16.3
    endloop
  endfacet
  facet normal 0.0654196 0.997858 0
    outer loop
      vertex 27.3345 7.302 16.3
      vertex 27.6086 7.28403 14.9
      vertex 27.3345 7.302 14.9
    endloop
  endfacet
  facet normal -0.885892 -0.176082 -0.429174
    outer loop
      vertex 25.789 4.78789 13.9
      vertex 25.3271 4.67442 14.9
      vertex 25.7482 4.99316 13.9
    endloop
  endfacet
  facet normal -0.88487 -0.180955 -0.429255
    outer loop
      vertex 25.3271 4.67442 14.9
      vertex 25.789 4.78789 13.9
      vertex 25.3291 4.66464 14.9
    endloop
  endfacet
  facet normal 0.855398 -0.290047 -0.429146
    outer loop
      vertex 29.3399 4.66464 14.9
      vertex 29.2559 4.41691 14.9
      vertex 28.88 4.78789 13.9
    endloop
  endfacet
  facet normal 0.595513 -0.679097 -0.429175
    outer loop
      vertex 28.8026 3.73391 14.9
      vertex 28.6059 3.56142 14.9
      vertex 28.4659 4.07063 13.9
    endloop
  endfacet
  facet normal -0.901282 0.0590382 -0.429191
    outer loop
      vertex 25.2754 5.46305 14.9
      vertex 25.7345 5.202 13.9
      vertex 25.2583 5.202 14.9
    endloop
  endfacet
  facet normal -0.900946 0.0633832 -0.429277
    outer loop
      vertex 25.7482 5.41084 13.9
      vertex 25.2754 5.46305 14.9
      vertex 25.2761 5.473 14.9
    endloop
  endfacet
  facet normal -0.901269 0.0591237 -0.429207
    outer loop
      vertex 25.2754 5.46305 14.9
      vertex 25.7482 5.41084 13.9
      vertex 25.7345 5.202 13.9
    endloop
  endfacet
  facet normal -0.751145 -0.501569 -0.429196
    outer loop
      vertex 26.0651 4.22798 13.9
      vertex 25.5365 4.1639 14.9
      vertex 25.9489 4.402 13.9
    endloop
  endfacet
  facet normal -0.752186 -0.49964 -0.429623
    outer loop
      vertex 25.5365 4.1639 14.9
      vertex 26.0651 4.22798 13.9
      vertex 25.542 4.15562 14.9
    endloop
  endfacet
  facet normal -0.176181 0.885866 -0.429187
    outer loop
      vertex 26.9204 6.74748 13.9
      vertex 26.8069 7.20939 14.9
      vertex 27.1257 6.78831 13.9
    endloop
  endfacet
  facet normal -0.175397 0.886028 -0.429173
    outer loop
      vertex 26.8069 7.20939 14.9
      vertex 26.9204 6.74748 13.9
      vertex 26.7971 7.20745 14.9
    endloop
  endfacet
  facet normal -0.0590928 -0.901283 -0.429181
    outer loop
      vertex 27.3345 3.602 13.9
      vertex 27.3246 3.12646 14.9
      vertex 27.1257 3.61569 13.9
    endloop
  endfacet
  facet normal -0.0591749 -0.901279 -0.42918
    outer loop
      vertex 27.3246 3.12646 14.9
      vertex 27.3345 3.602 13.9
      vertex 27.3345 3.12581 14.9
    endloop
  endfacet
  facet normal -0.901269 -0.0591237 -0.429207
    outer loop
      vertex 25.7482 4.99316 13.9
      vertex 25.2754 4.94095 14.9
      vertex 25.7345 5.202 13.9
    endloop
  endfacet
  facet normal -0.900946 -0.0633832 -0.429277
    outer loop
      vertex 25.2754 4.94095 14.9
      vertex 25.7482 4.99316 13.9
      vertex 25.2761 4.931 14.9
    endloop
  endfacet
  facet normal -0.397337 -0.810893 -0.429623
    outer loop
      vertex 26.5345 3.81636 13.9
      vertex 26.54 3.28385 14.9
      vertex 26.531 3.28826 14.9
    endloop
  endfacet
  facet normal -0.399508 -0.810065 -0.429171
    outer loop
      vertex 26.54 3.28385 14.9
      vertex 26.5345 3.81636 13.9
      vertex 26.7222 3.72379 13.9
    endloop
  endfacet
  facet normal -0.595164 -0.679411 -0.429163
    outer loop
      vertex 26.2031 4.07063 13.9
      vertex 25.8739 3.72734 14.9
      vertex 25.8664 3.73391 14.9
    endloop
  endfacet
  facet normal -0.595449 -0.679157 -0.42917
    outer loop
      vertex 25.8739 3.72734 14.9
      vertex 26.2031 4.07063 13.9
      vertex 26.3605 3.93263 13.9
    endloop
  endfacet
  facet normal -0.855286 -0.290366 -0.429154
    outer loop
      vertex 25.8563 4.58971 13.9
      vertex 25.4164 4.40748 14.9
      vertex 25.3323 4.6552 14.9
    endloop
  endfacet
  facet normal 0.501828 -0.750981 -0.429182
    outer loop
      vertex 28.5901 3.54931 14.9
      vertex 28.3726 3.40397 14.9
      vertex 28.1345 3.81636 13.9
    endloop
  endfacet
  facet normal 0.175397 0.886028 -0.429173
    outer loop
      vertex 27.7486 6.74748 13.9
      vertex 27.8621 7.20939 14.9
      vertex 27.8719 7.20745 14.9
    endloop
  endfacet
  facet normal 0.176181 0.885866 -0.429187
    outer loop
      vertex 27.8621 7.20939 14.9
      vertex 27.7486 6.74748 13.9
      vertex 27.5433 6.78831 13.9
    endloop
  endfacet
  facet normal 0.399508 -0.810065 -0.429171
    outer loop
      vertex 28.1345 3.81636 13.9
      vertex 28.129 3.28385 14.9
      vertex 27.9468 3.72379 13.9
    endloop
  endfacet
  facet normal 0.397337 -0.810893 -0.429623
    outer loop
      vertex 28.129 3.28385 14.9
      vertex 28.1345 3.81636 13.9
      vertex 28.138 3.28826 14.9
    endloop
  endfacet
  facet normal -0.399398 0.810118 -0.429174
    outer loop
      vertex 26.54 7.12015 14.9
      vertex 26.7222 6.68021 13.9
      vertex 26.3053 7.00444 14.9
    endloop
  endfacet
  facet normal 0.809937 0.399722 -0.429214
    outer loop
      vertex 29.1369 6.23116 14.9
      vertex 29.2527 5.99652 14.9
      vertex 28.8127 5.81429 13.9
    endloop
  endfacet
  facet normal 0.751062 0.501698 -0.429192
    outer loop
      vertex 28.9872 6.45762 14.9
      vertex 29.1325 6.2401 14.9
      vertex 28.7201 6.002 13.9
    endloop
  endfacet
  facet normal -0.501435 -0.751248 -0.429173
    outer loop
      vertex 26.3605 3.93263 13.9
      vertex 26.0789 3.54931 14.9
      vertex 26.0706 3.55485 14.9
    endloop
  endfacet
  facet normal -0.501822 -0.750985 -0.429181
    outer loop
      vertex 26.0789 3.54931 14.9
      vertex 26.3605 3.93263 13.9
      vertex 26.5345 3.81636 13.9
    endloop
  endfacet
  facet normal -0.595508 0.679091 -0.429192
    outer loop
      vertex 26.0706 6.84915 14.9
      vertex 26.3605 6.47136 13.9
      vertex 25.8739 6.67666 14.9
    endloop
  endfacet
  facet normal 0.176205 0.885859 -0.429192
    outer loop
      vertex 27.6055 7.26043 14.9
      vertex 27.8621 7.20939 14.9
      vertex 27.5433 6.78831 13.9
    endloop
  endfacet
  facet normal -0.501852 0.750965 -0.429181
    outer loop
      vertex 26.3605 6.47136 13.9
      vertex 26.2964 7.00003 14.9
      vertex 26.5345 6.58764 13.9
    endloop
  endfacet
  facet normal -0.500742 0.751565 -0.429427
    outer loop
      vertex 26.2964 7.00003 14.9
      vertex 26.3605 6.47136 13.9
      vertex 26.2881 6.9945 14.9
    endloop
  endfacet
  facet normal -0.501828 -0.750981 -0.429182
    outer loop
      vertex 26.5345 3.81636 13.9
      vertex 26.2964 3.40397 14.9
      vertex 26.0789 3.54931 14.9
    endloop
  endfacet
  facet normal -0.59551 -0.679093 -0.429186
    outer loop
      vertex 26.3605 3.93263 13.9
      vertex 26.0706 3.55485 14.9
      vertex 25.8739 3.72734 14.9
    endloop
  endfacet
  facet normal 0.40101 0.809294 -0.429225
    outer loop
      vertex 28.1345 6.58764 13.9
      vertex 28.3637 7.00444 14.9
      vertex 28.3726 7.00003 14.9
    endloop
  endfacet
  facet normal 0.399503 0.810054 -0.429197
    outer loop
      vertex 28.3637 7.00444 14.9
      vertex 28.1345 6.58764 13.9
      vertex 27.9468 6.68021 13.9
    endloop
  endfacet
  facet normal -0.679059 -0.595545 -0.429191
    outer loop
      vertex 26.0651 4.22798 13.9
      vertex 25.8598 3.7414 14.9
      vertex 25.6873 3.93809 14.9
    endloop
  endfacet
  facet normal 0.810002 -0.399586 -0.429217
    outer loop
      vertex 29.2527 4.40748 14.9
      vertex 28.7201 4.402 13.9
      vertex 28.8127 4.58971 13.9
    endloop
  endfacet
  facet normal 0.807371 -0.406395 -0.427779
    outer loop
      vertex 28.7201 4.402 13.9
      vertex 29.2527 4.40748 14.9
      vertex 29.2482 4.39854 14.9
    endloop
  endfacet
  facet normal 0.500742 0.751565 -0.429427
    outer loop
      vertex 28.3085 6.47136 13.9
      vertex 28.3726 7.00003 14.9
      vertex 28.3809 6.9945 14.9
    endloop
  endfacet
  facet normal 0.501852 0.750965 -0.429181
    outer loop
      vertex 28.3726 7.00003 14.9
      vertex 28.3085 6.47136 13.9
      vertex 28.1345 6.58764 13.9
    endloop
  endfacet
  facet normal 0.290292 -0.855298 -0.429179
    outer loop
      vertex 27.9468 3.72379 13.9
      vertex 28.1196 3.28065 14.9
      vertex 27.7486 3.65652 13.9
    endloop
  endfacet
  facet normal 0.291073 -0.855026 -0.429194
    outer loop
      vertex 28.1196 3.28065 14.9
      vertex 27.9468 3.72379 13.9
      vertex 28.129 3.28385 14.9
    endloop
  endfacet
  facet normal -0.175397 -0.886028 -0.429173
    outer loop
      vertex 26.9204 3.65652 13.9
      vertex 26.8069 3.19461 14.9
      vertex 26.7971 3.19655 14.9
    endloop
  endfacet
  facet normal -0.176181 -0.885866 -0.429187
    outer loop
      vertex 26.8069 3.19461 14.9
      vertex 26.9204 3.65652 13.9
      vertex 27.1257 3.61569 13.9
    endloop
  endfacet
  facet normal 0.901041 -0.0633898 -0.429076
    outer loop
      vertex 29.41 5.19205 14.9
      vertex 28.9345 5.202 13.9
      vertex 29.4107 5.202 14.9
    endloop
  endfacet
  facet normal 0.901294 -0.0591253 -0.429154
    outer loop
      vertex 28.9345 5.202 13.9
      vertex 29.41 5.19205 14.9
      vertex 28.9208 4.99316 13.9
    endloop
  endfacet
  facet normal 0.901292 0.0590366 -0.42917
    outer loop
      vertex 29.3929 5.473 14.9
      vertex 29.41 5.21194 14.9
      vertex 28.9208 5.41084 13.9
    endloop
  endfacet
  facet normal -0.85527 -0.290441 -0.429136
    outer loop
      vertex 25.8563 4.58971 13.9
      vertex 25.3291 4.66464 14.9
      vertex 25.789 4.78789 13.9
    endloop
  endfacet
  facet normal -0.855385 -0.289961 -0.429232
    outer loop
      vertex 25.3291 4.66464 14.9
      vertex 25.8563 4.58971 13.9
      vertex 25.3323 4.6552 14.9
    endloop
  endfacet
  facet normal 0.595513 0.679097 -0.429175
    outer loop
      vertex 28.6059 6.84258 14.9
      vertex 28.8026 6.67009 14.9
      vertex 28.4659 6.33337 13.9
    endloop
  endfacet
  facet normal -0.885891 -0.176087 -0.429175
    outer loop
      vertex 25.7482 4.99316 13.9
      vertex 25.3271 4.67442 14.9
      vertex 25.2761 4.931 14.9
    endloop
  endfacet
  facet normal -0.901282 -0.0590382 -0.429191
    outer loop
      vertex 25.7345 5.202 13.9
      vertex 25.2754 4.94095 14.9
      vertex 25.2583 5.202 14.9
    endloop
  endfacet
  facet normal 0.595133 0.679375 -0.429263
    outer loop
      vertex 28.4659 6.33337 13.9
      vertex 28.5984 6.84915 14.9
      vertex 28.6059 6.84258 14.9
    endloop
  endfacet
  facet normal 0.595417 0.679169 -0.429195
    outer loop
      vertex 28.5984 6.84915 14.9
      vertex 28.4659 6.33337 13.9
      vertex 28.3085 6.47136 13.9
    endloop
  endfacet
  facet normal 0.810085 -0.39945 -0.429188
    outer loop
      vertex 29.2482 4.39854 14.9
      vertex 29.1325 4.1639 14.9
      vertex 28.7201 4.402 13.9
    endloop
  endfacet
  facet normal -0.176205 -0.885859 -0.429192
    outer loop
      vertex 27.1257 3.61569 13.9
      vertex 27.0635 3.14357 14.9
      vertex 26.8069 3.19461 14.9
    endloop
  endfacet
  facet normal 0.679055 -0.595549 -0.429191
    outer loop
      vertex 28.9817 3.93809 14.9
      vertex 28.4659 4.07063 13.9
      vertex 28.6039 4.22798 13.9
    endloop
  endfacet
  facet normal 0.677808 -0.597267 -0.428775
    outer loop
      vertex 28.4659 4.07063 13.9
      vertex 28.9817 3.93809 14.9
      vertex 28.9751 3.9306 14.9
    endloop
  endfacet
  facet normal -0.291073 -0.855026 -0.429194
    outer loop
      vertex 26.7222 3.72379 13.9
      vertex 26.5494 3.28065 14.9
      vertex 26.54 3.28385 14.9
    endloop
  endfacet
  facet normal -0.290292 -0.855298 -0.429179
    outer loop
      vertex 26.5494 3.28065 14.9
      vertex 26.7222 3.72379 13.9
      vertex 26.9204 3.65652 13.9
    endloop
  endfacet
  facet normal 0.0590614 -0.901283 -0.429187
    outer loop
      vertex 27.5433 3.61569 13.9
      vertex 27.6055 3.14357 14.9
      vertex 27.3444 3.12646 14.9
    endloop
  endfacet
  facet normal 0.501849 0.750961 -0.429192
    outer loop
      vertex 28.3809 6.9945 14.9
      vertex 28.5984 6.84915 14.9
      vertex 28.3085 6.47136 13.9
    endloop
  endfacet
  facet normal 0.176181 -0.885866 -0.429187
    outer loop
      vertex 27.7486 3.65652 13.9
      vertex 27.8621 3.19461 14.9
      vertex 27.5433 3.61569 13.9
    endloop
  endfacet
  facet normal 0.175397 -0.886028 -0.429173
    outer loop
      vertex 27.8621 3.19461 14.9
      vertex 27.7486 3.65652 13.9
      vertex 27.8719 3.19655 14.9
    endloop
  endfacet
  facet normal -0.0590616 0.901285 -0.429183
    outer loop
      vertex 27.3345 7.27819 14.9
      vertex 27.3345 6.802 13.9
      vertex 27.0734 7.26108 14.9
    endloop
  endfacet
  facet normal -0.176205 0.885859 -0.429192
    outer loop
      vertex 27.0635 7.26043 14.9
      vertex 27.1257 6.78831 13.9
      vertex 26.8069 7.20939 14.9
    endloop
  endfacet
  facet normal 0.81039 0.39885 -0.429171
    outer loop
      vertex 29.1369 6.23116 14.9
      vertex 28.7201 6.002 13.9
      vertex 29.1325 6.2401 14.9
    endloop
  endfacet
  facet normal 0.810016 0.399592 -0.429185
    outer loop
      vertex 28.7201 6.002 13.9
      vertex 29.1369 6.23116 14.9
      vertex 28.8127 5.81429 13.9
    endloop
  endfacet
  facet normal -0.0590614 -0.901283 -0.429187
    outer loop
      vertex 27.1257 3.61569 13.9
      vertex 27.3246 3.12646 14.9
      vertex 27.0635 3.14357 14.9
    endloop
  endfacet
  facet normal -0.399503 0.810054 -0.429197
    outer loop
      vertex 26.5345 6.58764 13.9
      vertex 26.3053 7.00444 14.9
      vertex 26.7222 6.68021 13.9
    endloop
  endfacet
  facet normal -0.40101 0.809294 -0.429225
    outer loop
      vertex 26.3053 7.00444 14.9
      vertex 26.5345 6.58764 13.9
      vertex 26.2964 7.00003 14.9
    endloop
  endfacet
  facet normal 0.399398 0.810118 -0.429174
    outer loop
      vertex 28.129 7.12015 14.9
      vertex 28.3637 7.00444 14.9
      vertex 27.9468 6.68021 13.9
    endloop
  endfacet
  facet normal 0.855296 0.290238 -0.42922
    outer loop
      vertex 29.2559 5.98709 14.9
      vertex 28.8127 5.81429 13.9
      vertex 29.2527 5.99652 14.9
    endloop
  endfacet
  facet normal 0.85523 0.290428 -0.429224
    outer loop
      vertex 28.8127 5.81429 13.9
      vertex 29.2559 5.98709 14.9
      vertex 28.88 5.61611 13.9
    endloop
  endfacet
  facet normal 0.595443 -0.67915 -0.429188
    outer loop
      vertex 28.4659 4.07063 13.9
      vertex 28.5984 3.55485 14.9
      vertex 28.3085 3.93263 13.9
    endloop
  endfacet
  facet normal 0.595133 -0.679375 -0.429263
    outer loop
      vertex 28.5984 3.55485 14.9
      vertex 28.4659 4.07063 13.9
      vertex 28.6059 3.56142 14.9
    endloop
  endfacet
  facet normal -0.810085 -0.39945 -0.429188
    outer loop
      vertex 25.9489 4.402 13.9
      vertex 25.5365 4.1639 14.9
      vertex 25.4208 4.39854 14.9
    endloop
  endfacet
  facet normal 0.885892 -0.176082 -0.429174
    outer loop
      vertex 29.3419 4.67442 14.9
      vertex 28.88 4.78789 13.9
      vertex 28.9208 4.99316 13.9
    endloop
  endfacet
  facet normal 0.88487 -0.180955 -0.429255
    outer loop
      vertex 28.88 4.78789 13.9
      vertex 29.3419 4.67442 14.9
      vertex 29.3399 4.66464 14.9
    endloop
  endfacet
  facet normal 0.290353 0.85528 -0.429174
    outer loop
      vertex 28.129 7.12015 14.9
      vertex 27.9468 6.68021 13.9
      vertex 27.8813 7.20424 14.9
    endloop
  endfacet
  facet normal 0.679065 -0.59555 -0.429175
    outer loop
      vertex 28.9751 3.9306 14.9
      vertex 28.8026 3.73391 14.9
      vertex 28.4659 4.07063 13.9
    endloop
  endfacet
  facet normal -0.501849 0.750961 -0.429192
    outer loop
      vertex 26.2881 6.9945 14.9
      vertex 26.3605 6.47136 13.9
      vertex 26.0706 6.84915 14.9
    endloop
  endfacet
  facet normal -0.679055 -0.595549 -0.429192
    outer loop
      vertex 26.2031 4.07063 13.9
      vertex 25.8598 3.7414 14.9
      vertex 26.0651 4.22798 13.9
    endloop
  endfacet
  facet normal -0.677647 -0.597125 -0.429228
    outer loop
      vertex 25.8598 3.7414 14.9
      vertex 26.2031 4.07063 13.9
      vertex 25.8664 3.73391 14.9
    endloop
  endfacet
  facet normal -0.81003 -0.399599 -0.429151
    outer loop
      vertex 25.9489 4.402 13.9
      vertex 25.4164 4.40748 14.9
      vertex 25.8563 4.58971 13.9
    endloop
  endfacet
  facet normal -0.810328 -0.398819 -0.429314
    outer loop
      vertex 25.4164 4.40748 14.9
      vertex 25.9489 4.402 13.9
      vertex 25.4208 4.39854 14.9
    endloop
  endfacet
  facet normal 0.85523 -0.290428 -0.429224
    outer loop
      vertex 29.2559 4.41691 14.9
      vertex 28.8127 4.58971 13.9
      vertex 28.88 4.78789 13.9
    endloop
  endfacet
  facet normal 0.855296 -0.290238 -0.42922
    outer loop
      vertex 28.8127 4.58971 13.9
      vertex 29.2559 4.41691 14.9
      vertex 29.2527 4.40748 14.9
    endloop
  endfacet
  facet normal -0.0590925 0.90128 -0.429189
    outer loop
      vertex 27.1257 6.78831 13.9
      vertex 27.0734 7.26108 14.9
      vertex 27.3345 6.802 13.9
    endloop
  endfacet
  facet normal -0.0591745 0.901274 -0.42919
    outer loop
      vertex 27.0734 7.26108 14.9
      vertex 27.1257 6.78831 13.9
      vertex 27.0635 7.26043 14.9
    endloop
  endfacet
  facet normal -0.399533 -0.810046 -0.429184
    outer loop
      vertex 26.5345 3.81636 13.9
      vertex 26.531 3.28826 14.9
      vertex 26.2964 3.40397 14.9
    endloop
  endfacet
  facet normal 0.751062 -0.501698 -0.429192
    outer loop
      vertex 29.1325 4.1639 14.9
      vertex 28.9872 3.94638 14.9
      vertex 28.7201 4.402 13.9
    endloop
  endfacet
  facet normal -0.751074 -0.501683 -0.429188
    outer loop
      vertex 26.0651 4.22798 13.9
      vertex 25.6873 3.93809 14.9
      vertex 25.542 4.15562 14.9
    endloop
  endfacet
  facet normal 0.678163 0.596783 -0.428888
    outer loop
      vertex 28.9817 6.4659 14.9
      vertex 28.4659 6.33337 13.9
      vertex 28.9751 6.4734 14.9
    endloop
  endfacet
  facet normal 0.679057 0.595551 -0.429186
    outer loop
      vertex 28.4659 6.33337 13.9
      vertex 28.9817 6.4659 14.9
      vertex 28.6039 6.17602 13.9
    endloop
  endfacet
  facet normal -0.290381 -0.855259 -0.429198
    outer loop
      vertex 26.9204 3.65652 13.9
      vertex 26.7971 3.19655 14.9
      vertex 26.5494 3.28065 14.9
    endloop
  endfacet
  facet normal 0.291937 0.854894 -0.428868
    outer loop
      vertex 27.9468 6.68021 13.9
      vertex 27.8719 7.20745 14.9
      vertex 27.8813 7.20424 14.9
    endloop
  endfacet
  facet normal 0.290289 0.855289 -0.4292
    outer loop
      vertex 27.8719 7.20745 14.9
      vertex 27.9468 6.68021 13.9
      vertex 27.7486 6.74748 13.9
    endloop
  endfacet
  facet normal 0.501822 -0.750985 -0.429181
    outer loop
      vertex 28.3085 3.93263 13.9
      vertex 28.5901 3.54931 14.9
      vertex 28.1345 3.81636 13.9
    endloop
  endfacet
  facet normal 0.501435 -0.751248 -0.429173
    outer loop
      vertex 28.5901 3.54931 14.9
      vertex 28.3085 3.93263 13.9
      vertex 28.5984 3.55485 14.9
    endloop
  endfacet
  facet normal 0.855398 0.290047 -0.429146
    outer loop
      vertex 29.2559 5.98709 14.9
      vertex 29.3399 5.73936 14.9
      vertex 28.88 5.61611 13.9
    endloop
  endfacet
  facet normal 0.901292 -0.0590389 -0.42917
    outer loop
      vertex 29.41 5.19205 14.9
      vertex 29.3929 4.931 14.9
      vertex 28.9208 4.99316 13.9
    endloop
  endfacet
  facet normal 0.885891 -0.176087 -0.429175
    outer loop
      vertex 29.3929 4.931 14.9
      vertex 29.3419 4.67442 14.9
      vertex 28.9208 4.99316 13.9
    endloop
  endfacet
  facet normal 0.752383 0.499772 -0.429124
    outer loop
      vertex 28.9872 6.45762 14.9
      vertex 28.6039 6.17602 13.9
      vertex 28.9817 6.4659 14.9
    endloop
  endfacet
  facet normal 0.751158 0.501578 -0.429163
    outer loop
      vertex 28.6039 6.17602 13.9
      vertex 28.9872 6.45762 14.9
      vertex 28.7201 6.002 13.9
    endloop
  endfacet
  facet normal -0.679076 0.595529 -0.429187
    outer loop
      vertex 25.8598 6.6626 14.9
      vertex 26.0651 6.17602 13.9
      vertex 25.6873 6.4659 14.9
    endloop
  endfacet
  facet normal 0.885891 0.176087 -0.429175
    outer loop
      vertex 29.3419 5.72958 14.9
      vertex 29.3929 5.473 14.9
      vertex 28.9208 5.41084 13.9
    endloop
  endfacet
  facet normal 0.399533 -0.810046 -0.429184
    outer loop
      vertex 28.3726 3.40397 14.9
      vertex 28.138 3.28826 14.9
      vertex 28.1345 3.81636 13.9
    endloop
  endfacet
  facet normal 0.679065 0.59555 -0.429175
    outer loop
      vertex 28.8026 6.67009 14.9
      vertex 28.9751 6.4734 14.9
      vertex 28.4659 6.33337 13.9
    endloop
  endfacet
  facet normal -0.752186 0.49964 -0.429623
    outer loop
      vertex 26.0651 6.17602 13.9
      vertex 25.5365 6.2401 14.9
      vertex 25.542 6.24838 14.9
    endloop
  endfacet
  facet normal -0.751145 0.501569 -0.429196
    outer loop
      vertex 25.5365 6.2401 14.9
      vertex 26.0651 6.17602 13.9
      vertex 25.9489 6.002 13.9
    endloop
  endfacet
  facet normal 0.290381 -0.855259 -0.429198
    outer loop
      vertex 28.1196 3.28065 14.9
      vertex 27.8719 3.19655 14.9
      vertex 27.7486 3.65652 13.9
    endloop
  endfacet
  facet normal 0.0591749 -0.901279 -0.42918
    outer loop
      vertex 27.3345 3.602 13.9
      vertex 27.3444 3.12646 14.9
      vertex 27.3345 3.12581 14.9
    endloop
  endfacet
  facet normal 0.0590928 -0.901283 -0.429181
    outer loop
      vertex 27.3444 3.12646 14.9
      vertex 27.3345 3.602 13.9
      vertex 27.5433 3.61569 13.9
    endloop
  endfacet
  facet normal 0.0590616 0.901285 -0.429183
    outer loop
      vertex 27.3345 7.27819 14.9
      vertex 27.5956 7.26108 14.9
      vertex 27.3345 6.802 13.9
    endloop
  endfacet
  facet normal -0.595425 0.679179 -0.429169
    outer loop
      vertex 26.2031 6.33337 13.9
      vertex 25.8739 6.67666 14.9
      vertex 26.3605 6.47136 13.9
    endloop
  endfacet
  facet normal -0.595164 0.679411 -0.429163
    outer loop
      vertex 25.8739 6.67666 14.9
      vertex 26.2031 6.33337 13.9
      vertex 25.8664 6.67009 14.9
    endloop
  endfacet
  facet normal 0.0591745 0.901274 -0.42919
    outer loop
      vertex 27.5433 6.78831 13.9
      vertex 27.5956 7.26108 14.9
      vertex 27.6055 7.26043 14.9
    endloop
  endfacet
  facet normal 0.0590925 0.90128 -0.429189
    outer loop
      vertex 27.5956 7.26108 14.9
      vertex 27.5433 6.78831 13.9
      vertex 27.3345 6.802 13.9
    endloop
  endfacet
  facet normal -0.810099 0.399456 -0.429155
    outer loop
      vertex 25.5321 6.23116 14.9
      vertex 25.8563 5.81429 13.9
      vertex 25.4164 5.99652 14.9
    endloop
  endfacet
  facet normal 0.176205 -0.885859 -0.429192
    outer loop
      vertex 27.8621 3.19461 14.9
      vertex 27.6055 3.14357 14.9
      vertex 27.5433 3.61569 13.9
    endloop
  endfacet
  facet normal 0.751158 -0.501578 -0.429163
    outer loop
      vertex 28.9872 3.94638 14.9
      vertex 28.6039 4.22798 13.9
      vertex 28.7201 4.402 13.9
    endloop
  endfacet
  facet normal 0.752665 -0.499355 -0.429115
    outer loop
      vertex 28.6039 4.22798 13.9
      vertex 28.9872 3.94638 14.9
      vertex 28.9817 3.93809 14.9
    endloop
  endfacet
  facet normal 0.901038 0.0634534 -0.429074
    outer loop
      vertex 28.9345 5.202 13.9
      vertex 29.41 5.21194 14.9
      vertex 29.4107 5.202 14.9
    endloop
  endfacet
  facet normal 0.901294 0.0591253 -0.429153
    outer loop
      vertex 29.41 5.21194 14.9
      vertex 28.9345 5.202 13.9
      vertex 28.9208 5.41084 13.9
    endloop
  endfacet
  facet normal 0.88487 0.180955 -0.429255
    outer loop
      vertex 29.3419 5.72958 14.9
      vertex 28.88 5.61611 13.9
      vertex 29.3399 5.73936 14.9
    endloop
  endfacet
  facet normal 0.885892 0.176082 -0.429174
    outer loop
      vertex 28.88 5.61611 13.9
      vertex 29.3419 5.72958 14.9
      vertex 28.9208 5.41084 13.9
    endloop
  endfacet
  facet normal -0.290353 0.85528 -0.429174
    outer loop
      vertex 26.7877 7.20424 14.9
      vertex 26.7222 6.68021 13.9
      vertex 26.54 7.12015 14.9
    endloop
  endfacet
  facet normal -0.290289 0.855289 -0.4292
    outer loop
      vertex 26.7222 6.68021 13.9
      vertex 26.7971 7.20745 14.9
      vertex 26.9204 6.74748 13.9
    endloop
  endfacet
  facet normal -0.291937 0.854894 -0.428868
    outer loop
      vertex 26.7971 7.20745 14.9
      vertex 26.7222 6.68021 13.9
      vertex 26.7877 7.20424 14.9
    endloop
  endfacet
  facet normal -0.885891 0.176087 -0.429175
    outer loop
      vertex 25.3271 5.72958 14.9
      vertex 25.7482 5.41084 13.9
      vertex 25.2761 5.473 14.9
    endloop
  endfacet
  facet normal -0.85529 0.290356 -0.429154
    outer loop
      vertex 25.4164 5.99652 14.9
      vertex 25.8563 5.81429 13.9
      vertex 25.3323 5.74879 14.9
    endloop
  endfacet
  facet normal -0.677647 0.597125 -0.429228
    outer loop
      vertex 26.2031 6.33337 13.9
      vertex 25.8598 6.6626 14.9
      vertex 25.8664 6.67009 14.9
    endloop
  endfacet
  facet normal -0.679055 0.595549 -0.429192
    outer loop
      vertex 25.8598 6.6626 14.9
      vertex 26.2031 6.33337 13.9
      vertex 26.0651 6.17602 13.9
    endloop
  endfacet
  facet normal -0.751065 0.5017 -0.429185
    outer loop
      vertex 25.6873 6.4659 14.9
      vertex 26.0651 6.17602 13.9
      vertex 25.542 6.24838 14.9
    endloop
  endfacet
  facet normal -0.88487 0.180955 -0.429255
    outer loop
      vertex 25.789 5.61611 13.9
      vertex 25.3271 5.72958 14.9
      vertex 25.3291 5.73936 14.9
    endloop
  endfacet
  facet normal -0.885892 0.176082 -0.429174
    outer loop
      vertex 25.3271 5.72958 14.9
      vertex 25.789 5.61611 13.9
      vertex 25.7482 5.41084 13.9
    endloop
  endfacet
  facet normal 0 0 -1
    outer loop
      vertex 28.9208 4.99316 13.9
      vertex 28.9208 5.41084 13.9
      vertex 28.9345 5.202 13.9
    endloop
  endfacet
  facet normal 0 0 -1
    outer loop
      vertex 28.88 4.78789 13.9
      vertex 28.9208 5.41084 13.9
      vertex 28.9208 4.99316 13.9
    endloop
  endfacet
  facet normal 0 0 -1
    outer loop
      vertex 28.88 4.78789 13.9
      vertex 28.88 5.61611 13.9
      vertex 28.9208 5.41084 13.9
    endloop
  endfacet
  facet normal 0 0 -1
    outer loop
      vertex 28.8127 4.58971 13.9
      vertex 28.88 5.61611 13.9
      vertex 28.88 4.78789 13.9
    endloop
  endfacet
  facet normal 0 0 -1
    outer loop
      vertex 28.8127 4.58971 13.9
      vertex 28.8127 5.81429 13.9
      vertex 28.88 5.61611 13.9
    endloop
  endfacet
  facet normal 0 0 -1
    outer loop
      vertex 28.7201 4.402 13.9
      vertex 28.8127 5.81429 13.9
      vertex 28.8127 4.58971 13.9
    endloop
  endfacet
  facet normal 0 0 -1
    outer loop
      vertex 28.7201 4.402 13.9
      vertex 28.7201 6.002 13.9
      vertex 28.8127 5.81429 13.9
    endloop
  endfacet
  facet normal 0 0 -1
    outer loop
      vertex 28.6039 4.22798 13.9
      vertex 28.7201 6.002 13.9
      vertex 28.7201 4.402 13.9
    endloop
  endfacet
  facet normal 0 0 -1
    outer loop
      vertex 28.6039 4.22798 13.9
      vertex 28.6039 6.17602 13.9
      vertex 28.7201 6.002 13.9
    endloop
  endfacet
  facet normal 0 0 -1
    outer loop
      vertex 28.4659 4.07063 13.9
      vertex 28.6039 6.17602 13.9
      vertex 28.6039 4.22798 13.9
    endloop
  endfacet
  facet normal 0 0 -1
    outer loop
      vertex 28.4659 4.07063 13.9
      vertex 28.4659 6.33337 13.9
      vertex 28.6039 6.17602 13.9
    endloop
  endfacet
  facet normal 0 0 -1
    outer loop
      vertex 28.3085 3.93263 13.9
      vertex 28.4659 6.33337 13.9
      vertex 28.4659 4.07063 13.9
    endloop
  endfacet
  facet normal 0 0 -1
    outer loop
      vertex 28.3085 3.93263 13.9
      vertex 28.3085 6.47136 13.9
      vertex 28.4659 6.33337 13.9
    endloop
  endfacet
  facet normal 0 0 -1
    outer loop
      vertex 28.1345 3.81636 13.9
      vertex 28.3085 6.47136 13.9
      vertex 28.3085 3.93263 13.9
    endloop
  endfacet
  facet normal 0 0 -1
    outer loop
      vertex 28.1345 3.81636 13.9
      vertex 28.1345 6.58764 13.9
      vertex 28.3085 6.47136 13.9
    endloop
  endfacet
  facet normal 0 0 -1
    outer loop
      vertex 27.9468 3.72379 13.9
      vertex 28.1345 6.58764 13.9
      vertex 28.1345 3.81636 13.9
    endloop
  endfacet
  facet normal 0 0 -1
    outer loop
      vertex 27.9468 3.72379 13.9
      vertex 27.9468 6.68021 13.9
      vertex 28.1345 6.58764 13.9
    endloop
  endfacet
  facet normal 0 0 -1
    outer loop
      vertex 27.7486 3.65652 13.9
      vertex 27.9468 6.68021 13.9
      vertex 27.9468 3.72379 13.9
    endloop
  endfacet
  facet normal 0 0 -1
    outer loop
      vertex 27.7486 3.65652 13.9
      vertex 27.7486 6.74748 13.9
      vertex 27.9468 6.68021 13.9
    endloop
  endfacet
  facet normal 0 0 -1
    outer loop
      vertex 27.5433 3.61569 13.9
      vertex 27.7486 6.74748 13.9
      vertex 27.7486 3.65652 13.9
    endloop
  endfacet
  facet normal 0 0 -1
    outer loop
      vertex 27.5433 3.61569 13.9
      vertex 27.5433 6.78831 13.9
      vertex 27.7486 6.74748 13.9
    endloop
  endfacet
  facet normal 0 0 -1
    outer loop
      vertex 27.3345 3.602 13.9
      vertex 27.5433 6.78831 13.9
      vertex 27.5433 3.61569 13.9
    endloop
  endfacet
  facet normal 0 0 -1
    outer loop
      vertex 27.3345 3.602 13.9
      vertex 27.3345 6.802 13.9
      vertex 27.5433 6.78831 13.9
    endloop
  endfacet
  facet normal 0 0 -1
    outer loop
      vertex 27.1257 3.61569 13.9
      vertex 27.3345 6.802 13.9
      vertex 27.3345 3.602 13.9
    endloop
  endfacet
  facet normal 0 0 -1
    outer loop
      vertex 27.1257 3.61569 13.9
      vertex 27.1257 6.78831 13.9
      vertex 27.3345 6.802 13.9
    endloop
  endfacet
  facet normal 0 0 -1
    outer loop
      vertex 26.9204 3.65652 13.9
      vertex 27.1257 6.78831 13.9
      vertex 27.1257 3.61569 13.9
    endloop
  endfacet
  facet normal 0 0 -1
    outer loop
      vertex 26.9204 3.65652 13.9
      vertex 26.9204 6.74748 13.9
      vertex 27.1257 6.78831 13.9
    endloop
  endfacet
  facet normal 0 0 -1
    outer loop
      vertex 26.7222 3.72379 13.9
      vertex 26.9204 6.74748 13.9
      vertex 26.9204 3.65652 13.9
    endloop
  endfacet
  facet normal 0 0 -1
    outer loop
      vertex 26.7222 3.72379 13.9
      vertex 26.7222 6.68021 13.9
      vertex 26.9204 6.74748 13.9
    endloop
  endfacet
  facet normal 0 0 -1
    outer loop
      vertex 26.5345 3.81636 13.9
      vertex 26.7222 6.68021 13.9
      vertex 26.7222 3.72379 13.9
    endloop
  endfacet
  facet normal 0 0 -1
    outer loop
      vertex 26.5345 3.81636 13.9
      vertex 26.5345 6.58764 13.9
      vertex 26.7222 6.68021 13.9
    endloop
  endfacet
  facet normal 0 0 -1
    outer loop
      vertex 26.3605 3.93263 13.9
      vertex 26.5345 6.58764 13.9
      vertex 26.5345 3.81636 13.9
    endloop
  endfacet
  facet normal 0 0 -1
    outer loop
      vertex 26.3605 3.93263 13.9
      vertex 26.3605 6.47136 13.9
      vertex 26.5345 6.58764 13.9
    endloop
  endfacet
  facet normal 0 0 -1
    outer loop
      vertex 26.2031 4.07063 13.9
      vertex 26.3605 6.47136 13.9
      vertex 26.3605 3.93263 13.9
    endloop
  endfacet
  facet normal 0 0 -1
    outer loop
      vertex 26.2031 4.07063 13.9
      vertex 26.2031 6.33337 13.9
      vertex 26.3605 6.47136 13.9
    endloop
  endfacet
  facet normal 0 0 -1
    outer loop
      vertex 26.0651 4.22798 13.9
      vertex 26.2031 6.33337 13.9
      vertex 26.2031 4.07063 13.9
    endloop
  endfacet
  facet normal 0 0 -1
    outer loop
      vertex 26.0651 4.22798 13.9
      vertex 26.0651 6.17602 13.9
      vertex 26.2031 6.33337 13.9
    endloop
  endfacet
  facet normal 0 0 -1
    outer loop
      vertex 25.9489 4.402 13.9
      vertex 26.0651 6.17602 13.9
      vertex 26.0651 4.22798 13.9
    endloop
  endfacet
  facet normal 0 0 -1
    outer loop
      vertex 25.9489 4.402 13.9
      vertex 25.9489 6.002 13.9
      vertex 26.0651 6.17602 13.9
    endloop
  endfacet
  facet normal 0 0 -1
    outer loop
      vertex 25.8563 4.58971 13.9
      vertex 25.9489 6.002 13.9
      vertex 25.9489 4.402 13.9
    endloop
  endfacet
  facet normal 0 0 -1
    outer loop
      vertex 25.8563 4.58971 13.9
      vertex 25.8563 5.81429 13.9
      vertex 25.9489 6.002 13.9
    endloop
  endfacet
  facet normal 0 0 -1
    outer loop
      vertex 25.789 4.78789 13.9
      vertex 25.8563 5.81429 13.9
      vertex 25.8563 4.58971 13.9
    endloop
  endfacet
  facet normal 0 0 -1
    outer loop
      vertex 25.789 4.78789 13.9
      vertex 25.789 5.61611 13.9
      vertex 25.8563 5.81429 13.9
    endloop
  endfacet
  facet normal 0 0 -1
    outer loop
      vertex 25.7482 4.99316 13.9
      vertex 25.789 5.61611 13.9
      vertex 25.789 4.78789 13.9
    endloop
  endfacet
  facet normal 0 0 -1
    outer loop
      vertex 25.7482 4.99316 13.9
      vertex 25.7482 5.41084 13.9
      vertex 25.789 5.61611 13.9
    endloop
  endfacet
  facet normal 0 -0 -1
    outer loop
      vertex 25.7482 5.41084 13.9
      vertex 25.7482 4.99316 13.9
      vertex 25.7345 5.202 13.9
    endloop
  endfacet
  facet normal -0.81039 0.39885 -0.429171
    outer loop
      vertex 25.9489 6.002 13.9
      vertex 25.5321 6.23116 14.9
      vertex 25.5365 6.2401 14.9
    endloop
  endfacet
  facet normal -0.810016 0.399592 -0.429185
    outer loop
      vertex 25.5321 6.23116 14.9
      vertex 25.9489 6.002 13.9
      vertex 25.8563 5.81429 13.9
    endloop
  endfacet
  facet normal -0.855317 0.290245 -0.429175
    outer loop
      vertex 25.8563 5.81429 13.9
      vertex 25.3291 5.73936 14.9
      vertex 25.3323 5.74879 14.9
    endloop
  endfacet
  facet normal -0.85527 0.290441 -0.429136
    outer loop
      vertex 25.3291 5.73936 14.9
      vertex 25.8563 5.81429 13.9
      vertex 25.789 5.61611 13.9
    endloop
  endfacet
  facet normal 0.707107 0 -0.707107
    outer loop
      vertex 20.59 7.40199 16.3
      vertex 19.59 7.402 15.3
      vertex 20.59 7.402 16.3
    endloop
  endfacet
  facet normal 0.707107 0 -0.707107
    outer loop
      vertex 20.59 3.002 16.3
      vertex 19.59 7.402 15.3
      vertex 20.59 7.40199 16.3
    endloop
  endfacet
  facet normal 0.707107 0 -0.707107
    outer loop
      vertex 19.59 7.402 15.3
      vertex 20.59 3.002 16.3
      vertex 19.59 3.002 15.3
    endloop
  endfacet
  facet normal 1 -0 0
    outer loop
      vertex 20.59 7.40199 16.9
      vertex 20.59 7.402 16.3
      vertex 20.59 7.402 16.9
    endloop
  endfacet
  facet normal 1 0 0
    outer loop
      vertex 20.59 7.402 16.3
      vertex 20.59 7.40199 16.9
      vertex 20.59 7.40199 16.3
    endloop
  endfacet
  facet normal -0 -1 0
    outer loop
      vertex 20.59 3.002 16.3
      vertex 19.59 3.002 16.3
      vertex 19.59 3.002 15.3
    endloop
  endfacet
  facet normal 0 1 -0
    outer loop
      vertex 20.59 7.402 16.3
      vertex 19.59 7.402 16.9
      vertex 20.59 7.402 16.9
    endloop
  endfacet
  facet normal 0 1 0
    outer loop
      vertex 19.59 7.402 16.9
      vertex 20.59 7.402 16.3
      vertex 19.59 7.402 15.3
    endloop
  endfacet
  facet normal 1 -0 0
    outer loop
      vertex 4.8 5 14.9
      vertex 4.8 13 10.9
      vertex 4.8 13 14.9
    endloop
  endfacet
  facet normal 1 0 0
    outer loop
      vertex 4.8 13 10.9
      vertex 4.8 5 14.9
      vertex 4.8 5 10.9
    endloop
  endfacet
  facet normal -0 0 1
    outer loop
      vertex 2 13 13
      vertex 3.4 5 13
      vertex 3.4 13 13
    endloop
  endfacet
  facet normal 0 0 1
    outer loop
      vertex 3.4 5 13
      vertex 2 13 13
      vertex 2 5 13
    endloop
  endfacet
  facet normal 0 0 -1
    outer loop
      vertex 2 5 10.9
      vertex 4.8 13 10.9
      vertex 4.8 5 10.9
    endloop
  endfacet
  facet normal -0 0 -1
    outer loop
      vertex 4.8 13 10.9
      vertex 2 5 10.9
      vertex 2 13 10.9
    endloop
  endfacet
  facet normal -1 0 0
    outer loop
      vertex 2 5 10.9
      vertex 2 13 13
      vertex 2 13 10.9
    endloop
  endfacet
  facet normal -1 -0 0
    outer loop
      vertex 2 13 13
      vertex 2 5 10.9
      vertex 2 5 13
    endloop
  endfacet
  facet normal 0 1 0
    outer loop
      vertex 4.8 13 14.9
      vertex 3.4 13 13
      vertex 3.4 13 14.9
    endloop
  endfacet
  facet normal 0 1 -0
    outer loop
      vertex 4.8 13 10.9
      vertex 3.4 13 13
      vertex 4.8 13 14.9
    endloop
  endfacet
  facet normal 0 1 0
    outer loop
      vertex 2 13 10.9
      vertex 3.4 13 13
      vertex 4.8 13 10.9
    endloop
  endfacet
  facet normal 0 1 0
    outer loop
      vertex 3.4 13 13
      vertex 2 13 10.9
      vertex 2 13 13
    endloop
  endfacet
  facet normal 0 -1 0
    outer loop
      vertex 2 5 13
      vertex 2 5 10.9
      vertex 3.4 5 13
    endloop
  endfacet
  facet normal 0 -1 0
    outer loop
      vertex 3.4 5 13
      vertex 4.8 5 14.9
      vertex 3.4 5 14.9
    endloop
  endfacet
  facet normal 0 -1 0
    outer loop
      vertex 4.8 5 10.9
      vertex 3.4 5 13
      vertex 2 5 10.9
    endloop
  endfacet
  facet normal 0 -1 0
    outer loop
      vertex 3.4 5 13
      vertex 4.8 5 10.9
      vertex 4.8 5 14.9
    endloop
  endfacet
  facet normal -1 0 0
    outer loop
      vertex 3.4 5 13
      vertex 3.4 13 14.9
      vertex 3.4 13 13
    endloop
  endfacet
  facet normal -1 -0 0
    outer loop
      vertex 3.4 13 14.9
      vertex 3.4 5 13
      vertex 3.4 5 14.9
    endloop
  endfacet
  facet normal 1 0 0
    outer loop
      vertex 4.8 24 13.65
      vertex 4.8 32 14.9
      vertex 4.8 24 14.9
    endloop
  endfacet
  facet normal 1 0 0
    outer loop
      vertex 4.8 32 14.9
      vertex 4.8 24 13.65
      vertex 4.8 32 10.9
    endloop
  endfacet
  facet normal 1 0 0
    outer loop
      vertex 4.8 32 10.9
      vertex 4.8 24 13.65
      vertex 4.8 24 10.9
    endloop
  endfacet
  facet normal -0 0 1
    outer loop
      vertex 2 32 13
      vertex 3.4 24 13
      vertex 3.4 32 13
    endloop
  endfacet
  facet normal 0 0 1
    outer loop
      vertex 3.4 24 13
      vertex 2 32 13
      vertex 2 24 13
    endloop
  endfacet
  facet normal 0 0 -1
    outer loop
      vertex 2 24 10.9
      vertex 4.8 32 10.9
      vertex 4.8 24 10.9
    endloop
  endfacet
  facet normal -0 0 -1
    outer loop
      vertex 4.8 32 10.9
      vertex 2 24 10.9
      vertex 2 32 10.9
    endloop
  endfacet
  facet normal -1 0 0
    outer loop
      vertex 2 24 10.9
      vertex 2 32 13
      vertex 2 32 10.9
    endloop
  endfacet
  facet normal -1 -0 0
    outer loop
      vertex 2 32 13
      vertex 2 24 10.9
      vertex 2 24 13
    endloop
  endfacet
  facet normal 0 1 0
    outer loop
      vertex 4.8 32 14.9
      vertex 3.4 32 13
      vertex 3.4 32 14.9
    endloop
  endfacet
  facet normal 0 1 -0
    outer loop
      vertex 4.8 32 10.9
      vertex 3.4 32 13
      vertex 4.8 32 14.9
    endloop
  endfacet
  facet normal 0 1 0
    outer loop
      vertex 2 32 10.9
      vertex 3.4 32 13
      vertex 4.8 32 10.9
    endloop
  endfacet
  facet normal 0 1 0
    outer loop
      vertex 3.4 32 13
      vertex 2 32 10.9
      vertex 2 32 13
    endloop
  endfacet
  facet normal 0 1 -0
    outer loop
      vertex 6.05 24 13.65
      vertex 4.8 24 14.9
      vertex 6.05 24 14.9
    endloop
  endfacet
  facet normal 0 1 0
    outer loop
      vertex 4.8 24 14.9
      vertex 6.05 24 13.65
      vertex 4.8 24 13.65
    endloop
  endfacet
  facet normal 0 -1 0
    outer loop
      vertex 2 24 13
      vertex 2 24 10.9
      vertex 3.4 24 13
    endloop
  endfacet
  facet normal 0 -1 0
    outer loop
      vertex 3.4 24 13
      vertex 4.8 24 13.65
      vertex 3.4 24 13.65
    endloop
  endfacet
  facet normal 0 -1 0
    outer loop
      vertex 4.8 24 10.9
      vertex 3.4 24 13
      vertex 2 24 10.9
    endloop
  endfacet
  facet normal 0 -1 0
    outer loop
      vertex 3.4 24 13
      vertex 4.8 24 10.9
      vertex 4.8 24 13.65
    endloop
  endfacet
  facet normal -1 0 0
    outer loop
      vertex 3.4 24 13.65
      vertex 3.4 32 13
      vertex 3.4 24 13
    endloop
  endfacet
  facet normal -1 0 0
    outer loop
      vertex 3.4 32 13
      vertex 3.4 24 13.65
      vertex 3.4 32 14.9
    endloop
  endfacet
  facet normal -1 0 0
    outer loop
      vertex 3.4 21 14.9
      vertex 3.4 24 13.65
      vertex 3.4 21 13.65
    endloop
  endfacet
  facet normal -1 0 0
    outer loop
      vertex 3.4 24 13.65
      vertex 3.4 21 14.9
      vertex 3.4 32 14.9
    endloop
  endfacet
  facet normal 1 0 0
    outer loop
      vertex 4.8 49 14.9
      vertex 4.8 43 14.9
      vertex 4.8 49 13.65
    endloop
  endfacet
  facet normal 1 -0 0
    outer loop
      vertex 4.8 49 13.65
      vertex 4.8 51 10.9
      vertex 4.8 51 13.65
    endloop
  endfacet
  facet normal 1 0 0
    outer loop
      vertex 4.8 43 10.9
      vertex 4.8 49 13.65
      vertex 4.8 43 14.9
    endloop
  endfacet
  facet normal 1 0 0
    outer loop
      vertex 4.8 49 13.65
      vertex 4.8 43 10.9
      vertex 4.8 51 10.9
    endloop
  endfacet
  facet normal -0 0 1
    outer loop
      vertex 2 51 13
      vertex 3.4 43 13
      vertex 3.4 51 13
    endloop
  endfacet
  facet normal 0 0 1
    outer loop
      vertex 3.4 43 13
      vertex 2 51 13
      vertex 2 43 13
    endloop
  endfacet
  facet normal 0 0 -1
    outer loop
      vertex 2 43 10.9
      vertex 4.8 51 10.9
      vertex 4.8 43 10.9
    endloop
  endfacet
  facet normal -0 0 -1
    outer loop
      vertex 4.8 51 10.9
      vertex 2 43 10.9
      vertex 2 51 10.9
    endloop
  endfacet
  facet normal -1 0 0
    outer loop
      vertex 2 43 10.9
      vertex 2 51 13
      vertex 2 51 10.9
    endloop
  endfacet
  facet normal -1 -0 0
    outer loop
      vertex 2 51 13
      vertex 2 43 10.9
      vertex 2 43 13
    endloop
  endfacet
  facet normal 0 1 0
    outer loop
      vertex 4.8 51 13.65
      vertex 3.4 51 13
      vertex 3.4 51 13.65
    endloop
  endfacet
  facet normal 0 1 -0
    outer loop
      vertex 4.8 51 10.9
      vertex 3.4 51 13
      vertex 4.8 51 13.65
    endloop
  endfacet
  facet normal 0 1 0
    outer loop
      vertex 2 51 10.9
      vertex 3.4 51 13
      vertex 4.8 51 10.9
    endloop
  endfacet
  facet normal 0 1 0
    outer loop
      vertex 3.4 51 13
      vertex 2 51 10.9
      vertex 2 51 13
    endloop
  endfacet
  facet normal 0 -1 0
    outer loop
      vertex 2 43 13
      vertex 2 43 10.9
      vertex 3.4 43 13
    endloop
  endfacet
  facet normal 0 -1 0
    outer loop
      vertex 3.4 43 13
      vertex 4.8 43 14.9
      vertex 3.4 43 14.9
    endloop
  endfacet
  facet normal 0 -1 0
    outer loop
      vertex 4.8 43 10.9
      vertex 3.4 43 13
      vertex 2 43 10.9
    endloop
  endfacet
  facet normal 0 -1 0
    outer loop
      vertex 3.4 43 13
      vertex 4.8 43 10.9
      vertex 4.8 43 14.9
    endloop
  endfacet
  facet normal -1 0 0
    outer loop
      vertex 3.4 51 13
      vertex 3.4 43 13
      vertex 3.4 51 13.65
    endloop
  endfacet
  facet normal -1 0 0
    outer loop
      vertex 3.4 51 13.65
      vertex 3.4 52 14.9
      vertex 3.4 52 13.65
    endloop
  endfacet
  facet normal -1 0 0
    outer loop
      vertex 3.4 43 14.9
      vertex 3.4 51 13.65
      vertex 3.4 43 13
    endloop
  endfacet
  facet normal -1 0 0
    outer loop
      vertex 3.4 51 13.65
      vertex 3.4 43 14.9
      vertex 3.4 52 14.9
    endloop
  endfacet
  facet normal 1 0 0
    outer loop
      vertex 4.8 68.4 14.9
      vertex 4.8 68 13.7
      vertex 4.8 68.4 10.9
    endloop
  endfacet
  facet normal 1 0 0
    outer loop
      vertex 4.8 68.4 14.9
      vertex 4.8 65.4 13.7
      vertex 4.8 68 13.7
    endloop
  endfacet
  facet normal 1 0 0
    outer loop
      vertex 4.8 61 10.9
      vertex 4.8 65.4 13.7
      vertex 4.8 61 14.9
    endloop
  endfacet
  facet normal 1 -0 0
    outer loop
      vertex 4.8 61 14.9
      vertex 4.8 65.4 13.7
      vertex 4.8 68.4 14.9
    endloop
  endfacet
  facet normal 1 -0 0
    outer loop
      vertex 4.8 68 11.1
      vertex 4.8 68.4 10.9
      vertex 4.8 68 13.7
    endloop
  endfacet
  facet normal 1 -0 0
    outer loop
      vertex 4.8 65.4 11.1
      vertex 4.8 68.4 10.9
      vertex 4.8 68 11.1
    endloop
  endfacet
  facet normal 1 0 0
    outer loop
      vertex 4.8 65.4 11.1
      vertex 4.8 61 10.9
      vertex 4.8 68.4 10.9
    endloop
  endfacet
  facet normal 1 0 0
    outer loop
      vertex 4.8 65.4 13.7
      vertex 4.8 61 10.9
      vertex 4.8 65.4 11.1
    endloop
  endfacet
  facet normal -0 0 1
    outer loop
      vertex 2 68.4 13
      vertex 3.4 68 13
      vertex 3.4 68.4 13
    endloop
  endfacet
  facet normal 0 0 1
    outer loop
      vertex 3.4 68 13
      vertex 2 68.4 13
      vertex 2 68 13
    endloop
  endfacet
  facet normal -0 0 1
    outer loop
      vertex 2 65.4 13
      vertex 3.4 61 13
      vertex 3.4 65.4 13
    endloop
  endfacet
  facet normal 0 0 1
    outer loop
      vertex 3.4 61 13
      vertex 2 65.4 13
      vertex 2 61 13
    endloop
  endfacet
  facet normal 0 0 -1
    outer loop
      vertex 2 61 10.9
      vertex 4.8 68.4 10.9
      vertex 4.8 61 10.9
    endloop
  endfacet
  facet normal -0 0 -1
    outer loop
      vertex 4.8 68.4 10.9
      vertex 2 61 10.9
      vertex 2 68.4 10.9
    endloop
  endfacet
  facet normal -1 0 0
    outer loop
      vertex 2 68.4 10.9
      vertex 2 68 11.1
      vertex 2 68.4 13
    endloop
  endfacet
  facet normal -1 0 0
    outer loop
      vertex 2 68.4 10.9
      vertex 2 65.4 11.1
      vertex 2 68 11.1
    endloop
  endfacet
  facet normal -1 0 0
    outer loop
      vertex 2 61 10.9
      vertex 2 65.4 11.1
      vertex 2 68.4 10.9
    endloop
  endfacet
  facet normal -1 0 0
    outer loop
      vertex 2 61 13
      vertex 2 65.4 11.1
      vertex 2 61 10.9
    endloop
  endfacet
  facet normal -1 0 0
    outer loop
      vertex 2 65.4 11.1
      vertex 2 61 13
      vertex 2 65.4 13
    endloop
  endfacet
  facet normal -1 -0 0
    outer loop
      vertex 2 68.4 13
      vertex 2 68 11.1
      vertex 2 68 13
    endloop
  endfacet
  facet normal 0 1 0
    outer loop
      vertex 4.8 68.4 14.9
      vertex 3.4 68.4 13
      vertex 3.4 68.4 14.9
    endloop
  endfacet
  facet normal 0 1 -0
    outer loop
      vertex 4.8 68.4 10.9
      vertex 3.4 68.4 13
      vertex 4.8 68.4 14.9
    endloop
  endfacet
  facet normal 0 1 0
    outer loop
      vertex 2 68.4 10.9
      vertex 3.4 68.4 13
      vertex 4.8 68.4 10.9
    endloop
  endfacet
  facet normal 0 1 0
    outer loop
      vertex 3.4 68.4 13
      vertex 2 68.4 10.9
      vertex 2 68.4 13
    endloop
  endfacet
  facet normal 0 -1 0
    outer loop
      vertex 2 61 13
      vertex 2 61 10.9
      vertex 3.4 61 13
    endloop
  endfacet
  facet normal 0 -1 0
    outer loop
      vertex 3.4 61 13
      vertex 4.8 61 14.9
      vertex 3.4 61 14.9
    endloop
  endfacet
  facet normal 0 -1 0
    outer loop
      vertex 4.8 61 10.9
      vertex 3.4 61 13
      vertex 2 61 10.9
    endloop
  endfacet
  facet normal 0 -1 0
    outer loop
      vertex 3.4 61 13
      vertex 4.8 61 10.9
      vertex 4.8 61 14.9
    endloop
  endfacet
  facet normal -1 0 0
    outer loop
      vertex 3.4 65.4 13
      vertex 3.4 61 13
      vertex 3.4 65.4 13.7
    endloop
  endfacet
  facet normal -1 0 0
    outer loop
      vertex 3.4 68 13.7
      vertex 3.4 68.4 13
      vertex 3.4 68 13
    endloop
  endfacet
  facet normal -1 0 0
    outer loop
      vertex 3.4 68.4 13
      vertex 3.4 68 13.7
      vertex 3.4 68.4 14.9
    endloop
  endfacet
  facet normal -1 0 0
    outer loop
      vertex 3.4 65.4 13.7
      vertex 3.4 68.4 14.9
      vertex 3.4 68 13.7
    endloop
  endfacet
  facet normal -1 0 0
    outer loop
      vertex 3.4 61 14.9
      vertex 3.4 65.4 13.7
      vertex 3.4 61 13
    endloop
  endfacet
  facet normal -1 0 0
    outer loop
      vertex 3.4 65.4 13.7
      vertex 3.4 61 14.9
      vertex 3.4 68.4 14.9
    endloop
  endfacet
  facet normal 1 -0 0
    outer loop
      vertex 6.05 21 14.9
      vertex 6.05 24 13.65
      vertex 6.05 24 14.9
    endloop
  endfacet
  facet normal 1 0 0
    outer loop
      vertex 6.05 24 13.65
      vertex 6.05 21 14.9
      vertex 6.05 21 13.65
    endloop
  endfacet
  facet normal 0 0 -1
    outer loop
      vertex 6.05 21 13.65
      vertex 4.8 24 13.65
      vertex 6.05 24 13.65
    endloop
  endfacet
  facet normal 0 0 -1
    outer loop
      vertex 3.4 21 13.65
      vertex 4.8 24 13.65
      vertex 6.05 21 13.65
    endloop
  endfacet
  facet normal -0 0 -1
    outer loop
      vertex 4.8 24 13.65
      vertex 3.4 21 13.65
      vertex 3.4 24 13.65
    endloop
  endfacet
  facet normal 0 -1 0
    outer loop
      vertex 3.4 21 13.65
      vertex 6.05 21 14.9
      vertex 3.4 21 14.9
    endloop
  endfacet
  facet normal 0 -1 -0
    outer loop
      vertex 6.05 21 14.9
      vertex 3.4 21 13.65
      vertex 6.05 21 13.65
    endloop
  endfacet
  facet normal 1 -0 0
    outer loop
      vertex 6.05 49 14.9
      vertex 6.05 52 13.65
      vertex 6.05 52 14.9
    endloop
  endfacet
  facet normal 1 0 0
    outer loop
      vertex 6.05 52 13.65
      vertex 6.05 49 14.9
      vertex 6.05 49 13.65
    endloop
  endfacet
  facet normal 0 0 -1
    outer loop
      vertex 4.8 51 13.65
      vertex 6.05 49 13.65
      vertex 4.8 49 13.65
    endloop
  endfacet
  facet normal 0 0 -1
    outer loop
      vertex 6.05 49 13.65
      vertex 4.8 51 13.65
      vertex 6.05 52 13.65
    endloop
  endfacet
  facet normal 0 0 -1
    outer loop
      vertex 3.4 52 13.65
      vertex 4.8 51 13.65
      vertex 3.4 51 13.65
    endloop
  endfacet
  facet normal 0 0 -1
    outer loop
      vertex 4.8 51 13.65
      vertex 3.4 52 13.65
      vertex 6.05 52 13.65
    endloop
  endfacet
  facet normal 0 1 -0
    outer loop
      vertex 6.05 52 13.65
      vertex 3.4 52 14.9
      vertex 6.05 52 14.9
    endloop
  endfacet
  facet normal 0 1 0
    outer loop
      vertex 3.4 52 14.9
      vertex 6.05 52 13.65
      vertex 3.4 52 13.65
    endloop
  endfacet
  facet normal 0 -1 0
    outer loop
      vertex 4.8 49 13.65
      vertex 6.05 49 14.9
      vertex 4.8 49 14.9
    endloop
  endfacet
  facet normal 0 -1 -0
    outer loop
      vertex 6.05 49 14.9
      vertex 4.8 49 13.65
      vertex 6.05 49 13.65
    endloop
  endfacet
  facet normal -1 0 0
    outer loop
      vertex 32.29 5 10.9
      vertex 32.29 13 14.9
      vertex 32.29 13 10.9
    endloop
  endfacet
  facet normal -1 -0 0
    outer loop
      vertex 32.29 13 14.9
      vertex 32.29 5 10.9
      vertex 32.29 5 14.9
    endloop
  endfacet
  facet normal -0 0 1
    outer loop
      vertex 33.69 13 13
      vertex 35.09 5 13
      vertex 35.09 13 13
    endloop
  endfacet
  facet normal 0 0 1
    outer loop
      vertex 35.09 5 13
      vertex 33.69 13 13
      vertex 33.69 5 13
    endloop
  endfacet
  facet normal 0 0 -1
    outer loop
      vertex 32.29 5 10.9
      vertex 35.09 13 10.9
      vertex 35.09 5 10.9
    endloop
  endfacet
  facet normal -0 0 -1
    outer loop
      vertex 35.09 13 10.9
      vertex 32.29 5 10.9
      vertex 32.29 13 10.9
    endloop
  endfacet
  facet normal 1 -0 0
    outer loop
      vertex 35.09 5 13
      vertex 35.09 13 10.9
      vertex 35.09 13 13
    endloop
  endfacet
  facet normal 1 0 0
    outer loop
      vertex 35.09 13 10.9
      vertex 35.09 5 13
      vertex 35.09 5 10.9
    endloop
  endfacet
  facet normal 0 1 0
    outer loop
      vertex 35.09 13 13
      vertex 35.09 13 10.9
      vertex 33.69 13 13
    endloop
  endfacet
  facet normal 0 1 -0
    outer loop
      vertex 33.69 13 13
      vertex 32.29 13 14.9
      vertex 33.69 13 14.9
    endloop
  endfacet
  facet normal 0 1 0
    outer loop
      vertex 32.29 13 10.9
      vertex 33.69 13 13
      vertex 35.09 13 10.9
    endloop
  endfacet
  facet normal 0 1 0
    outer loop
      vertex 33.69 13 13
      vertex 32.29 13 10.9
      vertex 32.29 13 14.9
    endloop
  endfacet
  facet normal 0 -1 0
    outer loop
      vertex 32.29 5 14.9
      vertex 33.69 5 13
      vertex 33.69 5 14.9
    endloop
  endfacet
  facet normal 0 -1 0
    outer loop
      vertex 32.29 5 10.9
      vertex 33.69 5 13
      vertex 32.29 5 14.9
    endloop
  endfacet
  facet normal 0 -1 0
    outer loop
      vertex 35.09 5 10.9
      vertex 33.69 5 13
      vertex 32.29 5 10.9
    endloop
  endfacet
  facet normal 0 -1 0
    outer loop
      vertex 33.69 5 13
      vertex 35.09 5 10.9
      vertex 35.09 5 13
    endloop
  endfacet
  facet normal 1 -0 0
    outer loop
      vertex 33.69 5 14.9
      vertex 33.69 13 13
      vertex 33.69 13 14.9
    endloop
  endfacet
  facet normal 1 0 0
    outer loop
      vertex 33.69 13 13
      vertex 33.69 5 14.9
      vertex 33.69 5 13
    endloop
  endfacet
  facet normal -1 0 0
    outer loop
      vertex 32.29 24 13.65
      vertex 32.29 32 10.9
      vertex 32.29 24 10.9
    endloop
  endfacet
  facet normal -1 0 0
    outer loop
      vertex 32.29 32 10.9
      vertex 32.29 24 13.65
      vertex 32.29 32 14.9
    endloop
  endfacet
  facet normal -1 -0 0
    outer loop
      vertex 32.29 32 14.9
      vertex 32.29 24 13.65
      vertex 32.29 24 14.9
    endloop
  endfacet
  facet normal -0 0 1
    outer loop
      vertex 33.69 32 13
      vertex 35.09 24 13
      vertex 35.09 32 13
    endloop
  endfacet
  facet normal 0 0 1
    outer loop
      vertex 35.09 24 13
      vertex 33.69 32 13
      vertex 33.69 24 13
    endloop
  endfacet
  facet normal 0 0 -1
    outer loop
      vertex 32.29 24 10.9
      vertex 35.09 32 10.9
      vertex 35.09 24 10.9
    endloop
  endfacet
  facet normal -0 0 -1
    outer loop
      vertex 35.09 32 10.9
      vertex 32.29 24 10.9
      vertex 32.29 32 10.9
    endloop
  endfacet
  facet normal 1 -0 0
    outer loop
      vertex 35.09 24 13
      vertex 35.09 32 10.9
      vertex 35.09 32 13
    endloop
  endfacet
  facet normal 1 0 0
    outer loop
      vertex 35.09 32 10.9
      vertex 35.09 24 13
      vertex 35.09 24 10.9
    endloop
  endfacet
  facet normal 0 1 0
    outer loop
      vertex 35.09 32 13
      vertex 35.09 32 10.9
      vertex 33.69 32 13
    endloop
  endfacet
  facet normal 0 1 -0
    outer loop
      vertex 33.69 32 13
      vertex 32.29 32 14.9
      vertex 33.69 32 14.9
    endloop
  endfacet
  facet normal 0 1 0
    outer loop
      vertex 32.29 32 10.9
      vertex 33.69 32 13
      vertex 35.09 32 10.9
    endloop
  endfacet
  facet normal 0 1 0
    outer loop
      vertex 33.69 32 13
      vertex 32.29 32 10.9
      vertex 32.29 32 14.9
    endloop
  endfacet
  facet normal 0 1 -0
    outer loop
      vertex 32.29 24 13.65
      vertex 31.04 24 14.9
      vertex 32.29 24 14.9
    endloop
  endfacet
  facet normal 0 1 0
    outer loop
      vertex 31.04 24 14.9
      vertex 32.29 24 13.65
      vertex 31.04 24 13.65
    endloop
  endfacet
  facet normal 0 -1 0
    outer loop
      vertex 32.29 24 13.65
      vertex 33.69 24 13
      vertex 33.69 24 13.65
    endloop
  endfacet
  facet normal 0 -1 0
    outer loop
      vertex 32.29 24 10.9
      vertex 33.69 24 13
      vertex 32.29 24 13.65
    endloop
  endfacet
  facet normal 0 -1 0
    outer loop
      vertex 35.09 24 10.9
      vertex 33.69 24 13
      vertex 32.29 24 10.9
    endloop
  endfacet
  facet normal 0 -1 0
    outer loop
      vertex 33.69 24 13
      vertex 35.09 24 10.9
      vertex 35.09 24 13
    endloop
  endfacet
  facet normal 1 0 0
    outer loop
      vertex 33.69 32 14.9
      vertex 33.69 24 13.65
      vertex 33.69 32 13
    endloop
  endfacet
  facet normal 1 -0 0
    outer loop
      vertex 33.69 21 14.9
      vertex 33.69 24 13.65
      vertex 33.69 32 14.9
    endloop
  endfacet
  facet normal 1 0 0
    outer loop
      vertex 33.69 24 13.65
      vertex 33.69 21 14.9
      vertex 33.69 21 13.65
    endloop
  endfacet
  facet normal 1 0 0
    outer loop
      vertex 33.69 32 13
      vertex 33.69 24 13.65
      vertex 33.69 24 13
    endloop
  endfacet
  facet normal -1 0 0
    outer loop
      vertex 32.29 51 10.9
      vertex 32.29 49 13.65
      vertex 32.29 51 13.65
    endloop
  endfacet
  facet normal -1 0 0
    outer loop
      vertex 32.29 43 10.9
      vertex 32.29 49 13.65
      vertex 32.29 51 10.9
    endloop
  endfacet
  facet normal -1 0 0
    outer loop
      vertex 32.29 43 14.9
      vertex 32.29 49 13.65
      vertex 32.29 43 10.9
    endloop
  endfacet
  facet normal -1 0 0
    outer loop
      vertex 32.29 49 13.65
      vertex 32.29 43 14.9
      vertex 32.29 49 14.9
    endloop
  endfacet
  facet normal -0 0 1
    outer loop
      vertex 33.69 51 13
      vertex 35.09 43 13
      vertex 35.09 51 13
    endloop
  endfacet
  facet normal 0 0 1
    outer loop
      vertex 35.09 43 13
      vertex 33.69 51 13
      vertex 33.69 43 13
    endloop
  endfacet
  facet normal 0 0 -1
    outer loop
      vertex 32.29 43 10.9
      vertex 35.09 51 10.9
      vertex 35.09 43 10.9
    endloop
  endfacet
  facet normal -0 0 -1
    outer loop
      vertex 35.09 51 10.9
      vertex 32.29 43 10.9
      vertex 32.29 51 10.9
    endloop
  endfacet
  facet normal 1 -0 0
    outer loop
      vertex 35.09 43 13
      vertex 35.09 51 10.9
      vertex 35.09 51 13
    endloop
  endfacet
  facet normal 1 0 0
    outer loop
      vertex 35.09 51 10.9
      vertex 35.09 43 13
      vertex 35.09 43 10.9
    endloop
  endfacet
  facet normal 0 1 0
    outer loop
      vertex 35.09 51 13
      vertex 35.09 51 10.9
      vertex 33.69 51 13
    endloop
  endfacet
  facet normal 0 1 -0
    outer loop
      vertex 33.69 51 13
      vertex 32.29 51 13.65
      vertex 33.69 51 13.65
    endloop
  endfacet
  facet normal 0 1 0
    outer loop
      vertex 32.29 51 10.9
      vertex 33.69 51 13
      vertex 35.09 51 10.9
    endloop
  endfacet
  facet normal 0 1 0
    outer loop
      vertex 33.69 51 13
      vertex 32.29 51 10.9
      vertex 32.29 51 13.65
    endloop
  endfacet
  facet normal 0 -1 0
    outer loop
      vertex 32.29 43 14.9
      vertex 33.69 43 13
      vertex 33.69 43 14.9
    endloop
  endfacet
  facet normal 0 -1 0
    outer loop
      vertex 32.29 43 10.9
      vertex 33.69 43 13
      vertex 32.29 43 14.9
    endloop
  endfacet
  facet normal 0 -1 0
    outer loop
      vertex 35.09 43 10.9
      vertex 33.69 43 13
      vertex 32.29 43 10.9
    endloop
  endfacet
  facet normal 0 -1 0
    outer loop
      vertex 33.69 43 13
      vertex 35.09 43 10.9
      vertex 35.09 43 13
    endloop
  endfacet
  facet normal 1 0 0
    outer loop
      vertex 33.69 52 14.9
      vertex 33.69 51 13.65
      vertex 33.69 52 13.65
    endloop
  endfacet
  facet normal 1 -0 0
    outer loop
      vertex 33.69 43 14.9
      vertex 33.69 51 13.65
      vertex 33.69 52 14.9
    endloop
  endfacet
  facet normal 1 0 0
    outer loop
      vertex 33.69 43 13
      vertex 33.69 51 13.65
      vertex 33.69 43 14.9
    endloop
  endfacet
  facet normal 1 0 0
    outer loop
      vertex 33.69 51 13.65
      vertex 33.69 43 13
      vertex 33.69 51 13
    endloop
  endfacet
  facet normal -1 0 0
    outer loop
      vertex 32.29 68 13.7
      vertex 32.29 68.4 10.9
      vertex 32.29 68 11.1
    endloop
  endfacet
  facet normal -1 0 0
    outer loop
      vertex 32.29 68.4 10.9
      vertex 32.29 65.4 11.1
      vertex 32.29 68 11.1
    endloop
  endfacet
  facet normal -1 -0 0
    outer loop
      vertex 32.29 65.4 11.1
      vertex 32.29 61 10.9
      vertex 32.29 65.4 13.7
    endloop
  endfacet
  facet normal -1 0 0
    outer loop
      vertex 32.29 61 10.9
      vertex 32.29 65.4 11.1
      vertex 32.29 68.4 10.9
    endloop
  endfacet
  facet normal -1 0 0
    outer loop
      vertex 32.29 68.4 10.9
      vertex 32.29 68 13.7
      vertex 32.29 68.4 14.9
    endloop
  endfacet
  facet normal -1 0 0
    outer loop
      vertex 32.29 65.4 13.7
      vertex 32.29 68.4 14.9
      vertex 32.29 68 13.7
    endloop
  endfacet
  facet normal -1 0 0
    outer loop
      vertex 32.29 65.4 13.7
      vertex 32.29 61 14.9
      vertex 32.29 68.4 14.9
    endloop
  endfacet
  facet normal -1 0 0
    outer loop
      vertex 32.29 61 14.9
      vertex 32.29 65.4 13.7
      vertex 32.29 61 10.9
    endloop
  endfacet
  facet normal -0 0 1
    outer loop
      vertex 33.69 68.4 13
      vertex 35.09 68 13
      vertex 35.09 68.4 13
    endloop
  endfacet
  facet normal 0 0 1
    outer loop
      vertex 35.09 68 13
      vertex 33.69 68.4 13
      vertex 33.69 68 13
    endloop
  endfacet
  facet normal -0 0 1
    outer loop
      vertex 33.69 65.4 13
      vertex 35.09 61 13
      vertex 35.09 65.4 13
    endloop
  endfacet
  facet normal 0 0 1
    outer loop
      vertex 35.09 61 13
      vertex 33.69 65.4 13
      vertex 33.69 61 13
    endloop
  endfacet
  facet normal 0 0 -1
    outer loop
      vertex 32.29 61 10.9
      vertex 35.09 68.4 10.9
      vertex 35.09 61 10.9
    endloop
  endfacet
  facet normal -0 0 -1
    outer loop
      vertex 35.09 68.4 10.9
      vertex 32.29 61 10.9
      vertex 32.29 68.4 10.9
    endloop
  endfacet
  facet normal 1 0 0
    outer loop
      vertex 35.09 65.4 13
      vertex 35.09 61 13
      vertex 35.09 65.4 11.1
    endloop
  endfacet
  facet normal 1 0 0
    outer loop
      vertex 35.09 68 11.1
      vertex 35.09 68.4 13
      vertex 35.09 68 13
    endloop
  endfacet
  facet normal 1 0 0
    outer loop
      vertex 35.09 68.4 13
      vertex 35.09 68 11.1
      vertex 35.09 68.4 10.9
    endloop
  endfacet
  facet normal 1 -0 0
    outer loop
      vertex 35.09 65.4 11.1
      vertex 35.09 68.4 10.9
      vertex 35.09 68 11.1
    endloop
  endfacet
  facet normal 1 0 0
    outer loop
      vertex 35.09 65.4 11.1
      vertex 35.09 61 10.9
      vertex 35.09 68.4 10.9
    endloop
  endfacet
  facet normal 1 0 0
    outer loop
      vertex 35.09 61 10.9
      vertex 35.09 65.4 11.1
      vertex 35.09 61 13
    endloop
  endfacet
  facet normal 0 1 0
    outer loop
      vertex 35.09 68.4 13
      vertex 35.09 68.4 10.9
      vertex 33.69 68.4 13
    endloop
  endfacet
  facet normal 0 1 -0
    outer loop
      vertex 33.69 68.4 13
      vertex 32.29 68.4 14.9
      vertex 33.69 68.4 14.9
    endloop
  endfacet
  facet normal 0 1 0
    outer loop
      vertex 32.29 68.4 10.9
      vertex 33.69 68.4 13
      vertex 35.09 68.4 10.9
    endloop
  endfacet
  facet normal 0 1 0
    outer loop
      vertex 33.69 68.4 13
      vertex 32.29 68.4 10.9
      vertex 32.29 68.4 14.9
    endloop
  endfacet
  facet normal 0 -1 0
    outer loop
      vertex 32.29 61 14.9
      vertex 33.69 61 13
      vertex 33.69 61 14.9
    endloop
  endfacet
  facet normal 0 -1 0
    outer loop
      vertex 32.29 61 10.9
      vertex 33.69 61 13
      vertex 32.29 61 14.9
    endloop
  endfacet
  facet normal 0 -1 0
    outer loop
      vertex 35.09 61 10.9
      vertex 33.69 61 13
      vertex 32.29 61 10.9
    endloop
  endfacet
  facet normal 0 -1 0
    outer loop
      vertex 33.69 61 13
      vertex 35.09 61 10.9
      vertex 35.09 61 13
    endloop
  endfacet
  facet normal 1 0 0
    outer loop
      vertex 33.69 68.4 14.9
      vertex 33.69 68 13.7
      vertex 33.69 68.4 13
    endloop
  endfacet
  facet normal 1 0 0
    outer loop
      vertex 33.69 68.4 14.9
      vertex 33.69 65.4 13.7
      vertex 33.69 68 13.7
    endloop
  endfacet
  facet normal 1 -0 0
    outer loop
      vertex 33.69 61 14.9
      vertex 33.69 65.4 13.7
      vertex 33.69 68.4 14.9
    endloop
  endfacet
  facet normal 1 0 0
    outer loop
      vertex 33.69 61 13
      vertex 33.69 65.4 13.7
      vertex 33.69 61 14.9
    endloop
  endfacet
  facet normal 1 0 0
    outer loop
      vertex 33.69 65.4 13.7
      vertex 33.69 61 13
      vertex 33.69 65.4 13
    endloop
  endfacet
  facet normal 1 0 0
    outer loop
      vertex 33.69 68.4 13
      vertex 33.69 68 13.7
      vertex 33.69 68 13
    endloop
  endfacet
  facet normal -1 0 0
    outer loop
      vertex 31.04 21 13.65
      vertex 31.04 24 14.9
      vertex 31.04 24 13.65
    endloop
  endfacet
  facet normal -1 -0 0
    outer loop
      vertex 31.04 24 14.9
      vertex 31.04 21 13.65
      vertex 31.04 21 14.9
    endloop
  endfacet
  facet normal 0 0 -1
    outer loop
      vertex 33.69 21 13.65
      vertex 32.29 24 13.65
      vertex 33.69 24 13.65
    endloop
  endfacet
  facet normal 0 0 -1
    outer loop
      vertex 31.04 21 13.65
      vertex 32.29 24 13.65
      vertex 33.69 21 13.65
    endloop
  endfacet
  facet normal -0 0 -1
    outer loop
      vertex 32.29 24 13.65
      vertex 31.04 21 13.65
      vertex 31.04 24 13.65
    endloop
  endfacet
  facet normal 0 -1 0
    outer loop
      vertex 31.04 21 13.65
      vertex 33.69 21 14.9
      vertex 31.04 21 14.9
    endloop
  endfacet
  facet normal 0 -1 -0
    outer loop
      vertex 33.69 21 14.9
      vertex 31.04 21 13.65
      vertex 33.69 21 13.65
    endloop
  endfacet
  facet normal -1 0 0
    outer loop
      vertex 31.04 49 13.65
      vertex 31.04 52 14.9
      vertex 31.04 52 13.65
    endloop
  endfacet
  facet normal -1 -0 0
    outer loop
      vertex 31.04 52 14.9
      vertex 31.04 49 13.65
      vertex 31.04 49 14.9
    endloop
  endfacet
  facet normal 0 0 -1
    outer loop
      vertex 32.29 49 13.65
      vertex 31.04 49 13.65
      vertex 32.29 51 13.65
    endloop
  endfacet
  facet normal 0 0 -1
    outer loop
      vertex 32.29 51 13.65
      vertex 33.69 52 13.65
      vertex 33.69 51 13.65
    endloop
  endfacet
  facet normal 0 0 -1
    outer loop
      vertex 32.29 51 13.65
      vertex 31.04 52 13.65
      vertex 33.69 52 13.65
    endloop
  endfacet
  facet normal 0 0 -1
    outer loop
      vertex 31.04 52 13.65
      vertex 32.29 51 13.65
      vertex 31.04 49 13.65
    endloop
  endfacet
  facet normal 0 1 -0
    outer loop
      vertex 33.69 52 13.65
      vertex 31.04 52 14.9
      vertex 33.69 52 14.9
    endloop
  endfacet
  facet normal 0 1 0
    outer loop
      vertex 31.04 52 14.9
      vertex 33.69 52 13.65
      vertex 31.04 52 13.65
    endloop
  endfacet
  facet normal 0 -1 0
    outer loop
      vertex 31.04 49 13.65
      vertex 32.29 49 14.9
      vertex 31.04 49 14.9
    endloop
  endfacet
  facet normal 0 -1 -0
    outer loop
      vertex 32.29 49 14.9
      vertex 31.04 49 13.65
      vertex 32.29 49 13.65
    endloop
  endfacet
  facet normal 0 0 -1
    outer loop
      vertex 35.69 1.8 13.4
      vertex 37.0729 1.73895 13.4
      vertex 37.0219 1.48236 13.4
    endloop
  endfacet
  facet normal 0 0 -1
    outer loop
      vertex 35.69 1.8 13.4
      vertex 37.0219 1.48236 13.4
      vertex 36.9378 1.23463 13.4
    endloop
  endfacet
  facet normal 0 0 -1
    outer loop
      vertex 35.69 1.8 13.4
      vertex 36.9378 1.23463 13.4
      vertex 36.8221 1 13.4
    endloop
  endfacet
  facet normal 0 0 -1
    outer loop
      vertex 35.69 1.8 13.4
      vertex 36.8221 1 13.4
      vertex 36.6767 0.782476 13.4
    endloop
  endfacet
  facet normal 0 0 -1
    outer loop
      vertex 35.69 1.8 13.4
      vertex 36.6767 0.782476 13.4
      vertex 36.5042 0.585786 13.4
    endloop
  endfacet
  facet normal 0 0 -1
    outer loop
      vertex 35.69 1.8 13.4
      vertex 36.5042 0.585786 13.4
      vertex 36.3075 0.413293 13.4
    endloop
  endfacet
  facet normal 0 0 -1
    outer loop
      vertex 35.69 1.8 13.4
      vertex 36.3075 0.413293 13.4
      vertex 36.09 0.267949 13.4
    endloop
  endfacet
  facet normal 0 0 -1
    outer loop
      vertex 35.69 1.8 13.4
      vertex 36.09 0.267949 13.4
      vertex 35.8554 0.152241 13.4
    endloop
  endfacet
  facet normal 0 0 -1
    outer loop
      vertex 37.0729 1.73895 13.4
      vertex 35.69 1.8 13.4
      vertex 37.0769 1.8 13.4
    endloop
  endfacet
  facet normal 0 0 -1
    outer loop
      vertex 35.29 1.8 13.4
      vertex 35.8554 0.152241 13.4
      vertex 35.6076 0.0681477 13.4
    endloop
  endfacet
  facet normal 0 0 -1
    outer loop
      vertex 35.29 1.8 13.4
      vertex 35.6076 0.0681477 13.4
      vertex 35.3511 0.0171099 13.4
    endloop
  endfacet
  facet normal 0 0 -1
    outer loop
      vertex 35.8554 0.152241 13.4
      vertex 35.29 1.8 13.4
      vertex 35.69 1.8 13.4
    endloop
  endfacet
  facet normal 0 0 -1
    outer loop
      vertex 35.14 1.8 13.4
      vertex 35.3511 0.0171099 13.4
      vertex 35.14 0.0032771 13.4
    endloop
  endfacet
  facet normal 0 0 -1
    outer loop
      vertex 35.3511 0.0171099 13.4
      vertex 35.14 1.8 13.4
      vertex 35.29 1.8 13.4
    endloop
  endfacet
  facet normal 0 0 -1
    outer loop
      vertex 1.73895 0.0171099 13.4
      vertex 1.95 1.8 13.4
      vertex 1.95 0.0032771 13.4
    endloop
  endfacet
  facet normal -0 0 -1
    outer loop
      vertex 1.95 1.8 13.4
      vertex 1.73895 0.0171099 13.4
      vertex 1.8 1.8 13.4
    endloop
  endfacet
  facet normal 0 0 -1
    outer loop
      vertex 1.48236 0.0681477 13.4
      vertex 1.8 1.8 13.4
      vertex 1.73895 0.0171099 13.4
    endloop
  endfacet
  facet normal 0 0 -1
    outer loop
      vertex 1.23463 0.152241 13.4
      vertex 1.8 1.8 13.4
      vertex 1.48236 0.0681477 13.4
    endloop
  endfacet
  facet normal -0 0 -1
    outer loop
      vertex 1.8 1.8 13.4
      vertex 1.23463 0.152241 13.4
      vertex 1.4 1.8 13.4
    endloop
  endfacet
  facet normal 0 0 -1
    outer loop
      vertex 1 0.267949 13.4
      vertex 1.4 1.8 13.4
      vertex 1.23463 0.152241 13.4
    endloop
  endfacet
  facet normal 0 0 -1
    outer loop
      vertex 0.782476 0.413293 13.4
      vertex 1.4 1.8 13.4
      vertex 1 0.267949 13.4
    endloop
  endfacet
  facet normal 0 0 -1
    outer loop
      vertex 0.585786 0.585786 13.4
      vertex 1.4 1.8 13.4
      vertex 0.782476 0.413293 13.4
    endloop
  endfacet
  facet normal 0 0 -1
    outer loop
      vertex 0.413293 0.782476 13.4
      vertex 1.4 1.8 13.4
      vertex 0.585786 0.585786 13.4
    endloop
  endfacet
  facet normal 0 0 -1
    outer loop
      vertex 0.267949 1 13.4
      vertex 1.4 1.8 13.4
      vertex 0.413293 0.782476 13.4
    endloop
  endfacet
  facet normal 0 0 -1
    outer loop
      vertex 0.152241 1.23463 13.4
      vertex 1.4 1.8 13.4
      vertex 0.267949 1 13.4
    endloop
  endfacet
  facet normal 0 0 -1
    outer loop
      vertex 0.0681477 1.48236 13.4
      vertex 1.4 1.8 13.4
      vertex 0.152241 1.23463 13.4
    endloop
  endfacet
  facet normal 0 0 -1
    outer loop
      vertex 0.0171099 1.73895 13.4
      vertex 1.4 1.8 13.4
      vertex 0.0681477 1.48236 13.4
    endloop
  endfacet
  facet normal -0 0 -1
    outer loop
      vertex 1.4 1.8 13.4
      vertex 0.0171099 1.73895 13.4
      vertex 0.0131084 1.8 13.4
    endloop
  endfacet
  facet normal 0 0 -1
    outer loop
      vertex 4.9 0 13.4
      vertex 10.545 1.8 13.4
      vertex 10.545 0 13.4
    endloop
  endfacet
  facet normal -0 0 -1
    outer loop
      vertex 10.545 1.8 13.4
      vertex 4.9 0 13.4
      vertex 4.9 1.8 13.4
    endloop
  endfacet
  facet normal 0 0 -1
    outer loop
      vertex 26.545 0 13.4
      vertex 32.19 1.8 13.4
      vertex 32.19 0 13.4
    endloop
  endfacet
  facet normal -0 0 -1
    outer loop
      vertex 32.19 1.8 13.4
      vertex 26.545 0 13.4
      vertex 26.545 1.8 13.4
    endloop
  endfacet
  facet normal -1 0 0
    outer loop
      vertex 26.545 0 13.4
      vertex 26.545 1.8 14.9
      vertex 26.545 1.8 13.4
    endloop
  endfacet
  facet normal -1 -0 0
    outer loop
      vertex 26.545 1.8 14.9
      vertex 26.545 0 13.4
      vertex 26.545 0 14.9
    endloop
  endfacet
  facet normal 1 -0 0
    outer loop
      vertex 10.545 0 14.9
      vertex 10.545 1.8 13.4
      vertex 10.545 1.8 14.9
    endloop
  endfacet
  facet normal 1 0 0
    outer loop
      vertex 10.545 1.8 13.4
      vertex 10.545 0 14.9
      vertex 10.545 0 13.4
    endloop
  endfacet
  facet normal 1 -0 0
    outer loop
      vertex 4.9 0 13.4
      vertex 4.9 1.8 10.8
      vertex 4.9 1.8 13.4
    endloop
  endfacet
  facet normal 1 0 0
    outer loop
      vertex 4.9 1.8 10.8
      vertex 4.9 0 13.4
      vertex 4.9 0 10.8
    endloop
  endfacet
  facet normal 0 0 -1
    outer loop
      vertex 2 0 10.8
      vertex 4.9 1.8 10.8
      vertex 4.9 0 10.8
    endloop
  endfacet
  facet normal 0 0 -1
    outer loop
      vertex 1.95 1.8 10.8
      vertex 2 0 10.8
      vertex 1.95 0.0032771 10.8
    endloop
  endfacet
  facet normal 0 0 -1
    outer loop
      vertex 2 0 10.8
      vertex 1.95 1.8 10.8
      vertex 4.9 1.8 10.8
    endloop
  endfacet
  facet normal 0 0 -1
    outer loop
      vertex 35.09 0 10.8
      vertex 35.14 1.8 10.8
      vertex 35.14 0.0032771 10.8
    endloop
  endfacet
  facet normal 0 0 -1
    outer loop
      vertex 32.19 1.8 10.8
      vertex 35.09 0 10.8
      vertex 32.19 0 10.8
    endloop
  endfacet
  facet normal 0 0 -1
    outer loop
      vertex 35.09 0 10.8
      vertex 32.19 1.8 10.8
      vertex 35.14 1.8 10.8
    endloop
  endfacet
  facet normal -1 0 0
    outer loop
      vertex 1.95 0.0032771 10.8
      vertex 1.95 1.8 13.2
      vertex 1.95 1.8 10.8
    endloop
  endfacet
  facet normal -1 0 0
    outer loop
      vertex 1.95 0.0032771 13.4
      vertex 1.95 1.8 13.2
      vertex 1.95 0.0032771 10.8
    endloop
  endfacet
  facet normal -1 0 0
    outer loop
      vertex 1.95 1.8 13.2
      vertex 1.95 0.0032771 13.4
      vertex 1.95 1.8 13.4
    endloop
  endfacet
  facet normal -1 0 0
    outer loop
      vertex 32.19 0 10.8
      vertex 32.19 1.8 13.4
      vertex 32.19 1.8 10.8
    endloop
  endfacet
  facet normal -1 -0 0
    outer loop
      vertex 32.19 1.8 13.4
      vertex 32.19 0 10.8
      vertex 32.19 0 13.4
    endloop
  endfacet
  facet normal 1 -0 0
    outer loop
      vertex 35.14 0.0032771 13.4
      vertex 35.14 1.8 13.2
      vertex 35.14 1.8 13.4
    endloop
  endfacet
  facet normal 1 0 0
    outer loop
      vertex 35.14 0.0032771 10.8
      vertex 35.14 1.8 13.2
      vertex 35.14 0.0032771 13.4
    endloop
  endfacet
  facet normal 1 0 0
    outer loop
      vertex 35.14 1.8 13.2
      vertex 35.14 0.0032771 10.8
      vertex 35.14 1.8 10.8
    endloop
  endfacet
  facet normal 0 0 -1
    outer loop
      vertex 3.4 65.4 13.7
      vertex 4.8 68 13.7
      vertex 4.8 65.4 13.7
    endloop
  endfacet
  facet normal -0 0 -1
    outer loop
      vertex 4.8 68 13.7
      vertex 3.4 65.4 13.7
      vertex 3.4 68 13.7
    endloop
  endfacet
  facet normal 0 0 -1
    outer loop
      vertex 32.29 65.4 13.7
      vertex 33.69 68 13.7
      vertex 33.69 65.4 13.7
    endloop
  endfacet
  facet normal -0 0 -1
    outer loop
      vertex 33.69 68 13.7
      vertex 32.29 65.4 13.7
      vertex 32.29 68 13.7
    endloop
  endfacet
  facet normal -0 0 1
    outer loop
      vertex 2 68 11.1
      vertex 4.8 65.4 11.1
      vertex 4.8 68 11.1
    endloop
  endfacet
  facet normal 0 0 1
    outer loop
      vertex 4.8 65.4 11.1
      vertex 2 68 11.1
      vertex 2 65.4 11.1
    endloop
  endfacet
  facet normal -0 0 1
    outer loop
      vertex 32.29 68 11.1
      vertex 35.09 65.4 11.1
      vertex 35.09 68 11.1
    endloop
  endfacet
  facet normal 0 0 1
    outer loop
      vertex 35.09 65.4 11.1
      vertex 32.29 68 11.1
      vertex 32.29 65.4 11.1
    endloop
  endfacet
  facet normal 0 -1 0
    outer loop
      vertex 2 68 13
      vertex 2 68 11.1
      vertex 3.4 68 13
    endloop
  endfacet
  facet normal 0 -1 0
    outer loop
      vertex 3.4 68 13
      vertex 4.8 68 13.7
      vertex 3.4 68 13.7
    endloop
  endfacet
  facet normal 0 -1 0
    outer loop
      vertex 4.8 68 11.1
      vertex 3.4 68 13
      vertex 2 68 11.1
    endloop
  endfacet
  facet normal 0 -1 0
    outer loop
      vertex 3.4 68 13
      vertex 4.8 68 11.1
      vertex 4.8 68 13.7
    endloop
  endfacet
  facet normal 0 -1 0
    outer loop
      vertex 32.29 68 13.7
      vertex 33.69 68 13
      vertex 33.69 68 13.7
    endloop
  endfacet
  facet normal 0 -1 0
    outer loop
      vertex 32.29 68 11.1
      vertex 33.69 68 13
      vertex 32.29 68 13.7
    endloop
  endfacet
  facet normal 0 -1 0
    outer loop
      vertex 35.09 68 11.1
      vertex 33.69 68 13
      vertex 32.29 68 11.1
    endloop
  endfacet
  facet normal 0 -1 0
    outer loop
      vertex 33.69 68 13
      vertex 35.09 68 11.1
      vertex 35.09 68 13
    endloop
  endfacet
  facet normal 0 1 0
    outer loop
      vertex 4.8 65.4 13.7
      vertex 3.4 65.4 13
      vertex 3.4 65.4 13.7
    endloop
  endfacet
  facet normal 0 1 -0
    outer loop
      vertex 4.8 65.4 11.1
      vertex 3.4 65.4 13
      vertex 4.8 65.4 13.7
    endloop
  endfacet
  facet normal 0 1 0
    outer loop
      vertex 2 65.4 11.1
      vertex 3.4 65.4 13
      vertex 4.8 65.4 11.1
    endloop
  endfacet
  facet normal 0 1 0
    outer loop
      vertex 3.4 65.4 13
      vertex 2 65.4 11.1
      vertex 2 65.4 13
    endloop
  endfacet
  facet normal 0 1 0
    outer loop
      vertex 35.09 65.4 13
      vertex 35.09 65.4 11.1
      vertex 33.69 65.4 13
    endloop
  endfacet
  facet normal 0 1 -0
    outer loop
      vertex 33.69 65.4 13
      vertex 32.29 65.4 13.7
      vertex 33.69 65.4 13.7
    endloop
  endfacet
  facet normal 0 1 0
    outer loop
      vertex 32.29 65.4 11.1
      vertex 33.69 65.4 13
      vertex 35.09 65.4 11.1
    endloop
  endfacet
  facet normal 0 1 0
    outer loop
      vertex 33.69 65.4 13
      vertex 32.29 65.4 11.1
      vertex 32.29 65.4 13.7
    endloop
  endfacet
  facet normal 1 0 0
    outer loop
      vertex 0.2 68.1 13.8
      vertex 0.2 68.025 13.75
      vertex 0.2 68.1 11.2
    endloop
  endfacet
  facet normal 1 -0 0
    outer loop
      vertex 0.2 67.6442 13.8
      vertex 0.2 68.025 13.75
      vertex 0.2 68.1 13.8
    endloop
  endfacet
  facet normal 1 0 0
    outer loop
      vertex 0.2 68.025 13.75
      vertex 0.2 67.6442 13.8
      vertex 0.2 67.6442 13.75
    endloop
  endfacet
  facet normal 1 0 0
    outer loop
      vertex 0.2 68.1 11.2
      vertex 0.2 68.025 13.75
      vertex 0.2 68.025 11.2
    endloop
  endfacet
  facet normal -0 0 1
    outer loop
      vertex -0.799999 68.1 13.8
      vertex 0.2 67.6442 13.8
      vertex 0.2 68.1 13.8
    endloop
  endfacet
  facet normal 0 0 1
    outer loop
      vertex 0.2 67.6442 13.8
      vertex -0.799999 68.1 13.8
      vertex 0.152241 67.5474 13.8
    endloop
  endfacet
  facet normal 0 0 1
    outer loop
      vertex 0.152241 67.5474 13.8
      vertex -0.799999 68.1 13.8
      vertex 0.0681477 67.2996 13.8
    endloop
  endfacet
  facet normal 0 0 1
    outer loop
      vertex 0.0681477 67.2996 13.8
      vertex -0.799999 68.1 13.8
      vertex 0.0171099 67.0431 13.8
    endloop
  endfacet
  facet normal 0 0 1
    outer loop
      vertex -0.799999 68.1 13.8
      vertex 0 66.782 13.8
      vertex 0.0171099 67.0431 13.8
    endloop
  endfacet
  facet normal 0 0 1
    outer loop
      vertex -0.799999 65.3 13.8
      vertex 0 66.782 13.8
      vertex -0.799999 68.1 13.8
    endloop
  endfacet
  facet normal 0 0 1
    outer loop
      vertex 0 66.782 13.8
      vertex -0.799999 65.3 13.8
      vertex 0 65.3 13.8
    endloop
  endfacet
  facet normal 0 0 -1
    outer loop
      vertex 0 65.3 11.2
      vertex -0.799999 65.3 11.2
      vertex 0 65.4 11.2
    endloop
  endfacet
  facet normal 0 0 -1
    outer loop
      vertex 3.1 65.5 11.2
      vertex 36.89 67.9 11.2
      vertex 36.89 65.5 11.2
    endloop
  endfacet
  facet normal 0 0 -1
    outer loop
      vertex 3.1 65.5 11.2
      vertex 3.1 67.9 11.2
      vertex 36.89 67.9 11.2
    endloop
  endfacet
  facet normal 0 0 -1
    outer loop
      vertex 0.779991 65.4 11.2
      vertex 3.1 67.9 11.2
      vertex 3.1 65.5 11.2
    endloop
  endfacet
  facet normal 0 0 -1
    outer loop
      vertex 0.779991 65.4 11.2
      vertex 0.779991 68 11.2
      vertex 3.1 67.9 11.2
    endloop
  endfacet
  facet normal 0 0 -1
    outer loop
      vertex 0.779991 65.4 11.2
      vertex 0.413712 68 11.2
      vertex 0.779991 68 11.2
    endloop
  endfacet
  facet normal 0 0 -1
    outer loop
      vertex 0 65.4 11.2
      vertex 0.413712 68 11.2
      vertex 0.779991 65.4 11.2
    endloop
  endfacet
  facet normal -0 0 -1
    outer loop
      vertex 0.413712 68 11.2
      vertex 0 65.4 11.2
      vertex 0.2 68.025 11.2
    endloop
  endfacet
  facet normal 0 0 -1
    outer loop
      vertex -0.799999 68.1 11.2
      vertex 0.2 68.025 11.2
      vertex 0 65.4 11.2
    endloop
  endfacet
  facet normal 0 0 -1
    outer loop
      vertex -0.799999 68.1 11.2
      vertex 0 65.4 11.2
      vertex -0.799999 65.3 11.2
    endloop
  endfacet
  facet normal 0 0 -1
    outer loop
      vertex 0.2 68.025 11.2
      vertex -0.799999 68.1 11.2
      vertex 0.2 68.1 11.2
    endloop
  endfacet
  facet normal -0 0 -1
    outer loop
      vertex 0.427053 68.0152 11.2
      vertex 0.413712 68 11.2
      vertex 0.2 68.025 11.2
    endloop
  endfacet
  facet normal -1 0 0
    outer loop
      vertex -0.799999 65.3 11.2
      vertex -0.799999 68.1 13.8
      vertex -0.799999 68.1 11.2
    endloop
  endfacet
  facet normal -1 -0 0
    outer loop
      vertex -0.799999 68.1 13.8
      vertex -0.799999 65.3 11.2
      vertex -0.799999 65.3 13.8
    endloop
  endfacet
  facet normal 0 1 -0
    outer loop
      vertex 0.2 68.1 11.2
      vertex -0.799999 68.1 13.8
      vertex 0.2 68.1 13.8
    endloop
  endfacet
  facet normal 0 1 0
    outer loop
      vertex -0.799999 68.1 13.8
      vertex 0.2 68.1 11.2
      vertex -0.799999 68.1 11.2
    endloop
  endfacet
  facet normal 0 -1 0
    outer loop
      vertex -0.799999 65.3 11.2
      vertex 0 65.3 13.8
      vertex -0.799999 65.3 13.8
    endloop
  endfacet
  facet normal 0 -1 -0
    outer loop
      vertex 0 65.3 13.8
      vertex -0.799999 65.3 11.2
      vertex 0 65.3 11.2
    endloop
  endfacet
  facet normal 0.0514377 -0.000554706 0.998676
    outer loop
      vertex 0.2 68.025 13.75
      vertex 0.413293 67.9995 13.739
      vertex 0.427053 68.0152 13.7383
    endloop
  endfacet
  facet normal 0.051506 1.82102e-05 0.998673
    outer loop
      vertex 0.2 68.025 13.75
      vertex 0.267949 67.782 13.7465
      vertex 0.413293 67.9995 13.739
    endloop
  endfacet
  facet normal 0.051441 0 0.998676
    outer loop
      vertex 0.267949 67.782 13.7465
      vertex 0.2 68.025 13.75
      vertex 0.2 67.6442 13.75
    endloop
  endfacet
  facet normal 0.0516552 0 0.998665
    outer loop
      vertex 1.16667 67.9833 13.7
      vertex 3.1 65.5 13.6
      vertex 3.1 67.9 13.6
    endloop
  endfacet
  facet normal 0.0516552 0 0.998665
    outer loop
      vertex 3.1 65.5 13.6
      vertex 1.16667 67.9833 13.7
      vertex 1.16667 65.4167 13.7
    endloop
  endfacet
  facet normal 0.0431481 -0.999069 0
    outer loop
      vertex 0.779991 65.4 11.2
      vertex 1.16667 65.4167 13.7
      vertex 0.779991 65.4 13.7
    endloop
  endfacet
  facet normal 0.0430633 -0.999072 1.31344e-05
    outer loop
      vertex 3.1 65.5 11.2
      vertex 1.16667 65.4167 13.7
      vertex 0.779991 65.4 11.2
    endloop
  endfacet
  facet normal 0.0430463 -0.999073 0
    outer loop
      vertex 1.16667 65.4167 13.7
      vertex 3.1 65.5 11.2
      vertex 3.1 65.5 13.6
    endloop
  endfacet
  facet normal 0.0431216 0.99907 0
    outer loop
      vertex 0.2 68.025 11.2
      vertex 0.427053 68.0152 13.7383
      vertex 0.427053 68.0152 11.2
    endloop
  endfacet
  facet normal 0.0431216 0.99907 0
    outer loop
      vertex 0.427053 68.0152 13.7383
      vertex 0.2 68.025 11.2
      vertex 0.2 68.025 13.75
    endloop
  endfacet
  facet normal 0.0430463 0.999073 -0
    outer loop
      vertex 3.1 67.9 11.2
      vertex 1.16667 67.9833 13.7
      vertex 3.1 67.9 13.6
    endloop
  endfacet
  facet normal 0.0430633 0.999072 1.31344e-05
    outer loop
      vertex 1.16667 67.9833 13.7
      vertex 3.1 67.9 11.2
      vertex 0.779991 68 11.2
    endloop
  endfacet
  facet normal 0.0431481 0.999069 0
    outer loop
      vertex 1.16667 67.9833 13.7
      vertex 0.779991 68 11.2
      vertex 0.779991 68 13.7
    endloop
  endfacet
  facet normal 1 -0 0
    outer loop
      vertex 36.89 65.5 13.6
      vertex 36.89 67.9 11.2
      vertex 36.89 67.9 13.6
    endloop
  endfacet
  facet normal 1 0 0
    outer loop
      vertex 36.89 67.9 11.2
      vertex 36.89 65.5 13.6
      vertex 36.89 65.5 11.2
    endloop
  endfacet
  facet normal -0 0 1
    outer loop
      vertex 3.1 67.9 13.6
      vertex 36.89 65.5 13.6
      vertex 36.89 67.9 13.6
    endloop
  endfacet
  facet normal 0 0 1
    outer loop
      vertex 36.89 65.5 13.6
      vertex 3.1 67.9 13.6
      vertex 3.1 65.5 13.6
    endloop
  endfacet
  facet normal 0 1 -0
    outer loop
      vertex 36.89 67.9 11.2
      vertex 3.1 67.9 13.6
      vertex 36.89 67.9 13.6
    endloop
  endfacet
  facet normal 0 1 0
    outer loop
      vertex 3.1 67.9 13.6
      vertex 36.89 67.9 11.2
      vertex 3.1 67.9 11.2
    endloop
  endfacet
  facet normal 0 -1 0
    outer loop
      vertex 3.1 65.5 11.2
      vertex 36.89 65.5 13.6
      vertex 3.1 65.5 13.6
    endloop
  endfacet
  facet normal 0 -1 -0
    outer loop
      vertex 36.89 65.5 13.6
      vertex 3.1 65.5 11.2
      vertex 36.89 65.5 11.2
    endloop
  endfacet
endsolid OpenSCAD_Model
