solid 
 facet normal  0.000000e+00  0.000000e+00  1.000000e+00
   outer loop
     vertex  3.760813e-02  1.166219e+00  4.500000e+00
     vertex  1.485467e-01  8.491744e-01  4.500000e+00
     vertex  3.272528e-01  5.647653e-01  4.500000e+00
   endloop
 endfacet
 facet normal  0.000000e+00  0.000000e+00  1.000000e+00
   outer loop
     vertex  1.500000e+00  0.000000e+00  4.500000e+00
     vertex  8.491744e-01  1.485467e-01  4.500000e+00
     vertex  1.166219e+00  3.760813e-02  4.500000e+00
   endloop
 endfacet
 facet normal  0.000000e+00  0.000000e+00  1.000000e+00
   outer loop
     vertex  0.000000e+00  1.500000e+00  4.500000e+00
     vertex  3.272528e-01  5.647653e-01  4.500000e+00
     vertex  5.647653e-01  3.272528e-01  4.500000e+00
   endloop
 endfacet
 facet normal  0.000000e+00  0.000000e+00  1.000000e+00
   outer loop
     vertex  0.000000e+00  1.500000e+00  4.500000e+00
     vertex  5.647653e-01  3.272528e-01  4.500000e+00
     vertex  8.491744e-01  1.485467e-01  4.500000e+00
   endloop
 endfacet
 facet normal  0.000000e+00  0.000000e+00  1.000000e+00
   outer loop
     vertex  0.000000e+00  1.500000e+00  4.500000e+00
     vertex  3.760813e-02  1.166219e+00  4.500000e+00
     vertex  3.272528e-01  5.647653e-01  4.500000e+00
   endloop
 endfacet
 facet normal  0.000000e+00  0.000000e+00  1.000000e+00
   outer loop
     vertex  0.000000e+00  1.500000e+00  4.500000e+00
     vertex  8.491744e-01  1.485467e-01  4.500000e+00
     vertex  1.500000e+00  0.000000e+00  4.500000e+00
   endloop
 endfacet
 facet normal  0.000000e+00  0.000000e+00  1.000000e+00
   outer loop
     vertex  1.554084e+00  3.920256e+00  4.500000e+00
     vertex  0.000000e+00  1.500000e+00  4.500000e+00
     vertex  1.633255e+00  3.841085e+00  4.500000e+00
   endloop
 endfacet
 facet normal  0.000000e+00  0.000000e+00  1.000000e+00
   outer loop
     vertex  1.494516e+00  4.015059e+00  4.500000e+00
     vertex  0.000000e+00  1.500000e+00  4.500000e+00
     vertex  1.554084e+00  3.920256e+00  4.500000e+00
   endloop
 endfacet
 facet normal  0.000000e+00  0.000000e+00  1.000000e+00
   outer loop
     vertex  1.728058e+00  3.781516e+00  4.500000e+00
     vertex  1.633255e+00  3.841085e+00  4.500000e+00
     vertex  0.000000e+00  1.500000e+00  4.500000e+00
   endloop
 endfacet
 facet normal  0.000000e+00  0.000000e+00  1.000000e+00
   outer loop
     vertex  1.833740e+00  3.744537e+00  4.500000e+00
     vertex  1.728058e+00  3.781516e+00  4.500000e+00
     vertex  0.000000e+00  1.500000e+00  4.500000e+00
   endloop
 endfacet
 facet normal  0.000000e+00  0.000000e+00  1.000000e+00
   outer loop
     vertex  1.457536e+00  4.120740e+00  4.500000e+00
     vertex  0.000000e+00  1.500000e+00  4.500000e+00
     vertex  1.494516e+00  4.015059e+00  4.500000e+00
   endloop
 endfacet
 facet normal  0.000000e+00  0.000000e+00  1.000000e+00
   outer loop
     vertex  1.945000e+00  3.732001e+00  4.500000e+00
     vertex  0.000000e+00  1.500000e+00  4.500000e+00
     vertex  1.500000e+00  0.000000e+00  4.500000e+00
   endloop
 endfacet
 facet normal  0.000000e+00  0.000000e+00  1.000000e+00
   outer loop
     vertex  1.945000e+00  3.732001e+00  4.500000e+00
     vertex  1.833740e+00  3.744537e+00  4.500000e+00
     vertex  0.000000e+00  1.500000e+00  4.500000e+00
   endloop
 endfacet
 facet normal  0.000000e+00  0.000000e+00  1.000000e+00
   outer loop
     vertex  1.445000e+00  4.232001e+00  4.500000e+00
     vertex  0.000000e+00  1.500000e+00  4.500000e+00
     vertex  1.457536e+00  4.120740e+00  4.500000e+00
   endloop
 endfacet
 facet normal  0.000000e+00  0.000000e+00  1.000000e+00
   outer loop
     vertex  7.857228e+00  0.000000e+00  4.500000e+00
     vertex  1.945000e+00  3.732001e+00  4.500000e+00
     vertex  1.500000e+00  0.000000e+00  4.500000e+00
   endloop
 endfacet
 facet normal  0.000000e+00  0.000000e+00  1.000000e+00
   outer loop
     vertex  7.857228e+00  3.732001e+00  4.500000e+00
     vertex  1.945000e+00  3.732001e+00  4.500000e+00
     vertex  7.857228e+00  0.000000e+00  4.500000e+00
   endloop
 endfacet
 facet normal  0.000000e+00  0.000000e+00  1.000000e+00
   outer loop
     vertex  2.492523e+01  3.272528e-01  4.500000e+00
     vertex  2.432378e+01  3.760813e-02  4.500000e+00
     vertex  2.464083e+01  1.485467e-01  4.500000e+00
   endloop
 endfacet
 facet normal  0.000000e+00  0.000000e+00  1.000000e+00
   outer loop
     vertex  2.516275e+01  5.647653e-01  4.500000e+00
     vertex  2.432378e+01  3.760813e-02  4.500000e+00
     vertex  2.492523e+01  3.272528e-01  4.500000e+00
   endloop
 endfacet
 facet normal  0.000000e+00  0.000000e+00  1.000000e+00
   outer loop
     vertex  2.545239e+01  1.166219e+00  4.500000e+00
     vertex  2.516275e+01  5.647653e-01  4.500000e+00
     vertex  2.534145e+01  8.491744e-01  4.500000e+00
   endloop
 endfacet
 facet normal  0.000000e+00  0.000000e+00  1.000000e+00
   outer loop
     vertex  2.549000e+01  1.500000e+00  4.500000e+00
     vertex  2.399000e+01  0.000000e+00  4.500000e+00
     vertex  2.432378e+01  3.760813e-02  4.500000e+00
   endloop
 endfacet
 facet normal  0.000000e+00  0.000000e+00  1.000000e+00
   outer loop
     vertex  2.549000e+01  1.500000e+00  4.500000e+00
     vertex  2.432378e+01  3.760813e-02  4.500000e+00
     vertex  2.516275e+01  5.647653e-01  4.500000e+00
   endloop
 endfacet
 facet normal  0.000000e+00  0.000000e+00  1.000000e+00
   outer loop
     vertex  2.549000e+01  1.500000e+00  4.500000e+00
     vertex  2.516275e+01  5.647653e-01  4.500000e+00
     vertex  2.545239e+01  1.166219e+00  4.500000e+00
   endloop
 endfacet
 facet normal  0.000000e+00  0.000000e+00  1.000000e+00
   outer loop
     vertex  2.354500e+01  3.732001e+00  4.500000e+00
     vertex  1.763723e+01  3.732001e+00  4.500000e+00
     vertex  1.763723e+01  0.000000e+00  4.500000e+00
   endloop
 endfacet
 facet normal  0.000000e+00  0.000000e+00  1.000000e+00
   outer loop
     vertex  2.354500e+01  3.732001e+00  4.500000e+00
     vertex  1.763723e+01  0.000000e+00  4.500000e+00
     vertex  2.399000e+01  0.000000e+00  4.500000e+00
   endloop
 endfacet
 facet normal  0.000000e+00  0.000000e+00  1.000000e+00
   outer loop
     vertex  2.354500e+01  3.732001e+00  4.500000e+00
     vertex  2.399000e+01  0.000000e+00  4.500000e+00
     vertex  2.549000e+01  1.500000e+00  4.500000e+00
   endloop
 endfacet
 facet normal  0.000000e+00  0.000000e+00  1.000000e+00
   outer loop
     vertex  2.365626e+01  3.744537e+00  4.500000e+00
     vertex  2.354500e+01  3.732001e+00  4.500000e+00
     vertex  2.549000e+01  1.500000e+00  4.500000e+00
   endloop
 endfacet
 facet normal  0.000000e+00  0.000000e+00  1.000000e+00
   outer loop
     vertex  2.376194e+01  3.781516e+00  4.500000e+00
     vertex  2.365626e+01  3.744537e+00  4.500000e+00
     vertex  2.549000e+01  1.500000e+00  4.500000e+00
   endloop
 endfacet
 facet normal  0.000000e+00  0.000000e+00  1.000000e+00
   outer loop
     vertex  2.385674e+01  3.841085e+00  4.500000e+00
     vertex  2.376194e+01  3.781516e+00  4.500000e+00
     vertex  2.549000e+01  1.500000e+00  4.500000e+00
   endloop
 endfacet
 facet normal  0.000000e+00  0.000000e+00  1.000000e+00
   outer loop
     vertex  2.393592e+01  3.920256e+00  4.500000e+00
     vertex  2.385674e+01  3.841085e+00  4.500000e+00
     vertex  2.549000e+01  1.500000e+00  4.500000e+00
   endloop
 endfacet
 facet normal  0.000000e+00  0.000000e+00  1.000000e+00
   outer loop
     vertex  2.399548e+01  4.015059e+00  4.500000e+00
     vertex  2.393592e+01  3.920256e+00  4.500000e+00
     vertex  2.549000e+01  1.500000e+00  4.500000e+00
   endloop
 endfacet
 facet normal  0.000000e+00  0.000000e+00  1.000000e+00
   outer loop
     vertex  2.403246e+01  4.120740e+00  4.500000e+00
     vertex  2.399548e+01  4.015059e+00  4.500000e+00
     vertex  2.549000e+01  1.500000e+00  4.500000e+00
   endloop
 endfacet
 facet normal  0.000000e+00  0.000000e+00  1.000000e+00
   outer loop
     vertex  2.404500e+01  4.232001e+00  4.500000e+00
     vertex  2.403246e+01  4.120740e+00  4.500000e+00
     vertex  2.549000e+01  1.500000e+00  4.500000e+00
   endloop
 endfacet
 facet normal  0.000000e+00  0.000000e+00  1.000000e+00
   outer loop
     vertex  0.000000e+00  5.728200e+01  4.500000e+00
     vertex  0.000000e+00  1.500000e+00  4.500000e+00
     vertex  1.445000e+00  4.232001e+00  4.500000e+00
   endloop
 endfacet
 facet normal  0.000000e+00  0.000000e+00  1.000000e+00
   outer loop
     vertex  1.445000e+00  5.683200e+01  4.500000e+00
     vertex  0.000000e+00  5.728200e+01  4.500000e+00
     vertex  1.445000e+00  4.232001e+00  4.500000e+00
   endloop
 endfacet
 facet normal  0.000000e+00  0.000000e+00  1.000000e+00
   outer loop
     vertex  1.457536e+00  5.694326e+01  4.500000e+00
     vertex  0.000000e+00  5.728200e+01  4.500000e+00
     vertex  1.445000e+00  5.683200e+01  4.500000e+00
   endloop
 endfacet
 facet normal  0.000000e+00  0.000000e+00  1.000000e+00
   outer loop
     vertex  1.494516e+00  5.704894e+01  4.500000e+00
     vertex  0.000000e+00  5.728200e+01  4.500000e+00
     vertex  1.457536e+00  5.694326e+01  4.500000e+00
   endloop
 endfacet
 facet normal  0.000000e+00  0.000000e+00  1.000000e+00
   outer loop
     vertex  1.494516e+00  5.704894e+01  4.500000e+00
     vertex  1.485467e-01  5.793283e+01  4.500000e+00
     vertex  3.760813e-02  5.761578e+01  4.500000e+00
   endloop
 endfacet
 facet normal  0.000000e+00  0.000000e+00  1.000000e+00
   outer loop
     vertex  1.494516e+00  5.704894e+01  4.500000e+00
     vertex  3.760813e-02  5.761578e+01  4.500000e+00
     vertex  0.000000e+00  5.728200e+01  4.500000e+00
   endloop
 endfacet
 facet normal  0.000000e+00  0.000000e+00  1.000000e+00
   outer loop
     vertex  1.554084e+00  5.714375e+01  4.500000e+00
     vertex  3.272528e-01  5.821724e+01  4.500000e+00
     vertex  1.485467e-01  5.793283e+01  4.500000e+00
   endloop
 endfacet
 facet normal  0.000000e+00  0.000000e+00  1.000000e+00
   outer loop
     vertex  1.554084e+00  5.714375e+01  4.500000e+00
     vertex  1.485467e-01  5.793283e+01  4.500000e+00
     vertex  1.494516e+00  5.704894e+01  4.500000e+00
   endloop
 endfacet
 facet normal  0.000000e+00  0.000000e+00  1.000000e+00
   outer loop
     vertex  1.633255e+00  5.722292e+01  4.500000e+00
     vertex  3.272528e-01  5.821724e+01  4.500000e+00
     vertex  1.554084e+00  5.714375e+01  4.500000e+00
   endloop
 endfacet
 facet normal  0.000000e+00  0.000000e+00  1.000000e+00
   outer loop
     vertex  5.647653e-01  5.845475e+01  4.500000e+00
     vertex  3.272528e-01  5.821724e+01  4.500000e+00
     vertex  1.633255e+00  5.722292e+01  4.500000e+00
   endloop
 endfacet
 facet normal  0.000000e+00  0.000000e+00  1.000000e+00
   outer loop
     vertex  8.491744e-01  5.863345e+01  4.500000e+00
     vertex  1.633255e+00  5.722292e+01  4.500000e+00
     vertex  1.728058e+00  5.728249e+01  4.500000e+00
   endloop
 endfacet
 facet normal  0.000000e+00  0.000000e+00  1.000000e+00
   outer loop
     vertex  8.491744e-01  5.863345e+01  4.500000e+00
     vertex  5.647653e-01  5.845475e+01  4.500000e+00
     vertex  1.633255e+00  5.722292e+01  4.500000e+00
   endloop
 endfacet
 facet normal  0.000000e+00  0.000000e+00  1.000000e+00
   outer loop
     vertex  1.166219e+00  5.874439e+01  4.500000e+00
     vertex  8.491744e-01  5.863345e+01  4.500000e+00
     vertex  1.728058e+00  5.728249e+01  4.500000e+00
   endloop
 endfacet
 facet normal  0.000000e+00  0.000000e+00  1.000000e+00
   outer loop
     vertex  1.500000e+00  5.878200e+01  4.500000e+00
     vertex  1.728058e+00  5.728249e+01  4.500000e+00
     vertex  1.833740e+00  5.731946e+01  4.500000e+00
   endloop
 endfacet
 facet normal  0.000000e+00  0.000000e+00  1.000000e+00
   outer loop
     vertex  1.500000e+00  5.878200e+01  4.500000e+00
     vertex  1.833740e+00  5.731946e+01  4.500000e+00
     vertex  1.945000e+00  5.733200e+01  4.500000e+00
   endloop
 endfacet
 facet normal  0.000000e+00  0.000000e+00  1.000000e+00
   outer loop
     vertex  1.500000e+00  5.878200e+01  4.500000e+00
     vertex  1.166219e+00  5.874439e+01  4.500000e+00
     vertex  1.728058e+00  5.728249e+01  4.500000e+00
   endloop
 endfacet
 facet normal  0.000000e+00  0.000000e+00  1.000000e+00
   outer loop
     vertex  2.354500e+01  5.733200e+01  4.500000e+00
     vertex  1.500000e+00  5.878200e+01  4.500000e+00
     vertex  1.945000e+00  5.733200e+01  4.500000e+00
   endloop
 endfacet
 facet normal  0.000000e+00  0.000000e+00  1.000000e+00
   outer loop
     vertex  2.399000e+01  5.878200e+01  4.500000e+00
     vertex  2.354500e+01  5.733200e+01  4.500000e+00
     vertex  2.365626e+01  5.731946e+01  4.500000e+00
   endloop
 endfacet
 facet normal  0.000000e+00  0.000000e+00  1.000000e+00
   outer loop
     vertex  2.399000e+01  5.878200e+01  4.500000e+00
     vertex  2.365626e+01  5.731946e+01  4.500000e+00
     vertex  2.376194e+01  5.728249e+01  4.500000e+00
   endloop
 endfacet
 facet normal  0.000000e+00  0.000000e+00  1.000000e+00
   outer loop
     vertex  2.399000e+01  5.878200e+01  4.500000e+00
     vertex  1.500000e+00  5.878200e+01  4.500000e+00
     vertex  2.354500e+01  5.733200e+01  4.500000e+00
   endloop
 endfacet
 facet normal  0.000000e+00  0.000000e+00  1.000000e+00
   outer loop
     vertex  2.549000e+01  5.728200e+01  4.500000e+00
     vertex  2.404500e+01  4.232001e+00  4.500000e+00
     vertex  2.549000e+01  1.500000e+00  4.500000e+00
   endloop
 endfacet
 facet normal  0.000000e+00  0.000000e+00  1.000000e+00
   outer loop
     vertex  2.549000e+01  5.728200e+01  4.500000e+00
     vertex  2.399548e+01  5.704894e+01  4.500000e+00
     vertex  2.403246e+01  5.694326e+01  4.500000e+00
   endloop
 endfacet
 facet normal  0.000000e+00  0.000000e+00  1.000000e+00
   outer loop
     vertex  2.549000e+01  5.728200e+01  4.500000e+00
     vertex  2.403246e+01  5.694326e+01  4.500000e+00
     vertex  2.404500e+01  5.683200e+01  4.500000e+00
   endloop
 endfacet
 facet normal  0.000000e+00  0.000000e+00  1.000000e+00
   outer loop
     vertex  2.549000e+01  5.728200e+01  4.500000e+00
     vertex  2.404500e+01  5.683200e+01  4.500000e+00
     vertex  2.404500e+01  4.232001e+00  4.500000e+00
   endloop
 endfacet
 facet normal  0.000000e+00  0.000000e+00  1.000000e+00
   outer loop
     vertex  2.432378e+01  5.874439e+01  4.500000e+00
     vertex  2.399000e+01  5.878200e+01  4.500000e+00
     vertex  2.376194e+01  5.728249e+01  4.500000e+00
   endloop
 endfacet
 facet normal  0.000000e+00  0.000000e+00  1.000000e+00
   outer loop
     vertex  2.545239e+01  5.761578e+01  4.500000e+00
     vertex  2.399548e+01  5.704894e+01  4.500000e+00
     vertex  2.549000e+01  5.728200e+01  4.500000e+00
   endloop
 endfacet
 facet normal  0.000000e+00  0.000000e+00  1.000000e+00
   outer loop
     vertex  2.534145e+01  5.793283e+01  4.500000e+00
     vertex  2.393592e+01  5.714375e+01  4.500000e+00
     vertex  2.399548e+01  5.704894e+01  4.500000e+00
   endloop
 endfacet
 facet normal  0.000000e+00  0.000000e+00  1.000000e+00
   outer loop
     vertex  2.534145e+01  5.793283e+01  4.500000e+00
     vertex  2.399548e+01  5.704894e+01  4.500000e+00
     vertex  2.545239e+01  5.761578e+01  4.500000e+00
   endloop
 endfacet
 facet normal  0.000000e+00  0.000000e+00  1.000000e+00
   outer loop
     vertex  2.464083e+01  5.863345e+01  4.500000e+00
     vertex  2.376194e+01  5.728249e+01  4.500000e+00
     vertex  2.385674e+01  5.722292e+01  4.500000e+00
   endloop
 endfacet
 facet normal  0.000000e+00  0.000000e+00  1.000000e+00
   outer loop
     vertex  2.464083e+01  5.863345e+01  4.500000e+00
     vertex  2.432378e+01  5.874439e+01  4.500000e+00
     vertex  2.376194e+01  5.728249e+01  4.500000e+00
   endloop
 endfacet
 facet normal  0.000000e+00  0.000000e+00  1.000000e+00
   outer loop
     vertex  2.516275e+01  5.821724e+01  4.500000e+00
     vertex  2.385674e+01  5.722292e+01  4.500000e+00
     vertex  2.393592e+01  5.714375e+01  4.500000e+00
   endloop
 endfacet
 facet normal  0.000000e+00  0.000000e+00  1.000000e+00
   outer loop
     vertex  2.516275e+01  5.821724e+01  4.500000e+00
     vertex  2.393592e+01  5.714375e+01  4.500000e+00
     vertex  2.534145e+01  5.793283e+01  4.500000e+00
   endloop
 endfacet
 facet normal  0.000000e+00  0.000000e+00  1.000000e+00
   outer loop
     vertex  2.492523e+01  5.845475e+01  4.500000e+00
     vertex  2.385674e+01  5.722292e+01  4.500000e+00
     vertex  2.516275e+01  5.821724e+01  4.500000e+00
   endloop
 endfacet
 facet normal  0.000000e+00  0.000000e+00  1.000000e+00
   outer loop
     vertex  2.492523e+01  5.845475e+01  4.500000e+00
     vertex  2.464083e+01  5.863345e+01  4.500000e+00
     vertex  2.385674e+01  5.722292e+01  4.500000e+00
   endloop
 endfacet
 facet normal  0.000000e+00  1.000000e+00  0.000000e+00
   outer loop
     vertex  2.354500e+01  3.732001e+00  3.500000e+00
     vertex  1.763723e+01  3.732001e+00  3.500000e+00
     vertex  1.763723e+01  3.732001e+00  4.500000e+00
   endloop
 endfacet
 facet normal  0.000000e+00  1.000000e+00 -0.000000e+00
   outer loop
     vertex  2.354500e+01  3.732001e+00  3.500000e+00
     vertex  1.763723e+01  3.732001e+00  4.500000e+00
     vertex  2.354500e+01  3.732001e+00  4.500000e+00
   endloop
 endfacet
 facet normal -9.937122e-01  1.119645e-01  0.000000e+00
   outer loop
     vertex  2.404500e+01  4.232001e+00  3.500000e+00
     vertex  2.403246e+01  4.120740e+00  4.500000e+00
     vertex  2.404500e+01  4.232001e+00  4.500000e+00
   endloop
 endfacet
 facet normal -9.438833e-01  3.302791e-01 -2.933467e-16
   outer loop
     vertex  2.403246e+01  4.120740e+00  3.500000e+00
     vertex  2.399548e+01  4.015059e+00  4.500000e+00
     vertex  2.403246e+01  4.120740e+00  4.500000e+00
   endloop
 endfacet
 facet normal -9.937122e-01  1.119645e-01 -9.944443e-17
   outer loop
     vertex  2.403246e+01  4.120740e+00  3.500000e+00
     vertex  2.403246e+01  4.120740e+00  4.500000e+00
     vertex  2.404500e+01  4.232001e+00  3.500000e+00
   endloop
 endfacet
 facet normal -8.467242e-01  5.320321e-01 -9.450788e-16
   outer loop
     vertex  2.399548e+01  4.015059e+00  3.500000e+00
     vertex  2.393592e+01  3.920256e+00  4.500000e+00
     vertex  2.399548e+01  4.015059e+00  4.500000e+00
   endloop
 endfacet
 facet normal -9.438833e-01  3.302791e-01 -5.866935e-16
   outer loop
     vertex  2.399548e+01  4.015059e+00  3.500000e+00
     vertex  2.399548e+01  4.015059e+00  4.500000e+00
     vertex  2.403246e+01  4.120740e+00  3.500000e+00
   endloop
 endfacet
 facet normal -7.071068e-01  7.071068e-01 -1.884111e-15
   outer loop
     vertex  2.393592e+01  3.920256e+00  3.500000e+00
     vertex  2.385674e+01  3.841085e+00  4.500000e+00
     vertex  2.393592e+01  3.920256e+00  4.500000e+00
   endloop
 endfacet
 facet normal -8.467242e-01  5.320321e-01 -1.417618e-15
   outer loop
     vertex  2.393592e+01  3.920256e+00  3.500000e+00
     vertex  2.393592e+01  3.920256e+00  4.500000e+00
     vertex  2.399548e+01  4.015059e+00  3.500000e+00
   endloop
 endfacet
 facet normal -5.320321e-01  8.467242e-01 -3.659688e-16
   outer loop
     vertex  2.385674e+01  3.841085e+00  3.500000e+00
     vertex  2.376194e+01  3.781516e+00  4.500000e+00
     vertex  2.385674e+01  3.841085e+00  4.500000e+00
   endloop
 endfacet
 facet normal -7.071068e-01  7.071068e-01  6.280370e-16
   outer loop
     vertex  2.385674e+01  3.841085e+00  3.500000e+00
     vertex  2.385674e+01  3.841085e+00  4.500000e+00
     vertex  2.393592e+01  3.920256e+00  3.500000e+00
   endloop
 endfacet
 facet normal -3.302791e-01  9.438833e-01  2.509319e-16
   outer loop
     vertex  2.376194e+01  3.781516e+00  3.500000e+00
     vertex  2.365626e+01  3.744537e+00  4.500000e+00
     vertex  2.376194e+01  3.781516e+00  4.500000e+00
   endloop
 endfacet
 facet normal -5.320321e-01  8.467242e-01  1.900210e-15
   outer loop
     vertex  2.376194e+01  3.781516e+00  3.500000e+00
     vertex  2.376194e+01  3.781516e+00  4.500000e+00
     vertex  2.385674e+01  3.841085e+00  3.500000e+00
   endloop
 endfacet
 facet normal -1.119645e-01  9.937122e-01 -5.283352e-16
   outer loop
     vertex  2.365626e+01  3.744537e+00  3.500000e+00
     vertex  2.354500e+01  3.732001e+00  4.500000e+00
     vertex  2.365626e+01  3.744537e+00  4.500000e+00
   endloop
 endfacet
 facet normal -3.302791e-01  9.438833e-01  1.089269e-15
   outer loop
     vertex  2.365626e+01  3.744537e+00  3.500000e+00
     vertex  2.365626e+01  3.744537e+00  4.500000e+00
     vertex  2.376194e+01  3.781516e+00  3.500000e+00
   endloop
 endfacet
 facet normal -1.119645e-01  9.937122e-01  0.000000e+00
   outer loop
     vertex  2.354500e+01  3.732001e+00  3.500000e+00
     vertex  2.354500e+01  3.732001e+00  4.500000e+00
     vertex  2.365626e+01  3.744537e+00  3.500000e+00
   endloop
 endfacet
 facet normal  0.000000e+00  0.000000e+00  1.000000e+00
   outer loop
     vertex  1.457536e+00  4.120740e+00  3.500000e+00
     vertex  1.494516e+00  4.015059e+00  3.500000e+00
     vertex  1.554084e+00  3.920256e+00  3.500000e+00
   endloop
 endfacet
 facet normal  0.000000e+00  0.000000e+00  1.000000e+00
   outer loop
     vertex  1.445000e+00  4.232001e+00  3.500000e+00
     vertex  1.457536e+00  4.120740e+00  3.500000e+00
     vertex  1.554084e+00  3.920256e+00  3.500000e+00
   endloop
 endfacet
 facet normal  0.000000e+00  0.000000e+00  1.000000e+00
   outer loop
     vertex  1.945000e+00  3.732001e+00  3.500000e+00
     vertex  1.554084e+00  3.920256e+00  3.500000e+00
     vertex  1.633255e+00  3.841085e+00  3.500000e+00
   endloop
 endfacet
 facet normal  0.000000e+00  0.000000e+00  1.000000e+00
   outer loop
     vertex  1.945000e+00  3.732001e+00  3.500000e+00
     vertex  1.633255e+00  3.841085e+00  3.500000e+00
     vertex  1.728058e+00  3.781516e+00  3.500000e+00
   endloop
 endfacet
 facet normal  0.000000e+00  0.000000e+00  1.000000e+00
   outer loop
     vertex  1.945000e+00  3.732001e+00  3.500000e+00
     vertex  1.728058e+00  3.781516e+00  3.500000e+00
     vertex  1.833740e+00  3.744537e+00  3.500000e+00
   endloop
 endfacet
 facet normal  0.000000e+00  0.000000e+00  1.000000e+00
   outer loop
     vertex  1.945000e+00  3.732001e+00  3.500000e+00
     vertex  1.445000e+00  4.232001e+00  3.500000e+00
     vertex  1.554084e+00  3.920256e+00  3.500000e+00
   endloop
 endfacet
 facet normal  0.000000e+00  0.000000e+00  1.000000e+00
   outer loop
     vertex  1.445000e+00  5.401267e+00  3.500000e+00
     vertex  1.445000e+00  4.232001e+00  3.500000e+00
     vertex  1.945000e+00  3.732001e+00  3.500000e+00
   endloop
 endfacet
 facet normal  0.000000e+00  0.000000e+00  1.000000e+00
   outer loop
     vertex  3.694751e+00  5.401267e+00  3.500000e+00
     vertex  1.445000e+00  5.401267e+00  3.500000e+00
     vertex  1.945000e+00  3.732001e+00  3.500000e+00
   endloop
 endfacet
 facet normal  0.000000e+00  0.000000e+00  1.000000e+00
   outer loop
     vertex  4.883006e+00  5.904490e+00  3.500000e+00
     vertex  4.803835e+00  5.983661e+00  3.500000e+00
     vertex  3.694751e+00  5.401267e+00  3.500000e+00
   endloop
 endfacet
 facet normal  0.000000e+00  0.000000e+00  1.000000e+00
   outer loop
     vertex  4.744266e+00  6.078464e+00  3.500000e+00
     vertex  3.694751e+00  5.401267e+00  3.500000e+00
     vertex  4.803835e+00  5.983661e+00  3.500000e+00
   endloop
 endfacet
 facet normal  0.000000e+00  0.000000e+00  1.000000e+00
   outer loop
     vertex  4.977809e+00  5.844922e+00  3.500000e+00
     vertex  4.883006e+00  5.904490e+00  3.500000e+00
     vertex  3.694751e+00  5.401267e+00  3.500000e+00
   endloop
 endfacet
 facet normal  0.000000e+00  0.000000e+00  1.000000e+00
   outer loop
     vertex  4.707287e+00  6.184146e+00  3.500000e+00
     vertex  3.694751e+00  5.401267e+00  3.500000e+00
     vertex  4.744266e+00  6.078464e+00  3.500000e+00
   endloop
 endfacet
 facet normal  0.000000e+00  0.000000e+00  1.000000e+00
   outer loop
     vertex  5.083490e+00  5.807942e+00  3.500000e+00
     vertex  4.977809e+00  5.844922e+00  3.500000e+00
     vertex  3.694751e+00  5.401267e+00  3.500000e+00
   endloop
 endfacet
 facet normal  0.000000e+00  0.000000e+00  1.000000e+00
   outer loop
     vertex  4.694751e+00  6.295406e+00  3.500000e+00
     vertex  3.694751e+00  5.401267e+00  3.500000e+00
     vertex  4.707287e+00  6.184146e+00  3.500000e+00
   endloop
 endfacet
 facet normal  0.000000e+00  0.000000e+00  1.000000e+00
   outer loop
     vertex  5.194751e+00  5.795406e+00  3.500000e+00
     vertex  5.083490e+00  5.807942e+00  3.500000e+00
     vertex  3.694751e+00  5.401267e+00  3.500000e+00
   endloop
 endfacet
 facet normal  0.000000e+00  0.000000e+00  1.000000e+00
   outer loop
     vertex  7.857228e+00  3.732001e+00  3.500000e+00
     vertex  3.694751e+00  5.401267e+00  3.500000e+00
     vertex  1.945000e+00  3.732001e+00  3.500000e+00
   endloop
 endfacet
 facet normal  0.000000e+00  0.000000e+00  1.000000e+00
   outer loop
     vertex  7.857228e+00  3.732001e+00  3.500000e+00
     vertex  5.194751e+00  5.795406e+00  3.500000e+00
     vertex  3.694751e+00  5.401267e+00  3.500000e+00
   endloop
 endfacet
 facet normal  0.000000e+00  0.000000e+00  1.000000e+00
   outer loop
     vertex  7.357228e+00  5.795406e+00  3.500000e+00
     vertex  5.194751e+00  5.795406e+00  3.500000e+00
     vertex  7.857228e+00  3.732001e+00  3.500000e+00
   endloop
 endfacet
 facet normal  0.000000e+00  0.000000e+00  1.000000e+00
   outer loop
     vertex  7.857228e+00  5.295406e+00  3.500000e+00
     vertex  7.357228e+00  5.795406e+00  3.500000e+00
     vertex  7.857228e+00  3.732001e+00  3.500000e+00
   endloop
 endfacet
 facet normal  0.000000e+00  0.000000e+00  1.000000e+00
   outer loop
     vertex  7.668973e+00  5.686322e+00  3.500000e+00
     vertex  7.574170e+00  5.745891e+00  3.500000e+00
     vertex  7.468489e+00  5.782870e+00  3.500000e+00
   endloop
 endfacet
 facet normal  0.000000e+00  0.000000e+00  1.000000e+00
   outer loop
     vertex  7.748144e+00  5.607151e+00  3.500000e+00
     vertex  7.857228e+00  5.295406e+00  3.500000e+00
     vertex  7.844692e+00  5.406667e+00  3.500000e+00
   endloop
 endfacet
 facet normal  0.000000e+00  0.000000e+00  1.000000e+00
   outer loop
     vertex  7.748144e+00  5.607151e+00  3.500000e+00
     vertex  7.844692e+00  5.406667e+00  3.500000e+00
     vertex  7.807713e+00  5.512348e+00  3.500000e+00
   endloop
 endfacet
 facet normal  0.000000e+00  0.000000e+00  1.000000e+00
   outer loop
     vertex  7.748144e+00  5.607151e+00  3.500000e+00
     vertex  7.357228e+00  5.795406e+00  3.500000e+00
     vertex  7.857228e+00  5.295406e+00  3.500000e+00
   endloop
 endfacet
 facet normal  0.000000e+00  0.000000e+00  1.000000e+00
   outer loop
     vertex  7.748144e+00  5.607151e+00  3.500000e+00
     vertex  7.468489e+00  5.782870e+00  3.500000e+00
     vertex  7.357228e+00  5.795406e+00  3.500000e+00
   endloop
 endfacet
 facet normal  0.000000e+00  0.000000e+00  1.000000e+00
   outer loop
     vertex  7.748144e+00  5.607151e+00  3.500000e+00
     vertex  7.668973e+00  5.686322e+00  3.500000e+00
     vertex  7.468489e+00  5.782870e+00  3.500000e+00
   endloop
 endfacet
 facet normal  0.000000e+00  0.000000e+00  1.000000e+00
   outer loop
     vertex  1.768674e+01  5.512348e+00  3.500000e+00
     vertex  1.764977e+01  5.406667e+00  3.500000e+00
     vertex  1.763723e+01  5.295406e+00  3.500000e+00
   endloop
 endfacet
 facet normal  0.000000e+00  0.000000e+00  1.000000e+00
   outer loop
     vertex  1.782548e+01  5.686322e+00  3.500000e+00
     vertex  1.774631e+01  5.607151e+00  3.500000e+00
     vertex  1.768674e+01  5.512348e+00  3.500000e+00
   endloop
 endfacet
 facet normal  0.000000e+00  0.000000e+00  1.000000e+00
   outer loop
     vertex  1.802597e+01  5.782870e+00  3.500000e+00
     vertex  1.768674e+01  5.512348e+00  3.500000e+00
     vertex  1.763723e+01  5.295406e+00  3.500000e+00
   endloop
 endfacet
 facet normal  0.000000e+00  0.000000e+00  1.000000e+00
   outer loop
     vertex  1.802597e+01  5.782870e+00  3.500000e+00
     vertex  1.782548e+01  5.686322e+00  3.500000e+00
     vertex  1.768674e+01  5.512348e+00  3.500000e+00
   endloop
 endfacet
 facet normal  0.000000e+00  0.000000e+00  1.000000e+00
   outer loop
     vertex  1.802597e+01  5.782870e+00  3.500000e+00
     vertex  1.792029e+01  5.745891e+00  3.500000e+00
     vertex  1.782548e+01  5.686322e+00  3.500000e+00
   endloop
 endfacet
 facet normal  0.000000e+00  0.000000e+00  1.000000e+00
   outer loop
     vertex  1.813723e+01  5.795406e+00  3.500000e+00
     vertex  1.802597e+01  5.782870e+00  3.500000e+00
     vertex  1.763723e+01  5.295406e+00  3.500000e+00
   endloop
 endfacet
 facet normal  0.000000e+00  0.000000e+00  1.000000e+00
   outer loop
     vertex  1.813723e+01  5.795406e+00  3.500000e+00
     vertex  1.763723e+01  5.295406e+00  3.500000e+00
     vertex  1.763723e+01  3.732001e+00  3.500000e+00
   endloop
 endfacet
 facet normal  0.000000e+00  0.000000e+00  1.000000e+00
   outer loop
     vertex  2.029525e+01  5.795406e+00  3.500000e+00
     vertex  1.813723e+01  5.795406e+00  3.500000e+00
     vertex  1.763723e+01  3.732001e+00  3.500000e+00
   endloop
 endfacet
 facet normal  0.000000e+00  0.000000e+00  1.000000e+00
   outer loop
     vertex  2.354500e+01  3.732001e+00  3.500000e+00
     vertex  2.029525e+01  5.795406e+00  3.500000e+00
     vertex  1.763723e+01  3.732001e+00  3.500000e+00
   endloop
 endfacet
 facet normal  0.000000e+00  0.000000e+00  1.000000e+00
   outer loop
     vertex  2.354500e+01  3.732001e+00  3.500000e+00
     vertex  2.074573e+01  6.078464e+00  3.500000e+00
     vertex  2.068617e+01  5.983661e+00  3.500000e+00
   endloop
 endfacet
 facet normal  0.000000e+00  0.000000e+00  1.000000e+00
   outer loop
     vertex  2.354500e+01  3.732001e+00  3.500000e+00
     vertex  2.068617e+01  5.983661e+00  3.500000e+00
     vertex  2.060699e+01  5.904490e+00  3.500000e+00
   endloop
 endfacet
 facet normal  0.000000e+00  0.000000e+00  1.000000e+00
   outer loop
     vertex  2.354500e+01  3.732001e+00  3.500000e+00
     vertex  2.060699e+01  5.904490e+00  3.500000e+00
     vertex  2.051219e+01  5.844922e+00  3.500000e+00
   endloop
 endfacet
 facet normal  0.000000e+00  0.000000e+00  1.000000e+00
   outer loop
     vertex  2.354500e+01  3.732001e+00  3.500000e+00
     vertex  2.051219e+01  5.844922e+00  3.500000e+00
     vertex  2.040651e+01  5.807942e+00  3.500000e+00
   endloop
 endfacet
 facet normal  0.000000e+00  0.000000e+00  1.000000e+00
   outer loop
     vertex  2.354500e+01  3.732001e+00  3.500000e+00
     vertex  2.040651e+01  5.807942e+00  3.500000e+00
     vertex  2.029525e+01  5.795406e+00  3.500000e+00
   endloop
 endfacet
 facet normal  0.000000e+00  0.000000e+00  1.000000e+00
   outer loop
     vertex  2.376194e+01  3.781516e+00  3.500000e+00
     vertex  2.354500e+01  3.732001e+00  3.500000e+00
     vertex  2.365626e+01  3.744537e+00  3.500000e+00
   endloop
 endfacet
 facet normal  0.000000e+00  0.000000e+00  1.000000e+00
   outer loop
     vertex  2.393592e+01  3.920256e+00  3.500000e+00
     vertex  2.376194e+01  3.781516e+00  3.500000e+00
     vertex  2.385674e+01  3.841085e+00  3.500000e+00
   endloop
 endfacet
 facet normal  0.000000e+00  0.000000e+00  1.000000e+00
   outer loop
     vertex  2.393592e+01  3.920256e+00  3.500000e+00
     vertex  2.354500e+01  3.732001e+00  3.500000e+00
     vertex  2.376194e+01  3.781516e+00  3.500000e+00
   endloop
 endfacet
 facet normal  0.000000e+00  0.000000e+00  1.000000e+00
   outer loop
     vertex  2.403246e+01  4.120740e+00  3.500000e+00
     vertex  2.393592e+01  3.920256e+00  3.500000e+00
     vertex  2.399548e+01  4.015059e+00  3.500000e+00
   endloop
 endfacet
 facet normal  0.000000e+00  0.000000e+00  1.000000e+00
   outer loop
     vertex  2.403246e+01  4.120740e+00  3.500000e+00
     vertex  2.354500e+01  3.732001e+00  3.500000e+00
     vertex  2.393592e+01  3.920256e+00  3.500000e+00
   endloop
 endfacet
 facet normal  0.000000e+00  0.000000e+00  1.000000e+00
   outer loop
     vertex  2.404500e+01  4.232001e+00  3.500000e+00
     vertex  2.078271e+01  6.184146e+00  3.500000e+00
     vertex  2.074573e+01  6.078464e+00  3.500000e+00
   endloop
 endfacet
 facet normal  0.000000e+00  0.000000e+00  1.000000e+00
   outer loop
     vertex  2.404500e+01  4.232001e+00  3.500000e+00
     vertex  2.074573e+01  6.078464e+00  3.500000e+00
     vertex  2.354500e+01  3.732001e+00  3.500000e+00
   endloop
 endfacet
 facet normal  0.000000e+00  0.000000e+00  1.000000e+00
   outer loop
     vertex  2.404500e+01  4.232001e+00  3.500000e+00
     vertex  2.354500e+01  3.732001e+00  3.500000e+00
     vertex  2.403246e+01  4.120740e+00  3.500000e+00
   endloop
 endfacet
 facet normal  0.000000e+00  0.000000e+00  1.000000e+00
   outer loop
     vertex  2.179525e+01  7.792522e+00  3.500000e+00
     vertex  2.079525e+01  6.295406e+00  3.500000e+00
     vertex  2.078271e+01  6.184146e+00  3.500000e+00
   endloop
 endfacet
 facet normal  0.000000e+00  0.000000e+00  1.000000e+00
   outer loop
     vertex  2.179525e+01  7.792522e+00  3.500000e+00
     vertex  2.078271e+01  6.184146e+00  3.500000e+00
     vertex  2.404500e+01  4.232001e+00  3.500000e+00
   endloop
 endfacet
 facet normal  0.000000e+00  0.000000e+00  1.000000e+00
   outer loop
     vertex  2.404500e+01  7.792522e+00  3.500000e+00
     vertex  2.179525e+01  7.792522e+00  3.500000e+00
     vertex  2.404500e+01  4.232001e+00  3.500000e+00
   endloop
 endfacet
 facet normal  0.000000e+00  0.000000e+00  1.000000e+00
   outer loop
     vertex  4.694751e+00  3.218368e+01  3.500000e+00
     vertex  1.445000e+00  1.465341e+01  3.500000e+00
     vertex  3.694751e+00  1.465341e+01  3.500000e+00
   endloop
 endfacet
 facet normal  0.000000e+00  0.000000e+00  1.000000e+00
   outer loop
     vertex  2.079525e+01  3.218368e+01  3.500000e+00
     vertex  2.179525e+01  1.465341e+01  3.500000e+00
     vertex  2.404500e+01  1.465341e+01  3.500000e+00
   endloop
 endfacet
 facet normal  0.000000e+00  0.000000e+00  1.000000e+00
   outer loop
     vertex  1.445000e+00  5.683200e+01  3.500000e+00
     vertex  4.694751e+00  3.218368e+01  3.500000e+00
     vertex  4.707287e+00  3.229494e+01  3.500000e+00
   endloop
 endfacet
 facet normal  0.000000e+00  0.000000e+00  1.000000e+00
   outer loop
     vertex  1.445000e+00  5.683200e+01  3.500000e+00
     vertex  4.707287e+00  3.229494e+01  3.500000e+00
     vertex  4.744266e+00  3.240062e+01  3.500000e+00
   endloop
 endfacet
 facet normal  0.000000e+00  0.000000e+00  1.000000e+00
   outer loop
     vertex  1.445000e+00  5.683200e+01  3.500000e+00
     vertex  4.744266e+00  3.240062e+01  3.500000e+00
     vertex  4.803835e+00  3.249542e+01  3.500000e+00
   endloop
 endfacet
 facet normal  0.000000e+00  0.000000e+00  1.000000e+00
   outer loop
     vertex  1.445000e+00  5.683200e+01  3.500000e+00
     vertex  4.803835e+00  3.249542e+01  3.500000e+00
     vertex  4.883006e+00  3.257459e+01  3.500000e+00
   endloop
 endfacet
 facet normal  0.000000e+00  0.000000e+00  1.000000e+00
   outer loop
     vertex  1.445000e+00  5.683200e+01  3.500000e+00
     vertex  4.883006e+00  3.257459e+01  3.500000e+00
     vertex  4.977809e+00  3.263416e+01  3.500000e+00
   endloop
 endfacet
 facet normal  0.000000e+00  0.000000e+00  1.000000e+00
   outer loop
     vertex  1.445000e+00  5.683200e+01  3.500000e+00
     vertex  4.977809e+00  3.263416e+01  3.500000e+00
     vertex  5.083490e+00  3.267114e+01  3.500000e+00
   endloop
 endfacet
 facet normal  0.000000e+00  0.000000e+00  1.000000e+00
   outer loop
     vertex  1.445000e+00  5.683200e+01  3.500000e+00
     vertex  5.083490e+00  3.267114e+01  3.500000e+00
     vertex  5.194751e+00  3.268368e+01  3.500000e+00
   endloop
 endfacet
 facet normal  0.000000e+00  0.000000e+00  1.000000e+00
   outer loop
     vertex  1.494516e+00  5.704894e+01  3.500000e+00
     vertex  1.457536e+00  5.694326e+01  3.500000e+00
     vertex  1.445000e+00  5.683200e+01  3.500000e+00
   endloop
 endfacet
 facet normal  0.000000e+00  0.000000e+00  1.000000e+00
   outer loop
     vertex  1.633255e+00  5.722292e+01  3.500000e+00
     vertex  1.554084e+00  5.714375e+01  3.500000e+00
     vertex  1.494516e+00  5.704894e+01  3.500000e+00
   endloop
 endfacet
 facet normal  0.000000e+00  0.000000e+00  1.000000e+00
   outer loop
     vertex  1.833740e+00  5.731946e+01  3.500000e+00
     vertex  1.728058e+00  5.728249e+01  3.500000e+00
     vertex  1.633255e+00  5.722292e+01  3.500000e+00
   endloop
 endfacet
 facet normal  0.000000e+00  0.000000e+00  1.000000e+00
   outer loop
     vertex  1.833740e+00  5.731946e+01  3.500000e+00
     vertex  1.494516e+00  5.704894e+01  3.500000e+00
     vertex  1.445000e+00  5.683200e+01  3.500000e+00
   endloop
 endfacet
 facet normal  0.000000e+00  0.000000e+00  1.000000e+00
   outer loop
     vertex  1.833740e+00  5.731946e+01  3.500000e+00
     vertex  1.633255e+00  5.722292e+01  3.500000e+00
     vertex  1.494516e+00  5.704894e+01  3.500000e+00
   endloop
 endfacet
 facet normal  0.000000e+00  0.000000e+00  1.000000e+00
   outer loop
     vertex  1.945000e+00  5.733200e+01  3.500000e+00
     vertex  1.445000e+00  5.683200e+01  3.500000e+00
     vertex  5.194751e+00  3.268368e+01  3.500000e+00
   endloop
 endfacet
 facet normal  0.000000e+00  0.000000e+00  1.000000e+00
   outer loop
     vertex  1.945000e+00  5.733200e+01  3.500000e+00
     vertex  1.833740e+00  5.731946e+01  3.500000e+00
     vertex  1.445000e+00  5.683200e+01  3.500000e+00
   endloop
 endfacet
 facet normal  0.000000e+00  0.000000e+00  1.000000e+00
   outer loop
     vertex  2.354500e+01  5.733200e+01  3.500000e+00
     vertex  5.194751e+00  3.268368e+01  3.500000e+00
     vertex  2.029525e+01  3.268368e+01  3.500000e+00
   endloop
 endfacet
 facet normal  0.000000e+00  0.000000e+00  1.000000e+00
   outer loop
     vertex  2.354500e+01  5.733200e+01  3.500000e+00
     vertex  1.945000e+00  5.733200e+01  3.500000e+00
     vertex  5.194751e+00  3.268368e+01  3.500000e+00
   endloop
 endfacet
 facet normal  0.000000e+00  0.000000e+00  1.000000e+00
   outer loop
     vertex  2.404500e+01  5.683200e+01  3.500000e+00
     vertex  2.029525e+01  3.268368e+01  3.500000e+00
     vertex  2.040651e+01  3.267114e+01  3.500000e+00
   endloop
 endfacet
 facet normal  0.000000e+00  0.000000e+00  1.000000e+00
   outer loop
     vertex  2.404500e+01  5.683200e+01  3.500000e+00
     vertex  2.040651e+01  3.267114e+01  3.500000e+00
     vertex  2.051219e+01  3.263416e+01  3.500000e+00
   endloop
 endfacet
 facet normal  0.000000e+00  0.000000e+00  1.000000e+00
   outer loop
     vertex  2.404500e+01  5.683200e+01  3.500000e+00
     vertex  2.051219e+01  3.263416e+01  3.500000e+00
     vertex  2.060699e+01  3.257459e+01  3.500000e+00
   endloop
 endfacet
 facet normal  0.000000e+00  0.000000e+00  1.000000e+00
   outer loop
     vertex  2.404500e+01  5.683200e+01  3.500000e+00
     vertex  2.060699e+01  3.257459e+01  3.500000e+00
     vertex  2.068617e+01  3.249542e+01  3.500000e+00
   endloop
 endfacet
 facet normal  0.000000e+00  0.000000e+00  1.000000e+00
   outer loop
     vertex  2.404500e+01  5.683200e+01  3.500000e+00
     vertex  2.068617e+01  3.249542e+01  3.500000e+00
     vertex  2.074573e+01  3.240062e+01  3.500000e+00
   endloop
 endfacet
 facet normal  0.000000e+00  0.000000e+00  1.000000e+00
   outer loop
     vertex  2.404500e+01  5.683200e+01  3.500000e+00
     vertex  2.354500e+01  5.733200e+01  3.500000e+00
     vertex  2.029525e+01  3.268368e+01  3.500000e+00
   endloop
 endfacet
 facet normal  0.000000e+00  0.000000e+00  1.000000e+00
   outer loop
     vertex  2.404500e+01  5.683200e+01  3.500000e+00
     vertex  2.074573e+01  3.240062e+01  3.500000e+00
     vertex  2.078271e+01  3.229494e+01  3.500000e+00
   endloop
 endfacet
 facet normal  0.000000e+00  0.000000e+00  1.000000e+00
   outer loop
     vertex  2.404500e+01  5.683200e+01  3.500000e+00
     vertex  2.078271e+01  3.229494e+01  3.500000e+00
     vertex  2.079525e+01  3.218368e+01  3.500000e+00
   endloop
 endfacet
 facet normal  0.000000e+00  0.000000e+00  1.000000e+00
   outer loop
     vertex  2.365626e+01  5.731946e+01  3.500000e+00
     vertex  2.354500e+01  5.733200e+01  3.500000e+00
     vertex  2.404500e+01  5.683200e+01  3.500000e+00
   endloop
 endfacet
 facet normal  0.000000e+00  0.000000e+00  1.000000e+00
   outer loop
     vertex  2.393592e+01  5.714375e+01  3.500000e+00
     vertex  2.404500e+01  5.683200e+01  3.500000e+00
     vertex  2.403246e+01  5.694326e+01  3.500000e+00
   endloop
 endfacet
 facet normal  0.000000e+00  0.000000e+00  1.000000e+00
   outer loop
     vertex  2.393592e+01  5.714375e+01  3.500000e+00
     vertex  2.403246e+01  5.694326e+01  3.500000e+00
     vertex  2.399548e+01  5.704894e+01  3.500000e+00
   endloop
 endfacet
 facet normal  0.000000e+00  0.000000e+00  1.000000e+00
   outer loop
     vertex  2.385674e+01  5.722292e+01  3.500000e+00
     vertex  2.376194e+01  5.728249e+01  3.500000e+00
     vertex  2.365626e+01  5.731946e+01  3.500000e+00
   endloop
 endfacet
 facet normal  0.000000e+00  0.000000e+00  1.000000e+00
   outer loop
     vertex  2.385674e+01  5.722292e+01  3.500000e+00
     vertex  2.365626e+01  5.731946e+01  3.500000e+00
     vertex  2.404500e+01  5.683200e+01  3.500000e+00
   endloop
 endfacet
 facet normal  0.000000e+00  0.000000e+00  1.000000e+00
   outer loop
     vertex  2.385674e+01  5.722292e+01  3.500000e+00
     vertex  2.404500e+01  5.683200e+01  3.500000e+00
     vertex  2.393592e+01  5.714375e+01  3.500000e+00
   endloop
 endfacet
 facet normal  0.000000e+00 -0.000000e+00  1.000000e+00
   outer loop
     vertex  2.404500e+01  1.465341e+01  3.500000e+00
     vertex  2.404500e+01  5.683200e+01  3.500000e+00
     vertex  2.079525e+01  3.218368e+01  3.500000e+00
   endloop
 endfacet
 facet normal  0.000000e+00  0.000000e+00  1.000000e+00
   outer loop
     vertex  1.445000e+00  5.683200e+01  3.500000e+00
     vertex  1.445000e+00  1.465341e+01  3.500000e+00
     vertex  4.694751e+00  3.218368e+01  3.500000e+00
   endloop
 endfacet
 facet normal  0.000000e+00  0.000000e+00  1.000000e+00
   outer loop
     vertex  3.694751e+00  1.465341e+01  3.500000e+00
     vertex  3.694751e+00  5.401267e+00  3.500000e+00
     vertex  4.694751e+00  6.295406e+00  3.500000e+00
   endloop
 endfacet
 facet normal  0.000000e+00 -0.000000e+00  1.000000e+00
   outer loop
     vertex  4.694751e+00  6.295406e+00  3.500000e+00
     vertex  4.694751e+00  3.218368e+01  3.500000e+00
     vertex  3.694751e+00  1.465341e+01  3.500000e+00
   endloop
 endfacet
 facet normal  0.000000e+00  0.000000e+00  1.000000e+00
   outer loop
     vertex  2.079525e+01  3.218368e+01  3.500000e+00
     vertex  2.079525e+01  6.295406e+00  3.500000e+00
     vertex  2.179525e+01  7.792522e+00  3.500000e+00
   endloop
 endfacet
 facet normal  0.000000e+00  0.000000e+00  1.000000e+00
   outer loop
     vertex  2.079525e+01  3.218368e+01  3.500000e+00
     vertex  2.179525e+01  7.792522e+00  3.500000e+00
     vertex  2.179525e+01  1.465341e+01  3.500000e+00
   endloop
 endfacet
 facet normal  0.000000e+00 -1.000000e+00  0.000000e+00
   outer loop
     vertex  2.179525e+01  1.465341e+01  3.500000e+00
     vertex  2.404500e+01  1.465341e+01  1.500000e+00
     vertex  2.404500e+01  1.465341e+01  3.500000e+00
   endloop
 endfacet
 facet normal  0.000000e+00 -1.000000e+00  0.000000e+00
   outer loop
     vertex  2.179525e+01  1.465341e+01  3.500000e+00
     vertex  2.179525e+01  1.465341e+01  1.500000e+00
     vertex  2.404500e+01  1.465341e+01  1.500000e+00
   endloop
 endfacet
 facet normal -1.000000e+00  0.000000e+00  0.000000e+00
   outer loop
     vertex  2.404500e+01  7.792522e+00  3.500000e+00
     vertex  2.404500e+01  4.232001e+00  3.500000e+00
     vertex  2.404500e+01  4.232001e+00  4.500000e+00
   endloop
 endfacet
 facet normal -1.000000e+00 -0.000000e+00  0.000000e+00
   outer loop
     vertex  2.404500e+01  1.465341e+01  3.500000e+00
     vertex  2.404500e+01  7.792522e+00  1.500000e+00
     vertex  2.404500e+01  7.792522e+00  3.500000e+00
   endloop
 endfacet
 facet normal -1.000000e+00  0.000000e+00 -0.000000e+00
   outer loop
     vertex  2.404500e+01  1.465341e+01  3.500000e+00
     vertex  2.404500e+01  1.465341e+01  1.500000e+00
     vertex  2.404500e+01  7.792522e+00  1.500000e+00
   endloop
 endfacet
 facet normal -1.000000e+00  0.000000e+00  0.000000e+00
   outer loop
     vertex  2.404500e+01  1.465341e+01  3.500000e+00
     vertex  2.404500e+01  7.792522e+00  3.500000e+00
     vertex  2.404500e+01  4.232001e+00  4.500000e+00
   endloop
 endfacet
 facet normal -1.000000e+00  0.000000e+00 -0.000000e+00
   outer loop
     vertex  2.404500e+01  5.683200e+01  4.500000e+00
     vertex  2.404500e+01  5.683200e+01  3.500000e+00
     vertex  2.404500e+01  1.465341e+01  3.500000e+00
   endloop
 endfacet
 facet normal -1.000000e+00 -0.000000e+00  0.000000e+00
   outer loop
     vertex  2.404500e+01  5.683200e+01  4.500000e+00
     vertex  2.404500e+01  1.465341e+01  3.500000e+00
     vertex  2.404500e+01  4.232001e+00  4.500000e+00
   endloop
 endfacet
 facet normal  0.000000e+00  1.000000e+00  0.000000e+00
   outer loop
     vertex  2.404500e+01  7.792522e+00  3.500000e+00
     vertex  2.179525e+01  7.792522e+00  1.500000e+00
     vertex  2.179525e+01  7.792522e+00  3.500000e+00
   endloop
 endfacet
 facet normal  0.000000e+00  1.000000e+00  0.000000e+00
   outer loop
     vertex  2.404500e+01  7.792522e+00  3.500000e+00
     vertex  2.404500e+01  7.792522e+00  1.500000e+00
     vertex  2.179525e+01  7.792522e+00  1.500000e+00
   endloop
 endfacet
 facet normal  1.000000e+00 -0.000000e+00  0.000000e+00
   outer loop
     vertex  2.179525e+01  7.792522e+00  3.500000e+00
     vertex  2.179525e+01  1.465341e+01  1.500000e+00
     vertex  2.179525e+01  1.465341e+01  3.500000e+00
   endloop
 endfacet
 facet normal  1.000000e+00  0.000000e+00  0.000000e+00
   outer loop
     vertex  2.179525e+01  7.792522e+00  3.500000e+00
     vertex  2.179525e+01  7.792522e+00  1.500000e+00
     vertex  2.179525e+01  1.465341e+01  1.500000e+00
   endloop
 endfacet
 facet normal  0.000000e+00  0.000000e+00  1.000000e+00
   outer loop
     vertex  2.404500e+01  1.465341e+01  1.500000e+00
     vertex  2.179525e+01  1.465341e+01  1.500000e+00
     vertex  2.179525e+01  7.792522e+00  1.500000e+00
   endloop
 endfacet
 facet normal  0.000000e+00  0.000000e+00  1.000000e+00
   outer loop
     vertex  2.404500e+01  1.465341e+01  1.500000e+00
     vertex  2.179525e+01  7.792522e+00  1.500000e+00
     vertex  2.404500e+01  7.792522e+00  1.500000e+00
   endloop
 endfacet
 facet normal  0.000000e+00  0.000000e+00  1.000000e+00
   outer loop
     vertex  3.694751e+00  1.465341e+01  1.500000e+00
     vertex  1.445000e+00  5.401267e+00  1.500000e+00
     vertex  3.694751e+00  5.401267e+00  1.500000e+00
   endloop
 endfacet
 facet normal  0.000000e+00  0.000000e+00  1.000000e+00
   outer loop
     vertex  3.694751e+00  1.465341e+01  1.500000e+00
     vertex  1.445000e+00  1.465341e+01  1.500000e+00
     vertex  1.445000e+00  5.401267e+00  1.500000e+00
   endloop
 endfacet
 facet normal  1.000000e+00  0.000000e+00  0.000000e+00
   outer loop
     vertex  1.445000e+00  1.465341e+01  3.500000e+00
     vertex  1.445000e+00  5.683200e+01  3.500000e+00
     vertex  1.445000e+00  5.683200e+01  4.500000e+00
   endloop
 endfacet
 facet normal  1.000000e+00 -0.000000e+00  0.000000e+00
   outer loop
     vertex  1.445000e+00  4.232001e+00  4.500000e+00
     vertex  1.445000e+00  1.465341e+01  3.500000e+00
     vertex  1.445000e+00  5.683200e+01  4.500000e+00
   endloop
 endfacet
 facet normal  1.000000e+00  0.000000e+00  0.000000e+00
   outer loop
     vertex  1.445000e+00  4.232001e+00  4.500000e+00
     vertex  1.445000e+00  5.401267e+00  3.500000e+00
     vertex  1.445000e+00  1.465341e+01  3.500000e+00
   endloop
 endfacet
 facet normal  1.000000e+00  0.000000e+00  0.000000e+00
   outer loop
     vertex  1.445000e+00  4.232001e+00  3.500000e+00
     vertex  1.445000e+00  5.401267e+00  3.500000e+00
     vertex  1.445000e+00  4.232001e+00  4.500000e+00
   endloop
 endfacet
 facet normal  1.000000e+00  0.000000e+00  0.000000e+00
   outer loop
     vertex  1.445000e+00  5.401267e+00  1.500000e+00
     vertex  1.445000e+00  1.465341e+01  1.500000e+00
     vertex  1.445000e+00  1.465341e+01  3.500000e+00
   endloop
 endfacet
 facet normal  1.000000e+00  0.000000e+00  0.000000e+00
   outer loop
     vertex  1.445000e+00  5.401267e+00  1.500000e+00
     vertex  1.445000e+00  1.465341e+01  3.500000e+00
     vertex  1.445000e+00  5.401267e+00  3.500000e+00
   endloop
 endfacet
 facet normal  0.000000e+00 -1.000000e+00  0.000000e+00
   outer loop
     vertex  1.445000e+00  1.465341e+01  3.500000e+00
     vertex  3.694751e+00  1.465341e+01  1.500000e+00
     vertex  3.694751e+00  1.465341e+01  3.500000e+00
   endloop
 endfacet
 facet normal  0.000000e+00 -1.000000e+00  0.000000e+00
   outer loop
     vertex  1.445000e+00  1.465341e+01  3.500000e+00
     vertex  1.445000e+00  1.465341e+01  1.500000e+00
     vertex  3.694751e+00  1.465341e+01  1.500000e+00
   endloop
 endfacet
 facet normal -1.000000e+00 -0.000000e+00  0.000000e+00
   outer loop
     vertex  3.694751e+00  1.465341e+01  3.500000e+00
     vertex  3.694751e+00  5.401267e+00  1.500000e+00
     vertex  3.694751e+00  5.401267e+00  3.500000e+00
   endloop
 endfacet
 facet normal -1.000000e+00  0.000000e+00 -0.000000e+00
   outer loop
     vertex  3.694751e+00  1.465341e+01  3.500000e+00
     vertex  3.694751e+00  1.465341e+01  1.500000e+00
     vertex  3.694751e+00  5.401267e+00  1.500000e+00
   endloop
 endfacet
 facet normal  0.000000e+00  1.000000e+00  0.000000e+00
   outer loop
     vertex  3.694751e+00  5.401267e+00  3.500000e+00
     vertex  1.445000e+00  5.401267e+00  1.500000e+00
     vertex  1.445000e+00  5.401267e+00  3.500000e+00
   endloop
 endfacet
 facet normal  0.000000e+00  1.000000e+00  0.000000e+00
   outer loop
     vertex  3.694751e+00  5.401267e+00  3.500000e+00
     vertex  3.694751e+00  5.401267e+00  1.500000e+00
     vertex  1.445000e+00  5.401267e+00  1.500000e+00
   endloop
 endfacet
 facet normal  1.119645e-01  9.937122e-01  0.000000e+00
   outer loop
     vertex  1.833740e+00  3.744537e+00  3.500000e+00
     vertex  1.945000e+00  3.732001e+00  4.500000e+00
     vertex  1.945000e+00  3.732001e+00  3.500000e+00
   endloop
 endfacet
 facet normal  1.119645e-01  9.937122e-01 -0.000000e+00
   outer loop
     vertex  1.833740e+00  3.744537e+00  3.500000e+00
     vertex  1.833740e+00  3.744537e+00  4.500000e+00
     vertex  1.945000e+00  3.732001e+00  4.500000e+00
   endloop
 endfacet
 facet normal  3.302791e-01  9.438833e-01 -0.000000e+00
   outer loop
     vertex  1.728058e+00  3.781516e+00  3.500000e+00
     vertex  1.728058e+00  3.781516e+00  4.500000e+00
     vertex  1.833740e+00  3.744537e+00  4.500000e+00
   endloop
 endfacet
 facet normal  3.302791e-01  9.438833e-01  0.000000e+00
   outer loop
     vertex  1.728058e+00  3.781516e+00  3.500000e+00
     vertex  1.833740e+00  3.744537e+00  4.500000e+00
     vertex  1.833740e+00  3.744537e+00  3.500000e+00
   endloop
 endfacet
 facet normal  5.320321e-01  8.467242e-01 -1.181349e-16
   outer loop
     vertex  1.633255e+00  3.841085e+00  3.500000e+00
     vertex  1.633255e+00  3.841085e+00  4.500000e+00
     vertex  1.728058e+00  3.781516e+00  4.500000e+00
   endloop
 endfacet
 facet normal  5.320321e-01  8.467242e-01  0.000000e+00
   outer loop
     vertex  1.633255e+00  3.841085e+00  3.500000e+00
     vertex  1.728058e+00  3.781516e+00  4.500000e+00
     vertex  1.728058e+00  3.781516e+00  3.500000e+00
   endloop
 endfacet
 facet normal  7.071068e-01  7.071068e-01 -0.000000e+00
   outer loop
     vertex  1.554084e+00  3.920256e+00  3.500000e+00
     vertex  1.554084e+00  3.920256e+00  4.500000e+00
     vertex  1.633255e+00  3.841085e+00  4.500000e+00
   endloop
 endfacet
 facet normal  7.071068e-01  7.071068e-01 -1.549352e-16
   outer loop
     vertex  1.554084e+00  3.920256e+00  3.500000e+00
     vertex  1.633255e+00  3.841085e+00  4.500000e+00
     vertex  1.633255e+00  3.841085e+00  3.500000e+00
   endloop
 endfacet
 facet normal  8.467242e-01  5.320321e-01 -0.000000e+00
   outer loop
     vertex  1.494516e+00  4.015059e+00  3.500000e+00
     vertex  1.494516e+00  4.015059e+00  4.500000e+00
     vertex  1.554084e+00  3.920256e+00  4.500000e+00
   endloop
 endfacet
 facet normal  8.467242e-01  5.320321e-01  0.000000e+00
   outer loop
     vertex  1.494516e+00  4.015059e+00  3.500000e+00
     vertex  1.554084e+00  3.920256e+00  4.500000e+00
     vertex  1.554084e+00  3.920256e+00  3.500000e+00
   endloop
 endfacet
 facet normal  9.438833e-01  3.302791e-01 -0.000000e+00
   outer loop
     vertex  1.457536e+00  4.120740e+00  3.500000e+00
     vertex  1.457536e+00  4.120740e+00  4.500000e+00
     vertex  1.494516e+00  4.015059e+00  4.500000e+00
   endloop
 endfacet
 facet normal  9.438833e-01  3.302791e-01  0.000000e+00
   outer loop
     vertex  1.457536e+00  4.120740e+00  3.500000e+00
     vertex  1.494516e+00  4.015059e+00  4.500000e+00
     vertex  1.494516e+00  4.015059e+00  3.500000e+00
   endloop
 endfacet
 facet normal  9.937122e-01  1.119645e-01 -0.000000e+00
   outer loop
     vertex  1.445000e+00  4.232001e+00  3.500000e+00
     vertex  1.445000e+00  4.232001e+00  4.500000e+00
     vertex  1.457536e+00  4.120740e+00  4.500000e+00
   endloop
 endfacet
 facet normal  9.937122e-01  1.119645e-01  0.000000e+00
   outer loop
     vertex  1.445000e+00  4.232001e+00  3.500000e+00
     vertex  1.457536e+00  4.120740e+00  4.500000e+00
     vertex  1.457536e+00  4.120740e+00  3.500000e+00
   endloop
 endfacet
 facet normal  0.000000e+00  1.000000e+00 -0.000000e+00
   outer loop
     vertex  7.857228e+00  3.732001e+00  3.500000e+00
     vertex  1.945000e+00  3.732001e+00  4.500000e+00
     vertex  7.857228e+00  3.732001e+00  4.500000e+00
   endloop
 endfacet
 facet normal  0.000000e+00  1.000000e+00  0.000000e+00
   outer loop
     vertex  7.857228e+00  3.732001e+00  3.500000e+00
     vertex  1.945000e+00  3.732001e+00  3.500000e+00
     vertex  1.945000e+00  3.732001e+00  4.500000e+00
   endloop
 endfacet
 facet normal  1.000000e+00  0.000000e+00 -0.000000e+00
   outer loop
     vertex  7.857228e+00  5.295406e+00  1.000000e+00
     vertex  7.857228e+00  5.295406e+00  3.500000e+00
     vertex  7.857228e+00  3.732001e+00  3.500000e+00
   endloop
 endfacet
 facet normal  1.000000e+00 -0.000000e+00  0.000000e+00
   outer loop
     vertex  7.857228e+00  0.000000e+00  4.500000e+00
     vertex  7.857228e+00  3.732001e+00  3.500000e+00
     vertex  7.857228e+00  3.732001e+00  4.500000e+00
   endloop
 endfacet
 facet normal  1.000000e+00  0.000000e+00  0.000000e+00
   outer loop
     vertex  7.857228e+00  0.000000e+00  1.000000e+00
     vertex  7.857228e+00  5.295406e+00  1.000000e+00
     vertex  7.857228e+00  3.732001e+00  3.500000e+00
   endloop
 endfacet
 facet normal  1.000000e+00  0.000000e+00  0.000000e+00
   outer loop
     vertex  7.857228e+00  0.000000e+00  1.000000e+00
     vertex  7.857228e+00  3.732001e+00  3.500000e+00
     vertex  7.857228e+00  0.000000e+00  4.500000e+00
   endloop
 endfacet
 facet normal  1.119645e-01  9.937122e-01  0.000000e+00
   outer loop
     vertex  7.468489e+00  5.782870e+00  1.000000e+00
     vertex  7.357228e+00  5.795406e+00  1.000000e+00
     vertex  7.357228e+00  5.795406e+00  3.500000e+00
   endloop
 endfacet
 facet normal  3.302791e-01  9.438833e-01  1.173387e-16
   outer loop
     vertex  7.468489e+00  5.782870e+00  1.000000e+00
     vertex  7.468489e+00  5.782870e+00  3.500000e+00
     vertex  7.574170e+00  5.745891e+00  3.500000e+00
   endloop
 endfacet
 facet normal  1.119645e-01  9.937122e-01  3.977777e-17
   outer loop
     vertex  7.468489e+00  5.782870e+00  1.000000e+00
     vertex  7.357228e+00  5.795406e+00  3.500000e+00
     vertex  7.468489e+00  5.782870e+00  3.500000e+00
   endloop
 endfacet
 facet normal  5.320321e-01  8.467242e-01  7.721466e-17
   outer loop
     vertex  7.574170e+00  5.745891e+00  1.000000e+00
     vertex  7.574170e+00  5.745891e+00  3.500000e+00
     vertex  7.668973e+00  5.686322e+00  3.500000e+00
   endloop
 endfacet
 facet normal  3.302791e-01  9.438833e-01 -1.006573e-16
   outer loop
     vertex  7.574170e+00  5.745891e+00  1.000000e+00
     vertex  7.468489e+00  5.782870e+00  1.000000e+00
     vertex  7.574170e+00  5.745891e+00  3.500000e+00
   endloop
 endfacet
 facet normal  7.071068e-01  7.071068e-01  2.512148e-16
   outer loop
     vertex  7.668973e+00  5.686322e+00  1.000000e+00
     vertex  7.668973e+00  5.686322e+00  3.500000e+00
     vertex  7.748144e+00  5.607151e+00  3.500000e+00
   endloop
 endfacet
 facet normal  5.320321e-01  8.467242e-01  7.721466e-17
   outer loop
     vertex  7.668973e+00  5.686322e+00  1.000000e+00
     vertex  7.574170e+00  5.745891e+00  1.000000e+00
     vertex  7.668973e+00  5.686322e+00  3.500000e+00
   endloop
 endfacet
 facet normal  8.467242e-01  5.320321e-01  3.458644e-17
   outer loop
     vertex  7.748144e+00  5.607151e+00  1.000000e+00
     vertex  7.748144e+00  5.607151e+00  3.500000e+00
     vertex  7.807713e+00  5.512348e+00  3.500000e+00
   endloop
 endfacet
 facet normal  7.071068e-01  7.071068e-01 -2.512148e-16
   outer loop
     vertex  7.748144e+00  5.607151e+00  1.000000e+00
     vertex  7.668973e+00  5.686322e+00  1.000000e+00
     vertex  7.748144e+00  5.607151e+00  3.500000e+00
   endloop
 endfacet
 facet normal  9.438833e-01  3.302791e-01  2.013147e-16
   outer loop
     vertex  7.807713e+00  5.512348e+00  1.000000e+00
     vertex  7.807713e+00  5.512348e+00  3.500000e+00
     vertex  7.844692e+00  5.406667e+00  3.500000e+00
   endloop
 endfacet
 facet normal  8.467242e-01  5.320321e-01 -1.544293e-16
   outer loop
     vertex  7.807713e+00  5.512348e+00  1.000000e+00
     vertex  7.748144e+00  5.607151e+00  1.000000e+00
     vertex  7.807713e+00  5.512348e+00  3.500000e+00
   endloop
 endfacet
 facet normal  9.937122e-01  1.119645e-01  5.071861e-16
   outer loop
     vertex  7.844692e+00  5.406667e+00  1.000000e+00
     vertex  7.844692e+00  5.406667e+00  3.500000e+00
     vertex  7.857228e+00  5.295406e+00  3.500000e+00
   endloop
 endfacet
 facet normal  9.438833e-01  3.302791e-01  8.397597e-17
   outer loop
     vertex  7.844692e+00  5.406667e+00  1.000000e+00
     vertex  7.807713e+00  5.512348e+00  1.000000e+00
     vertex  7.844692e+00  5.406667e+00  3.500000e+00
   endloop
 endfacet
 facet normal  9.937122e-01  1.119645e-01 -0.000000e+00
   outer loop
     vertex  7.857228e+00  5.295406e+00  1.000000e+00
     vertex  7.844692e+00  5.406667e+00  1.000000e+00
     vertex  7.857228e+00  5.295406e+00  3.500000e+00
   endloop
 endfacet
 facet normal  0.000000e+00  1.000000e+00  0.000000e+00
   outer loop
     vertex  7.357228e+00  5.795406e+00  1.000000e+00
     vertex  5.194751e+00  5.795406e+00  1.000000e+00
     vertex  5.194751e+00  5.795406e+00  3.500000e+00
   endloop
 endfacet
 facet normal  0.000000e+00  1.000000e+00 -0.000000e+00
   outer loop
     vertex  7.357228e+00  5.795406e+00  1.000000e+00
     vertex  5.194751e+00  5.795406e+00  3.500000e+00
     vertex  7.357228e+00  5.795406e+00  3.500000e+00
   endloop
 endfacet
 facet normal  1.119645e-01  9.937122e-01  0.000000e+00
   outer loop
     vertex  5.083490e+00  5.807942e+00  1.000000e+00
     vertex  5.194751e+00  5.795406e+00  3.500000e+00
     vertex  5.194751e+00  5.795406e+00  1.000000e+00
   endloop
 endfacet
 facet normal  1.119645e-01  9.937122e-01 -0.000000e+00
   outer loop
     vertex  5.083490e+00  5.807942e+00  1.000000e+00
     vertex  5.083490e+00  5.807942e+00  3.500000e+00
     vertex  5.194751e+00  5.795406e+00  3.500000e+00
   endloop
 endfacet
 facet normal  3.302791e-01  9.438833e-01 -0.000000e+00
   outer loop
     vertex  4.977809e+00  5.844922e+00  1.000000e+00
     vertex  4.977809e+00  5.844922e+00  3.500000e+00
     vertex  5.083490e+00  5.807942e+00  3.500000e+00
   endloop
 endfacet
 facet normal  5.320321e-01  8.467242e-01 -0.000000e+00
   outer loop
     vertex  4.977809e+00  5.844922e+00  1.000000e+00
     vertex  4.883006e+00  5.904490e+00  3.500000e+00
     vertex  4.977809e+00  5.844922e+00  3.500000e+00
   endloop
 endfacet
 facet normal  3.302791e-01  9.438833e-01  0.000000e+00
   outer loop
     vertex  4.977809e+00  5.844922e+00  1.000000e+00
     vertex  5.083490e+00  5.807942e+00  3.500000e+00
     vertex  5.083490e+00  5.807942e+00  1.000000e+00
   endloop
 endfacet
 facet normal  5.320321e-01  8.467242e-01 -0.000000e+00
   outer loop
     vertex  4.883006e+00  5.904490e+00  1.000000e+00
     vertex  4.883006e+00  5.904490e+00  3.500000e+00
     vertex  4.977809e+00  5.844922e+00  1.000000e+00
   endloop
 endfacet
 facet normal  7.071068e-01  7.071068e-01 -0.000000e+00
   outer loop
     vertex  4.803835e+00  5.983661e+00  1.000000e+00
     vertex  4.803835e+00  5.983661e+00  3.500000e+00
     vertex  4.883006e+00  5.904490e+00  3.500000e+00
   endloop
 endfacet
 facet normal  7.071068e-01  7.071068e-01  0.000000e+00
   outer loop
     vertex  4.803835e+00  5.983661e+00  1.000000e+00
     vertex  4.883006e+00  5.904490e+00  3.500000e+00
     vertex  4.883006e+00  5.904490e+00  1.000000e+00
   endloop
 endfacet
 facet normal  8.467242e-01  5.320321e-01 -0.000000e+00
   outer loop
     vertex  4.744266e+00  6.078464e+00  1.000000e+00
     vertex  4.744266e+00  6.078464e+00  3.500000e+00
     vertex  4.803835e+00  5.983661e+00  3.500000e+00
   endloop
 endfacet
 facet normal  8.467242e-01  5.320321e-01  0.000000e+00
   outer loop
     vertex  4.744266e+00  6.078464e+00  1.000000e+00
     vertex  4.803835e+00  5.983661e+00  3.500000e+00
     vertex  4.803835e+00  5.983661e+00  1.000000e+00
   endloop
 endfacet
 facet normal  9.438833e-01  3.302791e-01 -0.000000e+00
   outer loop
     vertex  4.707287e+00  6.184146e+00  1.000000e+00
     vertex  4.707287e+00  6.184146e+00  3.500000e+00
     vertex  4.744266e+00  6.078464e+00  3.500000e+00
   endloop
 endfacet
 facet normal  9.438833e-01  3.302791e-01  0.000000e+00
   outer loop
     vertex  4.707287e+00  6.184146e+00  1.000000e+00
     vertex  4.744266e+00  6.078464e+00  3.500000e+00
     vertex  4.744266e+00  6.078464e+00  1.000000e+00
   endloop
 endfacet
 facet normal  9.937122e-01  1.119645e-01 -0.000000e+00
   outer loop
     vertex  4.694751e+00  6.295406e+00  1.000000e+00
     vertex  4.694751e+00  6.295406e+00  3.500000e+00
     vertex  4.707287e+00  6.184146e+00  3.500000e+00
   endloop
 endfacet
 facet normal  9.937122e-01  1.119645e-01  0.000000e+00
   outer loop
     vertex  4.694751e+00  6.295406e+00  1.000000e+00
     vertex  4.707287e+00  6.184146e+00  3.500000e+00
     vertex  4.707287e+00  6.184146e+00  1.000000e+00
   endloop
 endfacet
 facet normal  1.000000e+00  0.000000e+00  0.000000e+00
   outer loop
     vertex  4.694751e+00  1.565341e+01  2.500000e+00
     vertex  4.694751e+00  3.218368e+01  2.500000e+00
     vertex  4.694751e+00  3.218368e+01  3.500000e+00
   endloop
 endfacet
 facet normal  1.000000e+00 -0.000000e+00  0.000000e+00
   outer loop
     vertex  4.694751e+00  6.295406e+00  3.500000e+00
     vertex  4.694751e+00  1.565341e+01  2.500000e+00
     vertex  4.694751e+00  3.218368e+01  3.500000e+00
   endloop
 endfacet
 facet normal  1.000000e+00 -0.000000e+00  0.000000e+00
   outer loop
     vertex  4.694751e+00  6.295406e+00  1.000000e+00
     vertex  4.694751e+00  1.565341e+01  1.000000e+00
     vertex  4.694751e+00  1.565341e+01  2.500000e+00
   endloop
 endfacet
 facet normal  1.000000e+00  0.000000e+00  0.000000e+00
   outer loop
     vertex  4.694751e+00  6.295406e+00  1.000000e+00
     vertex  4.694751e+00  1.565341e+01  2.500000e+00
     vertex  4.694751e+00  6.295406e+00  3.500000e+00
   endloop
 endfacet
 facet normal  9.937122e-01 -1.119645e-01  0.000000e+00
   outer loop
     vertex  4.694751e+00  3.218368e+01  2.500000e+00
     vertex  4.707287e+00  3.229494e+01  3.500000e+00
     vertex  4.694751e+00  3.218368e+01  3.500000e+00
   endloop
 endfacet
 facet normal  9.438833e-01 -3.302791e-01  2.178537e-15
   outer loop
     vertex  4.707287e+00  3.229494e+01  2.500000e+00
     vertex  4.744266e+00  3.240062e+01  3.500000e+00
     vertex  4.707287e+00  3.229494e+01  3.500000e+00
   endloop
 endfacet
 facet normal  9.937122e-01 -1.119645e-01 -1.056670e-15
   outer loop
     vertex  4.707287e+00  3.229494e+01  2.500000e+00
     vertex  4.707287e+00  3.229494e+01  3.500000e+00
     vertex  4.694751e+00  3.218368e+01  2.500000e+00
   endloop
 endfacet
 facet normal  8.467242e-01 -5.320321e-01  2.010447e-17
   outer loop
     vertex  4.744266e+00  3.240062e+01  2.500000e+00
     vertex  4.803835e+00  3.249542e+01  3.500000e+00
     vertex  4.744266e+00  3.240062e+01  3.500000e+00
   endloop
 endfacet
 facet normal  9.438833e-01 -3.302791e-01 -1.844910e-15
   outer loop
     vertex  4.744266e+00  3.240062e+01  2.500000e+00
     vertex  4.744266e+00  3.240062e+01  3.500000e+00
     vertex  4.707287e+00  3.229494e+01  2.500000e+00
   endloop
 endfacet
 facet normal  7.071068e-01 -7.071068e-01  1.256074e-15
   outer loop
     vertex  4.803835e+00  3.249542e+01  2.500000e+00
     vertex  4.883006e+00  3.257459e+01  3.500000e+00
     vertex  4.803835e+00  3.249542e+01  3.500000e+00
   endloop
 endfacet
 facet normal  8.467242e-01 -5.320321e-01 -7.319377e-16
   outer loop
     vertex  4.803835e+00  3.249542e+01  2.500000e+00
     vertex  4.803835e+00  3.249542e+01  3.500000e+00
     vertex  4.744266e+00  3.240062e+01  2.500000e+00
   endloop
 endfacet
 facet normal  5.320321e-01 -8.467242e-01  3.181101e-15
   outer loop
     vertex  4.883006e+00  3.257459e+01  2.500000e+00
     vertex  4.977809e+00  3.263416e+01  3.500000e+00
     vertex  4.883006e+00  3.257459e+01  3.500000e+00
   endloop
 endfacet
 facet normal  7.071068e-01 -7.071068e-01  1.256074e-15
   outer loop
     vertex  4.883006e+00  3.257459e+01  2.500000e+00
     vertex  4.883006e+00  3.257459e+01  3.500000e+00
     vertex  4.803835e+00  3.249542e+01  2.500000e+00
   endloop
 endfacet
 facet normal  3.302791e-01 -9.438833e-01 -1.173387e-15
   outer loop
     vertex  4.977809e+00  3.263416e+01  2.500000e+00
     vertex  5.083490e+00  3.267114e+01  3.500000e+00
     vertex  4.977809e+00  3.263416e+01  3.500000e+00
   endloop
 endfacet
 facet normal  5.320321e-01 -8.467242e-01 -1.890158e-15
   outer loop
     vertex  4.977809e+00  3.263416e+01  2.500000e+00
     vertex  4.977809e+00  3.263416e+01  3.500000e+00
     vertex  4.883006e+00  3.257459e+01  2.500000e+00
   endloop
 endfacet
 facet normal  1.119645e-01 -9.937122e-01 -1.988889e-16
   outer loop
     vertex  5.083490e+00  3.267114e+01  2.500000e+00
     vertex  5.194751e+00  3.268368e+01  3.500000e+00
     vertex  5.083490e+00  3.267114e+01  3.500000e+00
   endloop
 endfacet
 facet normal  3.302791e-01 -9.438833e-01 -5.866935e-16
   outer loop
     vertex  5.083490e+00  3.267114e+01  2.500000e+00
     vertex  5.083490e+00  3.267114e+01  3.500000e+00
     vertex  4.977809e+00  3.263416e+01  2.500000e+00
   endloop
 endfacet
 facet normal  1.119645e-01 -9.937122e-01  0.000000e+00
   outer loop
     vertex  5.194751e+00  3.268368e+01  2.500000e+00
     vertex  5.194751e+00  3.268368e+01  3.500000e+00
     vertex  5.083490e+00  3.267114e+01  2.500000e+00
   endloop
 endfacet
 facet normal  0.000000e+00 -1.000000e+00  0.000000e+00
   outer loop
     vertex  5.194751e+00  3.268368e+01  3.500000e+00
     vertex  2.029525e+01  3.268368e+01  2.500000e+00
     vertex  2.029525e+01  3.268368e+01  3.500000e+00
   endloop
 endfacet
 facet normal  0.000000e+00 -1.000000e+00  0.000000e+00
   outer loop
     vertex  5.194751e+00  3.268368e+01  3.500000e+00
     vertex  5.194751e+00  3.268368e+01  2.500000e+00
     vertex  2.029525e+01  3.268368e+01  2.500000e+00
   endloop
 endfacet
 facet normal -1.119645e-01 -9.937122e-01  0.000000e+00
   outer loop
     vertex  2.029525e+01  3.268368e+01  2.500000e+00
     vertex  2.040651e+01  3.267114e+01  3.500000e+00
     vertex  2.029525e+01  3.268368e+01  3.500000e+00
   endloop
 endfacet
 facet normal -3.302791e-01 -9.438833e-01  2.346774e-15
   outer loop
     vertex  2.040651e+01  3.267114e+01  2.500000e+00
     vertex  2.051219e+01  3.263416e+01  3.500000e+00
     vertex  2.040651e+01  3.267114e+01  3.500000e+00
   endloop
 endfacet
 facet normal -1.119645e-01 -9.937122e-01  7.955555e-16
   outer loop
     vertex  2.040651e+01  3.267114e+01  2.500000e+00
     vertex  2.040651e+01  3.267114e+01  3.500000e+00
     vertex  2.029525e+01  3.268368e+01  2.500000e+00
   endloop
 endfacet
 facet normal -5.320321e-01 -8.467242e-01  3.780315e-15
   outer loop
     vertex  2.051219e+01  3.263416e+01  2.500000e+00
     vertex  2.060699e+01  3.257459e+01  3.500000e+00
     vertex  2.051219e+01  3.263416e+01  3.500000e+00
   endloop
 endfacet
 facet normal -3.302791e-01 -9.438833e-01  2.346774e-15
   outer loop
     vertex  2.051219e+01  3.263416e+01  2.500000e+00
     vertex  2.051219e+01  3.263416e+01  3.500000e+00
     vertex  2.040651e+01  3.267114e+01  2.500000e+00
   endloop
 endfacet
 facet normal -7.071068e-01 -7.071068e-01  2.512148e-15
   outer loop
     vertex  2.060699e+01  3.257459e+01  2.500000e+00
     vertex  2.068617e+01  3.249542e+01  3.500000e+00
     vertex  2.060699e+01  3.257459e+01  3.500000e+00
   endloop
 endfacet
 facet normal -5.320321e-01 -8.467242e-01  1.890158e-15
   outer loop
     vertex  2.060699e+01  3.257459e+01  2.500000e+00
     vertex  2.060699e+01  3.257459e+01  3.500000e+00
     vertex  2.051219e+01  3.263416e+01  2.500000e+00
   endloop
 endfacet
 facet normal -8.467242e-01 -5.320321e-01  0.000000e+00
   outer loop
     vertex  2.068617e+01  3.249542e+01  2.500000e+00
     vertex  2.074573e+01  3.240062e+01  3.500000e+00
     vertex  2.068617e+01  3.249542e+01  3.500000e+00
   endloop
 endfacet
 facet normal -7.071068e-01 -7.071068e-01  0.000000e+00
   outer loop
     vertex  2.068617e+01  3.249542e+01  2.500000e+00
     vertex  2.068617e+01  3.249542e+01  3.500000e+00
     vertex  2.060699e+01  3.257459e+01  2.500000e+00
   endloop
 endfacet
 facet normal -9.438833e-01 -3.302791e-01  0.000000e+00
   outer loop
     vertex  2.074573e+01  3.240062e+01  2.500000e+00
     vertex  2.078271e+01  3.229494e+01  3.500000e+00
     vertex  2.074573e+01  3.240062e+01  3.500000e+00
   endloop
 endfacet
 facet normal -8.467242e-01 -5.320321e-01  0.000000e+00
   outer loop
     vertex  2.074573e+01  3.240062e+01  2.500000e+00
     vertex  2.074573e+01  3.240062e+01  3.500000e+00
     vertex  2.068617e+01  3.249542e+01  2.500000e+00
   endloop
 endfacet
 facet normal -9.937122e-01 -1.119645e-01  0.000000e+00
   outer loop
     vertex  2.078271e+01  3.229494e+01  2.500000e+00
     vertex  2.079525e+01  3.218368e+01  3.500000e+00
     vertex  2.078271e+01  3.229494e+01  3.500000e+00
   endloop
 endfacet
 facet normal -9.438833e-01 -3.302791e-01  0.000000e+00
   outer loop
     vertex  2.078271e+01  3.229494e+01  2.500000e+00
     vertex  2.078271e+01  3.229494e+01  3.500000e+00
     vertex  2.074573e+01  3.240062e+01  2.500000e+00
   endloop
 endfacet
 facet normal -9.937122e-01 -1.119645e-01  0.000000e+00
   outer loop
     vertex  2.079525e+01  3.218368e+01  2.500000e+00
     vertex  2.079525e+01  3.218368e+01  3.500000e+00
     vertex  2.078271e+01  3.229494e+01  2.500000e+00
   endloop
 endfacet
 facet normal -1.000000e+00  0.000000e+00  0.000000e+00
   outer loop
     vertex  2.079525e+01  6.295406e+00  3.500000e+00
     vertex  2.079525e+01  6.792522e+00  2.400000e+00
     vertex  2.079525e+01  6.295406e+00  2.400000e+00
   endloop
 endfacet
 facet normal -1.000000e+00  0.000000e+00  0.000000e+00
   outer loop
     vertex  2.079525e+01  1.565341e+01  1.000000e+00
     vertex  2.079525e+01  6.792522e+00  1.000000e+00
     vertex  2.079525e+01  6.792522e+00  2.400000e+00
   endloop
 endfacet
 facet normal -1.000000e+00  0.000000e+00 -0.000000e+00
   outer loop
     vertex  2.079525e+01  1.565341e+01  2.500000e+00
     vertex  2.079525e+01  1.565341e+01  1.000000e+00
     vertex  2.079525e+01  6.792522e+00  2.400000e+00
   endloop
 endfacet
 facet normal -1.000000e+00 -0.000000e+00  0.000000e+00
   outer loop
     vertex  2.079525e+01  1.565341e+01  2.500000e+00
     vertex  2.079525e+01  6.792522e+00  2.400000e+00
     vertex  2.079525e+01  6.295406e+00  3.500000e+00
   endloop
 endfacet
 facet normal -1.000000e+00  0.000000e+00 -0.000000e+00
   outer loop
     vertex  2.079525e+01  3.218368e+01  3.500000e+00
     vertex  2.079525e+01  3.218368e+01  2.500000e+00
     vertex  2.079525e+01  1.565341e+01  2.500000e+00
   endloop
 endfacet
 facet normal -1.000000e+00 -0.000000e+00  0.000000e+00
   outer loop
     vertex  2.079525e+01  3.218368e+01  3.500000e+00
     vertex  2.079525e+01  1.565341e+01  2.500000e+00
     vertex  2.079525e+01  6.295406e+00  3.500000e+00
   endloop
 endfacet
 facet normal  0.000000e+00  0.000000e+00 -1.000000e+00
   outer loop
     vertex  1.768674e+01  5.512348e+00  2.400000e+00
     vertex  1.763723e+01  5.295406e+00  2.400000e+00
     vertex  1.764977e+01  5.406667e+00  2.400000e+00
   endloop
 endfacet
 facet normal  0.000000e+00  0.000000e+00 -1.000000e+00
   outer loop
     vertex  1.774631e+01  5.607151e+00  2.400000e+00
     vertex  1.763723e+01  5.295406e+00  2.400000e+00
     vertex  1.768674e+01  5.512348e+00  2.400000e+00
   endloop
 endfacet
 facet normal  0.000000e+00  0.000000e+00 -1.000000e+00
   outer loop
     vertex  1.792029e+01  5.745891e+00  2.400000e+00
     vertex  1.774631e+01  5.607151e+00  2.400000e+00
     vertex  1.782548e+01  5.686322e+00  2.400000e+00
   endloop
 endfacet
 facet normal  0.000000e+00  0.000000e+00 -1.000000e+00
   outer loop
     vertex  1.792029e+01  5.745891e+00  2.400000e+00
     vertex  1.763723e+01  5.295406e+00  2.400000e+00
     vertex  1.774631e+01  5.607151e+00  2.400000e+00
   endloop
 endfacet
 facet normal  0.000000e+00  0.000000e+00 -1.000000e+00
   outer loop
     vertex  1.813723e+01  5.795406e+00  2.400000e+00
     vertex  1.792029e+01  5.745891e+00  2.400000e+00
     vertex  1.802597e+01  5.782870e+00  2.400000e+00
   endloop
 endfacet
 facet normal  0.000000e+00  0.000000e+00 -1.000000e+00
   outer loop
     vertex  1.813723e+01  5.795406e+00  2.400000e+00
     vertex  1.763723e+01  5.295406e+00  2.400000e+00
     vertex  1.792029e+01  5.745891e+00  2.400000e+00
   endloop
 endfacet
 facet normal  0.000000e+00  0.000000e+00 -1.000000e+00
   outer loop
     vertex  2.464083e+01  1.485467e-01  2.400000e+00
     vertex  2.432378e+01  3.760813e-02  2.400000e+00
     vertex  2.399000e+01  0.000000e+00  2.400000e+00
   endloop
 endfacet
 facet normal  0.000000e+00  0.000000e+00 -1.000000e+00
   outer loop
     vertex  2.492523e+01  3.272528e-01  2.400000e+00
     vertex  2.464083e+01  1.485467e-01  2.400000e+00
     vertex  2.399000e+01  0.000000e+00  2.400000e+00
   endloop
 endfacet
 facet normal  0.000000e+00  0.000000e+00 -1.000000e+00
   outer loop
     vertex  2.029525e+01  5.795406e+00  2.400000e+00
     vertex  1.763723e+01  0.000000e+00  2.400000e+00
     vertex  1.763723e+01  5.295406e+00  2.400000e+00
   endloop
 endfacet
 facet normal -0.000000e+00  0.000000e+00 -1.000000e+00
   outer loop
     vertex  2.029525e+01  5.795406e+00  2.400000e+00
     vertex  1.763723e+01  5.295406e+00  2.400000e+00
     vertex  1.813723e+01  5.795406e+00  2.400000e+00
   endloop
 endfacet
 facet normal  0.000000e+00  0.000000e+00 -1.000000e+00
   outer loop
     vertex  2.534145e+01  8.491744e-01  2.400000e+00
     vertex  2.516275e+01  5.647653e-01  2.400000e+00
     vertex  2.492523e+01  3.272528e-01  2.400000e+00
   endloop
 endfacet
 facet normal  0.000000e+00 -0.000000e+00 -1.000000e+00
   outer loop
     vertex  2.040651e+01  5.807942e+00  2.400000e+00
     vertex  2.399000e+01  0.000000e+00  2.400000e+00
     vertex  1.763723e+01  0.000000e+00  2.400000e+00
   endloop
 endfacet
 facet normal  0.000000e+00  0.000000e+00 -1.000000e+00
   outer loop
     vertex  2.040651e+01  5.807942e+00  2.400000e+00
     vertex  1.763723e+01  0.000000e+00  2.400000e+00
     vertex  2.029525e+01  5.795406e+00  2.400000e+00
   endloop
 endfacet
 facet normal  0.000000e+00 -0.000000e+00 -1.000000e+00
   outer loop
     vertex  2.051219e+01  5.844922e+00  2.400000e+00
     vertex  2.399000e+01  0.000000e+00  2.400000e+00
     vertex  2.040651e+01  5.807942e+00  2.400000e+00
   endloop
 endfacet
 facet normal  0.000000e+00 -0.000000e+00 -1.000000e+00
   outer loop
     vertex  2.060699e+01  5.904490e+00  2.400000e+00
     vertex  2.399000e+01  0.000000e+00  2.400000e+00
     vertex  2.051219e+01  5.844922e+00  2.400000e+00
   endloop
 endfacet
 facet normal  0.000000e+00  0.000000e+00 -1.000000e+00
   outer loop
     vertex  2.545239e+01  1.166219e+00  2.400000e+00
     vertex  2.534145e+01  8.491744e-01  2.400000e+00
     vertex  2.492523e+01  3.272528e-01  2.400000e+00
   endloop
 endfacet
 facet normal  0.000000e+00  0.000000e+00 -1.000000e+00
   outer loop
     vertex  2.549000e+01  1.500000e+00  2.400000e+00
     vertex  2.060699e+01  5.904490e+00  2.400000e+00
     vertex  2.068617e+01  5.983661e+00  2.400000e+00
   endloop
 endfacet
 facet normal  0.000000e+00  0.000000e+00 -1.000000e+00
   outer loop
     vertex  2.549000e+01  1.500000e+00  2.400000e+00
     vertex  2.492523e+01  3.272528e-01  2.400000e+00
     vertex  2.399000e+01  0.000000e+00  2.400000e+00
   endloop
 endfacet
 facet normal  0.000000e+00  0.000000e+00 -1.000000e+00
   outer loop
     vertex  2.549000e+01  1.500000e+00  2.400000e+00
     vertex  2.545239e+01  1.166219e+00  2.400000e+00
     vertex  2.492523e+01  3.272528e-01  2.400000e+00
   endloop
 endfacet
 facet normal -0.000000e+00  0.000000e+00 -1.000000e+00
   outer loop
     vertex  2.549000e+01  1.500000e+00  2.400000e+00
     vertex  2.399000e+01  0.000000e+00  2.400000e+00
     vertex  2.060699e+01  5.904490e+00  2.400000e+00
   endloop
 endfacet
 facet normal -0.000000e+00  0.000000e+00 -1.000000e+00
   outer loop
     vertex  2.549000e+01  6.792522e+00  2.400000e+00
     vertex  2.079525e+01  6.295406e+00  2.400000e+00
     vertex  2.079525e+01  6.792522e+00  2.400000e+00
   endloop
 endfacet
 facet normal  0.000000e+00  0.000000e+00 -1.000000e+00
   outer loop
     vertex  2.549000e+01  6.792522e+00  2.400000e+00
     vertex  2.078271e+01  6.184146e+00  2.400000e+00
     vertex  2.079525e+01  6.295406e+00  2.400000e+00
   endloop
 endfacet
 facet normal  0.000000e+00  0.000000e+00 -1.000000e+00
   outer loop
     vertex  2.549000e+01  6.792522e+00  2.400000e+00
     vertex  2.074573e+01  6.078464e+00  2.400000e+00
     vertex  2.078271e+01  6.184146e+00  2.400000e+00
   endloop
 endfacet
 facet normal  0.000000e+00  0.000000e+00 -1.000000e+00
   outer loop
     vertex  2.549000e+01  6.792522e+00  2.400000e+00
     vertex  2.068617e+01  5.983661e+00  2.400000e+00
     vertex  2.074573e+01  6.078464e+00  2.400000e+00
   endloop
 endfacet
 facet normal  0.000000e+00 -0.000000e+00 -1.000000e+00
   outer loop
     vertex  2.549000e+01  6.792522e+00  2.400000e+00
     vertex  2.549000e+01  1.500000e+00  2.400000e+00
     vertex  2.068617e+01  5.983661e+00  2.400000e+00
   endloop
 endfacet
 facet normal  1.000000e+00  0.000000e+00  0.000000e+00
   outer loop
     vertex  2.549000e+01  6.792522e+00  2.400000e+00
     vertex  2.549000e+01  1.500000e+00  4.500000e+00
     vertex  2.549000e+01  1.500000e+00  2.400000e+00
   endloop
 endfacet
 facet normal  1.000000e+00  0.000000e+00  0.000000e+00
   outer loop
     vertex  2.549000e+01  1.565341e+01  1.000000e+00
     vertex  2.549000e+01  6.792522e+00  2.400000e+00
     vertex  2.549000e+01  6.792522e+00  1.000000e+00
   endloop
 endfacet
 facet normal  1.000000e+00  0.000000e+00  0.000000e+00
   outer loop
     vertex  2.549000e+01  1.565341e+01  2.500000e+00
     vertex  2.549000e+01  6.792522e+00  2.400000e+00
     vertex  2.549000e+01  1.565341e+01  1.000000e+00
   endloop
 endfacet
 facet normal  1.000000e+00  0.000000e+00  0.000000e+00
   outer loop
     vertex  2.549000e+01  1.565341e+01  2.500000e+00
     vertex  2.549000e+01  1.500000e+00  4.500000e+00
     vertex  2.549000e+01  6.792522e+00  2.400000e+00
   endloop
 endfacet
 facet normal  1.000000e+00  0.000000e+00  0.000000e+00
   outer loop
     vertex  2.549000e+01  5.728200e+01  1.000000e+00
     vertex  2.549000e+01  5.521341e+01  2.500000e+00
     vertex  2.549000e+01  5.521341e+01  1.000000e+00
   endloop
 endfacet
 facet normal  1.000000e+00  0.000000e+00  0.000000e+00
   outer loop
     vertex  2.549000e+01  5.728200e+01  4.500000e+00
     vertex  2.549000e+01  1.565341e+01  2.500000e+00
     vertex  2.549000e+01  5.521341e+01  2.500000e+00
   endloop
 endfacet
 facet normal  1.000000e+00  0.000000e+00  0.000000e+00
   outer loop
     vertex  2.549000e+01  5.728200e+01  4.500000e+00
     vertex  2.549000e+01  5.521341e+01  2.500000e+00
     vertex  2.549000e+01  5.728200e+01  1.000000e+00
   endloop
 endfacet
 facet normal  1.000000e+00  0.000000e+00  0.000000e+00
   outer loop
     vertex  2.549000e+01  5.728200e+01  4.500000e+00
     vertex  2.549000e+01  1.500000e+00  4.500000e+00
     vertex  2.549000e+01  1.565341e+01  2.500000e+00
   endloop
 endfacet
 facet normal  9.937122e-01 -1.119645e-01  0.000000e+00
   outer loop
     vertex  2.545239e+01  1.166219e+00  2.400000e+00
     vertex  2.549000e+01  1.500000e+00  2.400000e+00
     vertex  2.549000e+01  1.500000e+00  4.500000e+00
   endloop
 endfacet
 facet normal  9.937122e-01 -1.119645e-01  0.000000e+00
   outer loop
     vertex  2.545239e+01  1.166219e+00  2.400000e+00
     vertex  2.549000e+01  1.500000e+00  4.500000e+00
     vertex  2.545239e+01  1.166219e+00  4.500000e+00
   endloop
 endfacet
 facet normal  9.438833e-01 -3.302791e-01  0.000000e+00
   outer loop
     vertex  2.534145e+01  8.491744e-01  2.400000e+00
     vertex  2.545239e+01  1.166219e+00  4.500000e+00
     vertex  2.534145e+01  8.491744e-01  4.500000e+00
   endloop
 endfacet
 facet normal  9.438833e-01 -3.302791e-01  0.000000e+00
   outer loop
     vertex  2.534145e+01  8.491744e-01  2.400000e+00
     vertex  2.545239e+01  1.166219e+00  2.400000e+00
     vertex  2.545239e+01  1.166219e+00  4.500000e+00
   endloop
 endfacet
 facet normal  8.467242e-01 -5.320321e-01  0.000000e+00
   outer loop
     vertex  2.516275e+01  5.647653e-01  2.400000e+00
     vertex  2.534145e+01  8.491744e-01  4.500000e+00
     vertex  2.516275e+01  5.647653e-01  4.500000e+00
   endloop
 endfacet
 facet normal  8.467242e-01 -5.320321e-01  0.000000e+00
   outer loop
     vertex  2.516275e+01  5.647653e-01  2.400000e+00
     vertex  2.534145e+01  8.491744e-01  2.400000e+00
     vertex  2.534145e+01  8.491744e-01  4.500000e+00
   endloop
 endfacet
 facet normal  5.320321e-01 -8.467242e-01  0.000000e+00
   outer loop
     vertex  2.492523e+01  3.272528e-01  2.400000e+00
     vertex  2.492523e+01  3.272528e-01  4.500000e+00
     vertex  2.464083e+01  1.485467e-01  4.500000e+00
   endloop
 endfacet
 facet normal  7.071068e-01 -7.071068e-01  0.000000e+00
   outer loop
     vertex  2.492523e+01  3.272528e-01  2.400000e+00
     vertex  2.516275e+01  5.647653e-01  4.500000e+00
     vertex  2.492523e+01  3.272528e-01  4.500000e+00
   endloop
 endfacet
 facet normal  7.071068e-01 -7.071068e-01  0.000000e+00
   outer loop
     vertex  2.492523e+01  3.272528e-01  2.400000e+00
     vertex  2.516275e+01  5.647653e-01  2.400000e+00
     vertex  2.516275e+01  5.647653e-01  4.500000e+00
   endloop
 endfacet
 facet normal  5.320321e-01 -8.467242e-01  0.000000e+00
   outer loop
     vertex  2.464083e+01  1.485467e-01  2.400000e+00
     vertex  2.492523e+01  3.272528e-01  2.400000e+00
     vertex  2.464083e+01  1.485467e-01  4.500000e+00
   endloop
 endfacet
 facet normal  3.302791e-01 -9.438833e-01  0.000000e+00
   outer loop
     vertex  2.432378e+01  3.760813e-02  2.400000e+00
     vertex  2.464083e+01  1.485467e-01  4.500000e+00
     vertex  2.432378e+01  3.760813e-02  4.500000e+00
   endloop
 endfacet
 facet normal  3.302791e-01 -9.438833e-01  0.000000e+00
   outer loop
     vertex  2.432378e+01  3.760813e-02  2.400000e+00
     vertex  2.464083e+01  1.485467e-01  2.400000e+00
     vertex  2.464083e+01  1.485467e-01  4.500000e+00
   endloop
 endfacet
 facet normal  1.119645e-01 -9.937122e-01  0.000000e+00
   outer loop
     vertex  2.399000e+01  0.000000e+00  2.400000e+00
     vertex  2.432378e+01  3.760813e-02  4.500000e+00
     vertex  2.399000e+01  0.000000e+00  4.500000e+00
   endloop
 endfacet
 facet normal  1.119645e-01 -9.937122e-01  0.000000e+00
   outer loop
     vertex  2.399000e+01  0.000000e+00  2.400000e+00
     vertex  2.432378e+01  3.760813e-02  2.400000e+00
     vertex  2.432378e+01  3.760813e-02  4.500000e+00
   endloop
 endfacet
 facet normal  0.000000e+00 -1.000000e+00  0.000000e+00
   outer loop
     vertex  2.399000e+01  0.000000e+00  2.400000e+00
     vertex  1.763723e+01  0.000000e+00  4.500000e+00
     vertex  1.763723e+01  0.000000e+00  2.400000e+00
   endloop
 endfacet
 facet normal  0.000000e+00 -1.000000e+00  0.000000e+00
   outer loop
     vertex  2.399000e+01  0.000000e+00  2.400000e+00
     vertex  2.399000e+01  0.000000e+00  4.500000e+00
     vertex  1.763723e+01  0.000000e+00  4.500000e+00
   endloop
 endfacet
 facet normal -1.000000e+00 -0.000000e+00  0.000000e+00
   outer loop
     vertex  1.763723e+01  3.732001e+00  3.500000e+00
     vertex  1.763723e+01  0.000000e+00  2.400000e+00
     vertex  1.763723e+01  0.000000e+00  4.500000e+00
   endloop
 endfacet
 facet normal -1.000000e+00  0.000000e+00  0.000000e+00
   outer loop
     vertex  1.763723e+01  5.295406e+00  2.400000e+00
     vertex  1.763723e+01  0.000000e+00  2.400000e+00
     vertex  1.763723e+01  3.732001e+00  3.500000e+00
   endloop
 endfacet
 facet normal -1.000000e+00 -0.000000e+00 -0.000000e+00
   outer loop
     vertex  1.763723e+01  3.732001e+00  4.500000e+00
     vertex  1.763723e+01  3.732001e+00  3.500000e+00
     vertex  1.763723e+01  0.000000e+00  4.500000e+00
   endloop
 endfacet
 facet normal -1.000000e+00 -0.000000e+00 -0.000000e+00
   outer loop
     vertex  1.763723e+01  5.295406e+00  3.500000e+00
     vertex  1.763723e+01  5.295406e+00  2.400000e+00
     vertex  1.763723e+01  3.732001e+00  3.500000e+00
   endloop
 endfacet
 facet normal -1.119645e-01  9.937122e-01  0.000000e+00
   outer loop
     vertex  1.802597e+01  5.782870e+00  3.500000e+00
     vertex  1.813723e+01  5.795406e+00  3.500000e+00
     vertex  1.813723e+01  5.795406e+00  2.400000e+00
   endloop
 endfacet
 facet normal -1.119645e-01  9.937122e-01  0.000000e+00
   outer loop
     vertex  1.802597e+01  5.782870e+00  3.500000e+00
     vertex  1.813723e+01  5.795406e+00  2.400000e+00
     vertex  1.802597e+01  5.782870e+00  2.400000e+00
   endloop
 endfacet
 facet normal -3.302791e-01  9.438833e-01  0.000000e+00
   outer loop
     vertex  1.792029e+01  5.745891e+00  3.500000e+00
     vertex  1.802597e+01  5.782870e+00  2.400000e+00
     vertex  1.792029e+01  5.745891e+00  2.400000e+00
   endloop
 endfacet
 facet normal -3.302791e-01  9.438833e-01  0.000000e+00
   outer loop
     vertex  1.792029e+01  5.745891e+00  3.500000e+00
     vertex  1.802597e+01  5.782870e+00  3.500000e+00
     vertex  1.802597e+01  5.782870e+00  2.400000e+00
   endloop
 endfacet
 facet normal -5.320321e-01  8.467242e-01  0.000000e+00
   outer loop
     vertex  1.782548e+01  5.686322e+00  3.500000e+00
     vertex  1.792029e+01  5.745891e+00  2.400000e+00
     vertex  1.782548e+01  5.686322e+00  2.400000e+00
   endloop
 endfacet
 facet normal -5.320321e-01  8.467242e-01  0.000000e+00
   outer loop
     vertex  1.782548e+01  5.686322e+00  3.500000e+00
     vertex  1.792029e+01  5.745891e+00  3.500000e+00
     vertex  1.792029e+01  5.745891e+00  2.400000e+00
   endloop
 endfacet
 facet normal -7.071068e-01  7.071068e-01  0.000000e+00
   outer loop
     vertex  1.774631e+01  5.607151e+00  3.500000e+00
     vertex  1.782548e+01  5.686322e+00  2.400000e+00
     vertex  1.774631e+01  5.607151e+00  2.400000e+00
   endloop
 endfacet
 facet normal -7.071068e-01  7.071068e-01  0.000000e+00
   outer loop
     vertex  1.774631e+01  5.607151e+00  3.500000e+00
     vertex  1.782548e+01  5.686322e+00  3.500000e+00
     vertex  1.782548e+01  5.686322e+00  2.400000e+00
   endloop
 endfacet
 facet normal -8.467242e-01  5.320321e-01  0.000000e+00
   outer loop
     vertex  1.768674e+01  5.512348e+00  3.500000e+00
     vertex  1.774631e+01  5.607151e+00  2.400000e+00
     vertex  1.768674e+01  5.512348e+00  2.400000e+00
   endloop
 endfacet
 facet normal -8.467242e-01  5.320321e-01  0.000000e+00
   outer loop
     vertex  1.768674e+01  5.512348e+00  3.500000e+00
     vertex  1.774631e+01  5.607151e+00  3.500000e+00
     vertex  1.774631e+01  5.607151e+00  2.400000e+00
   endloop
 endfacet
 facet normal -9.438833e-01  3.302791e-01  0.000000e+00
   outer loop
     vertex  1.764977e+01  5.406667e+00  3.500000e+00
     vertex  1.768674e+01  5.512348e+00  2.400000e+00
     vertex  1.764977e+01  5.406667e+00  2.400000e+00
   endloop
 endfacet
 facet normal -9.438833e-01  3.302791e-01  0.000000e+00
   outer loop
     vertex  1.764977e+01  5.406667e+00  3.500000e+00
     vertex  1.768674e+01  5.512348e+00  3.500000e+00
     vertex  1.768674e+01  5.512348e+00  2.400000e+00
   endloop
 endfacet
 facet normal -9.937122e-01  1.119645e-01  0.000000e+00
   outer loop
     vertex  1.763723e+01  5.295406e+00  3.500000e+00
     vertex  1.764977e+01  5.406667e+00  2.400000e+00
     vertex  1.763723e+01  5.295406e+00  2.400000e+00
   endloop
 endfacet
 facet normal -9.937122e-01  1.119645e-01  0.000000e+00
   outer loop
     vertex  1.763723e+01  5.295406e+00  3.500000e+00
     vertex  1.764977e+01  5.406667e+00  3.500000e+00
     vertex  1.764977e+01  5.406667e+00  2.400000e+00
   endloop
 endfacet
 facet normal  0.000000e+00  1.000000e+00  0.000000e+00
   outer loop
     vertex  2.029525e+01  5.795406e+00  2.400000e+00
     vertex  1.813723e+01  5.795406e+00  2.400000e+00
     vertex  1.813723e+01  5.795406e+00  3.500000e+00
   endloop
 endfacet
 facet normal  0.000000e+00  1.000000e+00 -0.000000e+00
   outer loop
     vertex  2.029525e+01  5.795406e+00  2.400000e+00
     vertex  1.813723e+01  5.795406e+00  3.500000e+00
     vertex  2.029525e+01  5.795406e+00  3.500000e+00
   endloop
 endfacet
 facet normal -9.937122e-01  1.119645e-01  0.000000e+00
   outer loop
     vertex  2.078271e+01  6.184146e+00  2.400000e+00
     vertex  2.078271e+01  6.184146e+00  3.500000e+00
     vertex  2.079525e+01  6.295406e+00  3.500000e+00
   endloop
 endfacet
 facet normal -9.937122e-01  1.119645e-01  0.000000e+00
   outer loop
     vertex  2.078271e+01  6.184146e+00  2.400000e+00
     vertex  2.079525e+01  6.295406e+00  3.500000e+00
     vertex  2.079525e+01  6.295406e+00  2.400000e+00
   endloop
 endfacet
 facet normal -9.438833e-01  3.302791e-01  0.000000e+00
   outer loop
     vertex  2.074573e+01  6.078464e+00  2.400000e+00
     vertex  2.074573e+01  6.078464e+00  3.500000e+00
     vertex  2.078271e+01  6.184146e+00  3.500000e+00
   endloop
 endfacet
 facet normal -9.438833e-01  3.302791e-01  0.000000e+00
   outer loop
     vertex  2.074573e+01  6.078464e+00  2.400000e+00
     vertex  2.078271e+01  6.184146e+00  3.500000e+00
     vertex  2.078271e+01  6.184146e+00  2.400000e+00
   endloop
 endfacet
 facet normal -8.467242e-01  5.320321e-01  0.000000e+00
   outer loop
     vertex  2.068617e+01  5.983661e+00  2.400000e+00
     vertex  2.068617e+01  5.983661e+00  3.500000e+00
     vertex  2.074573e+01  6.078464e+00  3.500000e+00
   endloop
 endfacet
 facet normal -8.467242e-01  5.320321e-01  0.000000e+00
   outer loop
     vertex  2.068617e+01  5.983661e+00  2.400000e+00
     vertex  2.074573e+01  6.078464e+00  3.500000e+00
     vertex  2.074573e+01  6.078464e+00  2.400000e+00
   endloop
 endfacet
 facet normal -7.071068e-01  7.071068e-01  0.000000e+00
   outer loop
     vertex  2.060699e+01  5.904490e+00  2.400000e+00
     vertex  2.060699e+01  5.904490e+00  3.500000e+00
     vertex  2.068617e+01  5.983661e+00  3.500000e+00
   endloop
 endfacet
 facet normal -7.071068e-01  7.071068e-01  0.000000e+00
   outer loop
     vertex  2.060699e+01  5.904490e+00  2.400000e+00
     vertex  2.068617e+01  5.983661e+00  3.500000e+00
     vertex  2.068617e+01  5.983661e+00  2.400000e+00
   endloop
 endfacet
 facet normal -5.320321e-01  8.467242e-01  0.000000e+00
   outer loop
     vertex  2.051219e+01  5.844922e+00  2.400000e+00
     vertex  2.051219e+01  5.844922e+00  3.500000e+00
     vertex  2.060699e+01  5.904490e+00  3.500000e+00
   endloop
 endfacet
 facet normal -5.320321e-01  8.467242e-01  0.000000e+00
   outer loop
     vertex  2.051219e+01  5.844922e+00  2.400000e+00
     vertex  2.060699e+01  5.904490e+00  3.500000e+00
     vertex  2.060699e+01  5.904490e+00  2.400000e+00
   endloop
 endfacet
 facet normal -3.302791e-01  9.438833e-01  0.000000e+00
   outer loop
     vertex  2.040651e+01  5.807942e+00  2.400000e+00
     vertex  2.040651e+01  5.807942e+00  3.500000e+00
     vertex  2.051219e+01  5.844922e+00  3.500000e+00
   endloop
 endfacet
 facet normal -3.302791e-01  9.438833e-01  0.000000e+00
   outer loop
     vertex  2.040651e+01  5.807942e+00  2.400000e+00
     vertex  2.051219e+01  5.844922e+00  3.500000e+00
     vertex  2.051219e+01  5.844922e+00  2.400000e+00
   endloop
 endfacet
 facet normal -1.119645e-01  9.937122e-01  0.000000e+00
   outer loop
     vertex  2.029525e+01  5.795406e+00  2.400000e+00
     vertex  2.029525e+01  5.795406e+00  3.500000e+00
     vertex  2.040651e+01  5.807942e+00  3.500000e+00
   endloop
 endfacet
 facet normal -1.119645e-01  9.937122e-01  0.000000e+00
   outer loop
     vertex  2.029525e+01  5.795406e+00  2.400000e+00
     vertex  2.040651e+01  5.807942e+00  3.500000e+00
     vertex  2.040651e+01  5.807942e+00  2.400000e+00
   endloop
 endfacet
 facet normal  1.119645e-01  9.937122e-01  0.000000e+00
   outer loop
     vertex  2.432378e+01  5.874439e+01  1.000000e+00
     vertex  2.399000e+01  5.878200e+01  1.000000e+00
     vertex  2.399000e+01  5.878200e+01  4.500000e+00
   endloop
 endfacet
 facet normal  1.119645e-01  9.937122e-01 -0.000000e+00
   outer loop
     vertex  2.432378e+01  5.874439e+01  1.000000e+00
     vertex  2.399000e+01  5.878200e+01  4.500000e+00
     vertex  2.432378e+01  5.874439e+01  4.500000e+00
   endloop
 endfacet
 facet normal  3.302791e-01  9.438833e-01 -0.000000e+00
   outer loop
     vertex  2.464083e+01  5.863345e+01  1.000000e+00
     vertex  2.432378e+01  5.874439e+01  4.500000e+00
     vertex  2.464083e+01  5.863345e+01  4.500000e+00
   endloop
 endfacet
 facet normal  3.302791e-01  9.438833e-01  0.000000e+00
   outer loop
     vertex  2.464083e+01  5.863345e+01  1.000000e+00
     vertex  2.432378e+01  5.874439e+01  1.000000e+00
     vertex  2.432378e+01  5.874439e+01  4.500000e+00
   endloop
 endfacet
 facet normal  5.320321e-01  8.467242e-01 -0.000000e+00
   outer loop
     vertex  2.492523e+01  5.845475e+01  1.000000e+00
     vertex  2.464083e+01  5.863345e+01  4.500000e+00
     vertex  2.492523e+01  5.845475e+01  4.500000e+00
   endloop
 endfacet
 facet normal  5.320321e-01  8.467242e-01  0.000000e+00
   outer loop
     vertex  2.492523e+01  5.845475e+01  1.000000e+00
     vertex  2.464083e+01  5.863345e+01  1.000000e+00
     vertex  2.464083e+01  5.863345e+01  4.500000e+00
   endloop
 endfacet
 facet normal  8.467242e-01  5.320321e-01 -0.000000e+00
   outer loop
     vertex  2.516275e+01  5.821724e+01  1.000000e+00
     vertex  2.516275e+01  5.821724e+01  4.500000e+00
     vertex  2.534145e+01  5.793283e+01  4.500000e+00
   endloop
 endfacet
 facet normal  7.071068e-01  7.071068e-01 -0.000000e+00
   outer loop
     vertex  2.516275e+01  5.821724e+01  1.000000e+00
     vertex  2.492523e+01  5.845475e+01  4.500000e+00
     vertex  2.516275e+01  5.821724e+01  4.500000e+00
   endloop
 endfacet
 facet normal  7.071068e-01  7.071068e-01  0.000000e+00
   outer loop
     vertex  2.516275e+01  5.821724e+01  1.000000e+00
     vertex  2.492523e+01  5.845475e+01  1.000000e+00
     vertex  2.492523e+01  5.845475e+01  4.500000e+00
   endloop
 endfacet
 facet normal  8.467242e-01  5.320321e-01 -0.000000e+00
   outer loop
     vertex  2.534145e+01  5.793283e+01  1.000000e+00
     vertex  2.516275e+01  5.821724e+01  1.000000e+00
     vertex  2.534145e+01  5.793283e+01  4.500000e+00
   endloop
 endfacet
 facet normal  9.438833e-01  3.302791e-01 -0.000000e+00
   outer loop
     vertex  2.545239e+01  5.761578e+01  1.000000e+00
     vertex  2.534145e+01  5.793283e+01  4.500000e+00
     vertex  2.545239e+01  5.761578e+01  4.500000e+00
   endloop
 endfacet
 facet normal  9.438833e-01  3.302791e-01  0.000000e+00
   outer loop
     vertex  2.545239e+01  5.761578e+01  1.000000e+00
     vertex  2.534145e+01  5.793283e+01  1.000000e+00
     vertex  2.534145e+01  5.793283e+01  4.500000e+00
   endloop
 endfacet
 facet normal  9.937122e-01  1.119645e-01 -0.000000e+00
   outer loop
     vertex  2.549000e+01  5.728200e+01  1.000000e+00
     vertex  2.545239e+01  5.761578e+01  4.500000e+00
     vertex  2.549000e+01  5.728200e+01  4.500000e+00
   endloop
 endfacet
 facet normal  9.937122e-01  1.119645e-01  0.000000e+00
   outer loop
     vertex  2.549000e+01  5.728200e+01  1.000000e+00
     vertex  2.545239e+01  5.761578e+01  1.000000e+00
     vertex  2.545239e+01  5.761578e+01  4.500000e+00
   endloop
 endfacet
 facet normal  1.147100e-13 -1.147100e-13 -1.000000e+00
   outer loop
     vertex  1.188255e+00  5.767292e+01  1.000000e+00
     vertex  3.272528e-01  5.821724e+01  1.000000e+00
     vertex  5.647653e-01  5.845475e+01  1.000000e+00
   endloop
 endfacet
 facet normal  1.147100e-13 -1.147100e-13 -1.000000e+00
   outer loop
     vertex  1.109084e+00  5.759375e+01  1.000000e+00
     vertex  3.272528e-01  5.821724e+01  1.000000e+00
     vertex  1.188255e+00  5.767292e+01  1.000000e+00
   endloop
 endfacet
 facet normal  1.373593e-13 -8.630859e-14 -1.000000e+00
   outer loop
     vertex  1.049516e+00  5.749894e+01  1.000000e+00
     vertex  1.485467e-01  5.793283e+01  1.000000e+00
     vertex  3.272528e-01  5.821724e+01  1.000000e+00
   endloop
 endfacet
 facet normal  1.531209e-13 -5.357933e-14 -1.000000e+00
   outer loop
     vertex  1.049516e+00  5.749894e+01  1.000000e+00
     vertex  3.760813e-02  5.761578e+01  1.000000e+00
     vertex  1.485467e-01  5.793283e+01  1.000000e+00
   endloop
 endfacet
 facet normal  1.373593e-13 -8.630859e-14 -1.000000e+00
   outer loop
     vertex  1.049516e+00  5.749894e+01  1.000000e+00
     vertex  3.272528e-01  5.821724e+01  1.000000e+00
     vertex  1.109084e+00  5.759375e+01  1.000000e+00
   endloop
 endfacet
 facet normal  8.630859e-14 -1.373593e-13 -1.000000e+00
   outer loop
     vertex  1.283058e+00  5.773249e+01  1.000000e+00
     vertex  5.647653e-01  5.845475e+01  1.000000e+00
     vertex  8.491744e-01  5.863345e+01  1.000000e+00
   endloop
 endfacet
 facet normal  8.630859e-14 -1.373593e-13 -1.000000e+00
   outer loop
     vertex  1.283058e+00  5.773249e+01  1.000000e+00
     vertex  1.188255e+00  5.767292e+01  1.000000e+00
     vertex  5.647653e-01  5.845475e+01  1.000000e+00
   endloop
 endfacet
 facet normal  5.357933e-14 -1.531209e-13 -1.000000e+00
   outer loop
     vertex  1.388740e+00  5.776946e+01  1.000000e+00
     vertex  8.491744e-01  5.863345e+01  1.000000e+00
     vertex  1.166219e+00  5.874439e+01  1.000000e+00
   endloop
 endfacet
 facet normal  5.357933e-14 -1.531209e-13 -1.000000e+00
   outer loop
     vertex  1.388740e+00  5.776946e+01  1.000000e+00
     vertex  1.283058e+00  5.773249e+01  1.000000e+00
     vertex  8.491744e-01  5.863345e+01  1.000000e+00
   endloop
 endfacet
 facet normal  1.531209e-13 -5.357933e-14 -1.000000e+00
   outer loop
     vertex  1.012536e+00  5.739326e+01  1.000000e+00
     vertex  3.760813e-02  5.761578e+01  1.000000e+00
     vertex  1.049516e+00  5.749894e+01  1.000000e+00
   endloop
 endfacet
 facet normal  1.816337e-14 -1.612044e-13 -1.000000e+00
   outer loop
     vertex  1.500000e+00  5.778200e+01  1.000000e+00
     vertex  1.166219e+00  5.874439e+01  1.000000e+00
     vertex  1.500000e+00  5.878200e+01  1.000000e+00
   endloop
 endfacet
 facet normal  1.816337e-14 -1.612044e-13 -1.000000e+00
   outer loop
     vertex  1.500000e+00  5.778200e+01  1.000000e+00
     vertex  1.388740e+00  5.776946e+01  1.000000e+00
     vertex  1.166219e+00  5.874439e+01  1.000000e+00
   endloop
 endfacet
 facet normal  5.362377e-14 -3.283505e-13 -1.000000e+00
   outer loop
     vertex  1.000000e+00  5.728200e+01  1.000000e+00
     vertex  0.000000e+00  5.728200e+01  1.000000e+00
     vertex  3.760813e-02  5.761578e+01  1.000000e+00
   endloop
 endfacet
 facet normal  1.612044e-13 -1.816337e-14 -1.000000e+00
   outer loop
     vertex  1.000000e+00  5.728200e+01  1.000000e+00
     vertex  3.760813e-02  5.761578e+01  1.000000e+00
     vertex  1.012536e+00  5.739326e+01  1.000000e+00
   endloop
 endfacet
 facet normal  5.362377e-14  0.000000e+00 -1.000000e+00
   outer loop
     vertex  1.000000e+00  5.621341e+01  1.000000e+00
     vertex  0.000000e+00  5.728200e+01  1.000000e+00
     vertex  1.000000e+00  5.728200e+01  1.000000e+00
   endloop
 endfacet
 facet normal  2.592281e-14 -2.592281e-14 -1.000000e+00
   outer loop
     vertex  0.000000e+00  5.521341e+01  1.000000e+00
     vertex  0.000000e+00  5.728200e+01  1.000000e+00
     vertex  1.000000e+00  5.621341e+01  1.000000e+00
   endloop
 endfacet
 facet normal  0.000000e+00 -1.612044e-13 -1.000000e+00
   outer loop
     vertex  2.399000e+01  5.778200e+01  1.000000e+00
     vertex  1.500000e+00  5.878200e+01  1.000000e+00
     vertex  2.399000e+01  5.878200e+01  1.000000e+00
   endloop
 endfacet
 facet normal -0.000000e+00 -1.612044e-13 -1.000000e+00
   outer loop
     vertex  2.399000e+01  5.778200e+01  1.000000e+00
     vertex  1.500000e+00  5.778200e+01  1.000000e+00
     vertex  1.500000e+00  5.878200e+01  1.000000e+00
   endloop
 endfacet
 facet normal -1.816337e-14 -1.612044e-13 -1.000000e+00
   outer loop
     vertex  2.410126e+01  5.776946e+01  1.000000e+00
     vertex  2.399000e+01  5.878200e+01  1.000000e+00
     vertex  2.432378e+01  5.874439e+01  1.000000e+00
   endloop
 endfacet
 facet normal -1.816337e-14 -1.612044e-13 -1.000000e+00
   outer loop
     vertex  2.410126e+01  5.776946e+01  1.000000e+00
     vertex  2.399000e+01  5.778200e+01  1.000000e+00
     vertex  2.399000e+01  5.878200e+01  1.000000e+00
   endloop
 endfacet
 facet normal -5.357933e-14 -1.531209e-13 -1.000000e+00
   outer loop
     vertex  2.420694e+01  5.773249e+01  1.000000e+00
     vertex  2.432378e+01  5.874439e+01  1.000000e+00
     vertex  2.464083e+01  5.863345e+01  1.000000e+00
   endloop
 endfacet
 facet normal -5.357933e-14 -1.531209e-13 -1.000000e+00
   outer loop
     vertex  2.420694e+01  5.773249e+01  1.000000e+00
     vertex  2.410126e+01  5.776946e+01  1.000000e+00
     vertex  2.432378e+01  5.874439e+01  1.000000e+00
   endloop
 endfacet
 facet normal -8.630859e-14 -1.373593e-13 -1.000000e+00
   outer loop
     vertex  2.430174e+01  5.767292e+01  1.000000e+00
     vertex  2.464083e+01  5.863345e+01  1.000000e+00
     vertex  2.492523e+01  5.845475e+01  1.000000e+00
   endloop
 endfacet
 facet normal -8.630859e-14 -1.373593e-13 -1.000000e+00
   outer loop
     vertex  2.430174e+01  5.767292e+01  1.000000e+00
     vertex  2.420694e+01  5.773249e+01  1.000000e+00
     vertex  2.464083e+01  5.863345e+01  1.000000e+00
   endloop
 endfacet
 facet normal -1.147100e-13 -1.147100e-13 -1.000000e+00
   outer loop
     vertex  2.516275e+01  5.821724e+01  1.000000e+00
     vertex  2.438092e+01  5.759375e+01  1.000000e+00
     vertex  2.430174e+01  5.767292e+01  1.000000e+00
   endloop
 endfacet
 facet normal -1.147100e-13 -1.147100e-13 -1.000000e+00
   outer loop
     vertex  2.516275e+01  5.821724e+01  1.000000e+00
     vertex  2.430174e+01  5.767292e+01  1.000000e+00
     vertex  2.492523e+01  5.845475e+01  1.000000e+00
   endloop
 endfacet
 facet normal -1.373593e-13 -8.630859e-14 -1.000000e+00
   outer loop
     vertex  2.534145e+01  5.793283e+01  1.000000e+00
     vertex  2.444048e+01  5.749894e+01  1.000000e+00
     vertex  2.438092e+01  5.759375e+01  1.000000e+00
   endloop
 endfacet
 facet normal -1.373593e-13 -8.630859e-14 -1.000000e+00
   outer loop
     vertex  2.534145e+01  5.793283e+01  1.000000e+00
     vertex  2.438092e+01  5.759375e+01  1.000000e+00
     vertex  2.516275e+01  5.821724e+01  1.000000e+00
   endloop
 endfacet
 facet normal -1.531209e-13 -5.357933e-14 -1.000000e+00
   outer loop
     vertex  2.545239e+01  5.761578e+01  1.000000e+00
     vertex  2.444048e+01  5.749894e+01  1.000000e+00
     vertex  2.534145e+01  5.793283e+01  1.000000e+00
   endloop
 endfacet
 facet normal -1.531209e-13 -5.357933e-14 -1.000000e+00
   outer loop
     vertex  2.545239e+01  5.761578e+01  1.000000e+00
     vertex  2.447746e+01  5.739326e+01  1.000000e+00
     vertex  2.444048e+01  5.749894e+01  1.000000e+00
   endloop
 endfacet
 facet normal -8.948398e-14 -3.323910e-13 -1.000000e+00
   outer loop
     vertex  2.549000e+01  5.728200e+01  1.000000e+00
     vertex  2.447746e+01  5.739326e+01  1.000000e+00
     vertex  2.545239e+01  5.761578e+01  1.000000e+00
   endloop
 endfacet
 facet normal -5.362377e-14 -6.041948e-15 -1.000000e+00
   outer loop
     vertex  2.549000e+01  5.728200e+01  1.000000e+00
     vertex  2.449000e+01  5.728200e+01  1.000000e+00
     vertex  2.447746e+01  5.739326e+01  1.000000e+00
   endloop
 endfacet
 facet normal -5.362377e-14  0.000000e+00 -1.000000e+00
   outer loop
     vertex  2.449000e+01  5.621341e+01  1.000000e+00
     vertex  2.449000e+01  5.728200e+01  1.000000e+00
     vertex  2.549000e+01  5.728200e+01  1.000000e+00
   endloop
 endfacet
 facet normal  0.000000e+00  0.000000e+00 -1.000000e+00
   outer loop
     vertex  2.549000e+01  5.521341e+01  1.000000e+00
     vertex  1.000000e+00  5.621341e+01  1.000000e+00
     vertex  2.449000e+01  5.621341e+01  1.000000e+00
   endloop
 endfacet
 facet normal  0.000000e+00  0.000000e+00 -1.000000e+00
   outer loop
     vertex  2.549000e+01  5.521341e+01  1.000000e+00
     vertex  0.000000e+00  5.521341e+01  1.000000e+00
     vertex  1.000000e+00  5.621341e+01  1.000000e+00
   endloop
 endfacet
 facet normal -2.592281e-14 -2.592281e-14 -1.000000e+00
   outer loop
     vertex  2.549000e+01  5.521341e+01  1.000000e+00
     vertex  2.449000e+01  5.621341e+01  1.000000e+00
     vertex  2.549000e+01  5.728200e+01  1.000000e+00
   endloop
 endfacet
 facet normal  0.000000e+00 -1.000000e+00  0.000000e+00
   outer loop
     vertex  0.000000e+00  5.521341e+01  2.500000e+00
     vertex  0.000000e+00  5.521341e+01  1.000000e+00
     vertex  2.549000e+01  5.521341e+01  1.000000e+00
   endloop
 endfacet
 facet normal  0.000000e+00 -1.000000e+00  0.000000e+00
   outer loop
     vertex  0.000000e+00  5.521341e+01  2.500000e+00
     vertex  2.549000e+01  5.521341e+01  1.000000e+00
     vertex  2.549000e+01  5.521341e+01  2.500000e+00
   endloop
 endfacet
 facet normal -1.000000e+00  0.000000e+00  0.000000e+00
   outer loop
     vertex  0.000000e+00  5.521341e+01  2.500000e+00
     vertex  0.000000e+00  5.728200e+01  4.500000e+00
     vertex  0.000000e+00  5.728200e+01  1.000000e+00
   endloop
 endfacet
 facet normal -1.000000e+00  0.000000e+00  0.000000e+00
   outer loop
     vertex  0.000000e+00  5.521341e+01  1.000000e+00
     vertex  0.000000e+00  5.521341e+01  2.500000e+00
     vertex  0.000000e+00  5.728200e+01  1.000000e+00
   endloop
 endfacet
 facet normal -1.000000e+00  0.000000e+00  0.000000e+00
   outer loop
     vertex  0.000000e+00  1.485341e+01  3.800000e+00
     vertex  0.000000e+00  5.728200e+01  4.500000e+00
     vertex  0.000000e+00  5.521341e+01  2.500000e+00
   endloop
 endfacet
 facet normal -1.000000e+00  0.000000e+00  0.000000e+00
   outer loop
     vertex  0.000000e+00  1.565341e+01  2.500000e+00
     vertex  0.000000e+00  1.485341e+01  3.800000e+00
     vertex  0.000000e+00  5.521341e+01  2.500000e+00
   endloop
 endfacet
 facet normal -1.000000e+00  0.000000e+00  0.000000e+00
   outer loop
     vertex  0.000000e+00  1.565341e+01  1.000000e+00
     vertex  0.000000e+00  1.485341e+01  1.800000e+00
     vertex  0.000000e+00  1.565341e+01  2.500000e+00
   endloop
 endfacet
 facet normal -1.000000e+00  0.000000e+00  0.000000e+00
   outer loop
     vertex  0.000000e+00  1.335341e+01  2.055319e+00
     vertex  0.000000e+00  1.460341e+01  3.800000e+00
     vertex  0.000000e+00  1.460341e+01  2.055319e+00
   endloop
 endfacet
 facet normal -1.000000e+00  0.000000e+00  0.000000e+00
   outer loop
     vertex  0.000000e+00  1.335341e+01  2.055319e+00
     vertex  0.000000e+00  1.302007e+01  3.800000e+00
     vertex  0.000000e+00  1.460341e+01  3.800000e+00
   endloop
 endfacet
 facet normal -1.000000e+00  0.000000e+00  0.000000e+00
   outer loop
     vertex  0.000000e+00  1.335341e+01  1.800000e+00
     vertex  0.000000e+00  1.485341e+01  1.800000e+00
     vertex  0.000000e+00  1.565341e+01  1.000000e+00
   endloop
 endfacet
 facet normal -1.000000e+00  0.000000e+00  0.000000e+00
   outer loop
     vertex  0.000000e+00  1.302007e+01  1.800000e+00
     vertex  0.000000e+00  1.335341e+01  2.055319e+00
     vertex  0.000000e+00  1.335341e+01  1.800000e+00
   endloop
 endfacet
 facet normal -1.000000e+00  0.000000e+00  0.000000e+00
   outer loop
     vertex  0.000000e+00  1.302007e+01  1.800000e+00
     vertex  0.000000e+00  1.335341e+01  1.800000e+00
     vertex  0.000000e+00  1.565341e+01  1.000000e+00
   endloop
 endfacet
 facet normal -1.000000e+00  0.000000e+00  0.000000e+00
   outer loop
     vertex  0.000000e+00  1.277007e+01  1.800000e+00
     vertex  0.000000e+00  1.302007e+01  1.800000e+00
     vertex  0.000000e+00  1.565341e+01  1.000000e+00
   endloop
 endfacet
 facet normal -1.000000e+00  0.000000e+00  0.000000e+00
   outer loop
     vertex  0.000000e+00  1.243674e+01  1.800000e+00
     vertex  0.000000e+00  1.277007e+01  1.800000e+00
     vertex  0.000000e+00  1.565341e+01  1.000000e+00
   endloop
 endfacet
 facet normal -1.000000e+00  0.000000e+00  0.000000e+00
   outer loop
     vertex  0.000000e+00  1.093674e+01  2.055319e+00
     vertex  0.000000e+00  1.218674e+01  3.800000e+00
     vertex  0.000000e+00  1.218674e+01  2.055319e+00
   endloop
 endfacet
 facet normal -1.000000e+00  0.000000e+00  0.000000e+00
   outer loop
     vertex  0.000000e+00  1.093674e+01  2.055319e+00
     vertex  0.000000e+00  1.060341e+01  3.800000e+00
     vertex  0.000000e+00  1.218674e+01  3.800000e+00
   endloop
 endfacet
 facet normal -1.000000e+00  0.000000e+00  0.000000e+00
   outer loop
     vertex  0.000000e+00  9.811740e+00  2.991489e+00
     vertex  0.000000e+00  9.270073e+00  3.800000e+00
     vertex  0.000000e+00  1.035341e+01  3.800000e+00
   endloop
 endfacet
 facet normal -1.000000e+00  0.000000e+00  0.000000e+00
   outer loop
     vertex  0.000000e+00  9.936740e+00  2.821277e+00
     vertex  0.000000e+00  1.060341e+01  3.800000e+00
     vertex  0.000000e+00  1.093674e+01  2.055319e+00
   endloop
 endfacet
 facet normal -1.000000e+00  0.000000e+00  0.000000e+00
   outer loop
     vertex  0.000000e+00  1.093674e+01  1.800000e+00
     vertex  0.000000e+00  1.243674e+01  1.800000e+00
     vertex  0.000000e+00  1.565341e+01  1.000000e+00
   endloop
 endfacet
 facet normal -1.000000e+00  0.000000e+00  0.000000e+00
   outer loop
     vertex  0.000000e+00  8.561740e+00  3.502128e+00
     vertex  0.000000e+00  8.395073e+00  3.672340e+00
     vertex  0.000000e+00  9.020073e+00  3.800000e+00
   endloop
 endfacet
 facet normal -1.000000e+00  0.000000e+00  0.000000e+00
   outer loop
     vertex  0.000000e+00  8.228406e+00  3.757447e+00
     vertex  0.000000e+00  9.020073e+00  3.800000e+00
     vertex  0.000000e+00  8.395073e+00  3.672340e+00
   endloop
 endfacet
 facet normal -1.000000e+00  0.000000e+00  0.000000e+00
   outer loop
     vertex  0.000000e+00  8.645073e+00  3.331915e+00
     vertex  0.000000e+00  8.561740e+00  3.502128e+00
     vertex  0.000000e+00  9.020073e+00  3.800000e+00
   endloop
 endfacet
 facet normal -1.000000e+00  0.000000e+00  0.000000e+00
   outer loop
     vertex  0.000000e+00  8.020073e+00  3.800000e+00
     vertex  0.000000e+00  9.020073e+00  3.800000e+00
     vertex  0.000000e+00  8.228406e+00  3.757447e+00
   endloop
 endfacet
 facet normal -1.000000e+00  0.000000e+00  0.000000e+00
   outer loop
     vertex  0.000000e+00  8.686740e+00  3.119149e+00
     vertex  0.000000e+00  8.645073e+00  3.331915e+00
     vertex  0.000000e+00  9.020073e+00  3.800000e+00
   endloop
 endfacet
 facet normal -1.000000e+00  0.000000e+00  0.000000e+00
   outer loop
     vertex  0.000000e+00  9.936740e+00  1.800000e+00
     vertex  0.000000e+00  1.093674e+01  2.055319e+00
     vertex  0.000000e+00  1.093674e+01  1.800000e+00
   endloop
 endfacet
 facet normal -1.000000e+00  0.000000e+00  0.000000e+00
   outer loop
     vertex  0.000000e+00  9.936740e+00  1.800000e+00
     vertex  0.000000e+00  1.093674e+01  1.800000e+00
     vertex  0.000000e+00  1.565341e+01  1.000000e+00
   endloop
 endfacet
 facet normal -1.000000e+00  0.000000e+00  0.000000e+00
   outer loop
     vertex  0.000000e+00  9.936740e+00  1.800000e+00
     vertex  0.000000e+00  9.936740e+00  2.821277e+00
     vertex  0.000000e+00  1.093674e+01  2.055319e+00
   endloop
 endfacet
 facet normal -1.000000e+00  0.000000e+00  0.000000e+00
   outer loop
     vertex  0.000000e+00  8.395073e+00  3.289362e+00
     vertex  0.000000e+00  8.186740e+00  3.502128e+00
     vertex  0.000000e+00  8.311740e+00  3.417021e+00
   endloop
 endfacet
 facet normal -1.000000e+00  0.000000e+00  0.000000e+00
   outer loop
     vertex  0.000000e+00  8.686740e+00  2.480851e+00
     vertex  0.000000e+00  9.686740e+00  2.821277e+00
     vertex  0.000000e+00  9.686740e+00  1.800000e+00
   endloop
 endfacet
 facet normal -1.000000e+00  0.000000e+00  0.000000e+00
   outer loop
     vertex  0.000000e+00  8.686740e+00  2.480851e+00
     vertex  0.000000e+00  8.686740e+00  3.119149e+00
     vertex  0.000000e+00  9.686740e+00  2.821277e+00
   endloop
 endfacet
 facet normal -1.000000e+00  0.000000e+00  0.000000e+00
   outer loop
     vertex  0.000000e+00  8.645073e+00  2.268085e+00
     vertex  0.000000e+00  8.686740e+00  2.480851e+00
     vertex  0.000000e+00  9.686740e+00  1.800000e+00
   endloop
 endfacet
 facet normal -1.000000e+00  0.000000e+00  0.000000e+00
   outer loop
     vertex  0.000000e+00  8.561740e+00  2.097872e+00
     vertex  0.000000e+00  8.645073e+00  2.268085e+00
     vertex  0.000000e+00  9.686740e+00  1.800000e+00
   endloop
 endfacet
 facet normal -1.000000e+00  0.000000e+00  0.000000e+00
   outer loop
     vertex  0.000000e+00  7.311740e+00  3.289362e+00
     vertex  0.000000e+00  7.353406e+00  3.417021e+00
     vertex  0.000000e+00  7.478406e+00  3.502128e+00
   endloop
 endfacet
 facet normal -1.000000e+00  0.000000e+00  0.000000e+00
   outer loop
     vertex  0.000000e+00  7.686740e+00  2.906383e+00
     vertex  0.000000e+00  7.311740e+00  3.289362e+00
     vertex  0.000000e+00  7.478406e+00  3.502128e+00
   endloop
 endfacet
 facet normal -1.000000e+00  0.000000e+00  0.000000e+00
   outer loop
     vertex  0.000000e+00  7.686740e+00  2.906383e+00
     vertex  0.000000e+00  8.436740e+00  3.119149e+00
     vertex  0.000000e+00  8.436740e+00  2.480851e+00
   endloop
 endfacet
 facet normal -1.000000e+00  0.000000e+00  0.000000e+00
   outer loop
     vertex  0.000000e+00  7.686740e+00  2.906383e+00
     vertex  0.000000e+00  8.395073e+00  3.289362e+00
     vertex  0.000000e+00  8.436740e+00  3.119149e+00
   endloop
 endfacet
 facet normal -1.000000e+00  0.000000e+00  0.000000e+00
   outer loop
     vertex  0.000000e+00  7.686740e+00  2.906383e+00
     vertex  0.000000e+00  8.020073e+00  3.544681e+00
     vertex  0.000000e+00  8.186740e+00  3.502128e+00
   endloop
 endfacet
 facet normal -1.000000e+00  0.000000e+00  0.000000e+00
   outer loop
     vertex  0.000000e+00  7.686740e+00  2.906383e+00
     vertex  0.000000e+00  7.645073e+00  3.544681e+00
     vertex  0.000000e+00  8.020073e+00  3.544681e+00
   endloop
 endfacet
 facet normal -1.000000e+00  0.000000e+00  0.000000e+00
   outer loop
     vertex  0.000000e+00  7.686740e+00  2.906383e+00
     vertex  0.000000e+00  7.478406e+00  3.502128e+00
     vertex  0.000000e+00  7.645073e+00  3.544681e+00
   endloop
 endfacet
 facet normal -1.000000e+00  0.000000e+00  0.000000e+00
   outer loop
     vertex  0.000000e+00  7.686740e+00  2.906383e+00
     vertex  0.000000e+00  8.186740e+00  3.502128e+00
     vertex  0.000000e+00  8.395073e+00  3.289362e+00
   endloop
 endfacet
 facet normal -1.000000e+00  0.000000e+00  0.000000e+00
   outer loop
     vertex  0.000000e+00  7.686740e+00  2.651064e+00
     vertex  0.000000e+00  7.686740e+00  2.906383e+00
     vertex  0.000000e+00  8.436740e+00  2.480851e+00
   endloop
 endfacet
 facet normal -1.000000e+00  0.000000e+00  0.000000e+00
   outer loop
     vertex  0.000000e+00  7.686740e+00  2.651064e+00
     vertex  0.000000e+00  8.436740e+00  2.480851e+00
     vertex  0.000000e+00  8.395073e+00  2.310638e+00
   endloop
 endfacet
 facet normal -1.000000e+00  0.000000e+00  0.000000e+00
   outer loop
     vertex  0.000000e+00  8.395073e+00  1.927660e+00
     vertex  0.000000e+00  8.561740e+00  2.097872e+00
     vertex  0.000000e+00  9.686740e+00  1.800000e+00
   endloop
 endfacet
 facet normal -1.000000e+00  0.000000e+00  0.000000e+00
   outer loop
     vertex  0.000000e+00  8.186740e+00  2.097872e+00
     vertex  0.000000e+00  7.686740e+00  2.651064e+00
     vertex  0.000000e+00  8.395073e+00  2.310638e+00
   endloop
 endfacet
 facet normal -1.000000e+00  0.000000e+00  0.000000e+00
   outer loop
     vertex  0.000000e+00  8.186740e+00  2.097872e+00
     vertex  0.000000e+00  8.395073e+00  2.310638e+00
     vertex  0.000000e+00  8.311740e+00  2.182979e+00
   endloop
 endfacet
 facet normal -1.000000e+00  0.000000e+00  0.000000e+00
   outer loop
     vertex  0.000000e+00  6.603406e+00  3.502128e+00
     vertex  0.000000e+00  6.436739e+00  3.672340e+00
     vertex  0.000000e+00  7.270073e+00  3.672340e+00
   endloop
 endfacet
 facet normal -1.000000e+00  0.000000e+00  0.000000e+00
   outer loop
     vertex  0.000000e+00  6.603406e+00  3.502128e+00
     vertex  0.000000e+00  7.270073e+00  3.672340e+00
     vertex  0.000000e+00  7.103406e+00  3.502128e+00
   endloop
 endfacet
 facet normal -1.000000e+00  0.000000e+00  0.000000e+00
   outer loop
     vertex  0.000000e+00  8.020073e+00  2.055319e+00
     vertex  0.000000e+00  7.686740e+00  2.651064e+00
     vertex  0.000000e+00  8.186740e+00  2.097872e+00
   endloop
 endfacet
 facet normal -1.000000e+00  0.000000e+00  0.000000e+00
   outer loop
     vertex  0.000000e+00  8.228406e+00  1.842553e+00
     vertex  0.000000e+00  8.395073e+00  1.927660e+00
     vertex  0.000000e+00  9.686740e+00  1.800000e+00
   endloop
 endfacet
 facet normal -1.000000e+00  0.000000e+00  0.000000e+00
   outer loop
     vertex  0.000000e+00  6.270073e+00  3.757447e+00
     vertex  0.000000e+00  7.270073e+00  3.672340e+00
     vertex  0.000000e+00  6.436739e+00  3.672340e+00
   endloop
 endfacet
 facet normal -1.000000e+00  0.000000e+00  0.000000e+00
   outer loop
     vertex  0.000000e+00  6.270073e+00  3.757447e+00
     vertex  0.000000e+00  7.436740e+00  3.757447e+00
     vertex  0.000000e+00  7.270073e+00  3.672340e+00
   endloop
 endfacet
 facet normal -1.000000e+00  0.000000e+00  0.000000e+00
   outer loop
     vertex  0.000000e+00  6.270073e+00  3.757447e+00
     vertex  0.000000e+00  7.645073e+00  3.800000e+00
     vertex  0.000000e+00  7.436740e+00  3.757447e+00
   endloop
 endfacet
 facet normal -1.000000e+00  0.000000e+00  0.000000e+00
   outer loop
     vertex  0.000000e+00  6.686739e+00  3.331915e+00
     vertex  0.000000e+00  6.603406e+00  3.502128e+00
     vertex  0.000000e+00  7.103406e+00  3.502128e+00
   endloop
 endfacet
 facet normal -1.000000e+00  0.000000e+00  0.000000e+00
   outer loop
     vertex  0.000000e+00  6.686739e+00  3.331915e+00
     vertex  0.000000e+00  7.103406e+00  3.502128e+00
     vertex  0.000000e+00  7.061740e+00  3.289362e+00
   endloop
 endfacet
 facet normal -1.000000e+00  0.000000e+00  0.000000e+00
   outer loop
     vertex  0.000000e+00  7.061740e+00  2.906383e+00
     vertex  0.000000e+00  7.311740e+00  3.289362e+00
     vertex  0.000000e+00  7.686740e+00  2.906383e+00
   endloop
 endfacet
 facet normal -1.000000e+00  0.000000e+00  0.000000e+00
   outer loop
     vertex  0.000000e+00  7.061740e+00  2.906383e+00
     vertex  0.000000e+00  7.061740e+00  3.289362e+00
     vertex  0.000000e+00  7.311740e+00  3.289362e+00
   endloop
 endfacet
 facet normal -1.000000e+00  0.000000e+00  0.000000e+00
   outer loop
     vertex  0.000000e+00  6.061739e+00  3.800000e+00
     vertex  0.000000e+00  7.645073e+00  3.800000e+00
     vertex  0.000000e+00  6.270073e+00  3.757447e+00
   endloop
 endfacet
 facet normal -1.000000e+00  0.000000e+00  0.000000e+00
   outer loop
     vertex  0.000000e+00  6.728406e+00  3.119149e+00
     vertex  0.000000e+00  6.686739e+00  3.331915e+00
     vertex  0.000000e+00  7.061740e+00  3.289362e+00
   endloop
 endfacet
 facet normal -1.000000e+00  0.000000e+00  0.000000e+00
   outer loop
     vertex  0.000000e+00  6.728406e+00  3.119149e+00
     vertex  0.000000e+00  7.061740e+00  3.289362e+00
     vertex  0.000000e+00  7.061740e+00  2.906383e+00
   endloop
 endfacet
 facet normal -1.000000e+00  0.000000e+00  0.000000e+00
   outer loop
     vertex  0.000000e+00  8.020073e+00  1.800000e+00
     vertex  0.000000e+00  8.228406e+00  1.842553e+00
     vertex  0.000000e+00  9.686740e+00  1.800000e+00
   endloop
 endfacet
 facet normal -1.000000e+00  0.000000e+00  0.000000e+00
   outer loop
     vertex  0.000000e+00  7.645073e+00  2.055319e+00
     vertex  0.000000e+00  7.686740e+00  2.651064e+00
     vertex  0.000000e+00  8.020073e+00  2.055319e+00
   endloop
 endfacet
 facet normal -1.000000e+00  0.000000e+00  0.000000e+00
   outer loop
     vertex  0.000000e+00  7.311740e+00  2.310638e+00
     vertex  0.000000e+00  7.311740e+00  2.651064e+00
     vertex  0.000000e+00  7.686740e+00  2.651064e+00
   endloop
 endfacet
 facet normal -1.000000e+00  0.000000e+00  0.000000e+00
   outer loop
     vertex  0.000000e+00  7.478406e+00  2.097872e+00
     vertex  0.000000e+00  7.686740e+00  2.651064e+00
     vertex  0.000000e+00  7.645073e+00  2.055319e+00
   endloop
 endfacet
 facet normal -1.000000e+00  0.000000e+00  0.000000e+00
   outer loop
     vertex  0.000000e+00  7.478406e+00  2.097872e+00
     vertex  0.000000e+00  7.311740e+00  2.310638e+00
     vertex  0.000000e+00  7.686740e+00  2.651064e+00
   endloop
 endfacet
 facet normal -1.000000e+00  0.000000e+00  0.000000e+00
   outer loop
     vertex  0.000000e+00  7.353406e+00  2.182979e+00
     vertex  0.000000e+00  7.311740e+00  2.310638e+00
     vertex  0.000000e+00  7.478406e+00  2.097872e+00
   endloop
 endfacet
 facet normal -1.000000e+00  0.000000e+00  0.000000e+00
   outer loop
     vertex  0.000000e+00  6.728406e+00  2.480851e+00
     vertex  0.000000e+00  6.728406e+00  3.119149e+00
     vertex  0.000000e+00  7.061740e+00  2.906383e+00
   endloop
 endfacet
 facet normal -1.000000e+00  0.000000e+00  0.000000e+00
   outer loop
     vertex  0.000000e+00  6.686739e+00  2.268085e+00
     vertex  0.000000e+00  6.728406e+00  2.480851e+00
     vertex  0.000000e+00  7.061740e+00  2.268085e+00
   endloop
 endfacet
 facet normal -1.000000e+00  0.000000e+00  0.000000e+00
   outer loop
     vertex  0.000000e+00  6.686739e+00  2.268085e+00
     vertex  0.000000e+00  7.061740e+00  2.268085e+00
     vertex  0.000000e+00  7.103406e+00  2.097872e+00
   endloop
 endfacet
 facet normal -1.000000e+00  0.000000e+00  0.000000e+00
   outer loop
     vertex  0.000000e+00  6.603406e+00  2.097872e+00
     vertex  0.000000e+00  7.103406e+00  2.097872e+00
     vertex  0.000000e+00  7.270073e+00  1.927660e+00
   endloop
 endfacet
 facet normal -1.000000e+00  0.000000e+00  0.000000e+00
   outer loop
     vertex  0.000000e+00  6.603406e+00  2.097872e+00
     vertex  0.000000e+00  6.686739e+00  2.268085e+00
     vertex  0.000000e+00  7.103406e+00  2.097872e+00
   endloop
 endfacet
 facet normal -1.000000e+00  0.000000e+00  0.000000e+00
   outer loop
     vertex  0.000000e+00  6.436739e+00  1.927660e+00
     vertex  0.000000e+00  6.603406e+00  2.097872e+00
     vertex  0.000000e+00  7.270073e+00  1.927660e+00
   endloop
 endfacet
 facet normal -1.000000e+00  0.000000e+00  0.000000e+00
   outer loop
     vertex  0.000000e+00  6.270073e+00  1.842553e+00
     vertex  0.000000e+00  7.436740e+00  1.842553e+00
     vertex  0.000000e+00  7.645073e+00  1.800000e+00
   endloop
 endfacet
 facet normal -1.000000e+00  0.000000e+00  0.000000e+00
   outer loop
     vertex  0.000000e+00  6.270073e+00  1.842553e+00
     vertex  0.000000e+00  7.270073e+00  1.927660e+00
     vertex  0.000000e+00  7.436740e+00  1.842553e+00
   endloop
 endfacet
 facet normal -1.000000e+00  0.000000e+00  0.000000e+00
   outer loop
     vertex  0.000000e+00  6.270073e+00  1.842553e+00
     vertex  0.000000e+00  6.436739e+00  1.927660e+00
     vertex  0.000000e+00  7.270073e+00  1.927660e+00
   endloop
 endfacet
 facet normal -1.000000e+00  0.000000e+00  0.000000e+00
   outer loop
     vertex  0.000000e+00  6.061739e+00  1.800000e+00
     vertex  0.000000e+00  6.270073e+00  1.842553e+00
     vertex  0.000000e+00  7.645073e+00  1.800000e+00
   endloop
 endfacet
 facet normal -1.000000e+00  0.000000e+00  0.000000e+00
   outer loop
     vertex  0.000000e+00  4.401267e+00  2.400000e+00
     vertex  0.000000e+00  5.103406e+00  2.268085e+00
     vertex  0.000000e+00  5.186739e+00  2.097872e+00
   endloop
 endfacet
 facet normal -1.000000e+00  0.000000e+00  0.000000e+00
   outer loop
     vertex  0.000000e+00  4.401267e+00  2.400000e+00
     vertex  0.000000e+00  5.061739e+00  2.480851e+00
     vertex  0.000000e+00  5.103406e+00  2.268085e+00
   endloop
 endfacet
 facet normal -1.000000e+00  0.000000e+00  0.000000e+00
   outer loop
     vertex  0.000000e+00  4.401267e+00  2.400000e+00
     vertex  0.000000e+00  5.061739e+00  3.119149e+00
     vertex  0.000000e+00  5.061739e+00  2.480851e+00
   endloop
 endfacet
 facet normal -1.000000e+00  0.000000e+00  0.000000e+00
   outer loop
     vertex  0.000000e+00  4.401267e+00  2.400000e+00
     vertex  0.000000e+00  5.103406e+00  3.331915e+00
     vertex  0.000000e+00  5.061739e+00  3.119149e+00
   endloop
 endfacet
 facet normal -1.000000e+00  0.000000e+00  0.000000e+00
   outer loop
     vertex  0.000000e+00  1.500000e+00  4.500000e+00
     vertex  0.000000e+00  5.520073e+00  3.757447e+00
     vertex  0.000000e+00  5.353406e+00  3.672340e+00
   endloop
 endfacet
 facet normal -1.000000e+00  0.000000e+00  0.000000e+00
   outer loop
     vertex  0.000000e+00  1.500000e+00  4.500000e+00
     vertex  0.000000e+00  5.728406e+00  3.800000e+00
     vertex  0.000000e+00  5.520073e+00  3.757447e+00
   endloop
 endfacet
 facet normal -1.000000e+00  0.000000e+00  0.000000e+00
   outer loop
     vertex  0.000000e+00  1.500000e+00  4.500000e+00
     vertex  0.000000e+00  6.061739e+00  3.800000e+00
     vertex  0.000000e+00  5.728406e+00  3.800000e+00
   endloop
 endfacet
 facet normal -1.000000e+00  0.000000e+00  0.000000e+00
   outer loop
     vertex  0.000000e+00  1.500000e+00  4.500000e+00
     vertex  0.000000e+00  5.103406e+00  3.331915e+00
     vertex  0.000000e+00  4.401267e+00  2.400000e+00
   endloop
 endfacet
 facet normal -1.000000e+00  0.000000e+00  0.000000e+00
   outer loop
     vertex  0.000000e+00  1.500000e+00  4.500000e+00
     vertex  0.000000e+00  1.277007e+01  3.800000e+00
     vertex  0.000000e+00  1.243674e+01  3.800000e+00
   endloop
 endfacet
 facet normal -1.000000e+00  0.000000e+00  0.000000e+00
   outer loop
     vertex  0.000000e+00  1.500000e+00  4.500000e+00
     vertex  0.000000e+00  1.485341e+01  3.800000e+00
     vertex  0.000000e+00  1.460341e+01  3.800000e+00
   endloop
 endfacet
 facet normal -1.000000e+00  0.000000e+00  0.000000e+00
   outer loop
     vertex  0.000000e+00  1.500000e+00  4.500000e+00
     vertex  0.000000e+00  5.728200e+01  4.500000e+00
     vertex  0.000000e+00  1.485341e+01  3.800000e+00
   endloop
 endfacet
 facet normal -1.000000e+00  0.000000e+00  0.000000e+00
   outer loop
     vertex  0.000000e+00  1.500000e+00  4.500000e+00
     vertex  0.000000e+00  1.302007e+01  3.800000e+00
     vertex  0.000000e+00  1.277007e+01  3.800000e+00
   endloop
 endfacet
 facet normal -1.000000e+00  0.000000e+00  0.000000e+00
   outer loop
     vertex  0.000000e+00  1.500000e+00  4.500000e+00
     vertex  0.000000e+00  1.460341e+01  3.800000e+00
     vertex  0.000000e+00  1.302007e+01  3.800000e+00
   endloop
 endfacet
 facet normal -1.000000e+00  0.000000e+00  0.000000e+00
   outer loop
     vertex  0.000000e+00  1.500000e+00  4.500000e+00
     vertex  0.000000e+00  1.243674e+01  3.800000e+00
     vertex  0.000000e+00  1.218674e+01  3.800000e+00
   endloop
 endfacet
 facet normal -1.000000e+00  0.000000e+00  0.000000e+00
   outer loop
     vertex  0.000000e+00  1.500000e+00  4.500000e+00
     vertex  0.000000e+00  9.270073e+00  3.800000e+00
     vertex  0.000000e+00  9.020073e+00  3.800000e+00
   endloop
 endfacet
 facet normal -1.000000e+00  0.000000e+00  0.000000e+00
   outer loop
     vertex  0.000000e+00  1.500000e+00  4.500000e+00
     vertex  0.000000e+00  1.060341e+01  3.800000e+00
     vertex  0.000000e+00  1.035341e+01  3.800000e+00
   endloop
 endfacet
 facet normal -1.000000e+00  0.000000e+00  0.000000e+00
   outer loop
     vertex  0.000000e+00  1.500000e+00  4.500000e+00
     vertex  0.000000e+00  1.218674e+01  3.800000e+00
     vertex  0.000000e+00  1.060341e+01  3.800000e+00
   endloop
 endfacet
 facet normal -1.000000e+00  0.000000e+00  0.000000e+00
   outer loop
     vertex  0.000000e+00  1.500000e+00  4.500000e+00
     vertex  0.000000e+00  7.645073e+00  3.800000e+00
     vertex  0.000000e+00  6.061739e+00  3.800000e+00
   endloop
 endfacet
 facet normal -1.000000e+00  0.000000e+00  0.000000e+00
   outer loop
     vertex  0.000000e+00  1.500000e+00  4.500000e+00
     vertex  0.000000e+00  1.035341e+01  3.800000e+00
     vertex  0.000000e+00  9.270073e+00  3.800000e+00
   endloop
 endfacet
 facet normal -1.000000e+00  0.000000e+00  0.000000e+00
   outer loop
     vertex  0.000000e+00  1.500000e+00  4.500000e+00
     vertex  0.000000e+00  8.020073e+00  3.800000e+00
     vertex  0.000000e+00  7.645073e+00  3.800000e+00
   endloop
 endfacet
 facet normal -1.000000e+00  0.000000e+00  0.000000e+00
   outer loop
     vertex  0.000000e+00  1.500000e+00  4.500000e+00
     vertex  0.000000e+00  9.020073e+00  3.800000e+00
     vertex  0.000000e+00  8.020073e+00  3.800000e+00
   endloop
 endfacet
 facet normal -1.000000e+00  0.000000e+00  0.000000e+00
   outer loop
     vertex  0.000000e+00  1.500000e+00  4.500000e+00
     vertex  0.000000e+00  5.186739e+00  3.502128e+00
     vertex  0.000000e+00  5.103406e+00  3.331915e+00
   endloop
 endfacet
 facet normal -1.000000e+00  0.000000e+00  0.000000e+00
   outer loop
     vertex  0.000000e+00  1.500000e+00  4.500000e+00
     vertex  0.000000e+00  5.353406e+00  3.672340e+00
     vertex  0.000000e+00  5.186739e+00  3.502128e+00
   endloop
 endfacet
 facet normal -1.000000e+00  0.000000e+00  0.000000e+00
   outer loop
     vertex  0.000000e+00  4.401267e+00  1.000000e+00
     vertex  0.000000e+00  9.686740e+00  1.800000e+00
     vertex  0.000000e+00  9.936740e+00  1.800000e+00
   endloop
 endfacet
 facet normal -1.000000e+00  0.000000e+00  0.000000e+00
   outer loop
     vertex  0.000000e+00  4.401267e+00  1.000000e+00
     vertex  0.000000e+00  8.020073e+00  1.800000e+00
     vertex  0.000000e+00  9.686740e+00  1.800000e+00
   endloop
 endfacet
 facet normal -1.000000e+00  0.000000e+00  0.000000e+00
   outer loop
     vertex  0.000000e+00  4.401267e+00  1.000000e+00
     vertex  0.000000e+00  9.936740e+00  1.800000e+00
     vertex  0.000000e+00  1.565341e+01  1.000000e+00
   endloop
 endfacet
 facet normal -1.000000e+00  0.000000e+00  0.000000e+00
   outer loop
     vertex  0.000000e+00  4.401267e+00  1.000000e+00
     vertex  0.000000e+00  4.401267e+00  2.400000e+00
     vertex  0.000000e+00  5.186739e+00  2.097872e+00
   endloop
 endfacet
 facet normal -1.000000e+00  0.000000e+00  0.000000e+00
   outer loop
     vertex  0.000000e+00  4.401267e+00  1.000000e+00
     vertex  0.000000e+00  7.645073e+00  1.800000e+00
     vertex  0.000000e+00  8.020073e+00  1.800000e+00
   endloop
 endfacet
 facet normal -1.000000e+00  0.000000e+00  0.000000e+00
   outer loop
     vertex  0.000000e+00  4.401267e+00  1.000000e+00
     vertex  0.000000e+00  5.728406e+00  1.800000e+00
     vertex  0.000000e+00  6.061739e+00  1.800000e+00
   endloop
 endfacet
 facet normal -1.000000e+00  0.000000e+00  0.000000e+00
   outer loop
     vertex  0.000000e+00  4.401267e+00  1.000000e+00
     vertex  0.000000e+00  5.520073e+00  1.842553e+00
     vertex  0.000000e+00  5.728406e+00  1.800000e+00
   endloop
 endfacet
 facet normal -1.000000e+00  0.000000e+00  0.000000e+00
   outer loop
     vertex  0.000000e+00  4.401267e+00  1.000000e+00
     vertex  0.000000e+00  5.353406e+00  1.927660e+00
     vertex  0.000000e+00  5.520073e+00  1.842553e+00
   endloop
 endfacet
 facet normal -1.000000e+00  0.000000e+00  0.000000e+00
   outer loop
     vertex  0.000000e+00  4.401267e+00  1.000000e+00
     vertex  0.000000e+00  5.186739e+00  2.097872e+00
     vertex  0.000000e+00  5.353406e+00  1.927660e+00
   endloop
 endfacet
 facet normal -1.000000e+00  0.000000e+00  0.000000e+00
   outer loop
     vertex  0.000000e+00  4.401267e+00  1.000000e+00
     vertex  0.000000e+00  6.061739e+00  1.800000e+00
     vertex  0.000000e+00  7.645073e+00  1.800000e+00
   endloop
 endfacet
 facet normal -1.000000e+00  0.000000e+00  0.000000e+00
   outer loop
     vertex  0.000000e+00  1.500000e+00  2.400000e+00
     vertex  0.000000e+00  1.500000e+00  4.500000e+00
     vertex  0.000000e+00  4.401267e+00  2.400000e+00
   endloop
 endfacet
 facet normal -1.000000e+00  0.000000e+00  0.000000e+00
   outer loop
     vertex  0.000000e+00  1.485341e+01  3.800000e+00
     vertex  0.000000e+00  1.565341e+01  2.500000e+00
     vertex  0.000000e+00  1.485341e+01  1.800000e+00
   endloop
 endfacet
 facet normal -1.000000e+00  0.000000e+00  0.000000e+00
   outer loop
     vertex  0.000000e+00  1.302007e+01  3.800000e+00
     vertex  0.000000e+00  1.335341e+01  2.055319e+00
     vertex  0.000000e+00  1.302007e+01  1.800000e+00
   endloop
 endfacet
 facet normal -1.000000e+00  0.000000e+00  0.000000e+00
   outer loop
     vertex  0.000000e+00  1.243674e+01  3.800000e+00
     vertex  0.000000e+00  1.277007e+01  1.800000e+00
     vertex  0.000000e+00  1.243674e+01  1.800000e+00
   endloop
 endfacet
 facet normal -1.000000e+00  0.000000e+00  0.000000e+00
   outer loop
     vertex  0.000000e+00  1.243674e+01  3.800000e+00
     vertex  0.000000e+00  1.277007e+01  3.800000e+00
     vertex  0.000000e+00  1.277007e+01  1.800000e+00
   endloop
 endfacet
 facet normal -1.000000e+00  0.000000e+00  0.000000e+00
   outer loop
     vertex  0.000000e+00  9.686740e+00  2.821277e+00
     vertex  0.000000e+00  8.686740e+00  3.119149e+00
     vertex  0.000000e+00  9.020073e+00  3.800000e+00
   endloop
 endfacet
 facet normal -1.000000e+00  0.000000e+00  0.000000e+00
   outer loop
     vertex  0.000000e+00  7.061740e+00  2.268085e+00
     vertex  0.000000e+00  6.728406e+00  2.480851e+00
     vertex  0.000000e+00  7.061740e+00  2.906383e+00
   endloop
 endfacet
 facet normal -1.000000e+00  0.000000e+00  0.000000e+00
   outer loop
     vertex  0.000000e+00  6.436739e+00  3.289362e+00
     vertex  0.000000e+00  6.228406e+00  3.502128e+00
     vertex  0.000000e+00  6.353406e+00  3.417021e+00
   endloop
 endfacet
 facet normal -1.000000e+00  0.000000e+00  0.000000e+00
   outer loop
     vertex  0.000000e+00  6.061739e+00  3.544681e+00
     vertex  0.000000e+00  6.228406e+00  3.502128e+00
     vertex  0.000000e+00  6.436739e+00  3.289362e+00
   endloop
 endfacet
 facet normal -1.000000e+00  0.000000e+00  0.000000e+00
   outer loop
     vertex  0.000000e+00  6.478406e+00  3.119149e+00
     vertex  0.000000e+00  6.061739e+00  3.544681e+00
     vertex  0.000000e+00  6.436739e+00  3.289362e+00
   endloop
 endfacet
 facet normal -1.000000e+00  0.000000e+00  0.000000e+00
   outer loop
     vertex  0.000000e+00  5.728406e+00  3.544681e+00
     vertex  0.000000e+00  6.061739e+00  3.544681e+00
     vertex  0.000000e+00  6.478406e+00  3.119149e+00
   endloop
 endfacet
 facet normal -1.000000e+00  0.000000e+00  0.000000e+00
   outer loop
     vertex  0.000000e+00  5.353406e+00  3.289362e+00
     vertex  0.000000e+00  5.561739e+00  3.502128e+00
     vertex  0.000000e+00  5.728406e+00  3.544681e+00
   endloop
 endfacet
 facet normal -1.000000e+00  0.000000e+00  0.000000e+00
   outer loop
     vertex  0.000000e+00  5.353406e+00  3.289362e+00
     vertex  0.000000e+00  5.436739e+00  3.417021e+00
     vertex  0.000000e+00  5.561739e+00  3.502128e+00
   endloop
 endfacet
 facet normal -1.000000e+00  0.000000e+00  0.000000e+00
   outer loop
     vertex  0.000000e+00  5.311739e+00  3.119149e+00
     vertex  0.000000e+00  5.728406e+00  3.544681e+00
     vertex  0.000000e+00  6.478406e+00  3.119149e+00
   endloop
 endfacet
 facet normal -1.000000e+00  0.000000e+00  0.000000e+00
   outer loop
     vertex  0.000000e+00  5.311739e+00  3.119149e+00
     vertex  0.000000e+00  5.353406e+00  3.289362e+00
     vertex  0.000000e+00  5.728406e+00  3.544681e+00
   endloop
 endfacet
 facet normal -1.000000e+00  0.000000e+00  0.000000e+00
   outer loop
     vertex  0.000000e+00  6.228406e+00  2.097872e+00
     vertex  0.000000e+00  6.436739e+00  2.310638e+00
     vertex  0.000000e+00  6.353406e+00  2.182979e+00
   endloop
 endfacet
 facet normal -1.000000e+00  0.000000e+00  0.000000e+00
   outer loop
     vertex  0.000000e+00  6.061739e+00  2.055319e+00
     vertex  0.000000e+00  6.478406e+00  2.480851e+00
     vertex  0.000000e+00  6.436739e+00  2.310638e+00
   endloop
 endfacet
 facet normal -1.000000e+00  0.000000e+00  0.000000e+00
   outer loop
     vertex  0.000000e+00  6.061739e+00  2.055319e+00
     vertex  0.000000e+00  6.436739e+00  2.310638e+00
     vertex  0.000000e+00  6.228406e+00  2.097872e+00
   endloop
 endfacet
 facet normal -1.000000e+00  0.000000e+00  0.000000e+00
   outer loop
     vertex  0.000000e+00  5.311739e+00  2.480851e+00
     vertex  0.000000e+00  6.478406e+00  3.119149e+00
     vertex  0.000000e+00  6.478406e+00  2.480851e+00
   endloop
 endfacet
 facet normal -1.000000e+00  0.000000e+00  0.000000e+00
   outer loop
     vertex  0.000000e+00  5.311739e+00  2.480851e+00
     vertex  0.000000e+00  5.311739e+00  3.119149e+00
     vertex  0.000000e+00  6.478406e+00  3.119149e+00
   endloop
 endfacet
 facet normal -1.000000e+00  0.000000e+00  0.000000e+00
   outer loop
     vertex  0.000000e+00  5.728406e+00  2.055319e+00
     vertex  0.000000e+00  5.311739e+00  2.480851e+00
     vertex  0.000000e+00  6.478406e+00  2.480851e+00
   endloop
 endfacet
 facet normal -1.000000e+00  0.000000e+00  0.000000e+00
   outer loop
     vertex  0.000000e+00  5.728406e+00  2.055319e+00
     vertex  0.000000e+00  6.478406e+00  2.480851e+00
     vertex  0.000000e+00  6.061739e+00  2.055319e+00
   endloop
 endfacet
 facet normal -1.000000e+00  0.000000e+00  0.000000e+00
   outer loop
     vertex  0.000000e+00  5.353406e+00  2.310638e+00
     vertex  0.000000e+00  5.311739e+00  2.480851e+00
     vertex  0.000000e+00  5.728406e+00  2.055319e+00
   endloop
 endfacet
 facet normal -1.000000e+00  0.000000e+00  0.000000e+00
   outer loop
     vertex  0.000000e+00  5.561739e+00  2.097872e+00
     vertex  0.000000e+00  5.353406e+00  2.310638e+00
     vertex  0.000000e+00  5.728406e+00  2.055319e+00
   endloop
 endfacet
 facet normal -1.000000e+00  0.000000e+00  0.000000e+00
   outer loop
     vertex  0.000000e+00  5.436739e+00  2.182979e+00
     vertex  0.000000e+00  5.353406e+00  2.310638e+00
     vertex  0.000000e+00  5.561739e+00  2.097872e+00
   endloop
 endfacet
 facet normal  0.000000e+00 -0.000000e+00 -1.000000e+00
   outer loop
     vertex  4.694751e+00  3.218368e+01  2.500000e+00
     vertex  4.694751e+00  1.565341e+01  2.500000e+00
     vertex  0.000000e+00  1.565341e+01  2.500000e+00
   endloop
 endfacet
 facet normal  0.000000e+00  0.000000e+00 -1.000000e+00
   outer loop
     vertex  2.079525e+01  3.218368e+01  2.500000e+00
     vertex  2.549000e+01  1.565341e+01  2.500000e+00
     vertex  2.079525e+01  1.565341e+01  2.500000e+00
   endloop
 endfacet
 facet normal  0.000000e+00  0.000000e+00 -1.000000e+00
   outer loop
     vertex  0.000000e+00  5.521341e+01  2.500000e+00
     vertex  4.707287e+00  3.229494e+01  2.500000e+00
     vertex  4.694751e+00  3.218368e+01  2.500000e+00
   endloop
 endfacet
 facet normal  0.000000e+00  0.000000e+00 -1.000000e+00
   outer loop
     vertex  0.000000e+00  5.521341e+01  2.500000e+00
     vertex  4.744266e+00  3.240062e+01  2.500000e+00
     vertex  4.707287e+00  3.229494e+01  2.500000e+00
   endloop
 endfacet
 facet normal  0.000000e+00  0.000000e+00 -1.000000e+00
   outer loop
     vertex  0.000000e+00  5.521341e+01  2.500000e+00
     vertex  4.803835e+00  3.249542e+01  2.500000e+00
     vertex  4.744266e+00  3.240062e+01  2.500000e+00
   endloop
 endfacet
 facet normal  0.000000e+00  0.000000e+00 -1.000000e+00
   outer loop
     vertex  0.000000e+00  5.521341e+01  2.500000e+00
     vertex  4.883006e+00  3.257459e+01  2.500000e+00
     vertex  4.803835e+00  3.249542e+01  2.500000e+00
   endloop
 endfacet
 facet normal  0.000000e+00  0.000000e+00 -1.000000e+00
   outer loop
     vertex  0.000000e+00  5.521341e+01  2.500000e+00
     vertex  4.977809e+00  3.263416e+01  2.500000e+00
     vertex  4.883006e+00  3.257459e+01  2.500000e+00
   endloop
 endfacet
 facet normal  0.000000e+00  0.000000e+00 -1.000000e+00
   outer loop
     vertex  0.000000e+00  5.521341e+01  2.500000e+00
     vertex  5.083490e+00  3.267114e+01  2.500000e+00
     vertex  4.977809e+00  3.263416e+01  2.500000e+00
   endloop
 endfacet
 facet normal  0.000000e+00  0.000000e+00 -1.000000e+00
   outer loop
     vertex  0.000000e+00  5.521341e+01  2.500000e+00
     vertex  5.194751e+00  3.268368e+01  2.500000e+00
     vertex  5.083490e+00  3.267114e+01  2.500000e+00
   endloop
 endfacet
 facet normal  0.000000e+00  0.000000e+00 -1.000000e+00
   outer loop
     vertex  0.000000e+00  5.521341e+01  2.500000e+00
     vertex  2.029525e+01  3.268368e+01  2.500000e+00
     vertex  5.194751e+00  3.268368e+01  2.500000e+00
   endloop
 endfacet
 facet normal  0.000000e+00  0.000000e+00 -1.000000e+00
   outer loop
     vertex  0.000000e+00  5.521341e+01  2.500000e+00
     vertex  4.694751e+00  3.218368e+01  2.500000e+00
     vertex  0.000000e+00  1.565341e+01  2.500000e+00
   endloop
 endfacet
 facet normal  0.000000e+00  0.000000e+00 -1.000000e+00
   outer loop
     vertex  2.549000e+01  5.521341e+01  2.500000e+00
     vertex  2.040651e+01  3.267114e+01  2.500000e+00
     vertex  2.029525e+01  3.268368e+01  2.500000e+00
   endloop
 endfacet
 facet normal  0.000000e+00  0.000000e+00 -1.000000e+00
   outer loop
     vertex  2.549000e+01  5.521341e+01  2.500000e+00
     vertex  2.051219e+01  3.263416e+01  2.500000e+00
     vertex  2.040651e+01  3.267114e+01  2.500000e+00
   endloop
 endfacet
 facet normal  0.000000e+00  0.000000e+00 -1.000000e+00
   outer loop
     vertex  2.549000e+01  5.521341e+01  2.500000e+00
     vertex  2.060699e+01  3.257459e+01  2.500000e+00
     vertex  2.051219e+01  3.263416e+01  2.500000e+00
   endloop
 endfacet
 facet normal  0.000000e+00  0.000000e+00 -1.000000e+00
   outer loop
     vertex  2.549000e+01  5.521341e+01  2.500000e+00
     vertex  2.068617e+01  3.249542e+01  2.500000e+00
     vertex  2.060699e+01  3.257459e+01  2.500000e+00
   endloop
 endfacet
 facet normal  0.000000e+00  0.000000e+00 -1.000000e+00
   outer loop
     vertex  2.549000e+01  5.521341e+01  2.500000e+00
     vertex  2.074573e+01  3.240062e+01  2.500000e+00
     vertex  2.068617e+01  3.249542e+01  2.500000e+00
   endloop
 endfacet
 facet normal  0.000000e+00  0.000000e+00 -1.000000e+00
   outer loop
     vertex  2.549000e+01  5.521341e+01  2.500000e+00
     vertex  2.078271e+01  3.229494e+01  2.500000e+00
     vertex  2.074573e+01  3.240062e+01  2.500000e+00
   endloop
 endfacet
 facet normal  0.000000e+00  0.000000e+00 -1.000000e+00
   outer loop
     vertex  2.549000e+01  5.521341e+01  2.500000e+00
     vertex  2.079525e+01  3.218368e+01  2.500000e+00
     vertex  2.078271e+01  3.229494e+01  2.500000e+00
   endloop
 endfacet
 facet normal -0.000000e+00  0.000000e+00 -1.000000e+00
   outer loop
     vertex  2.549000e+01  5.521341e+01  2.500000e+00
     vertex  2.029525e+01  3.268368e+01  2.500000e+00
     vertex  0.000000e+00  5.521341e+01  2.500000e+00
   endloop
 endfacet
 facet normal  0.000000e+00 -0.000000e+00 -1.000000e+00
   outer loop
     vertex  2.549000e+01  5.521341e+01  2.500000e+00
     vertex  2.549000e+01  1.565341e+01  2.500000e+00
     vertex  2.079525e+01  3.218368e+01  2.500000e+00
   endloop
 endfacet
 facet normal  0.000000e+00  1.000000e+00  0.000000e+00
   outer loop
     vertex  2.549000e+01  1.565341e+01  2.500000e+00
     vertex  2.079525e+01  1.565341e+01  1.000000e+00
     vertex  2.079525e+01  1.565341e+01  2.500000e+00
   endloop
 endfacet
 facet normal  0.000000e+00  1.000000e+00 -0.000000e+00
   outer loop
     vertex  2.549000e+01  1.565341e+01  1.000000e+00
     vertex  2.079525e+01  1.565341e+01  1.000000e+00
     vertex  2.549000e+01  1.565341e+01  2.500000e+00
   endloop
 endfacet
 facet normal -1.135113e-14  0.000000e+00 -1.000000e+00
   outer loop
     vertex  2.549000e+01  6.792522e+00  1.000000e+00
     vertex  2.079525e+01  1.565341e+01  1.000000e+00
     vertex  2.549000e+01  1.565341e+01  1.000000e+00
   endloop
 endfacet
 facet normal -1.135113e-14  0.000000e+00 -1.000000e+00
   outer loop
     vertex  2.549000e+01  6.792522e+00  1.000000e+00
     vertex  2.079525e+01  6.792522e+00  1.000000e+00
     vertex  2.079525e+01  1.565341e+01  1.000000e+00
   endloop
 endfacet
 facet normal  0.000000e+00 -1.000000e+00  0.000000e+00
   outer loop
     vertex  2.079525e+01  6.792522e+00  1.000000e+00
     vertex  2.549000e+01  6.792522e+00  1.000000e+00
     vertex  2.549000e+01  6.792522e+00  2.400000e+00
   endloop
 endfacet
 facet normal  0.000000e+00 -1.000000e+00  0.000000e+00
   outer loop
     vertex  2.079525e+01  6.792522e+00  2.400000e+00
     vertex  2.079525e+01  6.792522e+00  1.000000e+00
     vertex  2.549000e+01  6.792522e+00  2.400000e+00
   endloop
 endfacet
 facet normal  0.000000e+00  1.000000e+00  0.000000e+00
   outer loop
     vertex  4.694751e+00  1.565341e+01  1.000000e+00
     vertex  0.000000e+00  1.565341e+01  1.000000e+00
     vertex  0.000000e+00  1.565341e+01  2.500000e+00
   endloop
 endfacet
 facet normal  0.000000e+00  1.000000e+00 -0.000000e+00
   outer loop
     vertex  4.694751e+00  1.565341e+01  1.000000e+00
     vertex  0.000000e+00  1.565341e+01  2.500000e+00
     vertex  4.694751e+00  1.565341e+01  2.500000e+00
   endloop
 endfacet
 facet normal  1.135113e-14 -4.745557e-15 -1.000000e+00
   outer loop
     vertex  4.694751e+00  6.295406e+00  1.000000e+00
     vertex  0.000000e+00  1.565341e+01  1.000000e+00
     vertex  4.694751e+00  1.565341e+01  1.000000e+00
   endloop
 endfacet
 facet normal  1.137007e-14 -4.736051e-15 -1.000000e+00
   outer loop
     vertex  4.694751e+00  6.295406e+00  1.000000e+00
     vertex  0.000000e+00  4.401267e+00  1.000000e+00
     vertex  0.000000e+00  1.565341e+01  1.000000e+00
   endloop
 endfacet
 facet normal  9.047961e-15  1.019460e-15 -1.000000e+00
   outer loop
     vertex  4.707287e+00  6.184146e+00  1.000000e+00
     vertex  0.000000e+00  4.401267e+00  1.000000e+00
     vertex  4.694751e+00  6.295406e+00  1.000000e+00
   endloop
 endfacet
 facet normal  8.330094e-15  2.914826e-15 -1.000000e+00
   outer loop
     vertex  4.744266e+00  6.078464e+00  1.000000e+00
     vertex  0.000000e+00  4.401267e+00  1.000000e+00
     vertex  4.707287e+00  6.184146e+00  1.000000e+00
   endloop
 endfacet
 facet normal  7.659194e-15  4.812591e-15 -1.000000e+00
   outer loop
     vertex  4.803835e+00  5.983661e+00  1.000000e+00
     vertex  0.000000e+00  4.401267e+00  1.000000e+00
     vertex  4.744266e+00  6.078464e+00  1.000000e+00
   endloop
 endfacet
 facet normal  6.953857e-15  6.953857e-15 -1.000000e+00
   outer loop
     vertex  4.883006e+00  5.904490e+00  1.000000e+00
     vertex  0.000000e+00  4.401267e+00  1.000000e+00
     vertex  4.803835e+00  5.983661e+00  1.000000e+00
   endloop
 endfacet
 facet normal -1.072202e-13 -4.826820e-14 -1.000000e+00
   outer loop
     vertex  6.056376e+00  4.401267e+00  1.000000e+00
     vertex  5.083490e+00  5.807942e+00  1.000000e+00
     vertex  5.194751e+00  5.795406e+00  1.000000e+00
   endloop
 endfacet
 facet normal  1.195057e-14  3.415278e-14 -1.000000e+00
   outer loop
     vertex  6.056376e+00  4.401267e+00  1.000000e+00
     vertex  4.977809e+00  5.844922e+00  1.000000e+00
     vertex  5.083490e+00  5.807942e+00  1.000000e+00
   endloop
 endfacet
 facet normal  2.987321e-14  4.754294e-14 -1.000000e+00
   outer loop
     vertex  6.056376e+00  4.401267e+00  1.000000e+00
     vertex  4.883006e+00  5.904490e+00  1.000000e+00
     vertex  4.977809e+00  5.844922e+00  1.000000e+00
   endloop
 endfacet
 facet normal  1.319866e-15  2.525507e-14 -1.000000e+00
   outer loop
     vertex  6.056376e+00  4.401267e+00  1.000000e+00
     vertex  0.000000e+00  4.401267e+00  1.000000e+00
     vertex  4.883006e+00  5.904490e+00  1.000000e+00
   endloop
 endfacet
 facet normal  1.026807e-16  1.790814e-14 -1.000000e+00
   outer loop
     vertex  6.167636e+00  4.388731e+00  1.000000e+00
     vertex  5.194751e+00  5.795406e+00  1.000000e+00
     vertex  7.357228e+00  5.795406e+00  1.000000e+00
   endloop
 endfacet
 facet normal  2.179612e-15  1.934459e-14 -1.000000e+00
   outer loop
     vertex  6.167636e+00  4.388731e+00  1.000000e+00
     vertex  6.056376e+00  4.401267e+00  1.000000e+00
     vertex  5.194751e+00  5.795406e+00  1.000000e+00
   endloop
 endfacet
 facet normal  4.858895e-15  1.388592e-14 -1.000000e+00
   outer loop
     vertex  6.273318e+00  4.351752e+00  1.000000e+00
     vertex  6.167636e+00  4.388731e+00  1.000000e+00
     vertex  7.357228e+00  5.795406e+00  1.000000e+00
   endloop
 endfacet
 facet normal  0.000000e+00  0.000000e+00 -1.000000e+00
   outer loop
     vertex  7.668973e+00  5.686322e+00  1.000000e+00
     vertex  7.468489e+00  5.782870e+00  1.000000e+00
     vertex  7.574170e+00  5.745891e+00  1.000000e+00
   endloop
 endfacet
 facet normal  1.302634e-13  2.704947e-13 -1.000000e+00
   outer loop
     vertex  7.668973e+00  5.686322e+00  1.000000e+00
     vertex  7.357228e+00  5.795406e+00  1.000000e+00
     vertex  7.468489e+00  5.782870e+00  1.000000e+00
   endloop
 endfacet
 facet normal  7.485815e-15  1.191361e-14 -1.000000e+00
   outer loop
     vertex  6.368121e+00  4.292183e+00  1.000000e+00
     vertex  6.273318e+00  4.351752e+00  1.000000e+00
     vertex  7.357228e+00  5.795406e+00  1.000000e+00
   endloop
 endfacet
 facet normal  5.478237e-14  5.478237e-14 -1.000000e+00
   outer loop
     vertex  7.748144e+00  5.607151e+00  1.000000e+00
     vertex  7.357228e+00  5.795406e+00  1.000000e+00
     vertex  7.668973e+00  5.686322e+00  1.000000e+00
   endloop
 endfacet
 facet normal  4.072312e-14  2.558803e-14 -1.000000e+00
   outer loop
     vertex  7.807713e+00  5.512348e+00  1.000000e+00
     vertex  7.357228e+00  5.795406e+00  1.000000e+00
     vertex  7.748144e+00  5.607151e+00  1.000000e+00
   endloop
 endfacet
 facet normal  4.458444e-13  1.560077e-13 -1.000000e+00
   outer loop
     vertex  7.857228e+00  5.295406e+00  1.000000e+00
     vertex  7.807713e+00  5.512348e+00  1.000000e+00
     vertex  7.844692e+00  5.406667e+00  1.000000e+00
   endloop
 endfacet
 facet normal  9.889118e-15  9.889118e-15 -1.000000e+00
   outer loop
     vertex  7.857228e+00  5.295406e+00  1.000000e+00
     vertex  6.447292e+00  4.213012e+00  1.000000e+00
     vertex  6.368121e+00  4.292183e+00  1.000000e+00
   endloop
 endfacet
 facet normal  1.179252e-14  7.409731e-15 -1.000000e+00
   outer loop
     vertex  7.857228e+00  5.295406e+00  1.000000e+00
     vertex  6.506860e+00  4.118209e+00  1.000000e+00
     vertex  6.447292e+00  4.213012e+00  1.000000e+00
   endloop
 endfacet
 facet normal  1.398578e-14  4.893835e-15 -1.000000e+00
   outer loop
     vertex  7.857228e+00  5.295406e+00  1.000000e+00
     vertex  6.543840e+00  4.012528e+00  1.000000e+00
     vertex  6.506860e+00  4.118209e+00  1.000000e+00
   endloop
 endfacet
 facet normal  9.352848e-15  1.068512e-14 -1.000000e+00
   outer loop
     vertex  7.857228e+00  5.295406e+00  1.000000e+00
     vertex  6.368121e+00  4.292183e+00  1.000000e+00
     vertex  7.357228e+00  5.795406e+00  1.000000e+00
   endloop
 endfacet
 facet normal  6.856354e-14  6.989580e-14 -1.000000e+00
   outer loop
     vertex  7.857228e+00  5.295406e+00  1.000000e+00
     vertex  7.357228e+00  5.795406e+00  1.000000e+00
     vertex  7.807713e+00  5.512348e+00  1.000000e+00
   endloop
 endfacet
 facet normal  1.152465e-13 -9.877509e-14 -1.000000e+00
   outer loop
     vertex  6.556376e+00  3.901267e+00  1.000000e+00
     vertex  6.543840e+00  4.012528e+00  1.000000e+00
     vertex  7.857228e+00  5.295406e+00  1.000000e+00
   endloop
 endfacet
 facet normal  0.000000e+00  5.236274e-15 -1.000000e+00
   outer loop
     vertex  7.857228e+00  0.000000e+00  1.000000e+00
     vertex  6.556376e+00  0.000000e+00  1.000000e+00
     vertex  6.556376e+00  3.901267e+00  1.000000e+00
   endloop
 endfacet
 facet normal  2.782074e-15  6.163938e-15 -1.000000e+00
   outer loop
     vertex  7.857228e+00  0.000000e+00  1.000000e+00
     vertex  6.556376e+00  3.901267e+00  1.000000e+00
     vertex  7.857228e+00  5.295406e+00  1.000000e+00
   endloop
 endfacet
 facet normal  0.000000e+00 -1.000000e+00  0.000000e+00
   outer loop
     vertex  0.000000e+00  4.401267e+00  2.400000e+00
     vertex  6.056376e+00  4.401267e+00  1.000000e+00
     vertex  6.056376e+00  4.401267e+00  2.400000e+00
   endloop
 endfacet
 facet normal  0.000000e+00 -1.000000e+00  0.000000e+00
   outer loop
     vertex  0.000000e+00  4.401267e+00  2.400000e+00
     vertex  0.000000e+00  4.401267e+00  1.000000e+00
     vertex  6.056376e+00  4.401267e+00  1.000000e+00
   endloop
 endfacet
 facet normal -1.119645e-01 -9.937122e-01  0.000000e+00
   outer loop
     vertex  6.167636e+00  4.388731e+00  1.000000e+00
     vertex  6.056376e+00  4.401267e+00  2.400000e+00
     vertex  6.056376e+00  4.401267e+00  1.000000e+00
   endloop
 endfacet
 facet normal -1.119645e-01 -9.937122e-01  0.000000e+00
   outer loop
     vertex  6.167636e+00  4.388731e+00  1.000000e+00
     vertex  6.167636e+00  4.388731e+00  2.400000e+00
     vertex  6.056376e+00  4.401267e+00  2.400000e+00
   endloop
 endfacet
 facet normal -3.302791e-01 -9.438833e-01  0.000000e+00
   outer loop
     vertex  6.273318e+00  4.351752e+00  1.000000e+00
     vertex  6.273318e+00  4.351752e+00  2.400000e+00
     vertex  6.167636e+00  4.388731e+00  2.400000e+00
   endloop
 endfacet
 facet normal -3.302791e-01 -9.438833e-01  0.000000e+00
   outer loop
     vertex  6.273318e+00  4.351752e+00  1.000000e+00
     vertex  6.167636e+00  4.388731e+00  2.400000e+00
     vertex  6.167636e+00  4.388731e+00  1.000000e+00
   endloop
 endfacet
 facet normal -5.320321e-01 -8.467242e-01  0.000000e+00
   outer loop
     vertex  6.368121e+00  4.292183e+00  1.000000e+00
     vertex  6.368121e+00  4.292183e+00  2.400000e+00
     vertex  6.273318e+00  4.351752e+00  2.400000e+00
   endloop
 endfacet
 facet normal -5.320321e-01 -8.467242e-01  0.000000e+00
   outer loop
     vertex  6.368121e+00  4.292183e+00  1.000000e+00
     vertex  6.273318e+00  4.351752e+00  2.400000e+00
     vertex  6.273318e+00  4.351752e+00  1.000000e+00
   endloop
 endfacet
 facet normal -7.071068e-01 -7.071068e-01  0.000000e+00
   outer loop
     vertex  6.447292e+00  4.213012e+00  1.000000e+00
     vertex  6.447292e+00  4.213012e+00  2.400000e+00
     vertex  6.368121e+00  4.292183e+00  2.400000e+00
   endloop
 endfacet
 facet normal -7.071068e-01 -7.071068e-01  0.000000e+00
   outer loop
     vertex  6.447292e+00  4.213012e+00  1.000000e+00
     vertex  6.368121e+00  4.292183e+00  2.400000e+00
     vertex  6.368121e+00  4.292183e+00  1.000000e+00
   endloop
 endfacet
 facet normal -9.438833e-01 -3.302791e-01  0.000000e+00
   outer loop
     vertex  6.506860e+00  4.118209e+00  1.000000e+00
     vertex  6.543840e+00  4.012528e+00  2.400000e+00
     vertex  6.506860e+00  4.118209e+00  2.400000e+00
   endloop
 endfacet
 facet normal -8.467242e-01 -5.320321e-01  0.000000e+00
   outer loop
     vertex  6.506860e+00  4.118209e+00  1.000000e+00
     vertex  6.506860e+00  4.118209e+00  2.400000e+00
     vertex  6.447292e+00  4.213012e+00  2.400000e+00
   endloop
 endfacet
 facet normal -8.467242e-01 -5.320321e-01  0.000000e+00
   outer loop
     vertex  6.506860e+00  4.118209e+00  1.000000e+00
     vertex  6.447292e+00  4.213012e+00  2.400000e+00
     vertex  6.447292e+00  4.213012e+00  1.000000e+00
   endloop
 endfacet
 facet normal -9.438833e-01 -3.302791e-01  0.000000e+00
   outer loop
     vertex  6.543840e+00  4.012528e+00  1.000000e+00
     vertex  6.543840e+00  4.012528e+00  2.400000e+00
     vertex  6.506860e+00  4.118209e+00  1.000000e+00
   endloop
 endfacet
 facet normal -9.937122e-01 -1.119645e-01  0.000000e+00
   outer loop
     vertex  6.556376e+00  3.901267e+00  1.000000e+00
     vertex  6.556376e+00  3.901267e+00  2.400000e+00
     vertex  6.543840e+00  4.012528e+00  2.400000e+00
   endloop
 endfacet
 facet normal -9.937122e-01 -1.119645e-01  0.000000e+00
   outer loop
     vertex  6.556376e+00  3.901267e+00  1.000000e+00
     vertex  6.543840e+00  4.012528e+00  2.400000e+00
     vertex  6.543840e+00  4.012528e+00  1.000000e+00
   endloop
 endfacet
 facet normal  0.000000e+00  0.000000e+00 -1.000000e+00
   outer loop
     vertex  1.500000e+00  0.000000e+00  2.400000e+00
     vertex  5.647653e-01  3.272528e-01  2.400000e+00
     vertex  3.272528e-01  5.647653e-01  2.400000e+00
   endloop
 endfacet
 facet normal  0.000000e+00  0.000000e+00 -1.000000e+00
   outer loop
     vertex  1.500000e+00  0.000000e+00  2.400000e+00
     vertex  8.491744e-01  1.485467e-01  2.400000e+00
     vertex  5.647653e-01  3.272528e-01  2.400000e+00
   endloop
 endfacet
 facet normal  0.000000e+00  0.000000e+00 -1.000000e+00
   outer loop
     vertex  1.500000e+00  0.000000e+00  2.400000e+00
     vertex  1.166219e+00  3.760813e-02  2.400000e+00
     vertex  8.491744e-01  1.485467e-01  2.400000e+00
   endloop
 endfacet
 facet normal  0.000000e+00  0.000000e+00 -1.000000e+00
   outer loop
     vertex  0.000000e+00  1.500000e+00  2.400000e+00
     vertex  1.485467e-01  8.491744e-01  2.400000e+00
     vertex  3.760813e-02  1.166219e+00  2.400000e+00
   endloop
 endfacet
 facet normal  0.000000e+00  0.000000e+00 -1.000000e+00
   outer loop
     vertex  0.000000e+00  1.500000e+00  2.400000e+00
     vertex  3.272528e-01  5.647653e-01  2.400000e+00
     vertex  1.485467e-01  8.491744e-01  2.400000e+00
   endloop
 endfacet
 facet normal  0.000000e+00  0.000000e+00 -1.000000e+00
   outer loop
     vertex  0.000000e+00  1.500000e+00  2.400000e+00
     vertex  1.500000e+00  0.000000e+00  2.400000e+00
     vertex  3.272528e-01  5.647653e-01  2.400000e+00
   endloop
 endfacet
 facet normal  0.000000e+00  0.000000e+00 -1.000000e+00
   outer loop
     vertex  0.000000e+00  4.401267e+00  2.400000e+00
     vertex  1.500000e+00  0.000000e+00  2.400000e+00
     vertex  0.000000e+00  1.500000e+00  2.400000e+00
   endloop
 endfacet
 facet normal  0.000000e+00 -0.000000e+00 -1.000000e+00
   outer loop
     vertex  6.056376e+00  4.401267e+00  2.400000e+00
     vertex  6.556376e+00  0.000000e+00  2.400000e+00
     vertex  1.500000e+00  0.000000e+00  2.400000e+00
   endloop
 endfacet
 facet normal  0.000000e+00  0.000000e+00 -1.000000e+00
   outer loop
     vertex  6.056376e+00  4.401267e+00  2.400000e+00
     vertex  6.556376e+00  3.901267e+00  2.400000e+00
     vertex  6.556376e+00  0.000000e+00  2.400000e+00
   endloop
 endfacet
 facet normal -0.000000e+00  0.000000e+00 -1.000000e+00
   outer loop
     vertex  6.056376e+00  4.401267e+00  2.400000e+00
     vertex  1.500000e+00  0.000000e+00  2.400000e+00
     vertex  0.000000e+00  4.401267e+00  2.400000e+00
   endloop
 endfacet
 facet normal  0.000000e+00  0.000000e+00 -1.000000e+00
   outer loop
     vertex  6.447292e+00  4.213012e+00  2.400000e+00
     vertex  6.543840e+00  4.012528e+00  2.400000e+00
     vertex  6.556376e+00  3.901267e+00  2.400000e+00
   endloop
 endfacet
 facet normal  0.000000e+00  0.000000e+00 -1.000000e+00
   outer loop
     vertex  6.447292e+00  4.213012e+00  2.400000e+00
     vertex  6.506860e+00  4.118209e+00  2.400000e+00
     vertex  6.543840e+00  4.012528e+00  2.400000e+00
   endloop
 endfacet
 facet normal  0.000000e+00  0.000000e+00 -1.000000e+00
   outer loop
     vertex  6.368121e+00  4.292183e+00  2.400000e+00
     vertex  6.167636e+00  4.388731e+00  2.400000e+00
     vertex  6.273318e+00  4.351752e+00  2.400000e+00
   endloop
 endfacet
 facet normal  0.000000e+00  0.000000e+00 -1.000000e+00
   outer loop
     vertex  6.368121e+00  4.292183e+00  2.400000e+00
     vertex  6.056376e+00  4.401267e+00  2.400000e+00
     vertex  6.167636e+00  4.388731e+00  2.400000e+00
   endloop
 endfacet
 facet normal -0.000000e+00 -0.000000e+00 -1.000000e+00
   outer loop
     vertex  6.368121e+00  4.292183e+00  2.400000e+00
     vertex  6.556376e+00  3.901267e+00  2.400000e+00
     vertex  6.056376e+00  4.401267e+00  2.400000e+00
   endloop
 endfacet
 facet normal  0.000000e+00  0.000000e+00 -1.000000e+00
   outer loop
     vertex  6.368121e+00  4.292183e+00  2.400000e+00
     vertex  6.447292e+00  4.213012e+00  2.400000e+00
     vertex  6.556376e+00  3.901267e+00  2.400000e+00
   endloop
 endfacet
 facet normal -1.119645e-01 -9.937122e-01  0.000000e+00
   outer loop
     vertex  1.166219e+00  3.760813e-02  2.400000e+00
     vertex  1.500000e+00  0.000000e+00  2.400000e+00
     vertex  1.500000e+00  0.000000e+00  4.500000e+00
   endloop
 endfacet
 facet normal -1.119645e-01 -9.937122e-01  0.000000e+00
   outer loop
     vertex  1.166219e+00  3.760813e-02  2.400000e+00
     vertex  1.500000e+00  0.000000e+00  4.500000e+00
     vertex  1.166219e+00  3.760813e-02  4.500000e+00
   endloop
 endfacet
 facet normal -3.302791e-01 -9.438833e-01  0.000000e+00
   outer loop
     vertex  8.491744e-01  1.485467e-01  2.400000e+00
     vertex  1.166219e+00  3.760813e-02  4.500000e+00
     vertex  8.491744e-01  1.485467e-01  4.500000e+00
   endloop
 endfacet
 facet normal -3.302791e-01 -9.438833e-01  0.000000e+00
   outer loop
     vertex  8.491744e-01  1.485467e-01  2.400000e+00
     vertex  1.166219e+00  3.760813e-02  2.400000e+00
     vertex  1.166219e+00  3.760813e-02  4.500000e+00
   endloop
 endfacet
 facet normal -5.320321e-01 -8.467242e-01  0.000000e+00
   outer loop
     vertex  5.647653e-01  3.272528e-01  2.400000e+00
     vertex  8.491744e-01  1.485467e-01  4.500000e+00
     vertex  5.647653e-01  3.272528e-01  4.500000e+00
   endloop
 endfacet
 facet normal -5.320321e-01 -8.467242e-01  0.000000e+00
   outer loop
     vertex  5.647653e-01  3.272528e-01  2.400000e+00
     vertex  8.491744e-01  1.485467e-01  2.400000e+00
     vertex  8.491744e-01  1.485467e-01  4.500000e+00
   endloop
 endfacet
 facet normal -8.467242e-01 -5.320321e-01  0.000000e+00
   outer loop
     vertex  3.272528e-01  5.647653e-01  2.400000e+00
     vertex  3.272528e-01  5.647653e-01  4.500000e+00
     vertex  1.485467e-01  8.491744e-01  4.500000e+00
   endloop
 endfacet
 facet normal -7.071068e-01 -7.071068e-01  0.000000e+00
   outer loop
     vertex  3.272528e-01  5.647653e-01  2.400000e+00
     vertex  5.647653e-01  3.272528e-01  4.500000e+00
     vertex  3.272528e-01  5.647653e-01  4.500000e+00
   endloop
 endfacet
 facet normal -7.071068e-01 -7.071068e-01  0.000000e+00
   outer loop
     vertex  3.272528e-01  5.647653e-01  2.400000e+00
     vertex  5.647653e-01  3.272528e-01  2.400000e+00
     vertex  5.647653e-01  3.272528e-01  4.500000e+00
   endloop
 endfacet
 facet normal -8.467242e-01 -5.320321e-01  0.000000e+00
   outer loop
     vertex  1.485467e-01  8.491744e-01  2.400000e+00
     vertex  3.272528e-01  5.647653e-01  2.400000e+00
     vertex  1.485467e-01  8.491744e-01  4.500000e+00
   endloop
 endfacet
 facet normal -9.438833e-01 -3.302791e-01  0.000000e+00
   outer loop
     vertex  3.760813e-02  1.166219e+00  2.400000e+00
     vertex  1.485467e-01  8.491744e-01  4.500000e+00
     vertex  3.760813e-02  1.166219e+00  4.500000e+00
   endloop
 endfacet
 facet normal -9.438833e-01 -3.302791e-01  0.000000e+00
   outer loop
     vertex  3.760813e-02  1.166219e+00  2.400000e+00
     vertex  1.485467e-01  8.491744e-01  2.400000e+00
     vertex  1.485467e-01  8.491744e-01  4.500000e+00
   endloop
 endfacet
 facet normal -9.937122e-01 -1.119645e-01  0.000000e+00
   outer loop
     vertex  0.000000e+00  1.500000e+00  2.400000e+00
     vertex  3.760813e-02  1.166219e+00  4.500000e+00
     vertex  0.000000e+00  1.500000e+00  4.500000e+00
   endloop
 endfacet
 facet normal -9.937122e-01 -1.119645e-01  0.000000e+00
   outer loop
     vertex  0.000000e+00  1.500000e+00  2.400000e+00
     vertex  3.760813e-02  1.166219e+00  2.400000e+00
     vertex  3.760813e-02  1.166219e+00  4.500000e+00
   endloop
 endfacet
 facet normal  0.000000e+00 -1.000000e+00  0.000000e+00
   outer loop
     vertex  6.556376e+00  0.000000e+00  2.400000e+00
     vertex  1.500000e+00  0.000000e+00  4.500000e+00
     vertex  1.500000e+00  0.000000e+00  2.400000e+00
   endloop
 endfacet
 facet normal  0.000000e+00 -1.000000e+00  0.000000e+00
   outer loop
     vertex  6.556376e+00  0.000000e+00  2.400000e+00
     vertex  7.857228e+00  0.000000e+00  4.500000e+00
     vertex  1.500000e+00  0.000000e+00  4.500000e+00
   endloop
 endfacet
 facet normal  0.000000e+00 -1.000000e+00  0.000000e+00
   outer loop
     vertex  7.857228e+00  0.000000e+00  1.000000e+00
     vertex  6.556376e+00  0.000000e+00  2.400000e+00
     vertex  6.556376e+00  0.000000e+00  1.000000e+00
   endloop
 endfacet
 facet normal  0.000000e+00 -1.000000e+00  0.000000e+00
   outer loop
     vertex  7.857228e+00  0.000000e+00  1.000000e+00
     vertex  7.857228e+00  0.000000e+00  4.500000e+00
     vertex  6.556376e+00  0.000000e+00  2.400000e+00
   endloop
 endfacet
 facet normal -1.000000e+00 -0.000000e+00  0.000000e+00
   outer loop
     vertex  6.556376e+00  3.901267e+00  2.400000e+00
     vertex  6.556376e+00  0.000000e+00  1.000000e+00
     vertex  6.556376e+00  0.000000e+00  2.400000e+00
   endloop
 endfacet
 facet normal -1.000000e+00  0.000000e+00 -0.000000e+00
   outer loop
     vertex  6.556376e+00  3.901267e+00  2.400000e+00
     vertex  6.556376e+00  3.901267e+00  1.000000e+00
     vertex  6.556376e+00  0.000000e+00  1.000000e+00
   endloop
 endfacet
 facet normal -9.937122e-01  1.119645e-01  0.000000e+00
   outer loop
     vertex  3.760813e-02  5.761578e+01  1.000000e+00
     vertex  0.000000e+00  5.728200e+01  1.000000e+00
     vertex  0.000000e+00  5.728200e+01  4.500000e+00
   endloop
 endfacet
 facet normal -9.937122e-01  1.119645e-01  0.000000e+00
   outer loop
     vertex  3.760813e-02  5.761578e+01  1.000000e+00
     vertex  0.000000e+00  5.728200e+01  4.500000e+00
     vertex  3.760813e-02  5.761578e+01  4.500000e+00
   endloop
 endfacet
 facet normal -9.438833e-01  3.302791e-01  0.000000e+00
   outer loop
     vertex  1.485467e-01  5.793283e+01  1.000000e+00
     vertex  3.760813e-02  5.761578e+01  4.500000e+00
     vertex  1.485467e-01  5.793283e+01  4.500000e+00
   endloop
 endfacet
 facet normal -9.438833e-01  3.302791e-01  0.000000e+00
   outer loop
     vertex  1.485467e-01  5.793283e+01  1.000000e+00
     vertex  3.760813e-02  5.761578e+01  1.000000e+00
     vertex  3.760813e-02  5.761578e+01  4.500000e+00
   endloop
 endfacet
 facet normal -8.467242e-01  5.320321e-01  0.000000e+00
   outer loop
     vertex  3.272528e-01  5.821724e+01  1.000000e+00
     vertex  1.485467e-01  5.793283e+01  4.500000e+00
     vertex  3.272528e-01  5.821724e+01  4.500000e+00
   endloop
 endfacet
 facet normal -8.467242e-01  5.320321e-01  0.000000e+00
   outer loop
     vertex  3.272528e-01  5.821724e+01  1.000000e+00
     vertex  1.485467e-01  5.793283e+01  1.000000e+00
     vertex  1.485467e-01  5.793283e+01  4.500000e+00
   endloop
 endfacet
 facet normal -5.320321e-01  8.467242e-01  0.000000e+00
   outer loop
     vertex  5.647653e-01  5.845475e+01  1.000000e+00
     vertex  5.647653e-01  5.845475e+01  4.500000e+00
     vertex  8.491744e-01  5.863345e+01  4.500000e+00
   endloop
 endfacet
 facet normal -7.071068e-01  7.071068e-01  0.000000e+00
   outer loop
     vertex  5.647653e-01  5.845475e+01  1.000000e+00
     vertex  3.272528e-01  5.821724e+01  4.500000e+00
     vertex  5.647653e-01  5.845475e+01  4.500000e+00
   endloop
 endfacet
 facet normal -7.071068e-01  7.071068e-01  0.000000e+00
   outer loop
     vertex  5.647653e-01  5.845475e+01  1.000000e+00
     vertex  3.272528e-01  5.821724e+01  1.000000e+00
     vertex  3.272528e-01  5.821724e+01  4.500000e+00
   endloop
 endfacet
 facet normal -5.320321e-01  8.467242e-01  0.000000e+00
   outer loop
     vertex  8.491744e-01  5.863345e+01  1.000000e+00
     vertex  5.647653e-01  5.845475e+01  1.000000e+00
     vertex  8.491744e-01  5.863345e+01  4.500000e+00
   endloop
 endfacet
 facet normal -3.302791e-01  9.438833e-01  0.000000e+00
   outer loop
     vertex  1.166219e+00  5.874439e+01  1.000000e+00
     vertex  8.491744e-01  5.863345e+01  4.500000e+00
     vertex  1.166219e+00  5.874439e+01  4.500000e+00
   endloop
 endfacet
 facet normal -3.302791e-01  9.438833e-01  0.000000e+00
   outer loop
     vertex  1.166219e+00  5.874439e+01  1.000000e+00
     vertex  8.491744e-01  5.863345e+01  1.000000e+00
     vertex  8.491744e-01  5.863345e+01  4.500000e+00
   endloop
 endfacet
 facet normal -1.119645e-01  9.937122e-01  0.000000e+00
   outer loop
     vertex  1.500000e+00  5.878200e+01  1.000000e+00
     vertex  1.166219e+00  5.874439e+01  4.500000e+00
     vertex  1.500000e+00  5.878200e+01  4.500000e+00
   endloop
 endfacet
 facet normal -1.119645e-01  9.937122e-01  0.000000e+00
   outer loop
     vertex  1.500000e+00  5.878200e+01  1.000000e+00
     vertex  1.166219e+00  5.874439e+01  1.000000e+00
     vertex  1.166219e+00  5.874439e+01  4.500000e+00
   endloop
 endfacet
 facet normal  0.000000e+00  1.000000e+00  0.000000e+00
   outer loop
     vertex  1.500000e+00  5.878200e+01  4.500000e+00
     vertex  2.399000e+01  5.878200e+01  1.000000e+00
     vertex  1.500000e+00  5.878200e+01  1.000000e+00
   endloop
 endfacet
 facet normal -0.000000e+00  1.000000e+00  0.000000e+00
   outer loop
     vertex  1.500000e+00  5.878200e+01  4.500000e+00
     vertex  2.399000e+01  5.878200e+01  4.500000e+00
     vertex  2.399000e+01  5.878200e+01  1.000000e+00
   endloop
 endfacet
 facet normal  0.000000e+00 -1.000000e+00  0.000000e+00
   outer loop
     vertex  0.000000e+00  1.485341e+01  1.800000e+00
     vertex  2.000000e-01  1.485341e+01  3.800000e+00
     vertex  0.000000e+00  1.485341e+01  3.800000e+00
   endloop
 endfacet
 facet normal  0.000000e+00 -1.000000e+00  0.000000e+00
   outer loop
     vertex  0.000000e+00  1.485341e+01  1.800000e+00
     vertex  2.000000e-01  1.485341e+01  1.800000e+00
     vertex  2.000000e-01  1.485341e+01  3.800000e+00
   endloop
 endfacet
 facet normal  0.000000e+00  0.000000e+00 -1.000000e+00
   outer loop
     vertex  0.000000e+00  1.485341e+01  3.800000e+00
     vertex  2.000000e-01  1.460341e+01  3.800000e+00
     vertex  0.000000e+00  1.460341e+01  3.800000e+00
   endloop
 endfacet
 facet normal  0.000000e+00  0.000000e+00 -1.000000e+00
   outer loop
     vertex  0.000000e+00  1.485341e+01  3.800000e+00
     vertex  2.000000e-01  1.485341e+01  3.800000e+00
     vertex  2.000000e-01  1.460341e+01  3.800000e+00
   endloop
 endfacet
 facet normal  0.000000e+00  1.000000e+00  0.000000e+00
   outer loop
     vertex  0.000000e+00  1.460341e+01  3.800000e+00
     vertex  2.000000e-01  1.460341e+01  2.055319e+00
     vertex  0.000000e+00  1.460341e+01  2.055319e+00
   endloop
 endfacet
 facet normal -0.000000e+00  1.000000e+00  0.000000e+00
   outer loop
     vertex  0.000000e+00  1.460341e+01  3.800000e+00
     vertex  2.000000e-01  1.460341e+01  3.800000e+00
     vertex  2.000000e-01  1.460341e+01  2.055319e+00
   endloop
 endfacet
 facet normal  0.000000e+00  0.000000e+00 -1.000000e+00
   outer loop
     vertex  0.000000e+00  1.460341e+01  2.055319e+00
     vertex  2.000000e-01  1.335341e+01  2.055319e+00
     vertex  0.000000e+00  1.335341e+01  2.055319e+00
   endloop
 endfacet
 facet normal  0.000000e+00  0.000000e+00 -1.000000e+00
   outer loop
     vertex  0.000000e+00  1.460341e+01  2.055319e+00
     vertex  2.000000e-01  1.460341e+01  2.055319e+00
     vertex  2.000000e-01  1.335341e+01  2.055319e+00
   endloop
 endfacet
 facet normal  0.000000e+00  1.000000e+00  0.000000e+00
   outer loop
     vertex  0.000000e+00  1.335341e+01  2.055319e+00
     vertex  2.000000e-01  1.335341e+01  1.800000e+00
     vertex  0.000000e+00  1.335341e+01  1.800000e+00
   endloop
 endfacet
 facet normal -0.000000e+00  1.000000e+00  0.000000e+00
   outer loop
     vertex  0.000000e+00  1.335341e+01  2.055319e+00
     vertex  2.000000e-01  1.335341e+01  2.055319e+00
     vertex  2.000000e-01  1.335341e+01  1.800000e+00
   endloop
 endfacet
 facet normal  0.000000e+00  0.000000e+00  1.000000e+00
   outer loop
     vertex  0.000000e+00  1.335341e+01  1.800000e+00
     vertex  2.000000e-01  1.485341e+01  1.800000e+00
     vertex  0.000000e+00  1.485341e+01  1.800000e+00
   endloop
 endfacet
 facet normal  0.000000e+00  0.000000e+00  1.000000e+00
   outer loop
     vertex  0.000000e+00  1.335341e+01  1.800000e+00
     vertex  2.000000e-01  1.335341e+01  1.800000e+00
     vertex  2.000000e-01  1.485341e+01  1.800000e+00
   endloop
 endfacet
 facet normal -1.000000e+00  0.000000e+00  0.000000e+00
   outer loop
     vertex  2.000000e-01  1.335341e+01  1.800000e+00
     vertex  2.000000e-01  1.460341e+01  2.055319e+00
     vertex  2.000000e-01  1.485341e+01  1.800000e+00
   endloop
 endfacet
 facet normal -1.000000e+00  0.000000e+00  0.000000e+00
   outer loop
     vertex  2.000000e-01  1.335341e+01  2.055319e+00
     vertex  2.000000e-01  1.460341e+01  2.055319e+00
     vertex  2.000000e-01  1.335341e+01  1.800000e+00
   endloop
 endfacet
 facet normal -1.000000e+00  0.000000e+00 -0.000000e+00
   outer loop
     vertex  2.000000e-01  1.485341e+01  3.800000e+00
     vertex  2.000000e-01  1.485341e+01  1.800000e+00
     vertex  2.000000e-01  1.460341e+01  2.055319e+00
   endloop
 endfacet
 facet normal -1.000000e+00  0.000000e+00  0.000000e+00
   outer loop
     vertex  2.000000e-01  1.460341e+01  3.800000e+00
     vertex  2.000000e-01  1.485341e+01  3.800000e+00
     vertex  2.000000e-01  1.460341e+01  2.055319e+00
   endloop
 endfacet
 facet normal -1.000000e+00  0.000000e+00  0.000000e+00
   outer loop
     vertex  2.000000e-01  1.277007e+01  3.800000e+00
     vertex  2.000000e-01  1.302007e+01  3.800000e+00
     vertex  2.000000e-01  1.302007e+01  1.800000e+00
   endloop
 endfacet
 facet normal -1.000000e+00  0.000000e+00  0.000000e+00
   outer loop
     vertex  2.000000e-01  1.277007e+01  3.800000e+00
     vertex  2.000000e-01  1.302007e+01  1.800000e+00
     vertex  2.000000e-01  1.277007e+01  1.800000e+00
   endloop
 endfacet
 facet normal -1.000000e+00  0.000000e+00  0.000000e+00
   outer loop
     vertex  2.000000e-01  1.093674e+01  1.800000e+00
     vertex  2.000000e-01  1.218674e+01  2.055319e+00
     vertex  2.000000e-01  1.243674e+01  1.800000e+00
   endloop
 endfacet
 facet normal -1.000000e+00  0.000000e+00  0.000000e+00
   outer loop
     vertex  2.000000e-01  1.093674e+01  2.055319e+00
     vertex  2.000000e-01  1.218674e+01  2.055319e+00
     vertex  2.000000e-01  1.093674e+01  1.800000e+00
   endloop
 endfacet
 facet normal -1.000000e+00  0.000000e+00 -0.000000e+00
   outer loop
     vertex  2.000000e-01  1.243674e+01  3.800000e+00
     vertex  2.000000e-01  1.243674e+01  1.800000e+00
     vertex  2.000000e-01  1.218674e+01  2.055319e+00
   endloop
 endfacet
 facet normal -1.000000e+00  0.000000e+00  0.000000e+00
   outer loop
     vertex  2.000000e-01  1.218674e+01  3.800000e+00
     vertex  2.000000e-01  1.243674e+01  3.800000e+00
     vertex  2.000000e-01  1.218674e+01  2.055319e+00
   endloop
 endfacet
 facet normal -1.000000e+00  0.000000e+00  0.000000e+00
   outer loop
     vertex  2.000000e-01  9.686740e+00  2.821277e+00
     vertex  2.000000e-01  9.936740e+00  2.821277e+00
     vertex  2.000000e-01  9.936740e+00  1.800000e+00
   endloop
 endfacet
 facet normal -1.000000e+00  0.000000e+00  0.000000e+00
   outer loop
     vertex  2.000000e-01  9.686740e+00  2.821277e+00
     vertex  2.000000e-01  9.936740e+00  1.800000e+00
     vertex  2.000000e-01  9.686740e+00  1.800000e+00
   endloop
 endfacet
 facet normal -1.000000e+00  0.000000e+00 -0.000000e+00
   outer loop
     vertex  2.000000e-01  9.811740e+00  2.991489e+00
     vertex  2.000000e-01  9.936740e+00  2.821277e+00
     vertex  2.000000e-01  9.686740e+00  2.821277e+00
   endloop
 endfacet
 facet normal -1.000000e+00  0.000000e+00 -0.000000e+00
   outer loop
     vertex  2.000000e-01  1.035341e+01  3.800000e+00
     vertex  2.000000e-01  1.060341e+01  3.800000e+00
     vertex  2.000000e-01  9.936740e+00  2.821277e+00
   endloop
 endfacet
 facet normal -1.000000e+00  0.000000e+00  0.000000e+00
   outer loop
     vertex  2.000000e-01  1.035341e+01  3.800000e+00
     vertex  2.000000e-01  9.936740e+00  2.821277e+00
     vertex  2.000000e-01  9.811740e+00  2.991489e+00
   endloop
 endfacet
 facet normal -1.000000e+00  0.000000e+00  0.000000e+00
   outer loop
     vertex  2.000000e-01  9.270073e+00  3.800000e+00
     vertex  2.000000e-01  9.811740e+00  2.991489e+00
     vertex  2.000000e-01  9.686740e+00  2.821277e+00
   endloop
 endfacet
 facet normal -1.000000e+00  0.000000e+00  0.000000e+00
   outer loop
     vertex  2.000000e-01  9.020073e+00  3.800000e+00
     vertex  2.000000e-01  9.270073e+00  3.800000e+00
     vertex  2.000000e-01  9.686740e+00  2.821277e+00
   endloop
 endfacet
 facet normal -1.000000e+00  0.000000e+00  0.000000e+00
   outer loop
     vertex  2.000000e-01  8.311740e+00  2.182979e+00
     vertex  2.000000e-01  8.561740e+00  2.097872e+00
     vertex  2.000000e-01  8.395073e+00  1.927660e+00
   endloop
 endfacet
 facet normal -1.000000e+00  0.000000e+00  0.000000e+00
   outer loop
     vertex  2.000000e-01  8.186740e+00  2.097872e+00
     vertex  2.000000e-01  8.395073e+00  1.927660e+00
     vertex  2.000000e-01  8.228406e+00  1.842553e+00
   endloop
 endfacet
 facet normal -1.000000e+00  0.000000e+00  0.000000e+00
   outer loop
     vertex  2.000000e-01  8.186740e+00  2.097872e+00
     vertex  2.000000e-01  8.311740e+00  2.182979e+00
     vertex  2.000000e-01  8.395073e+00  1.927660e+00
   endloop
 endfacet
 facet normal -1.000000e+00  0.000000e+00  0.000000e+00
   outer loop
     vertex  2.000000e-01  8.395073e+00  2.310638e+00
     vertex  2.000000e-01  8.645073e+00  2.268085e+00
     vertex  2.000000e-01  8.561740e+00  2.097872e+00
   endloop
 endfacet
 facet normal -1.000000e+00  0.000000e+00 -0.000000e+00
   outer loop
     vertex  2.000000e-01  8.395073e+00  2.310638e+00
     vertex  2.000000e-01  8.561740e+00  2.097872e+00
     vertex  2.000000e-01  8.311740e+00  2.182979e+00
   endloop
 endfacet
 facet normal -1.000000e+00  0.000000e+00  0.000000e+00
   outer loop
     vertex  2.000000e-01  8.020073e+00  2.055319e+00
     vertex  2.000000e-01  8.228406e+00  1.842553e+00
     vertex  2.000000e-01  8.020073e+00  1.800000e+00
   endloop
 endfacet
 facet normal -1.000000e+00  0.000000e+00  0.000000e+00
   outer loop
     vertex  2.000000e-01  8.020073e+00  2.055319e+00
     vertex  2.000000e-01  8.186740e+00  2.097872e+00
     vertex  2.000000e-01  8.228406e+00  1.842553e+00
   endloop
 endfacet
 facet normal -1.000000e+00  0.000000e+00  0.000000e+00
   outer loop
     vertex  2.000000e-01  8.436740e+00  2.480851e+00
     vertex  2.000000e-01  8.686740e+00  2.480851e+00
     vertex  2.000000e-01  8.645073e+00  2.268085e+00
   endloop
 endfacet
 facet normal -1.000000e+00  0.000000e+00 -0.000000e+00
   outer loop
     vertex  2.000000e-01  8.436740e+00  2.480851e+00
     vertex  2.000000e-01  8.645073e+00  2.268085e+00
     vertex  2.000000e-01  8.395073e+00  2.310638e+00
   endloop
 endfacet
 facet normal -1.000000e+00  0.000000e+00  0.000000e+00
   outer loop
     vertex  2.000000e-01  7.645073e+00  2.055319e+00
     vertex  2.000000e-01  8.020073e+00  1.800000e+00
     vertex  2.000000e-01  7.645073e+00  1.800000e+00
   endloop
 endfacet
 facet normal -1.000000e+00  0.000000e+00 -0.000000e+00
   outer loop
     vertex  2.000000e-01  7.645073e+00  2.055319e+00
     vertex  2.000000e-01  7.645073e+00  1.800000e+00
     vertex  2.000000e-01  7.436740e+00  1.842553e+00
   endloop
 endfacet
 facet normal -1.000000e+00  0.000000e+00  0.000000e+00
   outer loop
     vertex  2.000000e-01  7.645073e+00  2.055319e+00
     vertex  2.000000e-01  8.020073e+00  2.055319e+00
     vertex  2.000000e-01  8.020073e+00  1.800000e+00
   endloop
 endfacet
 facet normal -1.000000e+00  0.000000e+00 -0.000000e+00
   outer loop
     vertex  2.000000e-01  7.478406e+00  2.097872e+00
     vertex  2.000000e-01  7.645073e+00  2.055319e+00
     vertex  2.000000e-01  7.436740e+00  1.842553e+00
   endloop
 endfacet
 facet normal -1.000000e+00  0.000000e+00  0.000000e+00
   outer loop
     vertex  2.000000e-01  7.270073e+00  1.927660e+00
     vertex  2.000000e-01  7.478406e+00  2.097872e+00
     vertex  2.000000e-01  7.436740e+00  1.842553e+00
   endloop
 endfacet
 facet normal -1.000000e+00  0.000000e+00  0.000000e+00
   outer loop
     vertex  2.000000e-01  8.436740e+00  3.119149e+00
     vertex  2.000000e-01  8.686740e+00  3.119149e+00
     vertex  2.000000e-01  8.686740e+00  2.480851e+00
   endloop
 endfacet
 facet normal -1.000000e+00  0.000000e+00  0.000000e+00
   outer loop
     vertex  2.000000e-01  8.436740e+00  3.119149e+00
     vertex  2.000000e-01  8.686740e+00  2.480851e+00
     vertex  2.000000e-01  8.436740e+00  2.480851e+00
   endloop
 endfacet
 facet normal -1.000000e+00  0.000000e+00 -0.000000e+00
   outer loop
     vertex  2.000000e-01  8.645073e+00  3.331915e+00
     vertex  2.000000e-01  8.686740e+00  3.119149e+00
     vertex  2.000000e-01  8.436740e+00  3.119149e+00
   endloop
 endfacet
 facet normal -1.000000e+00  0.000000e+00 -0.000000e+00
   outer loop
     vertex  2.000000e-01  7.353406e+00  2.182979e+00
     vertex  2.000000e-01  7.478406e+00  2.097872e+00
     vertex  2.000000e-01  7.270073e+00  1.927660e+00
   endloop
 endfacet
 facet normal -1.000000e+00  0.000000e+00  0.000000e+00
   outer loop
     vertex  2.000000e-01  8.395073e+00  3.289362e+00
     vertex  2.000000e-01  8.645073e+00  3.331915e+00
     vertex  2.000000e-01  8.436740e+00  3.119149e+00
   endloop
 endfacet
 facet normal -1.000000e+00  0.000000e+00 -0.000000e+00
   outer loop
     vertex  2.000000e-01  8.561740e+00  3.502128e+00
     vertex  2.000000e-01  8.645073e+00  3.331915e+00
     vertex  2.000000e-01  8.395073e+00  3.289362e+00
   endloop
 endfacet
 facet normal -1.000000e+00  0.000000e+00  0.000000e+00
   outer loop
     vertex  2.000000e-01  7.103406e+00  2.097872e+00
     vertex  2.000000e-01  7.353406e+00  2.182979e+00
     vertex  2.000000e-01  7.270073e+00  1.927660e+00
   endloop
 endfacet
 facet normal -1.000000e+00  0.000000e+00 -0.000000e+00
   outer loop
     vertex  2.000000e-01  7.311740e+00  2.310638e+00
     vertex  2.000000e-01  7.353406e+00  2.182979e+00
     vertex  2.000000e-01  7.103406e+00  2.097872e+00
   endloop
 endfacet
 facet normal -1.000000e+00  0.000000e+00  0.000000e+00
   outer loop
     vertex  2.000000e-01  8.311740e+00  3.417021e+00
     vertex  2.000000e-01  8.561740e+00  3.502128e+00
     vertex  2.000000e-01  8.395073e+00  3.289362e+00
   endloop
 endfacet
 facet normal -1.000000e+00  0.000000e+00  0.000000e+00
   outer loop
     vertex  2.000000e-01  7.061740e+00  2.268085e+00
     vertex  2.000000e-01  7.311740e+00  2.310638e+00
     vertex  2.000000e-01  7.103406e+00  2.097872e+00
   endloop
 endfacet
 facet normal -1.000000e+00  0.000000e+00 -0.000000e+00
   outer loop
     vertex  2.000000e-01  8.395073e+00  3.672340e+00
     vertex  2.000000e-01  8.561740e+00  3.502128e+00
     vertex  2.000000e-01  8.311740e+00  3.417021e+00
   endloop
 endfacet
 facet normal -1.000000e+00  0.000000e+00  0.000000e+00
   outer loop
     vertex  2.000000e-01  8.186740e+00  3.502128e+00
     vertex  2.000000e-01  8.395073e+00  3.672340e+00
     vertex  2.000000e-01  8.311740e+00  3.417021e+00
   endloop
 endfacet
 facet normal -1.000000e+00  0.000000e+00  0.000000e+00
   outer loop
     vertex  2.000000e-01  7.311740e+00  2.651064e+00
     vertex  2.000000e-01  7.686740e+00  2.906383e+00
     vertex  2.000000e-01  7.686740e+00  2.651064e+00
   endloop
 endfacet
 facet normal -1.000000e+00  0.000000e+00 -0.000000e+00
   outer loop
     vertex  2.000000e-01  7.311740e+00  2.651064e+00
     vertex  2.000000e-01  7.311740e+00  2.310638e+00
     vertex  2.000000e-01  7.061740e+00  2.268085e+00
   endloop
 endfacet
 facet normal -1.000000e+00  0.000000e+00 -0.000000e+00
   outer loop
     vertex  2.000000e-01  8.228406e+00  3.757447e+00
     vertex  2.000000e-01  8.395073e+00  3.672340e+00
     vertex  2.000000e-01  8.186740e+00  3.502128e+00
   endloop
 endfacet
 facet normal -1.000000e+00  0.000000e+00  0.000000e+00
   outer loop
     vertex  2.000000e-01  8.228406e+00  3.757447e+00
     vertex  2.000000e-01  8.186740e+00  3.502128e+00
     vertex  2.000000e-01  8.020073e+00  3.544681e+00
   endloop
 endfacet
 facet normal -1.000000e+00  0.000000e+00  0.000000e+00
   outer loop
     vertex  2.000000e-01  8.020073e+00  3.800000e+00
     vertex  2.000000e-01  8.228406e+00  3.757447e+00
     vertex  2.000000e-01  8.020073e+00  3.544681e+00
   endloop
 endfacet
 facet normal -1.000000e+00  0.000000e+00  0.000000e+00
   outer loop
     vertex  2.000000e-01  7.061740e+00  2.906383e+00
     vertex  2.000000e-01  7.311740e+00  2.651064e+00
     vertex  2.000000e-01  7.061740e+00  2.268085e+00
   endloop
 endfacet
 facet normal -1.000000e+00  0.000000e+00  0.000000e+00
   outer loop
     vertex  2.000000e-01  7.061740e+00  2.906383e+00
     vertex  2.000000e-01  7.686740e+00  2.906383e+00
     vertex  2.000000e-01  7.311740e+00  2.651064e+00
   endloop
 endfacet
 facet normal -1.000000e+00  0.000000e+00  0.000000e+00
   outer loop
     vertex  2.000000e-01  7.645073e+00  3.800000e+00
     vertex  2.000000e-01  8.020073e+00  3.800000e+00
     vertex  2.000000e-01  8.020073e+00  3.544681e+00
   endloop
 endfacet
 facet normal -1.000000e+00  0.000000e+00  0.000000e+00
   outer loop
     vertex  2.000000e-01  7.645073e+00  3.800000e+00
     vertex  2.000000e-01  8.020073e+00  3.544681e+00
     vertex  2.000000e-01  7.645073e+00  3.544681e+00
   endloop
 endfacet
 facet normal -1.000000e+00  0.000000e+00  0.000000e+00
   outer loop
     vertex  2.000000e-01  7.436740e+00  3.757447e+00
     vertex  2.000000e-01  7.645073e+00  3.800000e+00
     vertex  2.000000e-01  7.645073e+00  3.544681e+00
   endloop
 endfacet
 facet normal -1.000000e+00  0.000000e+00  0.000000e+00
   outer loop
     vertex  2.000000e-01  7.436740e+00  3.757447e+00
     vertex  2.000000e-01  7.645073e+00  3.544681e+00
     vertex  2.000000e-01  7.478406e+00  3.502128e+00
   endloop
 endfacet
 facet normal -1.000000e+00  0.000000e+00  0.000000e+00
   outer loop
     vertex  2.000000e-01  7.103406e+00  3.502128e+00
     vertex  2.000000e-01  7.353406e+00  3.417021e+00
     vertex  2.000000e-01  7.311740e+00  3.289362e+00
   endloop
 endfacet
 facet normal -1.000000e+00  0.000000e+00 -0.000000e+00
   outer loop
     vertex  2.000000e-01  7.103406e+00  3.502128e+00
     vertex  2.000000e-01  7.311740e+00  3.289362e+00
     vertex  2.000000e-01  7.061740e+00  3.289362e+00
   endloop
 endfacet
 facet normal -1.000000e+00  0.000000e+00  0.000000e+00
   outer loop
     vertex  2.000000e-01  7.270073e+00  3.672340e+00
     vertex  2.000000e-01  7.478406e+00  3.502128e+00
     vertex  2.000000e-01  7.353406e+00  3.417021e+00
   endloop
 endfacet
 facet normal -1.000000e+00  0.000000e+00  0.000000e+00
   outer loop
     vertex  2.000000e-01  7.270073e+00  3.672340e+00
     vertex  2.000000e-01  7.436740e+00  3.757447e+00
     vertex  2.000000e-01  7.478406e+00  3.502128e+00
   endloop
 endfacet
 facet normal -1.000000e+00  0.000000e+00 -0.000000e+00
   outer loop
     vertex  2.000000e-01  7.270073e+00  3.672340e+00
     vertex  2.000000e-01  7.353406e+00  3.417021e+00
     vertex  2.000000e-01  7.103406e+00  3.502128e+00
   endloop
 endfacet
 facet normal -1.000000e+00  0.000000e+00  0.000000e+00
   outer loop
     vertex  2.000000e-01  6.353406e+00  2.182979e+00
     vertex  2.000000e-01  6.603406e+00  2.097872e+00
     vertex  2.000000e-01  6.436739e+00  1.927660e+00
   endloop
 endfacet
 facet normal -1.000000e+00  0.000000e+00  0.000000e+00
   outer loop
     vertex  2.000000e-01  6.228406e+00  2.097872e+00
     vertex  2.000000e-01  6.436739e+00  1.927660e+00
     vertex  2.000000e-01  6.270073e+00  1.842553e+00
   endloop
 endfacet
 facet normal -1.000000e+00  0.000000e+00  0.000000e+00
   outer loop
     vertex  2.000000e-01  6.228406e+00  2.097872e+00
     vertex  2.000000e-01  6.353406e+00  2.182979e+00
     vertex  2.000000e-01  6.436739e+00  1.927660e+00
   endloop
 endfacet
 facet normal -1.000000e+00  0.000000e+00  0.000000e+00
   outer loop
     vertex  2.000000e-01  6.436739e+00  2.310638e+00
     vertex  2.000000e-01  6.686739e+00  2.268085e+00
     vertex  2.000000e-01  6.603406e+00  2.097872e+00
   endloop
 endfacet
 facet normal -1.000000e+00  0.000000e+00 -0.000000e+00
   outer loop
     vertex  2.000000e-01  6.436739e+00  2.310638e+00
     vertex  2.000000e-01  6.603406e+00  2.097872e+00
     vertex  2.000000e-01  6.353406e+00  2.182979e+00
   endloop
 endfacet
 facet normal -1.000000e+00  0.000000e+00  0.000000e+00
   outer loop
     vertex  2.000000e-01  6.061739e+00  2.055319e+00
     vertex  2.000000e-01  6.270073e+00  1.842553e+00
     vertex  2.000000e-01  6.061739e+00  1.800000e+00
   endloop
 endfacet
 facet normal -1.000000e+00  0.000000e+00  0.000000e+00
   outer loop
     vertex  2.000000e-01  6.061739e+00  2.055319e+00
     vertex  2.000000e-01  6.228406e+00  2.097872e+00
     vertex  2.000000e-01  6.270073e+00  1.842553e+00
   endloop
 endfacet
 facet normal -1.000000e+00  0.000000e+00  0.000000e+00
   outer loop
     vertex  2.000000e-01  6.478406e+00  2.480851e+00
     vertex  2.000000e-01  6.728406e+00  2.480851e+00
     vertex  2.000000e-01  6.686739e+00  2.268085e+00
   endloop
 endfacet
 facet normal -1.000000e+00  0.000000e+00 -0.000000e+00
   outer loop
     vertex  2.000000e-01  6.478406e+00  2.480851e+00
     vertex  2.000000e-01  6.686739e+00  2.268085e+00
     vertex  2.000000e-01  6.436739e+00  2.310638e+00
   endloop
 endfacet
 facet normal -1.000000e+00  0.000000e+00  0.000000e+00
   outer loop
     vertex  2.000000e-01  5.728406e+00  2.055319e+00
     vertex  2.000000e-01  6.061739e+00  1.800000e+00
     vertex  2.000000e-01  5.728406e+00  1.800000e+00
   endloop
 endfacet
 facet normal -1.000000e+00  0.000000e+00 -0.000000e+00
   outer loop
     vertex  2.000000e-01  5.728406e+00  2.055319e+00
     vertex  2.000000e-01  5.728406e+00  1.800000e+00
     vertex  2.000000e-01  5.520073e+00  1.842553e+00
   endloop
 endfacet
 facet normal -1.000000e+00  0.000000e+00  0.000000e+00
   outer loop
     vertex  2.000000e-01  5.728406e+00  2.055319e+00
     vertex  2.000000e-01  6.061739e+00  2.055319e+00
     vertex  2.000000e-01  6.061739e+00  1.800000e+00
   endloop
 endfacet
 facet normal -1.000000e+00  0.000000e+00 -0.000000e+00
   outer loop
     vertex  2.000000e-01  5.561739e+00  2.097872e+00
     vertex  2.000000e-01  5.728406e+00  2.055319e+00
     vertex  2.000000e-01  5.520073e+00  1.842553e+00
   endloop
 endfacet
 facet normal -1.000000e+00  0.000000e+00  0.000000e+00
   outer loop
     vertex  2.000000e-01  5.353406e+00  1.927660e+00
     vertex  2.000000e-01  5.561739e+00  2.097872e+00
     vertex  2.000000e-01  5.520073e+00  1.842553e+00
   endloop
 endfacet
 facet normal -1.000000e+00  0.000000e+00  0.000000e+00
   outer loop
     vertex  2.000000e-01  6.478406e+00  3.119149e+00
     vertex  2.000000e-01  6.728406e+00  3.119149e+00
     vertex  2.000000e-01  6.728406e+00  2.480851e+00
   endloop
 endfacet
 facet normal -1.000000e+00  0.000000e+00  0.000000e+00
   outer loop
     vertex  2.000000e-01  6.478406e+00  3.119149e+00
     vertex  2.000000e-01  6.728406e+00  2.480851e+00
     vertex  2.000000e-01  6.478406e+00  2.480851e+00
   endloop
 endfacet
 facet normal -1.000000e+00  0.000000e+00 -0.000000e+00
   outer loop
     vertex  2.000000e-01  6.686739e+00  3.331915e+00
     vertex  2.000000e-01  6.728406e+00  3.119149e+00
     vertex  2.000000e-01  6.478406e+00  3.119149e+00
   endloop
 endfacet
 facet normal -1.000000e+00  0.000000e+00 -0.000000e+00
   outer loop
     vertex  2.000000e-01  5.436739e+00  2.182979e+00
     vertex  2.000000e-01  5.561739e+00  2.097872e+00
     vertex  2.000000e-01  5.353406e+00  1.927660e+00
   endloop
 endfacet
 facet normal -1.000000e+00  0.000000e+00  0.000000e+00
   outer loop
     vertex  2.000000e-01  6.436739e+00  3.289362e+00
     vertex  2.000000e-01  6.686739e+00  3.331915e+00
     vertex  2.000000e-01  6.478406e+00  3.119149e+00
   endloop
 endfacet
 facet normal -1.000000e+00  0.000000e+00 -0.000000e+00
   outer loop
     vertex  2.000000e-01  6.603406e+00  3.502128e+00
     vertex  2.000000e-01  6.686739e+00  3.331915e+00
     vertex  2.000000e-01  6.436739e+00  3.289362e+00
   endloop
 endfacet
 facet normal -1.000000e+00  0.000000e+00  0.000000e+00
   outer loop
     vertex  2.000000e-01  5.186739e+00  2.097872e+00
     vertex  2.000000e-01  5.436739e+00  2.182979e+00
     vertex  2.000000e-01  5.353406e+00  1.927660e+00
   endloop
 endfacet
 facet normal -1.000000e+00  0.000000e+00 -0.000000e+00
   outer loop
     vertex  2.000000e-01  5.353406e+00  2.310638e+00
     vertex  2.000000e-01  5.436739e+00  2.182979e+00
     vertex  2.000000e-01  5.186739e+00  2.097872e+00
   endloop
 endfacet
 facet normal -1.000000e+00  0.000000e+00  0.000000e+00
   outer loop
     vertex  2.000000e-01  6.353406e+00  3.417021e+00
     vertex  2.000000e-01  6.603406e+00  3.502128e+00
     vertex  2.000000e-01  6.436739e+00  3.289362e+00
   endloop
 endfacet
 facet normal -1.000000e+00  0.000000e+00  0.000000e+00
   outer loop
     vertex  2.000000e-01  5.103406e+00  2.268085e+00
     vertex  2.000000e-01  5.353406e+00  2.310638e+00
     vertex  2.000000e-01  5.186739e+00  2.097872e+00
   endloop
 endfacet
 facet normal -1.000000e+00  0.000000e+00 -0.000000e+00
   outer loop
     vertex  2.000000e-01  5.311739e+00  2.480851e+00
     vertex  2.000000e-01  5.353406e+00  2.310638e+00
     vertex  2.000000e-01  5.103406e+00  2.268085e+00
   endloop
 endfacet
 facet normal -1.000000e+00  0.000000e+00 -0.000000e+00
   outer loop
     vertex  2.000000e-01  6.436739e+00  3.672340e+00
     vertex  2.000000e-01  6.603406e+00  3.502128e+00
     vertex  2.000000e-01  6.353406e+00  3.417021e+00
   endloop
 endfacet
 facet normal -1.000000e+00  0.000000e+00  0.000000e+00
   outer loop
     vertex  2.000000e-01  6.228406e+00  3.502128e+00
     vertex  2.000000e-01  6.436739e+00  3.672340e+00
     vertex  2.000000e-01  6.353406e+00  3.417021e+00
   endloop
 endfacet
 facet normal -1.000000e+00  0.000000e+00  0.000000e+00
   outer loop
     vertex  2.000000e-01  5.061739e+00  2.480851e+00
     vertex  2.000000e-01  5.311739e+00  2.480851e+00
     vertex  2.000000e-01  5.103406e+00  2.268085e+00
   endloop
 endfacet
 facet normal -1.000000e+00  0.000000e+00  0.000000e+00
   outer loop
     vertex  2.000000e-01  6.270073e+00  3.757447e+00
     vertex  2.000000e-01  6.228406e+00  3.502128e+00
     vertex  2.000000e-01  6.061739e+00  3.544681e+00
   endloop
 endfacet
 facet normal -1.000000e+00  0.000000e+00 -0.000000e+00
   outer loop
     vertex  2.000000e-01  6.270073e+00  3.757447e+00
     vertex  2.000000e-01  6.436739e+00  3.672340e+00
     vertex  2.000000e-01  6.228406e+00  3.502128e+00
   endloop
 endfacet
 facet normal -1.000000e+00  0.000000e+00  0.000000e+00
   outer loop
     vertex  2.000000e-01  6.061739e+00  3.800000e+00
     vertex  2.000000e-01  6.270073e+00  3.757447e+00
     vertex  2.000000e-01  6.061739e+00  3.544681e+00
   endloop
 endfacet
 facet normal -1.000000e+00  0.000000e+00 -0.000000e+00
   outer loop
     vertex  2.000000e-01  5.311739e+00  3.119149e+00
     vertex  2.000000e-01  5.311739e+00  2.480851e+00
     vertex  2.000000e-01  5.061739e+00  2.480851e+00
   endloop
 endfacet
 facet normal -1.000000e+00  0.000000e+00  0.000000e+00
   outer loop
     vertex  2.000000e-01  5.061739e+00  3.119149e+00
     vertex  2.000000e-01  5.311739e+00  3.119149e+00
     vertex  2.000000e-01  5.061739e+00  2.480851e+00
   endloop
 endfacet
 facet normal -1.000000e+00  0.000000e+00  0.000000e+00
   outer loop
     vertex  2.000000e-01  5.728406e+00  3.800000e+00
     vertex  2.000000e-01  6.061739e+00  3.800000e+00
     vertex  2.000000e-01  6.061739e+00  3.544681e+00
   endloop
 endfacet
 facet normal -1.000000e+00  0.000000e+00  0.000000e+00
   outer loop
     vertex  2.000000e-01  5.728406e+00  3.800000e+00
     vertex  2.000000e-01  6.061739e+00  3.544681e+00
     vertex  2.000000e-01  5.728406e+00  3.544681e+00
   endloop
 endfacet
 facet normal -1.000000e+00  0.000000e+00 -0.000000e+00
   outer loop
     vertex  2.000000e-01  5.103406e+00  3.331915e+00
     vertex  2.000000e-01  5.311739e+00  3.119149e+00
     vertex  2.000000e-01  5.061739e+00  3.119149e+00
   endloop
 endfacet
 facet normal -1.000000e+00  0.000000e+00  0.000000e+00
   outer loop
     vertex  2.000000e-01  5.103406e+00  3.331915e+00
     vertex  2.000000e-01  5.353406e+00  3.289362e+00
     vertex  2.000000e-01  5.311739e+00  3.119149e+00
   endloop
 endfacet
 facet normal -1.000000e+00  0.000000e+00  0.000000e+00
   outer loop
     vertex  2.000000e-01  5.520073e+00  3.757447e+00
     vertex  2.000000e-01  5.728406e+00  3.544681e+00
     vertex  2.000000e-01  5.561739e+00  3.502128e+00
   endloop
 endfacet
 facet normal -1.000000e+00  0.000000e+00  0.000000e+00
   outer loop
     vertex  2.000000e-01  5.520073e+00  3.757447e+00
     vertex  2.000000e-01  5.728406e+00  3.800000e+00
     vertex  2.000000e-01  5.728406e+00  3.544681e+00
   endloop
 endfacet
 facet normal -1.000000e+00  0.000000e+00  0.000000e+00
   outer loop
     vertex  2.000000e-01  5.186739e+00  3.502128e+00
     vertex  2.000000e-01  5.436739e+00  3.417021e+00
     vertex  2.000000e-01  5.353406e+00  3.289362e+00
   endloop
 endfacet
 facet normal -1.000000e+00  0.000000e+00 -0.000000e+00
   outer loop
     vertex  2.000000e-01  5.186739e+00  3.502128e+00
     vertex  2.000000e-01  5.353406e+00  3.289362e+00
     vertex  2.000000e-01  5.103406e+00  3.331915e+00
   endloop
 endfacet
 facet normal -1.000000e+00  0.000000e+00 -0.000000e+00
   outer loop
     vertex  2.000000e-01  5.353406e+00  3.672340e+00
     vertex  2.000000e-01  5.436739e+00  3.417021e+00
     vertex  2.000000e-01  5.186739e+00  3.502128e+00
   endloop
 endfacet
 facet normal -1.000000e+00  0.000000e+00  0.000000e+00
   outer loop
     vertex  2.000000e-01  5.353406e+00  3.672340e+00
     vertex  2.000000e-01  5.561739e+00  3.502128e+00
     vertex  2.000000e-01  5.436739e+00  3.417021e+00
   endloop
 endfacet
 facet normal -1.000000e+00  0.000000e+00  0.000000e+00
   outer loop
     vertex  2.000000e-01  5.353406e+00  3.672340e+00
     vertex  2.000000e-01  5.520073e+00  3.757447e+00
     vertex  2.000000e-01  5.561739e+00  3.502128e+00
   endloop
 endfacet
 facet normal  0.000000e+00  1.000000e+00  0.000000e+00
   outer loop
     vertex  0.000000e+00  1.277007e+01  3.800000e+00
     vertex  2.000000e-01  1.277007e+01  1.800000e+00
     vertex  0.000000e+00  1.277007e+01  1.800000e+00
   endloop
 endfacet
 facet normal -0.000000e+00  1.000000e+00  0.000000e+00
   outer loop
     vertex  0.000000e+00  1.277007e+01  3.800000e+00
     vertex  2.000000e-01  1.277007e+01  3.800000e+00
     vertex  2.000000e-01  1.277007e+01  1.800000e+00
   endloop
 endfacet
 facet normal  0.000000e+00  0.000000e+00  1.000000e+00
   outer loop
     vertex  0.000000e+00  1.277007e+01  1.800000e+00
     vertex  2.000000e-01  1.302007e+01  1.800000e+00
     vertex  0.000000e+00  1.302007e+01  1.800000e+00
   endloop
 endfacet
 facet normal  0.000000e+00  0.000000e+00  1.000000e+00
   outer loop
     vertex  0.000000e+00  1.277007e+01  1.800000e+00
     vertex  2.000000e-01  1.277007e+01  1.800000e+00
     vertex  2.000000e-01  1.302007e+01  1.800000e+00
   endloop
 endfacet
 facet normal  0.000000e+00 -1.000000e+00  0.000000e+00
   outer loop
     vertex  0.000000e+00  1.302007e+01  1.800000e+00
     vertex  2.000000e-01  1.302007e+01  3.800000e+00
     vertex  0.000000e+00  1.302007e+01  3.800000e+00
   endloop
 endfacet
 facet normal  0.000000e+00 -1.000000e+00  0.000000e+00
   outer loop
     vertex  0.000000e+00  1.302007e+01  1.800000e+00
     vertex  2.000000e-01  1.302007e+01  1.800000e+00
     vertex  2.000000e-01  1.302007e+01  3.800000e+00
   endloop
 endfacet
 facet normal  0.000000e+00  0.000000e+00 -1.000000e+00
   outer loop
     vertex  0.000000e+00  1.302007e+01  3.800000e+00
     vertex  2.000000e-01  1.277007e+01  3.800000e+00
     vertex  0.000000e+00  1.277007e+01  3.800000e+00
   endloop
 endfacet
 facet normal  0.000000e+00  0.000000e+00 -1.000000e+00
   outer loop
     vertex  0.000000e+00  1.302007e+01  3.800000e+00
     vertex  2.000000e-01  1.302007e+01  3.800000e+00
     vertex  2.000000e-01  1.277007e+01  3.800000e+00
   endloop
 endfacet
 facet normal  0.000000e+00 -1.000000e+00  0.000000e+00
   outer loop
     vertex  0.000000e+00  1.243674e+01  1.800000e+00
     vertex  2.000000e-01  1.243674e+01  3.800000e+00
     vertex  0.000000e+00  1.243674e+01  3.800000e+00
   endloop
 endfacet
 facet normal  0.000000e+00 -1.000000e+00  0.000000e+00
   outer loop
     vertex  0.000000e+00  1.243674e+01  1.800000e+00
     vertex  2.000000e-01  1.243674e+01  1.800000e+00
     vertex  2.000000e-01  1.243674e+01  3.800000e+00
   endloop
 endfacet
 facet normal  0.000000e+00  0.000000e+00 -1.000000e+00
   outer loop
     vertex  0.000000e+00  1.243674e+01  3.800000e+00
     vertex  2.000000e-01  1.218674e+01  3.800000e+00
     vertex  0.000000e+00  1.218674e+01  3.800000e+00
   endloop
 endfacet
 facet normal  0.000000e+00  0.000000e+00 -1.000000e+00
   outer loop
     vertex  0.000000e+00  1.243674e+01  3.800000e+00
     vertex  2.000000e-01  1.243674e+01  3.800000e+00
     vertex  2.000000e-01  1.218674e+01  3.800000e+00
   endloop
 endfacet
 facet normal  0.000000e+00  1.000000e+00  0.000000e+00
   outer loop
     vertex  0.000000e+00  1.218674e+01  3.800000e+00
     vertex  2.000000e-01  1.218674e+01  2.055319e+00
     vertex  0.000000e+00  1.218674e+01  2.055319e+00
   endloop
 endfacet
 facet normal -0.000000e+00  1.000000e+00  0.000000e+00
   outer loop
     vertex  0.000000e+00  1.218674e+01  3.800000e+00
     vertex  2.000000e-01  1.218674e+01  3.800000e+00
     vertex  2.000000e-01  1.218674e+01  2.055319e+00
   endloop
 endfacet
 facet normal  0.000000e+00  0.000000e+00 -1.000000e+00
   outer loop
     vertex  0.000000e+00  1.218674e+01  2.055319e+00
     vertex  2.000000e-01  1.093674e+01  2.055319e+00
     vertex  0.000000e+00  1.093674e+01  2.055319e+00
   endloop
 endfacet
 facet normal  0.000000e+00  0.000000e+00 -1.000000e+00
   outer loop
     vertex  0.000000e+00  1.218674e+01  2.055319e+00
     vertex  2.000000e-01  1.218674e+01  2.055319e+00
     vertex  2.000000e-01  1.093674e+01  2.055319e+00
   endloop
 endfacet
 facet normal  0.000000e+00  1.000000e+00  0.000000e+00
   outer loop
     vertex  0.000000e+00  1.093674e+01  2.055319e+00
     vertex  2.000000e-01  1.093674e+01  1.800000e+00
     vertex  0.000000e+00  1.093674e+01  1.800000e+00
   endloop
 endfacet
 facet normal -0.000000e+00  1.000000e+00  0.000000e+00
   outer loop
     vertex  0.000000e+00  1.093674e+01  2.055319e+00
     vertex  2.000000e-01  1.093674e+01  2.055319e+00
     vertex  2.000000e-01  1.093674e+01  1.800000e+00
   endloop
 endfacet
 facet normal  0.000000e+00  0.000000e+00  1.000000e+00
   outer loop
     vertex  0.000000e+00  1.093674e+01  1.800000e+00
     vertex  2.000000e-01  1.243674e+01  1.800000e+00
     vertex  0.000000e+00  1.243674e+01  1.800000e+00
   endloop
 endfacet
 facet normal  0.000000e+00  0.000000e+00  1.000000e+00
   outer loop
     vertex  0.000000e+00  1.093674e+01  1.800000e+00
     vertex  2.000000e-01  1.093674e+01  1.800000e+00
     vertex  2.000000e-01  1.243674e+01  1.800000e+00
   endloop
 endfacet
 facet normal  0.000000e+00  0.000000e+00 -1.000000e+00
   outer loop
     vertex  0.000000e+00  9.270073e+00  3.800000e+00
     vertex  2.000000e-01  9.020073e+00  3.800000e+00
     vertex  0.000000e+00  9.020073e+00  3.800000e+00
   endloop
 endfacet
 facet normal  0.000000e+00  0.000000e+00 -1.000000e+00
   outer loop
     vertex  0.000000e+00  9.270073e+00  3.800000e+00
     vertex  2.000000e-01  9.270073e+00  3.800000e+00
     vertex  2.000000e-01  9.020073e+00  3.800000e+00
   endloop
 endfacet
 facet normal  0.000000e+00  8.264805e-01  5.629653e-01
   outer loop
     vertex  0.000000e+00  9.020073e+00  3.800000e+00
     vertex  2.000000e-01  9.686740e+00  2.821277e+00
     vertex  0.000000e+00  9.686740e+00  2.821277e+00
   endloop
 endfacet
 facet normal -0.000000e+00  8.264805e-01  5.629653e-01
   outer loop
     vertex  0.000000e+00  9.020073e+00  3.800000e+00
     vertex  2.000000e-01  9.020073e+00  3.800000e+00
     vertex  2.000000e-01  9.686740e+00  2.821277e+00
   endloop
 endfacet
 facet normal  0.000000e+00  1.000000e+00  0.000000e+00
   outer loop
     vertex  0.000000e+00  9.686740e+00  2.821277e+00
     vertex  2.000000e-01  9.686740e+00  1.800000e+00
     vertex  0.000000e+00  9.686740e+00  1.800000e+00
   endloop
 endfacet
 facet normal -0.000000e+00  1.000000e+00  0.000000e+00
   outer loop
     vertex  0.000000e+00  9.686740e+00  2.821277e+00
     vertex  2.000000e-01  9.686740e+00  2.821277e+00
     vertex  2.000000e-01  9.686740e+00  1.800000e+00
   endloop
 endfacet
 facet normal  0.000000e+00  0.000000e+00  1.000000e+00
   outer loop
     vertex  0.000000e+00  9.686740e+00  1.800000e+00
     vertex  2.000000e-01  9.936740e+00  1.800000e+00
     vertex  0.000000e+00  9.936740e+00  1.800000e+00
   endloop
 endfacet
 facet normal  0.000000e+00  0.000000e+00  1.000000e+00
   outer loop
     vertex  0.000000e+00  9.686740e+00  1.800000e+00
     vertex  2.000000e-01  9.686740e+00  1.800000e+00
     vertex  2.000000e-01  9.936740e+00  1.800000e+00
   endloop
 endfacet
 facet normal  0.000000e+00 -1.000000e+00  0.000000e+00
   outer loop
     vertex  0.000000e+00  9.936740e+00  1.800000e+00
     vertex  2.000000e-01  9.936740e+00  2.821277e+00
     vertex  0.000000e+00  9.936740e+00  2.821277e+00
   endloop
 endfacet
 facet normal  0.000000e+00 -1.000000e+00  0.000000e+00
   outer loop
     vertex  0.000000e+00  9.936740e+00  1.800000e+00
     vertex  2.000000e-01  9.936740e+00  1.800000e+00
     vertex  2.000000e-01  9.936740e+00  2.821277e+00
   endloop
 endfacet
 facet normal  0.000000e+00 -8.264807e-01  5.629650e-01
   outer loop
     vertex  0.000000e+00  9.936740e+00  2.821277e+00
     vertex  2.000000e-01  1.060341e+01  3.800000e+00
     vertex  0.000000e+00  1.060341e+01  3.800000e+00
   endloop
 endfacet
 facet normal  0.000000e+00 -8.264807e-01  5.629650e-01
   outer loop
     vertex  0.000000e+00  9.936740e+00  2.821277e+00
     vertex  2.000000e-01  9.936740e+00  2.821277e+00
     vertex  2.000000e-01  1.060341e+01  3.800000e+00
   endloop
 endfacet
 facet normal  0.000000e+00  0.000000e+00 -1.000000e+00
   outer loop
     vertex  0.000000e+00  1.060341e+01  3.800000e+00
     vertex  2.000000e-01  1.035341e+01  3.800000e+00
     vertex  0.000000e+00  1.035341e+01  3.800000e+00
   endloop
 endfacet
 facet normal  0.000000e+00  0.000000e+00 -1.000000e+00
   outer loop
     vertex  0.000000e+00  1.060341e+01  3.800000e+00
     vertex  2.000000e-01  1.060341e+01  3.800000e+00
     vertex  2.000000e-01  1.035341e+01  3.800000e+00
   endloop
 endfacet
 facet normal  0.000000e+00  8.307869e-01 -5.565906e-01
   outer loop
     vertex  0.000000e+00  1.035341e+01  3.800000e+00
     vertex  2.000000e-01  9.811740e+00  2.991489e+00
     vertex  0.000000e+00  9.811740e+00  2.991489e+00
   endloop
 endfacet
 facet normal  0.000000e+00  8.307869e-01 -5.565906e-01
   outer loop
     vertex  0.000000e+00  1.035341e+01  3.800000e+00
     vertex  2.000000e-01  1.035341e+01  3.800000e+00
     vertex  2.000000e-01  9.811740e+00  2.991489e+00
   endloop
 endfacet
 facet normal  0.000000e+00 -8.307867e-01 -5.565910e-01
   outer loop
     vertex  0.000000e+00  9.811740e+00  2.991489e+00
     vertex  2.000000e-01  9.270073e+00  3.800000e+00
     vertex  0.000000e+00  9.270073e+00  3.800000e+00
   endloop
 endfacet
 facet normal  0.000000e+00 -8.307867e-01 -5.565910e-01
   outer loop
     vertex  0.000000e+00  9.811740e+00  2.991489e+00
     vertex  2.000000e-01  9.811740e+00  2.991489e+00
     vertex  2.000000e-01  9.270073e+00  3.800000e+00
   endloop
 endfacet
 facet normal  0.000000e+00  1.000000e+00  0.000000e+00
   outer loop
     vertex  0.000000e+00  7.061740e+00  2.906383e+00
     vertex  2.000000e-01  7.061740e+00  2.268085e+00
     vertex  0.000000e+00  7.061740e+00  2.268085e+00
   endloop
 endfacet
 facet normal -0.000000e+00  1.000000e+00  0.000000e+00
   outer loop
     vertex  0.000000e+00  7.061740e+00  2.906383e+00
     vertex  2.000000e-01  7.061740e+00  2.906383e+00
     vertex  2.000000e-01  7.061740e+00  2.268085e+00
   endloop
 endfacet
 facet normal  0.000000e+00  9.713214e-01  2.377705e-01
   outer loop
     vertex  0.000000e+00  7.061740e+00  2.268085e+00
     vertex  2.000000e-01  7.103406e+00  2.097872e+00
     vertex  0.000000e+00  7.103406e+00  2.097872e+00
   endloop
 endfacet
 facet normal -0.000000e+00  9.713214e-01  2.377705e-01
   outer loop
     vertex  0.000000e+00  7.061740e+00  2.268085e+00
     vertex  2.000000e-01  7.061740e+00  2.268085e+00
     vertex  2.000000e-01  7.103406e+00  2.097872e+00
   endloop
 endfacet
 facet normal  0.000000e+00  7.145107e-01  6.996245e-01
   outer loop
     vertex  0.000000e+00  7.103406e+00  2.097872e+00
     vertex  2.000000e-01  7.270073e+00  1.927660e+00
     vertex  0.000000e+00  7.270073e+00  1.927660e+00
   endloop
 endfacet
 facet normal -0.000000e+00  7.145107e-01  6.996245e-01
   outer loop
     vertex  0.000000e+00  7.103406e+00  2.097872e+00
     vertex  2.000000e-01  7.103406e+00  2.097872e+00
     vertex  2.000000e-01  7.270073e+00  1.927660e+00
   endloop
 endfacet
 facet normal  0.000000e+00  4.547765e-01  8.906056e-01
   outer loop
     vertex  0.000000e+00  7.270073e+00  1.927660e+00
     vertex  2.000000e-01  7.436740e+00  1.842553e+00
     vertex  0.000000e+00  7.436740e+00  1.842553e+00
   endloop
 endfacet
 facet normal -0.000000e+00  4.547765e-01  8.906056e-01
   outer loop
     vertex  0.000000e+00  7.270073e+00  1.927660e+00
     vertex  2.000000e-01  7.270073e+00  1.927660e+00
     vertex  2.000000e-01  7.436740e+00  1.842553e+00
   endloop
 endfacet
 facet normal  0.000000e+00  2.001237e-01  9.797706e-01
   outer loop
     vertex  0.000000e+00  7.436740e+00  1.842553e+00
     vertex  2.000000e-01  7.645073e+00  1.800000e+00
     vertex  0.000000e+00  7.645073e+00  1.800000e+00
   endloop
 endfacet
 facet normal -0.000000e+00  2.001237e-01  9.797706e-01
   outer loop
     vertex  0.000000e+00  7.436740e+00  1.842553e+00
     vertex  2.000000e-01  7.436740e+00  1.842553e+00
     vertex  2.000000e-01  7.645073e+00  1.800000e+00
   endloop
 endfacet
 facet normal  0.000000e+00  0.000000e+00  1.000000e+00
   outer loop
     vertex  0.000000e+00  7.645073e+00  1.800000e+00
     vertex  2.000000e-01  8.020073e+00  1.800000e+00
     vertex  0.000000e+00  8.020073e+00  1.800000e+00
   endloop
 endfacet
 facet normal  0.000000e+00  0.000000e+00  1.000000e+00
   outer loop
     vertex  0.000000e+00  7.645073e+00  1.800000e+00
     vertex  2.000000e-01  7.645073e+00  1.800000e+00
     vertex  2.000000e-01  8.020073e+00  1.800000e+00
   endloop
 endfacet
 facet normal  0.000000e+00 -2.001232e-01  9.797707e-01
   outer loop
     vertex  0.000000e+00  8.020073e+00  1.800000e+00
     vertex  2.000000e-01  8.228406e+00  1.842553e+00
     vertex  0.000000e+00  8.228406e+00  1.842553e+00
   endloop
 endfacet
 facet normal  0.000000e+00 -2.001232e-01  9.797707e-01
   outer loop
     vertex  0.000000e+00  8.020073e+00  1.800000e+00
     vertex  2.000000e-01  8.020073e+00  1.800000e+00
     vertex  2.000000e-01  8.228406e+00  1.842553e+00
   endloop
 endfacet
 facet normal  0.000000e+00 -4.547775e-01  8.906051e-01
   outer loop
     vertex  0.000000e+00  8.228406e+00  1.842553e+00
     vertex  2.000000e-01  8.395073e+00  1.927660e+00
     vertex  0.000000e+00  8.395073e+00  1.927660e+00
   endloop
 endfacet
 facet normal  0.000000e+00 -4.547775e-01  8.906051e-01
   outer loop
     vertex  0.000000e+00  8.228406e+00  1.842553e+00
     vertex  2.000000e-01  8.228406e+00  1.842553e+00
     vertex  2.000000e-01  8.395073e+00  1.927660e+00
   endloop
 endfacet
 facet normal  0.000000e+00 -7.145097e-01  6.996255e-01
   outer loop
     vertex  0.000000e+00  8.395073e+00  1.927660e+00
     vertex  2.000000e-01  8.561740e+00  2.097872e+00
     vertex  0.000000e+00  8.561740e+00  2.097872e+00
   endloop
 endfacet
 facet normal  0.000000e+00 -7.145097e-01  6.996255e-01
   outer loop
     vertex  0.000000e+00  8.395073e+00  1.927660e+00
     vertex  2.000000e-01  8.395073e+00  1.927660e+00
     vertex  2.000000e-01  8.561740e+00  2.097872e+00
   endloop
 endfacet
 facet normal  0.000000e+00 -8.981388e-01  4.397121e-01
   outer loop
     vertex  0.000000e+00  8.561740e+00  2.097872e+00
     vertex  2.000000e-01  8.645073e+00  2.268085e+00
     vertex  0.000000e+00  8.645073e+00  2.268085e+00
   endloop
 endfacet
 facet normal  0.000000e+00 -8.981388e-01  4.397121e-01
   outer loop
     vertex  0.000000e+00  8.561740e+00  2.097872e+00
     vertex  2.000000e-01  8.561740e+00  2.097872e+00
     vertex  2.000000e-01  8.645073e+00  2.268085e+00
   endloop
 endfacet
 facet normal  0.000000e+00 -9.813589e-01  1.921843e-01
   outer loop
     vertex  0.000000e+00  8.645073e+00  2.268085e+00
     vertex  2.000000e-01  8.686740e+00  2.480851e+00
     vertex  0.000000e+00  8.686740e+00  2.480851e+00
   endloop
 endfacet
 facet normal  0.000000e+00 -9.813589e-01  1.921843e-01
   outer loop
     vertex  0.000000e+00  8.645073e+00  2.268085e+00
     vertex  2.000000e-01  8.645073e+00  2.268085e+00
     vertex  2.000000e-01  8.686740e+00  2.480851e+00
   endloop
 endfacet
 facet normal  0.000000e+00 -1.000000e+00  0.000000e+00
   outer loop
     vertex  0.000000e+00  8.686740e+00  2.480851e+00
     vertex  2.000000e-01  8.686740e+00  3.119149e+00
     vertex  0.000000e+00  8.686740e+00  3.119149e+00
   endloop
 endfacet
 facet normal  0.000000e+00 -1.000000e+00  0.000000e+00
   outer loop
     vertex  0.000000e+00  8.686740e+00  2.480851e+00
     vertex  2.000000e-01  8.686740e+00  2.480851e+00
     vertex  2.000000e-01  8.686740e+00  3.119149e+00
   endloop
 endfacet
 facet normal  0.000000e+00 -9.813589e-01 -1.921842e-01
   outer loop
     vertex  0.000000e+00  8.686740e+00  3.119149e+00
     vertex  2.000000e-01  8.645073e+00  3.331915e+00
     vertex  0.000000e+00  8.645073e+00  3.331915e+00
   endloop
 endfacet
 facet normal  0.000000e+00 -9.813589e-01 -1.921842e-01
   outer loop
     vertex  0.000000e+00  8.686740e+00  3.119149e+00
     vertex  2.000000e-01  8.686740e+00  3.119149e+00
     vertex  2.000000e-01  8.645073e+00  3.331915e+00
   endloop
 endfacet
 facet normal  0.000000e+00 -8.981388e-01 -4.397121e-01
   outer loop
     vertex  0.000000e+00  8.645073e+00  3.331915e+00
     vertex  2.000000e-01  8.561740e+00  3.502128e+00
     vertex  0.000000e+00  8.561740e+00  3.502128e+00
   endloop
 endfacet
 facet normal  0.000000e+00 -8.981388e-01 -4.397121e-01
   outer loop
     vertex  0.000000e+00  8.645073e+00  3.331915e+00
     vertex  2.000000e-01  8.645073e+00  3.331915e+00
     vertex  2.000000e-01  8.561740e+00  3.502128e+00
   endloop
 endfacet
 facet normal  0.000000e+00 -7.145097e-01 -6.996255e-01
   outer loop
     vertex  0.000000e+00  8.561740e+00  3.502128e+00
     vertex  2.000000e-01  8.395073e+00  3.672340e+00
     vertex  0.000000e+00  8.395073e+00  3.672340e+00
   endloop
 endfacet
 facet normal  0.000000e+00 -7.145097e-01 -6.996255e-01
   outer loop
     vertex  0.000000e+00  8.561740e+00  3.502128e+00
     vertex  2.000000e-01  8.561740e+00  3.502128e+00
     vertex  2.000000e-01  8.395073e+00  3.672340e+00
   endloop
 endfacet
 facet normal  0.000000e+00 -4.547775e-01 -8.906051e-01
   outer loop
     vertex  0.000000e+00  8.395073e+00  3.672340e+00
     vertex  2.000000e-01  8.228406e+00  3.757447e+00
     vertex  0.000000e+00  8.228406e+00  3.757447e+00
   endloop
 endfacet
 facet normal  0.000000e+00 -4.547775e-01 -8.906051e-01
   outer loop
     vertex  0.000000e+00  8.395073e+00  3.672340e+00
     vertex  2.000000e-01  8.395073e+00  3.672340e+00
     vertex  2.000000e-01  8.228406e+00  3.757447e+00
   endloop
 endfacet
 facet normal  0.000000e+00 -2.001232e-01 -9.797707e-01
   outer loop
     vertex  0.000000e+00  8.228406e+00  3.757447e+00
     vertex  2.000000e-01  8.020073e+00  3.800000e+00
     vertex  0.000000e+00  8.020073e+00  3.800000e+00
   endloop
 endfacet
 facet normal  0.000000e+00 -2.001232e-01 -9.797707e-01
   outer loop
     vertex  0.000000e+00  8.228406e+00  3.757447e+00
     vertex  2.000000e-01  8.228406e+00  3.757447e+00
     vertex  2.000000e-01  8.020073e+00  3.800000e+00
   endloop
 endfacet
 facet normal  0.000000e+00  0.000000e+00 -1.000000e+00
   outer loop
     vertex  0.000000e+00  8.020073e+00  3.800000e+00
     vertex  2.000000e-01  7.645073e+00  3.800000e+00
     vertex  0.000000e+00  7.645073e+00  3.800000e+00
   endloop
 endfacet
 facet normal  0.000000e+00  0.000000e+00 -1.000000e+00
   outer loop
     vertex  0.000000e+00  8.020073e+00  3.800000e+00
     vertex  2.000000e-01  8.020073e+00  3.800000e+00
     vertex  2.000000e-01  7.645073e+00  3.800000e+00
   endloop
 endfacet
 facet normal  0.000000e+00  2.001236e-01 -9.797706e-01
   outer loop
     vertex  0.000000e+00  7.645073e+00  3.800000e+00
     vertex  2.000000e-01  7.436740e+00  3.757447e+00
     vertex  0.000000e+00  7.436740e+00  3.757447e+00
   endloop
 endfacet
 facet normal  0.000000e+00  2.001236e-01 -9.797706e-01
   outer loop
     vertex  0.000000e+00  7.645073e+00  3.800000e+00
     vertex  2.000000e-01  7.645073e+00  3.800000e+00
     vertex  2.000000e-01  7.436740e+00  3.757447e+00
   endloop
 endfacet
 facet normal  0.000000e+00  4.547764e-01 -8.906056e-01
   outer loop
     vertex  0.000000e+00  7.436740e+00  3.757447e+00
     vertex  2.000000e-01  7.270073e+00  3.672340e+00
     vertex  0.000000e+00  7.270073e+00  3.672340e+00
   endloop
 endfacet
 facet normal  0.000000e+00  4.547764e-01 -8.906056e-01
   outer loop
     vertex  0.000000e+00  7.436740e+00  3.757447e+00
     vertex  2.000000e-01  7.436740e+00  3.757447e+00
     vertex  2.000000e-01  7.270073e+00  3.672340e+00
   endloop
 endfacet
 facet normal  0.000000e+00  7.145107e-01 -6.996245e-01
   outer loop
     vertex  0.000000e+00  7.270073e+00  3.672340e+00
     vertex  2.000000e-01  7.103406e+00  3.502128e+00
     vertex  0.000000e+00  7.103406e+00  3.502128e+00
   endloop
 endfacet
 facet normal  0.000000e+00  7.145107e-01 -6.996245e-01
   outer loop
     vertex  0.000000e+00  7.270073e+00  3.672340e+00
     vertex  2.000000e-01  7.270073e+00  3.672340e+00
     vertex  2.000000e-01  7.103406e+00  3.502128e+00
   endloop
 endfacet
 facet normal  0.000000e+00  9.813593e-01 -1.921820e-01
   outer loop
     vertex  0.000000e+00  7.103406e+00  3.502128e+00
     vertex  2.000000e-01  7.061740e+00  3.289362e+00
     vertex  0.000000e+00  7.061740e+00  3.289362e+00
   endloop
 endfacet
 facet normal  0.000000e+00  9.813593e-01 -1.921820e-01
   outer loop
     vertex  0.000000e+00  7.103406e+00  3.502128e+00
     vertex  2.000000e-01  7.103406e+00  3.502128e+00
     vertex  2.000000e-01  7.061740e+00  3.289362e+00
   endloop
 endfacet
 facet normal  0.000000e+00  0.000000e+00  1.000000e+00
   outer loop
     vertex  0.000000e+00  7.061740e+00  3.289362e+00
     vertex  2.000000e-01  7.311740e+00  3.289362e+00
     vertex  0.000000e+00  7.311740e+00  3.289362e+00
   endloop
 endfacet
 facet normal  0.000000e+00  0.000000e+00  1.000000e+00
   outer loop
     vertex  0.000000e+00  7.061740e+00  3.289362e+00
     vertex  2.000000e-01  7.061740e+00  3.289362e+00
     vertex  2.000000e-01  7.311740e+00  3.289362e+00
   endloop
 endfacet
 facet normal  0.000000e+00 -9.506456e-01  3.102787e-01
   outer loop
     vertex  0.000000e+00  7.311740e+00  3.289362e+00
     vertex  2.000000e-01  7.353406e+00  3.417021e+00
     vertex  0.000000e+00  7.353406e+00  3.417021e+00
   endloop
 endfacet
 facet normal  0.000000e+00 -9.506456e-01  3.102787e-01
   outer loop
     vertex  0.000000e+00  7.311740e+00  3.289362e+00
     vertex  2.000000e-01  7.311740e+00  3.289362e+00
     vertex  2.000000e-01  7.353406e+00  3.417021e+00
   endloop
 endfacet
 facet normal  0.000000e+00 -5.627909e-01  8.265993e-01
   outer loop
     vertex  0.000000e+00  7.353406e+00  3.417021e+00
     vertex  2.000000e-01  7.478406e+00  3.502128e+00
     vertex  0.000000e+00  7.478406e+00  3.502128e+00
   endloop
 endfacet
 facet normal  0.000000e+00 -5.627909e-01  8.265993e-01
   outer loop
     vertex  0.000000e+00  7.353406e+00  3.417021e+00
     vertex  2.000000e-01  7.353406e+00  3.417021e+00
     vertex  2.000000e-01  7.478406e+00  3.502128e+00
   endloop
 endfacet
 facet normal  0.000000e+00 -2.473834e-01  9.689177e-01
   outer loop
     vertex  0.000000e+00  7.478406e+00  3.502128e+00
     vertex  2.000000e-01  7.645073e+00  3.544681e+00
     vertex  0.000000e+00  7.645073e+00  3.544681e+00
   endloop
 endfacet
 facet normal  0.000000e+00 -2.473834e-01  9.689177e-01
   outer loop
     vertex  0.000000e+00  7.478406e+00  3.502128e+00
     vertex  2.000000e-01  7.478406e+00  3.502128e+00
     vertex  2.000000e-01  7.645073e+00  3.544681e+00
   endloop
 endfacet
 facet normal  0.000000e+00  0.000000e+00  1.000000e+00
   outer loop
     vertex  0.000000e+00  7.645073e+00  3.544681e+00
     vertex  2.000000e-01  8.020073e+00  3.544681e+00
     vertex  0.000000e+00  8.020073e+00  3.544681e+00
   endloop
 endfacet
 facet normal  0.000000e+00  0.000000e+00  1.000000e+00
   outer loop
     vertex  0.000000e+00  7.645073e+00  3.544681e+00
     vertex  2.000000e-01  7.645073e+00  3.544681e+00
     vertex  2.000000e-01  8.020073e+00  3.544681e+00
   endloop
 endfacet
 facet normal  0.000000e+00  2.473828e-01  9.689178e-01
   outer loop
     vertex  0.000000e+00  8.020073e+00  3.544681e+00
     vertex  2.000000e-01  8.186740e+00  3.502128e+00
     vertex  0.000000e+00  8.186740e+00  3.502128e+00
   endloop
 endfacet
 facet normal -0.000000e+00  2.473828e-01  9.689178e-01
   outer loop
     vertex  0.000000e+00  8.020073e+00  3.544681e+00
     vertex  2.000000e-01  8.020073e+00  3.544681e+00
     vertex  2.000000e-01  8.186740e+00  3.502128e+00
   endloop
 endfacet
 facet normal  0.000000e+00  5.627909e-01  8.265993e-01
   outer loop
     vertex  0.000000e+00  8.186740e+00  3.502128e+00
     vertex  2.000000e-01  8.311740e+00  3.417021e+00
     vertex  0.000000e+00  8.311740e+00  3.417021e+00
   endloop
 endfacet
 facet normal -0.000000e+00  5.627909e-01  8.265993e-01
   outer loop
     vertex  0.000000e+00  8.186740e+00  3.502128e+00
     vertex  2.000000e-01  8.186740e+00  3.502128e+00
     vertex  2.000000e-01  8.311740e+00  3.417021e+00
   endloop
 endfacet
 facet normal  0.000000e+00  8.373803e-01  5.466207e-01
   outer loop
     vertex  0.000000e+00  8.311740e+00  3.417021e+00
     vertex  2.000000e-01  8.395073e+00  3.289362e+00
     vertex  0.000000e+00  8.395073e+00  3.289362e+00
   endloop
 endfacet
 facet normal -0.000000e+00  8.373803e-01  5.466207e-01
   outer loop
     vertex  0.000000e+00  8.311740e+00  3.417021e+00
     vertex  2.000000e-01  8.311740e+00  3.417021e+00
     vertex  2.000000e-01  8.395073e+00  3.289362e+00
   endloop
 endfacet
 facet normal  0.000000e+00  9.713207e-01  2.377731e-01
   outer loop
     vertex  0.000000e+00  8.395073e+00  3.289362e+00
     vertex  2.000000e-01  8.436740e+00  3.119149e+00
     vertex  0.000000e+00  8.436740e+00  3.119149e+00
   endloop
 endfacet
 facet normal -0.000000e+00  9.713207e-01  2.377731e-01
   outer loop
     vertex  0.000000e+00  8.395073e+00  3.289362e+00
     vertex  2.000000e-01  8.395073e+00  3.289362e+00
     vertex  2.000000e-01  8.436740e+00  3.119149e+00
   endloop
 endfacet
 facet normal  0.000000e+00  1.000000e+00  0.000000e+00
   outer loop
     vertex  0.000000e+00  8.436740e+00  3.119149e+00
     vertex  2.000000e-01  8.436740e+00  2.480851e+00
     vertex  0.000000e+00  8.436740e+00  2.480851e+00
   endloop
 endfacet
 facet normal -0.000000e+00  1.000000e+00  0.000000e+00
   outer loop
     vertex  0.000000e+00  8.436740e+00  3.119149e+00
     vertex  2.000000e-01  8.436740e+00  3.119149e+00
     vertex  2.000000e-01  8.436740e+00  2.480851e+00
   endloop
 endfacet
 facet normal  0.000000e+00  9.713207e-01 -2.377731e-01
   outer loop
     vertex  0.000000e+00  8.436740e+00  2.480851e+00
     vertex  2.000000e-01  8.395073e+00  2.310638e+00
     vertex  0.000000e+00  8.395073e+00  2.310638e+00
   endloop
 endfacet
 facet normal  0.000000e+00  9.713207e-01 -2.377731e-01
   outer loop
     vertex  0.000000e+00  8.436740e+00  2.480851e+00
     vertex  2.000000e-01  8.436740e+00  2.480851e+00
     vertex  2.000000e-01  8.395073e+00  2.310638e+00
   endloop
 endfacet
 facet normal  0.000000e+00  8.373801e-01 -5.466211e-01
   outer loop
     vertex  0.000000e+00  8.395073e+00  2.310638e+00
     vertex  2.000000e-01  8.311740e+00  2.182979e+00
     vertex  0.000000e+00  8.311740e+00  2.182979e+00
   endloop
 endfacet
 facet normal  0.000000e+00  8.373801e-01 -5.466211e-01
   outer loop
     vertex  0.000000e+00  8.395073e+00  2.310638e+00
     vertex  2.000000e-01  8.395073e+00  2.310638e+00
     vertex  2.000000e-01  8.311740e+00  2.182979e+00
   endloop
 endfacet
 facet normal  0.000000e+00  5.627911e-01 -8.265992e-01
   outer loop
     vertex  0.000000e+00  8.311740e+00  2.182979e+00
     vertex  2.000000e-01  8.186740e+00  2.097872e+00
     vertex  0.000000e+00  8.186740e+00  2.097872e+00
   endloop
 endfacet
 facet normal  0.000000e+00  5.627911e-01 -8.265992e-01
   outer loop
     vertex  0.000000e+00  8.311740e+00  2.182979e+00
     vertex  2.000000e-01  8.311740e+00  2.182979e+00
     vertex  2.000000e-01  8.186740e+00  2.097872e+00
   endloop
 endfacet
 facet normal  0.000000e+00  2.473828e-01 -9.689178e-01
   outer loop
     vertex  0.000000e+00  8.186740e+00  2.097872e+00
     vertex  2.000000e-01  8.020073e+00  2.055319e+00
     vertex  0.000000e+00  8.020073e+00  2.055319e+00
   endloop
 endfacet
 facet normal  0.000000e+00  2.473828e-01 -9.689178e-01
   outer loop
     vertex  0.000000e+00  8.186740e+00  2.097872e+00
     vertex  2.000000e-01  8.186740e+00  2.097872e+00
     vertex  2.000000e-01  8.020073e+00  2.055319e+00
   endloop
 endfacet
 facet normal  0.000000e+00  0.000000e+00 -1.000000e+00
   outer loop
     vertex  0.000000e+00  8.020073e+00  2.055319e+00
     vertex  2.000000e-01  7.645073e+00  2.055319e+00
     vertex  0.000000e+00  7.645073e+00  2.055319e+00
   endloop
 endfacet
 facet normal  0.000000e+00  0.000000e+00 -1.000000e+00
   outer loop
     vertex  0.000000e+00  8.020073e+00  2.055319e+00
     vertex  2.000000e-01  8.020073e+00  2.055319e+00
     vertex  2.000000e-01  7.645073e+00  2.055319e+00
   endloop
 endfacet
 facet normal  0.000000e+00 -2.473834e-01 -9.689177e-01
   outer loop
     vertex  0.000000e+00  7.645073e+00  2.055319e+00
     vertex  2.000000e-01  7.478406e+00  2.097872e+00
     vertex  0.000000e+00  7.478406e+00  2.097872e+00
   endloop
 endfacet
 facet normal  0.000000e+00 -2.473834e-01 -9.689177e-01
   outer loop
     vertex  0.000000e+00  7.645073e+00  2.055319e+00
     vertex  2.000000e-01  7.645073e+00  2.055319e+00
     vertex  2.000000e-01  7.478406e+00  2.097872e+00
   endloop
 endfacet
 facet normal  0.000000e+00 -5.627911e-01 -8.265992e-01
   outer loop
     vertex  0.000000e+00  7.478406e+00  2.097872e+00
     vertex  2.000000e-01  7.353406e+00  2.182979e+00
     vertex  0.000000e+00  7.353406e+00  2.182979e+00
   endloop
 endfacet
 facet normal  0.000000e+00 -5.627911e-01 -8.265992e-01
   outer loop
     vertex  0.000000e+00  7.478406e+00  2.097872e+00
     vertex  2.000000e-01  7.478406e+00  2.097872e+00
     vertex  2.000000e-01  7.353406e+00  2.182979e+00
   endloop
 endfacet
 facet normal  0.000000e+00 -9.506455e-01 -3.102790e-01
   outer loop
     vertex  0.000000e+00  7.353406e+00  2.182979e+00
     vertex  2.000000e-01  7.311740e+00  2.310638e+00
     vertex  0.000000e+00  7.311740e+00  2.310638e+00
   endloop
 endfacet
 facet normal  0.000000e+00 -9.506455e-01 -3.102790e-01
   outer loop
     vertex  0.000000e+00  7.353406e+00  2.182979e+00
     vertex  2.000000e-01  7.353406e+00  2.182979e+00
     vertex  2.000000e-01  7.311740e+00  2.310638e+00
   endloop
 endfacet
 facet normal  0.000000e+00 -1.000000e+00  0.000000e+00
   outer loop
     vertex  0.000000e+00  7.311740e+00  2.310638e+00
     vertex  2.000000e-01  7.311740e+00  2.651064e+00
     vertex  0.000000e+00  7.311740e+00  2.651064e+00
   endloop
 endfacet
 facet normal  0.000000e+00 -1.000000e+00  0.000000e+00
   outer loop
     vertex  0.000000e+00  7.311740e+00  2.310638e+00
     vertex  2.000000e-01  7.311740e+00  2.310638e+00
     vertex  2.000000e-01  7.311740e+00  2.651064e+00
   endloop
 endfacet
 facet normal  0.000000e+00  0.000000e+00  1.000000e+00
   outer loop
     vertex  0.000000e+00  7.311740e+00  2.651064e+00
     vertex  2.000000e-01  7.686740e+00  2.651064e+00
     vertex  0.000000e+00  7.686740e+00  2.651064e+00
   endloop
 endfacet
 facet normal  0.000000e+00  0.000000e+00  1.000000e+00
   outer loop
     vertex  0.000000e+00  7.311740e+00  2.651064e+00
     vertex  2.000000e-01  7.311740e+00  2.651064e+00
     vertex  2.000000e-01  7.686740e+00  2.651064e+00
   endloop
 endfacet
 facet normal  0.000000e+00 -1.000000e+00  0.000000e+00
   outer loop
     vertex  0.000000e+00  7.686740e+00  2.651064e+00
     vertex  2.000000e-01  7.686740e+00  2.906383e+00
     vertex  0.000000e+00  7.686740e+00  2.906383e+00
   endloop
 endfacet
 facet normal  0.000000e+00 -1.000000e+00  0.000000e+00
   outer loop
     vertex  0.000000e+00  7.686740e+00  2.651064e+00
     vertex  2.000000e-01  7.686740e+00  2.651064e+00
     vertex  2.000000e-01  7.686740e+00  2.906383e+00
   endloop
 endfacet
 facet normal  0.000000e+00  0.000000e+00 -1.000000e+00
   outer loop
     vertex  0.000000e+00  7.686740e+00  2.906383e+00
     vertex  2.000000e-01  7.061740e+00  2.906383e+00
     vertex  0.000000e+00  7.061740e+00  2.906383e+00
   endloop
 endfacet
 facet normal  0.000000e+00  0.000000e+00 -1.000000e+00
   outer loop
     vertex  0.000000e+00  7.686740e+00  2.906383e+00
     vertex  2.000000e-01  7.686740e+00  2.906383e+00
     vertex  2.000000e-01  7.061740e+00  2.906383e+00
   endloop
 endfacet
 facet normal  0.000000e+00 -2.001228e-01 -9.797708e-01
   outer loop
     vertex  0.000000e+00  6.270073e+00  3.757447e+00
     vertex  2.000000e-01  6.061739e+00  3.800000e+00
     vertex  0.000000e+00  6.061739e+00  3.800000e+00
   endloop
 endfacet
 facet normal  0.000000e+00 -2.001228e-01 -9.797708e-01
   outer loop
     vertex  0.000000e+00  6.270073e+00  3.757447e+00
     vertex  2.000000e-01  6.270073e+00  3.757447e+00
     vertex  2.000000e-01  6.061739e+00  3.800000e+00
   endloop
 endfacet
 facet normal  0.000000e+00  0.000000e+00 -1.000000e+00
   outer loop
     vertex  0.000000e+00  6.061739e+00  3.800000e+00
     vertex  2.000000e-01  5.728406e+00  3.800000e+00
     vertex  0.000000e+00  5.728406e+00  3.800000e+00
   endloop
 endfacet
 facet normal  0.000000e+00  0.000000e+00 -1.000000e+00
   outer loop
     vertex  0.000000e+00  6.061739e+00  3.800000e+00
     vertex  2.000000e-01  6.061739e+00  3.800000e+00
     vertex  2.000000e-01  5.728406e+00  3.800000e+00
   endloop
 endfacet
 facet normal  0.000000e+00  2.001236e-01 -9.797706e-01
   outer loop
     vertex  0.000000e+00  5.728406e+00  3.800000e+00
     vertex  2.000000e-01  5.520073e+00  3.757447e+00
     vertex  0.000000e+00  5.520073e+00  3.757447e+00
   endloop
 endfacet
 facet normal  0.000000e+00  2.001236e-01 -9.797706e-01
   outer loop
     vertex  0.000000e+00  5.728406e+00  3.800000e+00
     vertex  2.000000e-01  5.728406e+00  3.800000e+00
     vertex  2.000000e-01  5.520073e+00  3.757447e+00
   endloop
 endfacet
 facet normal  0.000000e+00  4.547764e-01 -8.906056e-01
   outer loop
     vertex  0.000000e+00  5.520073e+00  3.757447e+00
     vertex  2.000000e-01  5.353406e+00  3.672340e+00
     vertex  0.000000e+00  5.353406e+00  3.672340e+00
   endloop
 endfacet
 facet normal  0.000000e+00  4.547764e-01 -8.906056e-01
   outer loop
     vertex  0.000000e+00  5.520073e+00  3.757447e+00
     vertex  2.000000e-01  5.520073e+00  3.757447e+00
     vertex  2.000000e-01  5.353406e+00  3.672340e+00
   endloop
 endfacet
 facet normal  0.000000e+00  7.145097e-01 -6.996255e-01
   outer loop
     vertex  0.000000e+00  5.353406e+00  3.672340e+00
     vertex  2.000000e-01  5.186739e+00  3.502128e+00
     vertex  0.000000e+00  5.186739e+00  3.502128e+00
   endloop
 endfacet
 facet normal  0.000000e+00  7.145097e-01 -6.996255e-01
   outer loop
     vertex  0.000000e+00  5.353406e+00  3.672340e+00
     vertex  2.000000e-01  5.353406e+00  3.672340e+00
     vertex  2.000000e-01  5.186739e+00  3.502128e+00
   endloop
 endfacet
 facet normal  0.000000e+00  8.981388e-01 -4.397121e-01
   outer loop
     vertex  0.000000e+00  5.186739e+00  3.502128e+00
     vertex  2.000000e-01  5.103406e+00  3.331915e+00
     vertex  0.000000e+00  5.103406e+00  3.331915e+00
   endloop
 endfacet
 facet normal  0.000000e+00  8.981388e-01 -4.397121e-01
   outer loop
     vertex  0.000000e+00  5.186739e+00  3.502128e+00
     vertex  2.000000e-01  5.186739e+00  3.502128e+00
     vertex  2.000000e-01  5.103406e+00  3.331915e+00
   endloop
 endfacet
 facet normal  0.000000e+00  9.813589e-01 -1.921842e-01
   outer loop
     vertex  2.000000e-01  5.103406e+00  3.331915e+00
     vertex  2.000000e-01  5.061739e+00  3.119149e+00
     vertex  0.000000e+00  5.061739e+00  3.119149e+00
   endloop
 endfacet
 facet normal  0.000000e+00  9.813589e-01 -1.921842e-01
   outer loop
     vertex  0.000000e+00  5.103406e+00  3.331915e+00
     vertex  2.000000e-01  5.103406e+00  3.331915e+00
     vertex  0.000000e+00  5.061739e+00  3.119149e+00
   endloop
 endfacet
 facet normal  0.000000e+00  1.000000e+00  0.000000e+00
   outer loop
     vertex  2.000000e-01  5.061739e+00  3.119149e+00
     vertex  2.000000e-01  5.061739e+00  2.480851e+00
     vertex  0.000000e+00  5.061739e+00  2.480851e+00
   endloop
 endfacet
 facet normal -0.000000e+00  1.000000e+00  0.000000e+00
   outer loop
     vertex  0.000000e+00  5.061739e+00  3.119149e+00
     vertex  2.000000e-01  5.061739e+00  3.119149e+00
     vertex  0.000000e+00  5.061739e+00  2.480851e+00
   endloop
 endfacet
 facet normal  0.000000e+00  9.813589e-01  1.921843e-01
   outer loop
     vertex  0.000000e+00  5.061739e+00  2.480851e+00
     vertex  2.000000e-01  5.103406e+00  2.268085e+00
     vertex  0.000000e+00  5.103406e+00  2.268085e+00
   endloop
 endfacet
 facet normal -0.000000e+00  9.813589e-01  1.921843e-01
   outer loop
     vertex  0.000000e+00  5.061739e+00  2.480851e+00
     vertex  2.000000e-01  5.061739e+00  2.480851e+00
     vertex  2.000000e-01  5.103406e+00  2.268085e+00
   endloop
 endfacet
 facet normal  0.000000e+00  8.981388e-01  4.397121e-01
   outer loop
     vertex  0.000000e+00  5.103406e+00  2.268085e+00
     vertex  2.000000e-01  5.186739e+00  2.097872e+00
     vertex  0.000000e+00  5.186739e+00  2.097872e+00
   endloop
 endfacet
 facet normal -0.000000e+00  8.981388e-01  4.397121e-01
   outer loop
     vertex  0.000000e+00  5.103406e+00  2.268085e+00
     vertex  2.000000e-01  5.103406e+00  2.268085e+00
     vertex  2.000000e-01  5.186739e+00  2.097872e+00
   endloop
 endfacet
 facet normal  0.000000e+00  7.145097e-01  6.996255e-01
   outer loop
     vertex  0.000000e+00  5.186739e+00  2.097872e+00
     vertex  2.000000e-01  5.353406e+00  1.927660e+00
     vertex  0.000000e+00  5.353406e+00  1.927660e+00
   endloop
 endfacet
 facet normal -0.000000e+00  7.145097e-01  6.996255e-01
   outer loop
     vertex  0.000000e+00  5.186739e+00  2.097872e+00
     vertex  2.000000e-01  5.186739e+00  2.097872e+00
     vertex  2.000000e-01  5.353406e+00  1.927660e+00
   endloop
 endfacet
 facet normal  0.000000e+00  4.547765e-01  8.906056e-01
   outer loop
     vertex  0.000000e+00  5.353406e+00  1.927660e+00
     vertex  2.000000e-01  5.520073e+00  1.842553e+00
     vertex  0.000000e+00  5.520073e+00  1.842553e+00
   endloop
 endfacet
 facet normal -0.000000e+00  4.547765e-01  8.906056e-01
   outer loop
     vertex  0.000000e+00  5.353406e+00  1.927660e+00
     vertex  2.000000e-01  5.353406e+00  1.927660e+00
     vertex  2.000000e-01  5.520073e+00  1.842553e+00
   endloop
 endfacet
 facet normal  0.000000e+00  2.001237e-01  9.797706e-01
   outer loop
     vertex  0.000000e+00  5.520073e+00  1.842553e+00
     vertex  2.000000e-01  5.728406e+00  1.800000e+00
     vertex  0.000000e+00  5.728406e+00  1.800000e+00
   endloop
 endfacet
 facet normal -0.000000e+00  2.001237e-01  9.797706e-01
   outer loop
     vertex  0.000000e+00  5.520073e+00  1.842553e+00
     vertex  2.000000e-01  5.520073e+00  1.842553e+00
     vertex  2.000000e-01  5.728406e+00  1.800000e+00
   endloop
 endfacet
 facet normal  0.000000e+00  0.000000e+00  1.000000e+00
   outer loop
     vertex  0.000000e+00  5.728406e+00  1.800000e+00
     vertex  2.000000e-01  6.061739e+00  1.800000e+00
     vertex  0.000000e+00  6.061739e+00  1.800000e+00
   endloop
 endfacet
 facet normal  0.000000e+00  0.000000e+00  1.000000e+00
   outer loop
     vertex  0.000000e+00  5.728406e+00  1.800000e+00
     vertex  2.000000e-01  5.728406e+00  1.800000e+00
     vertex  2.000000e-01  6.061739e+00  1.800000e+00
   endloop
 endfacet
 facet normal  0.000000e+00 -2.001228e-01  9.797708e-01
   outer loop
     vertex  0.000000e+00  6.061739e+00  1.800000e+00
     vertex  2.000000e-01  6.270073e+00  1.842553e+00
     vertex  0.000000e+00  6.270073e+00  1.842553e+00
   endloop
 endfacet
 facet normal  0.000000e+00 -2.001228e-01  9.797708e-01
   outer loop
     vertex  0.000000e+00  6.061739e+00  1.800000e+00
     vertex  2.000000e-01  6.061739e+00  1.800000e+00
     vertex  2.000000e-01  6.270073e+00  1.842553e+00
   endloop
 endfacet
 facet normal  0.000000e+00 -4.547785e-01  8.906046e-01
   outer loop
     vertex  0.000000e+00  6.270073e+00  1.842553e+00
     vertex  2.000000e-01  6.436739e+00  1.927660e+00
     vertex  0.000000e+00  6.436739e+00  1.927660e+00
   endloop
 endfacet
 facet normal  0.000000e+00 -4.547785e-01  8.906046e-01
   outer loop
     vertex  0.000000e+00  6.270073e+00  1.842553e+00
     vertex  2.000000e-01  6.270073e+00  1.842553e+00
     vertex  2.000000e-01  6.436739e+00  1.927660e+00
   endloop
 endfacet
 facet normal  0.000000e+00 -7.145097e-01  6.996255e-01
   outer loop
     vertex  0.000000e+00  6.436739e+00  1.927660e+00
     vertex  2.000000e-01  6.603406e+00  2.097872e+00
     vertex  0.000000e+00  6.603406e+00  2.097872e+00
   endloop
 endfacet
 facet normal  0.000000e+00 -7.145097e-01  6.996255e-01
   outer loop
     vertex  0.000000e+00  6.436739e+00  1.927660e+00
     vertex  2.000000e-01  6.436739e+00  1.927660e+00
     vertex  2.000000e-01  6.603406e+00  2.097872e+00
   endloop
 endfacet
 facet normal  0.000000e+00 -8.981388e-01  4.397121e-01
   outer loop
     vertex  0.000000e+00  6.603406e+00  2.097872e+00
     vertex  2.000000e-01  6.686739e+00  2.268085e+00
     vertex  0.000000e+00  6.686739e+00  2.268085e+00
   endloop
 endfacet
 facet normal  0.000000e+00 -8.981388e-01  4.397121e-01
   outer loop
     vertex  0.000000e+00  6.603406e+00  2.097872e+00
     vertex  2.000000e-01  6.603406e+00  2.097872e+00
     vertex  2.000000e-01  6.686739e+00  2.268085e+00
   endloop
 endfacet
 facet normal  0.000000e+00 -9.813589e-01  1.921843e-01
   outer loop
     vertex  0.000000e+00  6.686739e+00  2.268085e+00
     vertex  2.000000e-01  6.728406e+00  2.480851e+00
     vertex  0.000000e+00  6.728406e+00  2.480851e+00
   endloop
 endfacet
 facet normal  0.000000e+00 -9.813589e-01  1.921843e-01
   outer loop
     vertex  0.000000e+00  6.686739e+00  2.268085e+00
     vertex  2.000000e-01  6.686739e+00  2.268085e+00
     vertex  2.000000e-01  6.728406e+00  2.480851e+00
   endloop
 endfacet
 facet normal  0.000000e+00 -1.000000e+00  0.000000e+00
   outer loop
     vertex  0.000000e+00  6.728406e+00  2.480851e+00
     vertex  2.000000e-01  6.728406e+00  3.119149e+00
     vertex  0.000000e+00  6.728406e+00  3.119149e+00
   endloop
 endfacet
 facet normal  0.000000e+00 -1.000000e+00  0.000000e+00
   outer loop
     vertex  0.000000e+00  6.728406e+00  2.480851e+00
     vertex  2.000000e-01  6.728406e+00  2.480851e+00
     vertex  2.000000e-01  6.728406e+00  3.119149e+00
   endloop
 endfacet
 facet normal  0.000000e+00 -9.813589e-01 -1.921842e-01
   outer loop
     vertex  2.000000e-01  6.728406e+00  3.119149e+00
     vertex  2.000000e-01  6.686739e+00  3.331915e+00
     vertex  0.000000e+00  6.686739e+00  3.331915e+00
   endloop
 endfacet
 facet normal  0.000000e+00 -9.813589e-01 -1.921842e-01
   outer loop
     vertex  0.000000e+00  6.728406e+00  3.119149e+00
     vertex  2.000000e-01  6.728406e+00  3.119149e+00
     vertex  0.000000e+00  6.686739e+00  3.331915e+00
   endloop
 endfacet
 facet normal  0.000000e+00 -8.981388e-01 -4.397121e-01
   outer loop
     vertex  0.000000e+00  6.686739e+00  3.331915e+00
     vertex  2.000000e-01  6.603406e+00  3.502128e+00
     vertex  0.000000e+00  6.603406e+00  3.502128e+00
   endloop
 endfacet
 facet normal  0.000000e+00 -8.981388e-01 -4.397121e-01
   outer loop
     vertex  0.000000e+00  6.686739e+00  3.331915e+00
     vertex  2.000000e-01  6.686739e+00  3.331915e+00
     vertex  2.000000e-01  6.603406e+00  3.502128e+00
   endloop
 endfacet
 facet normal  0.000000e+00 -7.145097e-01 -6.996255e-01
   outer loop
     vertex  0.000000e+00  6.603406e+00  3.502128e+00
     vertex  2.000000e-01  6.436739e+00  3.672340e+00
     vertex  0.000000e+00  6.436739e+00  3.672340e+00
   endloop
 endfacet
 facet normal  0.000000e+00 -7.145097e-01 -6.996255e-01
   outer loop
     vertex  0.000000e+00  6.603406e+00  3.502128e+00
     vertex  2.000000e-01  6.603406e+00  3.502128e+00
     vertex  2.000000e-01  6.436739e+00  3.672340e+00
   endloop
 endfacet
 facet normal  0.000000e+00 -4.547785e-01 -8.906046e-01
   outer loop
     vertex  0.000000e+00  6.436739e+00  3.672340e+00
     vertex  2.000000e-01  6.270073e+00  3.757447e+00
     vertex  0.000000e+00  6.270073e+00  3.757447e+00
   endloop
 endfacet
 facet normal  0.000000e+00 -4.547785e-01 -8.906046e-01
   outer loop
     vertex  0.000000e+00  6.436739e+00  3.672340e+00
     vertex  2.000000e-01  6.436739e+00  3.672340e+00
     vertex  2.000000e-01  6.270073e+00  3.757447e+00
   endloop
 endfacet
 facet normal  0.000000e+00  0.000000e+00  1.000000e+00
   outer loop
     vertex  0.000000e+00  5.728406e+00  3.544681e+00
     vertex  2.000000e-01  6.061739e+00  3.544681e+00
     vertex  0.000000e+00  6.061739e+00  3.544681e+00
   endloop
 endfacet
 facet normal  0.000000e+00  0.000000e+00  1.000000e+00
   outer loop
     vertex  0.000000e+00  5.728406e+00  3.544681e+00
     vertex  2.000000e-01  5.728406e+00  3.544681e+00
     vertex  2.000000e-01  6.061739e+00  3.544681e+00
   endloop
 endfacet
 facet normal  0.000000e+00  2.473828e-01  9.689178e-01
   outer loop
     vertex  0.000000e+00  6.061739e+00  3.544681e+00
     vertex  2.000000e-01  6.228406e+00  3.502128e+00
     vertex  0.000000e+00  6.228406e+00  3.502128e+00
   endloop
 endfacet
 facet normal -0.000000e+00  2.473828e-01  9.689178e-01
   outer loop
     vertex  0.000000e+00  6.061739e+00  3.544681e+00
     vertex  2.000000e-01  6.061739e+00  3.544681e+00
     vertex  2.000000e-01  6.228406e+00  3.502128e+00
   endloop
 endfacet
 facet normal  0.000000e+00  5.627909e-01  8.265993e-01
   outer loop
     vertex  0.000000e+00  6.228406e+00  3.502128e+00
     vertex  2.000000e-01  6.353406e+00  3.417021e+00
     vertex  0.000000e+00  6.353406e+00  3.417021e+00
   endloop
 endfacet
 facet normal -0.000000e+00  5.627909e-01  8.265993e-01
   outer loop
     vertex  0.000000e+00  6.228406e+00  3.502128e+00
     vertex  2.000000e-01  6.228406e+00  3.502128e+00
     vertex  2.000000e-01  6.353406e+00  3.417021e+00
   endloop
 endfacet
 facet normal  0.000000e+00  8.373803e-01  5.466207e-01
   outer loop
     vertex  0.000000e+00  6.353406e+00  3.417021e+00
     vertex  2.000000e-01  6.436739e+00  3.289362e+00
     vertex  0.000000e+00  6.436739e+00  3.289362e+00
   endloop
 endfacet
 facet normal -0.000000e+00  8.373803e-01  5.466207e-01
   outer loop
     vertex  0.000000e+00  6.353406e+00  3.417021e+00
     vertex  2.000000e-01  6.353406e+00  3.417021e+00
     vertex  2.000000e-01  6.436739e+00  3.289362e+00
   endloop
 endfacet
 facet normal -0.000000e+00  9.713207e-01  2.377731e-01
   outer loop
     vertex  0.000000e+00  6.478406e+00  3.119149e+00
     vertex  2.000000e-01  6.436739e+00  3.289362e+00
     vertex  2.000000e-01  6.478406e+00  3.119149e+00
   endloop
 endfacet
 facet normal -0.000000e+00  9.713207e-01  2.377731e-01
   outer loop
     vertex  0.000000e+00  6.436739e+00  3.289362e+00
     vertex  2.000000e-01  6.436739e+00  3.289362e+00
     vertex  0.000000e+00  6.478406e+00  3.119149e+00
   endloop
 endfacet
 facet normal  0.000000e+00  1.000000e+00  0.000000e+00
   outer loop
     vertex  0.000000e+00  6.478406e+00  3.119149e+00
     vertex  2.000000e-01  6.478406e+00  2.480851e+00
     vertex  0.000000e+00  6.478406e+00  2.480851e+00
   endloop
 endfacet
 facet normal -0.000000e+00  1.000000e+00  0.000000e+00
   outer loop
     vertex  0.000000e+00  6.478406e+00  3.119149e+00
     vertex  2.000000e-01  6.478406e+00  3.119149e+00
     vertex  2.000000e-01  6.478406e+00  2.480851e+00
   endloop
 endfacet
 facet normal  0.000000e+00  9.713207e-01 -2.377731e-01
   outer loop
     vertex  0.000000e+00  6.478406e+00  2.480851e+00
     vertex  2.000000e-01  6.436739e+00  2.310638e+00
     vertex  0.000000e+00  6.436739e+00  2.310638e+00
   endloop
 endfacet
 facet normal  0.000000e+00  9.713207e-01 -2.377731e-01
   outer loop
     vertex  0.000000e+00  6.478406e+00  2.480851e+00
     vertex  2.000000e-01  6.478406e+00  2.480851e+00
     vertex  2.000000e-01  6.436739e+00  2.310638e+00
   endloop
 endfacet
 facet normal  0.000000e+00  8.373801e-01 -5.466211e-01
   outer loop
     vertex  0.000000e+00  6.436739e+00  2.310638e+00
     vertex  2.000000e-01  6.353406e+00  2.182979e+00
     vertex  0.000000e+00  6.353406e+00  2.182979e+00
   endloop
 endfacet
 facet normal  0.000000e+00  8.373801e-01 -5.466211e-01
   outer loop
     vertex  0.000000e+00  6.436739e+00  2.310638e+00
     vertex  2.000000e-01  6.436739e+00  2.310638e+00
     vertex  2.000000e-01  6.353406e+00  2.182979e+00
   endloop
 endfacet
 facet normal  0.000000e+00  5.627911e-01 -8.265992e-01
   outer loop
     vertex  0.000000e+00  6.353406e+00  2.182979e+00
     vertex  2.000000e-01  6.228406e+00  2.097872e+00
     vertex  0.000000e+00  6.228406e+00  2.097872e+00
   endloop
 endfacet
 facet normal  0.000000e+00  5.627911e-01 -8.265992e-01
   outer loop
     vertex  0.000000e+00  6.353406e+00  2.182979e+00
     vertex  2.000000e-01  6.353406e+00  2.182979e+00
     vertex  2.000000e-01  6.228406e+00  2.097872e+00
   endloop
 endfacet
 facet normal  0.000000e+00  2.473828e-01 -9.689178e-01
   outer loop
     vertex  0.000000e+00  6.228406e+00  2.097872e+00
     vertex  2.000000e-01  6.061739e+00  2.055319e+00
     vertex  0.000000e+00  6.061739e+00  2.055319e+00
   endloop
 endfacet
 facet normal  0.000000e+00  2.473828e-01 -9.689178e-01
   outer loop
     vertex  0.000000e+00  6.228406e+00  2.097872e+00
     vertex  2.000000e-01  6.228406e+00  2.097872e+00
     vertex  2.000000e-01  6.061739e+00  2.055319e+00
   endloop
 endfacet
 facet normal  0.000000e+00  0.000000e+00 -1.000000e+00
   outer loop
     vertex  0.000000e+00  6.061739e+00  2.055319e+00
     vertex  2.000000e-01  5.728406e+00  2.055319e+00
     vertex  0.000000e+00  5.728406e+00  2.055319e+00
   endloop
 endfacet
 facet normal  0.000000e+00  0.000000e+00 -1.000000e+00
   outer loop
     vertex  0.000000e+00  6.061739e+00  2.055319e+00
     vertex  2.000000e-01  6.061739e+00  2.055319e+00
     vertex  2.000000e-01  5.728406e+00  2.055319e+00
   endloop
 endfacet
 facet normal  0.000000e+00 -2.473828e-01 -9.689178e-01
   outer loop
     vertex  0.000000e+00  5.728406e+00  2.055319e+00
     vertex  2.000000e-01  5.561739e+00  2.097872e+00
     vertex  0.000000e+00  5.561739e+00  2.097872e+00
   endloop
 endfacet
 facet normal  0.000000e+00 -2.473828e-01 -9.689178e-01
   outer loop
     vertex  0.000000e+00  5.728406e+00  2.055319e+00
     vertex  2.000000e-01  5.728406e+00  2.055319e+00
     vertex  2.000000e-01  5.561739e+00  2.097872e+00
   endloop
 endfacet
 facet normal  0.000000e+00 -5.627911e-01 -8.265992e-01
   outer loop
     vertex  0.000000e+00  5.561739e+00  2.097872e+00
     vertex  2.000000e-01  5.436739e+00  2.182979e+00
     vertex  0.000000e+00  5.436739e+00  2.182979e+00
   endloop
 endfacet
 facet normal  0.000000e+00 -5.627911e-01 -8.265992e-01
   outer loop
     vertex  0.000000e+00  5.561739e+00  2.097872e+00
     vertex  2.000000e-01  5.561739e+00  2.097872e+00
     vertex  2.000000e-01  5.436739e+00  2.182979e+00
   endloop
 endfacet
 facet normal  0.000000e+00 -8.373801e-01 -5.466211e-01
   outer loop
     vertex  0.000000e+00  5.436739e+00  2.182979e+00
     vertex  2.000000e-01  5.353406e+00  2.310638e+00
     vertex  0.000000e+00  5.353406e+00  2.310638e+00
   endloop
 endfacet
 facet normal  0.000000e+00 -8.373801e-01 -5.466211e-01
   outer loop
     vertex  0.000000e+00  5.436739e+00  2.182979e+00
     vertex  2.000000e-01  5.436739e+00  2.182979e+00
     vertex  2.000000e-01  5.353406e+00  2.310638e+00
   endloop
 endfacet
 facet normal  0.000000e+00 -9.713207e-01 -2.377731e-01
   outer loop
     vertex  0.000000e+00  5.311739e+00  2.480851e+00
     vertex  2.000000e-01  5.353406e+00  2.310638e+00
     vertex  2.000000e-01  5.311739e+00  2.480851e+00
   endloop
 endfacet
 facet normal  0.000000e+00 -9.713207e-01 -2.377731e-01
   outer loop
     vertex  0.000000e+00  5.353406e+00  2.310638e+00
     vertex  2.000000e-01  5.353406e+00  2.310638e+00
     vertex  0.000000e+00  5.311739e+00  2.480851e+00
   endloop
 endfacet
 facet normal  0.000000e+00 -1.000000e+00  0.000000e+00
   outer loop
     vertex  2.000000e-01  5.311739e+00  2.480851e+00
     vertex  2.000000e-01  5.311739e+00  3.119149e+00
     vertex  0.000000e+00  5.311739e+00  3.119149e+00
   endloop
 endfacet
 facet normal  0.000000e+00 -1.000000e+00  0.000000e+00
   outer loop
     vertex  0.000000e+00  5.311739e+00  2.480851e+00
     vertex  2.000000e-01  5.311739e+00  2.480851e+00
     vertex  0.000000e+00  5.311739e+00  3.119149e+00
   endloop
 endfacet
 facet normal  0.000000e+00 -9.713207e-01  2.377731e-01
   outer loop
     vertex  0.000000e+00  5.311739e+00  3.119149e+00
     vertex  2.000000e-01  5.353406e+00  3.289362e+00
     vertex  0.000000e+00  5.353406e+00  3.289362e+00
   endloop
 endfacet
 facet normal  0.000000e+00 -9.713207e-01  2.377731e-01
   outer loop
     vertex  0.000000e+00  5.311739e+00  3.119149e+00
     vertex  2.000000e-01  5.311739e+00  3.119149e+00
     vertex  2.000000e-01  5.353406e+00  3.289362e+00
   endloop
 endfacet
 facet normal  0.000000e+00 -8.373803e-01  5.466207e-01
   outer loop
     vertex  0.000000e+00  5.353406e+00  3.289362e+00
     vertex  2.000000e-01  5.436739e+00  3.417021e+00
     vertex  0.000000e+00  5.436739e+00  3.417021e+00
   endloop
 endfacet
 facet normal  0.000000e+00 -8.373803e-01  5.466207e-01
   outer loop
     vertex  0.000000e+00  5.353406e+00  3.289362e+00
     vertex  2.000000e-01  5.353406e+00  3.289362e+00
     vertex  2.000000e-01  5.436739e+00  3.417021e+00
   endloop
 endfacet
 facet normal  0.000000e+00 -5.627909e-01  8.265993e-01
   outer loop
     vertex  0.000000e+00  5.436739e+00  3.417021e+00
     vertex  2.000000e-01  5.561739e+00  3.502128e+00
     vertex  0.000000e+00  5.561739e+00  3.502128e+00
   endloop
 endfacet
 facet normal  0.000000e+00 -5.627909e-01  8.265993e-01
   outer loop
     vertex  0.000000e+00  5.436739e+00  3.417021e+00
     vertex  2.000000e-01  5.436739e+00  3.417021e+00
     vertex  2.000000e-01  5.561739e+00  3.502128e+00
   endloop
 endfacet
 facet normal  0.000000e+00 -2.473828e-01  9.689178e-01
   outer loop
     vertex  0.000000e+00  5.561739e+00  3.502128e+00
     vertex  2.000000e-01  5.728406e+00  3.544681e+00
     vertex  0.000000e+00  5.728406e+00  3.544681e+00
   endloop
 endfacet
 facet normal  0.000000e+00 -2.473828e-01  9.689178e-01
   outer loop
     vertex  0.000000e+00  5.561739e+00  3.502128e+00
     vertex  2.000000e-01  5.561739e+00  3.502128e+00
     vertex  2.000000e-01  5.728406e+00  3.544681e+00
   endloop
 endfacet
 facet normal  0.000000e+00  1.000000e+00  0.000000e+00
   outer loop
     vertex  1.000000e+00  5.621341e+01  1.000000e+00
     vertex  2.449000e+01  5.621341e+01  2.500000e+00
     vertex  2.449000e+01  5.621341e+01  1.000000e+00
   endloop
 endfacet
 facet normal  0.000000e+00  1.000000e+00  0.000000e+00
   outer loop
     vertex  1.000000e+00  5.621341e+01  1.000000e+00
     vertex  1.000000e+00  5.621341e+01  2.500000e+00
     vertex  2.449000e+01  5.621341e+01  2.500000e+00
   endloop
 endfacet
 facet normal -1.000000e+00  0.000000e+00  0.000000e+00
   outer loop
     vertex  2.449000e+01  5.621341e+01  1.000000e+00
     vertex  2.449000e+01  5.728200e+01  2.500000e+00
     vertex  2.449000e+01  5.728200e+01  1.000000e+00
   endloop
 endfacet
 facet normal -1.000000e+00  0.000000e+00  0.000000e+00
   outer loop
     vertex  2.449000e+01  5.621341e+01  1.000000e+00
     vertex  2.449000e+01  5.621341e+01  2.500000e+00
     vertex  2.449000e+01  5.728200e+01  2.500000e+00
   endloop
 endfacet
 facet normal -1.119645e-01 -9.937122e-01  0.000000e+00
   outer loop
     vertex  2.410126e+01  5.776946e+01  1.000000e+00
     vertex  2.399000e+01  5.778200e+01  2.500000e+00
     vertex  2.399000e+01  5.778200e+01  1.000000e+00
   endloop
 endfacet
 facet normal -1.119645e-01 -9.937122e-01  0.000000e+00
   outer loop
     vertex  2.410126e+01  5.776946e+01  1.000000e+00
     vertex  2.410126e+01  5.776946e+01  2.500000e+00
     vertex  2.399000e+01  5.778200e+01  2.500000e+00
   endloop
 endfacet
 facet normal -3.302791e-01 -9.438833e-01  0.000000e+00
   outer loop
     vertex  2.420694e+01  5.773249e+01  1.000000e+00
     vertex  2.420694e+01  5.773249e+01  2.500000e+00
     vertex  2.410126e+01  5.776946e+01  2.500000e+00
   endloop
 endfacet
 facet normal -3.302791e-01 -9.438833e-01  0.000000e+00
   outer loop
     vertex  2.420694e+01  5.773249e+01  1.000000e+00
     vertex  2.410126e+01  5.776946e+01  2.500000e+00
     vertex  2.410126e+01  5.776946e+01  1.000000e+00
   endloop
 endfacet
 facet normal -5.320321e-01 -8.467242e-01  0.000000e+00
   outer loop
     vertex  2.430174e+01  5.767292e+01  1.000000e+00
     vertex  2.430174e+01  5.767292e+01  2.500000e+00
     vertex  2.420694e+01  5.773249e+01  2.500000e+00
   endloop
 endfacet
 facet normal -5.320321e-01 -8.467242e-01  0.000000e+00
   outer loop
     vertex  2.430174e+01  5.767292e+01  1.000000e+00
     vertex  2.420694e+01  5.773249e+01  2.500000e+00
     vertex  2.420694e+01  5.773249e+01  1.000000e+00
   endloop
 endfacet
 facet normal -7.071068e-01 -7.071068e-01  0.000000e+00
   outer loop
     vertex  2.438092e+01  5.759375e+01  1.000000e+00
     vertex  2.438092e+01  5.759375e+01  2.500000e+00
     vertex  2.430174e+01  5.767292e+01  2.500000e+00
   endloop
 endfacet
 facet normal -7.071068e-01 -7.071068e-01  0.000000e+00
   outer loop
     vertex  2.438092e+01  5.759375e+01  1.000000e+00
     vertex  2.430174e+01  5.767292e+01  2.500000e+00
     vertex  2.430174e+01  5.767292e+01  1.000000e+00
   endloop
 endfacet
 facet normal -8.467242e-01 -5.320321e-01  0.000000e+00
   outer loop
     vertex  2.444048e+01  5.749894e+01  1.000000e+00
     vertex  2.444048e+01  5.749894e+01  2.500000e+00
     vertex  2.438092e+01  5.759375e+01  2.500000e+00
   endloop
 endfacet
 facet normal -8.467242e-01 -5.320321e-01  0.000000e+00
   outer loop
     vertex  2.444048e+01  5.749894e+01  1.000000e+00
     vertex  2.438092e+01  5.759375e+01  2.500000e+00
     vertex  2.438092e+01  5.759375e+01  1.000000e+00
   endloop
 endfacet
 facet normal -9.438833e-01 -3.302791e-01  0.000000e+00
   outer loop
     vertex  2.447746e+01  5.739326e+01  1.000000e+00
     vertex  2.447746e+01  5.739326e+01  2.500000e+00
     vertex  2.444048e+01  5.749894e+01  2.500000e+00
   endloop
 endfacet
 facet normal -9.438833e-01 -3.302791e-01  0.000000e+00
   outer loop
     vertex  2.447746e+01  5.739326e+01  1.000000e+00
     vertex  2.444048e+01  5.749894e+01  2.500000e+00
     vertex  2.444048e+01  5.749894e+01  1.000000e+00
   endloop
 endfacet
 facet normal -9.937122e-01 -1.119645e-01  0.000000e+00
   outer loop
     vertex  2.449000e+01  5.728200e+01  1.000000e+00
     vertex  2.449000e+01  5.728200e+01  2.500000e+00
     vertex  2.447746e+01  5.739326e+01  2.500000e+00
   endloop
 endfacet
 facet normal -9.937122e-01 -1.119645e-01  0.000000e+00
   outer loop
     vertex  2.449000e+01  5.728200e+01  1.000000e+00
     vertex  2.447746e+01  5.739326e+01  2.500000e+00
     vertex  2.447746e+01  5.739326e+01  1.000000e+00
   endloop
 endfacet
 facet normal  0.000000e+00 -1.000000e+00  0.000000e+00
   outer loop
     vertex  2.399000e+01  5.778200e+01  1.000000e+00
     vertex  1.500000e+00  5.778200e+01  2.500000e+00
     vertex  1.500000e+00  5.778200e+01  1.000000e+00
   endloop
 endfacet
 facet normal  0.000000e+00 -1.000000e+00  0.000000e+00
   outer loop
     vertex  2.399000e+01  5.778200e+01  1.000000e+00
     vertex  2.399000e+01  5.778200e+01  2.500000e+00
     vertex  1.500000e+00  5.778200e+01  2.500000e+00
   endloop
 endfacet
 facet normal  9.937122e-01 -1.119645e-01  0.000000e+00
   outer loop
     vertex  1.012536e+00  5.739326e+01  1.000000e+00
     vertex  1.000000e+00  5.728200e+01  2.500000e+00
     vertex  1.000000e+00  5.728200e+01  1.000000e+00
   endloop
 endfacet
 facet normal  9.937122e-01 -1.119645e-01  0.000000e+00
   outer loop
     vertex  1.012536e+00  5.739326e+01  1.000000e+00
     vertex  1.012536e+00  5.739326e+01  2.500000e+00
     vertex  1.000000e+00  5.728200e+01  2.500000e+00
   endloop
 endfacet
 facet normal  9.438833e-01 -3.302791e-01  0.000000e+00
   outer loop
     vertex  1.049516e+00  5.749894e+01  1.000000e+00
     vertex  1.049516e+00  5.749894e+01  2.500000e+00
     vertex  1.012536e+00  5.739326e+01  2.500000e+00
   endloop
 endfacet
 facet normal  9.438833e-01 -3.302791e-01  0.000000e+00
   outer loop
     vertex  1.049516e+00  5.749894e+01  1.000000e+00
     vertex  1.012536e+00  5.739326e+01  2.500000e+00
     vertex  1.012536e+00  5.739326e+01  1.000000e+00
   endloop
 endfacet
 facet normal  8.467242e-01 -5.320321e-01  0.000000e+00
   outer loop
     vertex  1.109084e+00  5.759375e+01  1.000000e+00
     vertex  1.109084e+00  5.759375e+01  2.500000e+00
     vertex  1.049516e+00  5.749894e+01  2.500000e+00
   endloop
 endfacet
 facet normal  8.467242e-01 -5.320321e-01  0.000000e+00
   outer loop
     vertex  1.109084e+00  5.759375e+01  1.000000e+00
     vertex  1.049516e+00  5.749894e+01  2.500000e+00
     vertex  1.049516e+00  5.749894e+01  1.000000e+00
   endloop
 endfacet
 facet normal  7.071068e-01 -7.071068e-01  0.000000e+00
   outer loop
     vertex  1.188255e+00  5.767292e+01  1.000000e+00
     vertex  1.188255e+00  5.767292e+01  2.500000e+00
     vertex  1.109084e+00  5.759375e+01  2.500000e+00
   endloop
 endfacet
 facet normal  7.071068e-01 -7.071068e-01  0.000000e+00
   outer loop
     vertex  1.188255e+00  5.767292e+01  1.000000e+00
     vertex  1.109084e+00  5.759375e+01  2.500000e+00
     vertex  1.109084e+00  5.759375e+01  1.000000e+00
   endloop
 endfacet
 facet normal  5.320321e-01 -8.467242e-01  0.000000e+00
   outer loop
     vertex  1.283058e+00  5.773249e+01  1.000000e+00
     vertex  1.283058e+00  5.773249e+01  2.500000e+00
     vertex  1.188255e+00  5.767292e+01  2.500000e+00
   endloop
 endfacet
 facet normal  5.320321e-01 -8.467242e-01  0.000000e+00
   outer loop
     vertex  1.283058e+00  5.773249e+01  1.000000e+00
     vertex  1.188255e+00  5.767292e+01  2.500000e+00
     vertex  1.188255e+00  5.767292e+01  1.000000e+00
   endloop
 endfacet
 facet normal  3.302791e-01 -9.438833e-01  0.000000e+00
   outer loop
     vertex  1.388740e+00  5.776946e+01  1.000000e+00
     vertex  1.388740e+00  5.776946e+01  2.500000e+00
     vertex  1.283058e+00  5.773249e+01  2.500000e+00
   endloop
 endfacet
 facet normal  3.302791e-01 -9.438833e-01  0.000000e+00
   outer loop
     vertex  1.388740e+00  5.776946e+01  1.000000e+00
     vertex  1.283058e+00  5.773249e+01  2.500000e+00
     vertex  1.283058e+00  5.773249e+01  1.000000e+00
   endloop
 endfacet
 facet normal  1.119645e-01 -9.937122e-01  0.000000e+00
   outer loop
     vertex  1.500000e+00  5.778200e+01  1.000000e+00
     vertex  1.500000e+00  5.778200e+01  2.500000e+00
     vertex  1.388740e+00  5.776946e+01  2.500000e+00
   endloop
 endfacet
 facet normal  1.119645e-01 -9.937122e-01  0.000000e+00
   outer loop
     vertex  1.500000e+00  5.778200e+01  1.000000e+00
     vertex  1.388740e+00  5.776946e+01  2.500000e+00
     vertex  1.388740e+00  5.776946e+01  1.000000e+00
   endloop
 endfacet
 facet normal  1.000000e+00  0.000000e+00  0.000000e+00
   outer loop
     vertex  1.000000e+00  5.728200e+01  1.000000e+00
     vertex  1.000000e+00  5.621341e+01  2.500000e+00
     vertex  1.000000e+00  5.621341e+01  1.000000e+00
   endloop
 endfacet
 facet normal  1.000000e+00  0.000000e+00 -0.000000e+00
   outer loop
     vertex  1.000000e+00  5.728200e+01  1.000000e+00
     vertex  1.000000e+00  5.728200e+01  2.500000e+00
     vertex  1.000000e+00  5.621341e+01  2.500000e+00
   endloop
 endfacet
 facet normal  0.000000e+00  0.000000e+00 -1.000000e+00
   outer loop
     vertex  1.109084e+00  5.759375e+01  2.500000e+00
     vertex  1.000000e+00  5.728200e+01  2.500000e+00
     vertex  1.012536e+00  5.739326e+01  2.500000e+00
   endloop
 endfacet
 facet normal  0.000000e+00  0.000000e+00 -1.000000e+00
   outer loop
     vertex  1.109084e+00  5.759375e+01  2.500000e+00
     vertex  1.012536e+00  5.739326e+01  2.500000e+00
     vertex  1.049516e+00  5.749894e+01  2.500000e+00
   endloop
 endfacet
 facet normal  0.000000e+00  0.000000e+00 -1.000000e+00
   outer loop
     vertex  1.500000e+00  5.778200e+01  2.500000e+00
     vertex  1.109084e+00  5.759375e+01  2.500000e+00
     vertex  1.188255e+00  5.767292e+01  2.500000e+00
   endloop
 endfacet
 facet normal  0.000000e+00  0.000000e+00 -1.000000e+00
   outer loop
     vertex  1.500000e+00  5.778200e+01  2.500000e+00
     vertex  1.188255e+00  5.767292e+01  2.500000e+00
     vertex  1.283058e+00  5.773249e+01  2.500000e+00
   endloop
 endfacet
 facet normal  0.000000e+00  0.000000e+00 -1.000000e+00
   outer loop
     vertex  1.500000e+00  5.778200e+01  2.500000e+00
     vertex  1.283058e+00  5.773249e+01  2.500000e+00
     vertex  1.388740e+00  5.776946e+01  2.500000e+00
   endloop
 endfacet
 facet normal  0.000000e+00  0.000000e+00 -1.000000e+00
   outer loop
     vertex  1.500000e+00  5.778200e+01  2.500000e+00
     vertex  1.000000e+00  5.621341e+01  2.500000e+00
     vertex  1.000000e+00  5.728200e+01  2.500000e+00
   endloop
 endfacet
 facet normal  0.000000e+00  0.000000e+00 -1.000000e+00
   outer loop
     vertex  1.500000e+00  5.778200e+01  2.500000e+00
     vertex  1.000000e+00  5.728200e+01  2.500000e+00
     vertex  1.109084e+00  5.759375e+01  2.500000e+00
   endloop
 endfacet
 facet normal  0.000000e+00 -0.000000e+00 -1.000000e+00
   outer loop
     vertex  2.399000e+01  5.778200e+01  2.500000e+00
     vertex  2.449000e+01  5.621341e+01  2.500000e+00
     vertex  1.000000e+00  5.621341e+01  2.500000e+00
   endloop
 endfacet
 facet normal -0.000000e+00  0.000000e+00 -1.000000e+00
   outer loop
     vertex  2.399000e+01  5.778200e+01  2.500000e+00
     vertex  1.000000e+00  5.621341e+01  2.500000e+00
     vertex  1.500000e+00  5.778200e+01  2.500000e+00
   endloop
 endfacet
 facet normal -0.000000e+00 -0.000000e+00 -1.000000e+00
   outer loop
     vertex  2.449000e+01  5.728200e+01  2.500000e+00
     vertex  2.449000e+01  5.621341e+01  2.500000e+00
     vertex  2.399000e+01  5.778200e+01  2.500000e+00
   endloop
 endfacet
 facet normal  0.000000e+00  0.000000e+00 -1.000000e+00
   outer loop
     vertex  2.444048e+01  5.749894e+01  2.500000e+00
     vertex  2.447746e+01  5.739326e+01  2.500000e+00
     vertex  2.449000e+01  5.728200e+01  2.500000e+00
   endloop
 endfacet
 facet normal  0.000000e+00  0.000000e+00 -1.000000e+00
   outer loop
     vertex  2.430174e+01  5.767292e+01  2.500000e+00
     vertex  2.410126e+01  5.776946e+01  2.500000e+00
     vertex  2.420694e+01  5.773249e+01  2.500000e+00
   endloop
 endfacet
 facet normal  0.000000e+00  0.000000e+00 -1.000000e+00
   outer loop
     vertex  2.438092e+01  5.759375e+01  2.500000e+00
     vertex  2.399000e+01  5.778200e+01  2.500000e+00
     vertex  2.410126e+01  5.776946e+01  2.500000e+00
   endloop
 endfacet
 facet normal -0.000000e+00 -0.000000e+00 -1.000000e+00
   outer loop
     vertex  2.438092e+01  5.759375e+01  2.500000e+00
     vertex  2.449000e+01  5.728200e+01  2.500000e+00
     vertex  2.399000e+01  5.778200e+01  2.500000e+00
   endloop
 endfacet
 facet normal  0.000000e+00  0.000000e+00 -1.000000e+00
   outer loop
     vertex  2.438092e+01  5.759375e+01  2.500000e+00
     vertex  2.410126e+01  5.776946e+01  2.500000e+00
     vertex  2.430174e+01  5.767292e+01  2.500000e+00
   endloop
 endfacet
 facet normal  0.000000e+00  0.000000e+00 -1.000000e+00
   outer loop
     vertex  2.438092e+01  5.759375e+01  2.500000e+00
     vertex  2.444048e+01  5.749894e+01  2.500000e+00
     vertex  2.449000e+01  5.728200e+01  2.500000e+00
   endloop
 endfacet
 facet normal  9.937122e-01 -1.119645e-01  0.000000e+00
   outer loop
     vertex  1.457536e+00  5.694326e+01  3.500000e+00
     vertex  1.445000e+00  5.683200e+01  4.500000e+00
     vertex  1.445000e+00  5.683200e+01  3.500000e+00
   endloop
 endfacet
 facet normal  9.937122e-01 -1.119645e-01  0.000000e+00
   outer loop
     vertex  1.457536e+00  5.694326e+01  3.500000e+00
     vertex  1.457536e+00  5.694326e+01  4.500000e+00
     vertex  1.445000e+00  5.683200e+01  4.500000e+00
   endloop
 endfacet
 facet normal  9.438833e-01 -3.302791e-01  0.000000e+00
   outer loop
     vertex  1.494516e+00  5.704894e+01  3.500000e+00
     vertex  1.494516e+00  5.704894e+01  4.500000e+00
     vertex  1.457536e+00  5.694326e+01  4.500000e+00
   endloop
 endfacet
 facet normal  9.438833e-01 -3.302791e-01  0.000000e+00
   outer loop
     vertex  1.494516e+00  5.704894e+01  3.500000e+00
     vertex  1.457536e+00  5.694326e+01  4.500000e+00
     vertex  1.457536e+00  5.694326e+01  3.500000e+00
   endloop
 endfacet
 facet normal  8.467242e-01 -5.320321e-01  0.000000e+00
   outer loop
     vertex  1.554084e+00  5.714375e+01  3.500000e+00
     vertex  1.554084e+00  5.714375e+01  4.500000e+00
     vertex  1.494516e+00  5.704894e+01  4.500000e+00
   endloop
 endfacet
 facet normal  8.467242e-01 -5.320321e-01  0.000000e+00
   outer loop
     vertex  1.554084e+00  5.714375e+01  3.500000e+00
     vertex  1.494516e+00  5.704894e+01  4.500000e+00
     vertex  1.494516e+00  5.704894e+01  3.500000e+00
   endloop
 endfacet
 facet normal  7.071068e-01 -7.071068e-01  1.570092e-16
   outer loop
     vertex  1.633255e+00  5.722292e+01  3.500000e+00
     vertex  1.633255e+00  5.722292e+01  4.500000e+00
     vertex  1.554084e+00  5.714375e+01  4.500000e+00
   endloop
 endfacet
 facet normal  7.071068e-01 -7.071068e-01  0.000000e+00
   outer loop
     vertex  1.633255e+00  5.722292e+01  3.500000e+00
     vertex  1.554084e+00  5.714375e+01  4.500000e+00
     vertex  1.554084e+00  5.714375e+01  3.500000e+00
   endloop
 endfacet
 facet normal  5.320321e-01 -8.467242e-01  0.000000e+00
   outer loop
     vertex  1.728058e+00  5.728249e+01  3.500000e+00
     vertex  1.728058e+00  5.728249e+01  4.500000e+00
     vertex  1.633255e+00  5.722292e+01  4.500000e+00
   endloop
 endfacet
 facet normal  5.320321e-01 -8.467242e-01  1.162014e-16
   outer loop
     vertex  1.728058e+00  5.728249e+01  3.500000e+00
     vertex  1.633255e+00  5.722292e+01  4.500000e+00
     vertex  1.633255e+00  5.722292e+01  3.500000e+00
   endloop
 endfacet
 facet normal  3.302791e-01 -9.438833e-01  0.000000e+00
   outer loop
     vertex  1.833740e+00  5.731946e+01  3.500000e+00
     vertex  1.833740e+00  5.731946e+01  4.500000e+00
     vertex  1.728058e+00  5.728249e+01  4.500000e+00
   endloop
 endfacet
 facet normal  3.302791e-01 -9.438833e-01  0.000000e+00
   outer loop
     vertex  1.833740e+00  5.731946e+01  3.500000e+00
     vertex  1.728058e+00  5.728249e+01  4.500000e+00
     vertex  1.728058e+00  5.728249e+01  3.500000e+00
   endloop
 endfacet
 facet normal  1.119645e-01 -9.937122e-01  0.000000e+00
   outer loop
     vertex  1.945000e+00  5.733200e+01  3.500000e+00
     vertex  1.945000e+00  5.733200e+01  4.500000e+00
     vertex  1.833740e+00  5.731946e+01  4.500000e+00
   endloop
 endfacet
 facet normal  1.119645e-01 -9.937122e-01  0.000000e+00
   outer loop
     vertex  1.945000e+00  5.733200e+01  3.500000e+00
     vertex  1.833740e+00  5.731946e+01  4.500000e+00
     vertex  1.833740e+00  5.731946e+01  3.500000e+00
   endloop
 endfacet
 facet normal  0.000000e+00 -1.000000e+00  0.000000e+00
   outer loop
     vertex  1.945000e+00  5.733200e+01  4.500000e+00
     vertex  2.354500e+01  5.733200e+01  3.500000e+00
     vertex  2.354500e+01  5.733200e+01  4.500000e+00
   endloop
 endfacet
 facet normal  0.000000e+00 -1.000000e+00  0.000000e+00
   outer loop
     vertex  1.945000e+00  5.733200e+01  4.500000e+00
     vertex  1.945000e+00  5.733200e+01  3.500000e+00
     vertex  2.354500e+01  5.733200e+01  3.500000e+00
   endloop
 endfacet
 facet normal -1.119645e-01 -9.937122e-01  0.000000e+00
   outer loop
     vertex  2.365626e+01  5.731946e+01  3.500000e+00
     vertex  2.354500e+01  5.733200e+01  4.500000e+00
     vertex  2.354500e+01  5.733200e+01  3.500000e+00
   endloop
 endfacet
 facet normal -1.119645e-01 -9.937122e-01  0.000000e+00
   outer loop
     vertex  2.365626e+01  5.731946e+01  3.500000e+00
     vertex  2.365626e+01  5.731946e+01  4.500000e+00
     vertex  2.354500e+01  5.733200e+01  4.500000e+00
   endloop
 endfacet
 facet normal -3.302791e-01 -9.438833e-01  0.000000e+00
   outer loop
     vertex  2.376194e+01  5.728249e+01  3.500000e+00
     vertex  2.376194e+01  5.728249e+01  4.500000e+00
     vertex  2.365626e+01  5.731946e+01  4.500000e+00
   endloop
 endfacet
 facet normal -3.302791e-01 -9.438833e-01  0.000000e+00
   outer loop
     vertex  2.376194e+01  5.728249e+01  3.500000e+00
     vertex  2.365626e+01  5.731946e+01  4.500000e+00
     vertex  2.365626e+01  5.731946e+01  3.500000e+00
   endloop
 endfacet
 facet normal -5.320321e-01 -8.467242e-01  0.000000e+00
   outer loop
     vertex  2.385674e+01  5.722292e+01  3.500000e+00
     vertex  2.385674e+01  5.722292e+01  4.500000e+00
     vertex  2.376194e+01  5.728249e+01  4.500000e+00
   endloop
 endfacet
 facet normal -5.320321e-01 -8.467242e-01  0.000000e+00
   outer loop
     vertex  2.385674e+01  5.722292e+01  3.500000e+00
     vertex  2.376194e+01  5.728249e+01  4.500000e+00
     vertex  2.376194e+01  5.728249e+01  3.500000e+00
   endloop
 endfacet
 facet normal -7.071068e-01 -7.071068e-01  0.000000e+00
   outer loop
     vertex  2.393592e+01  5.714375e+01  3.500000e+00
     vertex  2.393592e+01  5.714375e+01  4.500000e+00
     vertex  2.385674e+01  5.722292e+01  4.500000e+00
   endloop
 endfacet
 facet normal -7.071068e-01 -7.071068e-01  0.000000e+00
   outer loop
     vertex  2.393592e+01  5.714375e+01  3.500000e+00
     vertex  2.385674e+01  5.722292e+01  4.500000e+00
     vertex  2.385674e+01  5.722292e+01  3.500000e+00
   endloop
 endfacet
 facet normal -8.467242e-01 -5.320321e-01  0.000000e+00
   outer loop
     vertex  2.399548e+01  5.704894e+01  3.500000e+00
     vertex  2.399548e+01  5.704894e+01  4.500000e+00
     vertex  2.393592e+01  5.714375e+01  4.500000e+00
   endloop
 endfacet
 facet normal -8.467242e-01 -5.320321e-01  0.000000e+00
   outer loop
     vertex  2.399548e+01  5.704894e+01  3.500000e+00
     vertex  2.393592e+01  5.714375e+01  4.500000e+00
     vertex  2.393592e+01  5.714375e+01  3.500000e+00
   endloop
 endfacet
 facet normal -9.438833e-01 -3.302791e-01  0.000000e+00
   outer loop
     vertex  2.403246e+01  5.694326e+01  3.500000e+00
     vertex  2.403246e+01  5.694326e+01  4.500000e+00
     vertex  2.399548e+01  5.704894e+01  4.500000e+00
   endloop
 endfacet
 facet normal -9.438833e-01 -3.302791e-01  0.000000e+00
   outer loop
     vertex  2.403246e+01  5.694326e+01  3.500000e+00
     vertex  2.399548e+01  5.704894e+01  4.500000e+00
     vertex  2.399548e+01  5.704894e+01  3.500000e+00
   endloop
 endfacet
 facet normal -9.937122e-01 -1.119645e-01  0.000000e+00
   outer loop
     vertex  2.404500e+01  5.683200e+01  3.500000e+00
     vertex  2.404500e+01  5.683200e+01  4.500000e+00
     vertex  2.403246e+01  5.694326e+01  4.500000e+00
   endloop
 endfacet
 facet normal -9.937122e-01 -1.119645e-01  0.000000e+00
   outer loop
     vertex  2.404500e+01  5.683200e+01  3.500000e+00
     vertex  2.403246e+01  5.694326e+01  4.500000e+00
     vertex  2.403246e+01  5.694326e+01  3.500000e+00
   endloop
 endfacet
endsolid
