solid 
 facet normal  0.000000e+00  0.000000e+00  1.000000e+00
   outer loop
     vertex  1.855216e+00  5.027473e-01  0.000000e+00
     vertex  0.000000e+00  1.300000e+00  0.000000e+00
     vertex  3.259371e-02  1.010723e+00  0.000000e+00
   endloop
 endfacet
 facet normal  0.000000e+00  0.000000e+00  1.000000e+00
   outer loop
     vertex  1.855216e+00  5.027473e-01  0.000000e+00
     vertex  3.259371e-02  1.010723e+00  0.000000e+00
     vertex  1.287405e-01  7.359511e-01  0.000000e+00
   endloop
 endfacet
 facet normal  0.000000e+00  0.000000e+00  1.000000e+00
   outer loop
     vertex  1.855216e+00  5.027473e-01  0.000000e+00
     vertex  1.287405e-01  7.359511e-01  0.000000e+00
     vertex  2.836191e-01  4.894633e-01  0.000000e+00
   endloop
 endfacet
 facet normal  0.000000e+00  0.000000e+00  1.000000e+00
   outer loop
     vertex  1.855216e+00  5.027473e-01  0.000000e+00
     vertex  2.836191e-01  4.894633e-01  0.000000e+00
     vertex  4.894633e-01  2.836191e-01  0.000000e+00
   endloop
 endfacet
 facet normal  0.000000e+00  0.000000e+00  1.000000e+00
   outer loop
     vertex  1.855216e+00  5.027473e-01  0.000000e+00
     vertex  4.894633e-01  2.836191e-01  0.000000e+00
     vertex  7.359511e-01  1.287405e-01  0.000000e+00
   endloop
 endfacet
 facet normal  0.000000e+00  0.000000e+00  1.000000e+00
   outer loop
     vertex  1.855216e+00  5.027473e-01  0.000000e+00
     vertex  7.359511e-01  1.287405e-01  0.000000e+00
     vertex  1.010723e+00  3.259371e-02  0.000000e+00
   endloop
 endfacet
 facet normal  0.000000e+00  0.000000e+00  1.000000e+00
   outer loop
     vertex  1.855216e+00  5.027473e-01  0.000000e+00
     vertex  1.010723e+00  3.259371e-02  0.000000e+00
     vertex  1.300000e+00  0.000000e+00  0.000000e+00
   endloop
 endfacet
 facet normal  0.000000e+00  0.000000e+00  1.000000e+00
   outer loop
     vertex  1.855216e+00  3.901267e+00  0.000000e+00
     vertex  0.000000e+00  1.300000e+00  0.000000e+00
     vertex  1.855216e+00  5.027473e-01  0.000000e+00
   endloop
 endfacet
 facet normal  0.000000e+00  0.000000e+00  1.000000e+00
   outer loop
     vertex  6.056376e+00  5.027473e-01  0.000000e+00
     vertex  1.855216e+00  5.027473e-01  0.000000e+00
     vertex  1.300000e+00  0.000000e+00  0.000000e+00
   endloop
 endfacet
 facet normal  0.000000e+00  0.000000e+00  1.000000e+00
   outer loop
     vertex  7.957228e+00  0.000000e+00  0.000000e+00
     vertex  6.056376e+00  5.027473e-01  0.000000e+00
     vertex  1.300000e+00  0.000000e+00  0.000000e+00
   endloop
 endfacet
 facet normal  0.000000e+00  0.000000e+00  1.000000e+00
   outer loop
     vertex  6.056376e+00  3.901267e+00  0.000000e+00
     vertex  6.056376e+00  5.027473e-01  0.000000e+00
     vertex  7.957228e+00  0.000000e+00  0.000000e+00
   endloop
 endfacet
 facet normal  0.000000e+00  0.000000e+00  1.000000e+00
   outer loop
     vertex  7.957228e+00  5.795406e+00  0.000000e+00
     vertex  1.855216e+00  3.901267e+00  0.000000e+00
     vertex  6.056376e+00  3.901267e+00  0.000000e+00
   endloop
 endfacet
 facet normal  0.000000e+00  0.000000e+00  1.000000e+00
   outer loop
     vertex  7.957228e+00  5.795406e+00  0.000000e+00
     vertex  6.056376e+00  3.901267e+00  0.000000e+00
     vertex  7.957228e+00  0.000000e+00  0.000000e+00
   endloop
 endfacet
 facet normal  0.000000e+00  0.000000e+00  1.000000e+00
   outer loop
     vertex  9.920919e+00  8.746974e+00  0.000000e+00
     vertex  7.957228e+00  5.795406e+00  0.000000e+00
     vertex  9.941028e+00  8.726865e+00  0.000000e+00
   endloop
 endfacet
 facet normal  0.000000e+00  0.000000e+00  1.000000e+00
   outer loop
     vertex  9.905788e+00  8.771054e+00  0.000000e+00
     vertex  7.957228e+00  5.795406e+00  0.000000e+00
     vertex  9.920919e+00  8.746974e+00  0.000000e+00
   endloop
 endfacet
 facet normal  0.000000e+00  0.000000e+00  1.000000e+00
   outer loop
     vertex  9.965108e+00  8.711734e+00  0.000000e+00
     vertex  9.941028e+00  8.726865e+00  0.000000e+00
     vertex  7.957228e+00  5.795406e+00  0.000000e+00
   endloop
 endfacet
 facet normal  0.000000e+00  0.000000e+00  1.000000e+00
   outer loop
     vertex  9.896395e+00  8.797897e+00  0.000000e+00
     vertex  7.957228e+00  5.795406e+00  0.000000e+00
     vertex  9.905788e+00  8.771054e+00  0.000000e+00
   endloop
 endfacet
 facet normal  0.000000e+00  0.000000e+00  1.000000e+00
   outer loop
     vertex  9.991951e+00  8.702341e+00  0.000000e+00
     vertex  9.965108e+00  8.711734e+00  0.000000e+00
     vertex  7.957228e+00  5.795406e+00  0.000000e+00
   endloop
 endfacet
 facet normal  0.000000e+00  0.000000e+00  1.000000e+00
   outer loop
     vertex  1.002021e+01  8.699157e+00  0.000000e+00
     vertex  9.991951e+00  8.702341e+00  0.000000e+00
     vertex  7.957228e+00  5.795406e+00  0.000000e+00
   endloop
 endfacet
 facet normal  0.000000e+00  0.000000e+00  1.000000e+00
   outer loop
     vertex  9.893211e+00  8.826157e+00  0.000000e+00
     vertex  7.957228e+00  5.795406e+00  0.000000e+00
     vertex  9.896395e+00  8.797897e+00  0.000000e+00
   endloop
 endfacet
 facet normal  0.000000e+00  0.000000e+00  1.000000e+00
   outer loop
     vertex  1.027421e+01  8.699157e+00  0.000000e+00
     vertex  1.002021e+01  8.699157e+00  0.000000e+00
     vertex  7.957228e+00  5.795406e+00  0.000000e+00
   endloop
 endfacet
 facet normal  0.000000e+00  0.000000e+00  1.000000e+00
   outer loop
     vertex  9.893211e+00  9.080157e+00  0.000000e+00
     vertex  7.957228e+00  5.795406e+00  0.000000e+00
     vertex  9.893211e+00  8.826157e+00  0.000000e+00
   endloop
 endfacet
 facet normal  0.000000e+00  0.000000e+00  1.000000e+00
   outer loop
     vertex  1.030247e+01  8.702341e+00  0.000000e+00
     vertex  1.027421e+01  8.699157e+00  0.000000e+00
     vertex  7.957228e+00  5.795406e+00  0.000000e+00
   endloop
 endfacet
 facet normal  0.000000e+00  0.000000e+00  1.000000e+00
   outer loop
     vertex  9.920919e+00  9.762974e+00  0.000000e+00
     vertex  9.920919e+00  9.159340e+00  0.000000e+00
     vertex  9.941028e+00  9.179450e+00  0.000000e+00
   endloop
 endfacet
 facet normal  0.000000e+00  0.000000e+00  1.000000e+00
   outer loop
     vertex  9.941028e+00  9.742865e+00  0.000000e+00
     vertex  9.920919e+00  9.762974e+00  0.000000e+00
     vertex  9.941028e+00  9.179450e+00  0.000000e+00
   endloop
 endfacet
 facet normal  0.000000e+00  0.000000e+00  1.000000e+00
   outer loop
     vertex  9.965108e+00  9.727734e+00  0.000000e+00
     vertex  9.941028e+00  9.179450e+00  0.000000e+00
     vertex  9.965108e+00  9.194580e+00  0.000000e+00
   endloop
 endfacet
 facet normal  0.000000e+00  0.000000e+00  1.000000e+00
   outer loop
     vertex  9.965108e+00  9.727734e+00  0.000000e+00
     vertex  9.941028e+00  9.742865e+00  0.000000e+00
     vertex  9.941028e+00  9.179450e+00  0.000000e+00
   endloop
 endfacet
 facet normal  0.000000e+00  0.000000e+00  1.000000e+00
   outer loop
     vertex  9.905788e+00  9.787054e+00  0.000000e+00
     vertex  9.905788e+00  9.135260e+00  0.000000e+00
     vertex  9.920919e+00  9.159340e+00  0.000000e+00
   endloop
 endfacet
 facet normal  0.000000e+00  0.000000e+00  1.000000e+00
   outer loop
     vertex  9.905788e+00  9.787054e+00  0.000000e+00
     vertex  9.896395e+00  9.108417e+00  0.000000e+00
     vertex  9.905788e+00  9.135260e+00  0.000000e+00
   endloop
 endfacet
 facet normal  0.000000e+00  0.000000e+00  1.000000e+00
   outer loop
     vertex  9.905788e+00  9.787054e+00  0.000000e+00
     vertex  9.920919e+00  9.159340e+00  0.000000e+00
     vertex  9.920919e+00  9.762974e+00  0.000000e+00
   endloop
 endfacet
 facet normal  0.000000e+00  0.000000e+00  1.000000e+00
   outer loop
     vertex  9.896395e+00  9.813897e+00  0.000000e+00
     vertex  9.896395e+00  9.108417e+00  0.000000e+00
     vertex  9.905788e+00  9.787054e+00  0.000000e+00
   endloop
 endfacet
 facet normal  0.000000e+00  0.000000e+00  1.000000e+00
   outer loop
     vertex  9.991951e+00  9.718341e+00  0.000000e+00
     vertex  9.965108e+00  9.194580e+00  0.000000e+00
     vertex  9.991951e+00  9.203973e+00  0.000000e+00
   endloop
 endfacet
 facet normal  0.000000e+00  0.000000e+00  1.000000e+00
   outer loop
     vertex  9.991951e+00  9.718341e+00  0.000000e+00
     vertex  9.965108e+00  9.727734e+00  0.000000e+00
     vertex  9.965108e+00  9.194580e+00  0.000000e+00
   endloop
 endfacet
 facet normal  0.000000e+00  0.000000e+00  1.000000e+00
   outer loop
     vertex  1.002021e+01  9.715157e+00  0.000000e+00
     vertex  9.991951e+00  9.203973e+00  0.000000e+00
     vertex  1.002021e+01  9.207157e+00  0.000000e+00
   endloop
 endfacet
 facet normal  0.000000e+00  0.000000e+00  1.000000e+00
   outer loop
     vertex  1.002021e+01  9.715157e+00  0.000000e+00
     vertex  1.002021e+01  9.207157e+00  0.000000e+00
     vertex  1.027421e+01  9.207157e+00  0.000000e+00
   endloop
 endfacet
 facet normal  0.000000e+00  0.000000e+00  1.000000e+00
   outer loop
     vertex  1.002021e+01  9.715157e+00  0.000000e+00
     vertex  9.991951e+00  9.718341e+00  0.000000e+00
     vertex  9.991951e+00  9.203973e+00  0.000000e+00
   endloop
 endfacet
 facet normal  0.000000e+00  0.000000e+00  1.000000e+00
   outer loop
     vertex  9.893211e+00  9.842157e+00  0.000000e+00
     vertex  7.957228e+00  5.795406e+00  0.000000e+00
     vertex  9.893211e+00  9.080157e+00  0.000000e+00
   endloop
 endfacet
 facet normal  0.000000e+00  0.000000e+00  1.000000e+00
   outer loop
     vertex  9.893211e+00  9.842157e+00  0.000000e+00
     vertex  9.893211e+00  9.080157e+00  0.000000e+00
     vertex  9.896395e+00  9.108417e+00  0.000000e+00
   endloop
 endfacet
 facet normal  0.000000e+00  0.000000e+00  1.000000e+00
   outer loop
     vertex  9.893211e+00  9.842157e+00  0.000000e+00
     vertex  9.896395e+00  9.108417e+00  0.000000e+00
     vertex  9.896395e+00  9.813897e+00  0.000000e+00
   endloop
 endfacet
 facet normal  0.000000e+00  0.000000e+00  1.000000e+00
   outer loop
     vertex  1.087593e+01  8.926294e+00  0.000000e+00
     vertex  1.040121e+01  8.826157e+00  0.000000e+00
     vertex  1.039803e+01  8.797897e+00  0.000000e+00
   endloop
 endfacet
 facet normal  0.000000e+00  0.000000e+00  1.000000e+00
   outer loop
     vertex  1.087593e+01  8.926294e+00  0.000000e+00
     vertex  1.039803e+01  9.108417e+00  0.000000e+00
     vertex  1.040121e+01  9.080157e+00  0.000000e+00
   endloop
 endfacet
 facet normal  0.000000e+00  0.000000e+00  1.000000e+00
   outer loop
     vertex  1.087593e+01  8.926294e+00  0.000000e+00
     vertex  1.040121e+01  9.080157e+00  0.000000e+00
     vertex  1.040121e+01  8.826157e+00  0.000000e+00
   endloop
 endfacet
 facet normal  0.000000e+00  0.000000e+00  1.000000e+00
   outer loop
     vertex  1.087593e+01  8.926294e+00  0.000000e+00
     vertex  1.035339e+01  8.726865e+00  0.000000e+00
     vertex  1.032931e+01  8.711734e+00  0.000000e+00
   endloop
 endfacet
 facet normal  0.000000e+00  0.000000e+00  1.000000e+00
   outer loop
     vertex  1.087593e+01  8.926294e+00  0.000000e+00
     vertex  1.037350e+01  8.746974e+00  0.000000e+00
     vertex  1.035339e+01  8.726865e+00  0.000000e+00
   endloop
 endfacet
 facet normal  0.000000e+00  0.000000e+00  1.000000e+00
   outer loop
     vertex  1.087593e+01  8.926294e+00  0.000000e+00
     vertex  1.038863e+01  8.771054e+00  0.000000e+00
     vertex  1.037350e+01  8.746974e+00  0.000000e+00
   endloop
 endfacet
 facet normal  0.000000e+00  0.000000e+00  1.000000e+00
   outer loop
     vertex  1.087593e+01  8.926294e+00  0.000000e+00
     vertex  1.039803e+01  8.797897e+00  0.000000e+00
     vertex  1.038863e+01  8.771054e+00  0.000000e+00
   endloop
 endfacet
 facet normal  0.000000e+00  0.000000e+00  1.000000e+00
   outer loop
     vertex  9.893211e+00  1.009616e+01  0.000000e+00
     vertex  7.957228e+00  5.795406e+00  0.000000e+00
     vertex  9.893211e+00  9.842157e+00  0.000000e+00
   endloop
 endfacet
 facet normal  0.000000e+00  0.000000e+00  1.000000e+00
   outer loop
     vertex  9.893211e+00  1.009616e+01  0.000000e+00
     vertex  1.855216e+00  3.901267e+00  0.000000e+00
     vertex  7.957228e+00  5.795406e+00  0.000000e+00
   endloop
 endfacet
 facet normal  0.000000e+00  0.000000e+00  1.000000e+00
   outer loop
     vertex  1.027421e+01  9.715157e+00  0.000000e+00
     vertex  1.002021e+01  9.715157e+00  0.000000e+00
     vertex  1.027421e+01  9.207157e+00  0.000000e+00
   endloop
 endfacet
 facet normal  0.000000e+00  0.000000e+00  1.000000e+00
   outer loop
     vertex  1.030247e+01  9.718341e+00  0.000000e+00
     vertex  1.027421e+01  9.715157e+00  0.000000e+00
     vertex  1.027421e+01  9.207157e+00  0.000000e+00
   endloop
 endfacet
 facet normal  0.000000e+00  0.000000e+00  1.000000e+00
   outer loop
     vertex  1.030247e+01  9.718341e+00  0.000000e+00
     vertex  1.030247e+01  9.203973e+00  0.000000e+00
     vertex  1.032931e+01  9.194580e+00  0.000000e+00
   endloop
 endfacet
 facet normal  0.000000e+00  0.000000e+00  1.000000e+00
   outer loop
     vertex  1.030247e+01  9.718341e+00  0.000000e+00
     vertex  1.027421e+01  9.207157e+00  0.000000e+00
     vertex  1.030247e+01  9.203973e+00  0.000000e+00
   endloop
 endfacet
 facet normal  0.000000e+00  0.000000e+00  1.000000e+00
   outer loop
     vertex  9.896395e+00  1.012442e+01  0.000000e+00
     vertex  1.855216e+00  3.901267e+00  0.000000e+00
     vertex  9.893211e+00  1.009616e+01  0.000000e+00
   endloop
 endfacet
 facet normal  0.000000e+00  0.000000e+00  1.000000e+00
   outer loop
     vertex  9.905788e+00  1.015126e+01  0.000000e+00
     vertex  1.855216e+00  3.901267e+00  0.000000e+00
     vertex  9.896395e+00  1.012442e+01  0.000000e+00
   endloop
 endfacet
 facet normal  0.000000e+00  0.000000e+00  1.000000e+00
   outer loop
     vertex  1.032931e+01  9.727734e+00  0.000000e+00
     vertex  1.030247e+01  9.718341e+00  0.000000e+00
     vertex  1.032931e+01  9.194580e+00  0.000000e+00
   endloop
 endfacet
 facet normal  0.000000e+00  0.000000e+00  1.000000e+00
   outer loop
     vertex  1.032931e+01  9.727734e+00  0.000000e+00
     vertex  1.032931e+01  9.194580e+00  0.000000e+00
     vertex  1.035339e+01  9.179450e+00  0.000000e+00
   endloop
 endfacet
 facet normal  0.000000e+00  0.000000e+00  1.000000e+00
   outer loop
     vertex  1.035339e+01  9.742865e+00  0.000000e+00
     vertex  1.032931e+01  9.727734e+00  0.000000e+00
     vertex  1.035339e+01  9.179450e+00  0.000000e+00
   endloop
 endfacet
 facet normal  0.000000e+00  0.000000e+00  1.000000e+00
   outer loop
     vertex  1.087593e+01  9.326293e+00  0.000000e+00
     vertex  1.039803e+01  9.108417e+00  0.000000e+00
     vertex  1.087593e+01  8.926294e+00  0.000000e+00
   endloop
 endfacet
 facet normal  0.000000e+00  0.000000e+00  1.000000e+00
   outer loop
     vertex  1.087593e+01  9.326293e+00  0.000000e+00
     vertex  1.038863e+01  9.135260e+00  0.000000e+00
     vertex  1.039803e+01  9.108417e+00  0.000000e+00
   endloop
 endfacet
 facet normal  0.000000e+00  0.000000e+00  1.000000e+00
   outer loop
     vertex  1.087593e+01  9.326293e+00  0.000000e+00
     vertex  1.037350e+01  9.159340e+00  0.000000e+00
     vertex  1.038863e+01  9.135260e+00  0.000000e+00
   endloop
 endfacet
 facet normal  0.000000e+00  0.000000e+00  1.000000e+00
   outer loop
     vertex  1.087593e+01  9.326293e+00  0.000000e+00
     vertex  1.035339e+01  9.179450e+00  0.000000e+00
     vertex  1.037350e+01  9.159340e+00  0.000000e+00
   endloop
 endfacet
 facet normal  0.000000e+00  0.000000e+00  1.000000e+00
   outer loop
     vertex  1.087593e+01  9.326293e+00  0.000000e+00
     vertex  1.035339e+01  9.742865e+00  0.000000e+00
     vertex  1.035339e+01  9.179450e+00  0.000000e+00
   endloop
 endfacet
 facet normal  0.000000e+00  0.000000e+00  1.000000e+00
   outer loop
     vertex  1.157593e+01  8.926294e+00  0.000000e+00
     vertex  1.087593e+01  8.926294e+00  0.000000e+00
     vertex  1.032931e+01  8.711734e+00  0.000000e+00
   endloop
 endfacet
 facet normal  0.000000e+00  0.000000e+00  1.000000e+00
   outer loop
     vertex  1.087593e+01  9.626318e+00  0.000000e+00
     vertex  1.035339e+01  9.742865e+00  0.000000e+00
     vertex  1.087593e+01  9.326293e+00  0.000000e+00
   endloop
 endfacet
 facet normal  0.000000e+00  0.000000e+00  1.000000e+00
   outer loop
     vertex  1.087593e+01  9.626318e+00  0.000000e+00
     vertex  1.037350e+01  9.762974e+00  0.000000e+00
     vertex  1.035339e+01  9.742865e+00  0.000000e+00
   endloop
 endfacet
 facet normal  0.000000e+00  0.000000e+00  1.000000e+00
   outer loop
     vertex  1.087593e+01  9.626318e+00  0.000000e+00
     vertex  1.038863e+01  9.787054e+00  0.000000e+00
     vertex  1.037350e+01  9.762974e+00  0.000000e+00
   endloop
 endfacet
 facet normal  0.000000e+00  0.000000e+00  1.000000e+00
   outer loop
     vertex  1.087593e+01  9.626318e+00  0.000000e+00
     vertex  1.039803e+01  9.813897e+00  0.000000e+00
     vertex  1.038863e+01  9.787054e+00  0.000000e+00
   endloop
 endfacet
 facet normal  0.000000e+00  0.000000e+00  1.000000e+00
   outer loop
     vertex  1.087593e+01  9.626318e+00  0.000000e+00
     vertex  1.040121e+01  9.842157e+00  0.000000e+00
     vertex  1.039803e+01  9.813897e+00  0.000000e+00
   endloop
 endfacet
 facet normal  0.000000e+00  0.000000e+00  1.000000e+00
   outer loop
     vertex  1.210168e+01  8.742013e+00  0.000000e+00
     vertex  1.208157e+01  8.762122e+00  0.000000e+00
     vertex  1.157593e+01  8.926294e+00  0.000000e+00
   endloop
 endfacet
 facet normal  0.000000e+00  0.000000e+00  1.000000e+00
   outer loop
     vertex  1.206644e+01  8.786202e+00  0.000000e+00
     vertex  1.157593e+01  8.926294e+00  0.000000e+00
     vertex  1.208157e+01  8.762122e+00  0.000000e+00
   endloop
 endfacet
 facet normal  0.000000e+00  0.000000e+00  1.000000e+00
   outer loop
     vertex  1.212576e+01  8.726883e+00  0.000000e+00
     vertex  1.210168e+01  8.742013e+00  0.000000e+00
     vertex  1.157593e+01  8.926294e+00  0.000000e+00
   endloop
 endfacet
 facet normal  0.000000e+00  0.000000e+00  1.000000e+00
   outer loop
     vertex  1.212576e+01  8.726883e+00  0.000000e+00
     vertex  1.157593e+01  8.926294e+00  0.000000e+00
     vertex  1.032931e+01  8.711734e+00  0.000000e+00
   endloop
 endfacet
 facet normal  0.000000e+00  0.000000e+00  1.000000e+00
   outer loop
     vertex  1.205705e+01  8.813046e+00  0.000000e+00
     vertex  1.157593e+01  8.926294e+00  0.000000e+00
     vertex  1.206644e+01  8.786202e+00  0.000000e+00
   endloop
 endfacet
 facet normal  0.000000e+00  0.000000e+00  1.000000e+00
   outer loop
     vertex  1.215261e+01  8.717490e+00  0.000000e+00
     vertex  1.030247e+01  8.702341e+00  0.000000e+00
     vertex  7.957228e+00  5.795406e+00  0.000000e+00
   endloop
 endfacet
 facet normal  0.000000e+00  0.000000e+00  1.000000e+00
   outer loop
     vertex  1.215261e+01  8.717490e+00  0.000000e+00
     vertex  1.212576e+01  8.726883e+00  0.000000e+00
     vertex  1.032931e+01  8.711734e+00  0.000000e+00
   endloop
 endfacet
 facet normal  0.000000e+00  0.000000e+00  1.000000e+00
   outer loop
     vertex  1.215261e+01  8.717490e+00  0.000000e+00
     vertex  1.032931e+01  8.711734e+00  0.000000e+00
     vertex  1.030247e+01  8.702341e+00  0.000000e+00
   endloop
 endfacet
 facet normal  0.000000e+00  0.000000e+00  1.000000e+00
   outer loop
     vertex  1.205387e+01  8.841306e+00  0.000000e+00
     vertex  1.157593e+01  8.926294e+00  0.000000e+00
     vertex  1.205705e+01  8.813046e+00  0.000000e+00
   endloop
 endfacet
 facet normal  0.000000e+00  0.000000e+00  1.000000e+00
   outer loop
     vertex  1.218087e+01  8.714306e+00  0.000000e+00
     vertex  1.215261e+01  8.717490e+00  0.000000e+00
     vertex  7.957228e+00  5.795406e+00  0.000000e+00
   endloop
 endfacet
 facet normal  0.000000e+00  0.000000e+00  1.000000e+00
   outer loop
     vertex  1.087593e+01  1.002632e+01  0.000000e+00
     vertex  1.039803e+01  1.012442e+01  0.000000e+00
     vertex  1.040121e+01  1.009616e+01  0.000000e+00
   endloop
 endfacet
 facet normal  0.000000e+00  0.000000e+00  1.000000e+00
   outer loop
     vertex  1.087593e+01  1.002632e+01  0.000000e+00
     vertex  1.038863e+01  1.015126e+01  0.000000e+00
     vertex  1.039803e+01  1.012442e+01  0.000000e+00
   endloop
 endfacet
 facet normal  0.000000e+00  0.000000e+00  1.000000e+00
   outer loop
     vertex  1.087593e+01  1.002632e+01  0.000000e+00
     vertex  1.037350e+01  1.017534e+01  0.000000e+00
     vertex  1.038863e+01  1.015126e+01  0.000000e+00
   endloop
 endfacet
 facet normal  0.000000e+00  0.000000e+00  1.000000e+00
   outer loop
     vertex  1.087593e+01  1.002632e+01  0.000000e+00
     vertex  1.035339e+01  1.019545e+01  0.000000e+00
     vertex  1.037350e+01  1.017534e+01  0.000000e+00
   endloop
 endfacet
 facet normal  0.000000e+00  0.000000e+00  1.000000e+00
   outer loop
     vertex  1.087593e+01  1.002632e+01  0.000000e+00
     vertex  1.032931e+01  1.021058e+01  0.000000e+00
     vertex  1.035339e+01  1.019545e+01  0.000000e+00
   endloop
 endfacet
 facet normal  0.000000e+00  0.000000e+00  1.000000e+00
   outer loop
     vertex  1.087593e+01  1.002632e+01  0.000000e+00
     vertex  1.040121e+01  1.009616e+01  0.000000e+00
     vertex  1.040121e+01  9.842157e+00  0.000000e+00
   endloop
 endfacet
 facet normal  0.000000e+00  0.000000e+00  1.000000e+00
   outer loop
     vertex  1.087593e+01  1.002632e+01  0.000000e+00
     vertex  1.040121e+01  9.842157e+00  0.000000e+00
     vertex  1.087593e+01  9.626318e+00  0.000000e+00
   endloop
 endfacet
 facet normal  0.000000e+00  0.000000e+00  1.000000e+00
   outer loop
     vertex  1.205387e+01  9.095306e+00  0.000000e+00
     vertex  1.157593e+01  8.926294e+00  0.000000e+00
     vertex  1.205387e+01  8.841306e+00  0.000000e+00
   endloop
 endfacet
 facet normal  0.000000e+00  0.000000e+00  1.000000e+00
   outer loop
     vertex  1.205387e+01  9.095306e+00  0.000000e+00
     vertex  1.157593e+01  9.326293e+00  0.000000e+00
     vertex  1.157593e+01  8.926294e+00  0.000000e+00
   endloop
 endfacet
 facet normal  0.000000e+00  0.000000e+00  1.000000e+00
   outer loop
     vertex  1.243487e+01  8.714306e+00  0.000000e+00
     vertex  1.218087e+01  8.714306e+00  0.000000e+00
     vertex  7.957228e+00  5.795406e+00  0.000000e+00
   endloop
 endfacet
 facet normal  0.000000e+00  0.000000e+00  1.000000e+00
   outer loop
     vertex  1.205705e+01  9.123566e+00  0.000000e+00
     vertex  1.157593e+01  9.326293e+00  0.000000e+00
     vertex  1.205387e+01  9.095306e+00  0.000000e+00
   endloop
 endfacet
 facet normal  0.000000e+00  0.000000e+00  1.000000e+00
   outer loop
     vertex  1.157593e+01  9.626318e+00  0.000000e+00
     vertex  1.087593e+01  9.326293e+00  0.000000e+00
     vertex  1.157593e+01  9.326293e+00  0.000000e+00
   endloop
 endfacet
 facet normal  0.000000e+00  0.000000e+00  1.000000e+00
   outer loop
     vertex  1.157593e+01  9.626318e+00  0.000000e+00
     vertex  1.087593e+01  9.626318e+00  0.000000e+00
     vertex  1.087593e+01  9.326293e+00  0.000000e+00
   endloop
 endfacet
 facet normal  0.000000e+00  0.000000e+00  1.000000e+00
   outer loop
     vertex  1.206644e+01  9.150409e+00  0.000000e+00
     vertex  1.157593e+01  9.326293e+00  0.000000e+00
     vertex  1.205705e+01  9.123566e+00  0.000000e+00
   endloop
 endfacet
 facet normal  0.000000e+00  0.000000e+00  1.000000e+00
   outer loop
     vertex  1.208157e+01  9.174489e+00  0.000000e+00
     vertex  1.157593e+01  9.326293e+00  0.000000e+00
     vertex  1.206644e+01  9.150409e+00  0.000000e+00
   endloop
 endfacet
 facet normal  0.000000e+00  0.000000e+00  1.000000e+00
   outer loop
     vertex  1.210168e+01  9.194598e+00  0.000000e+00
     vertex  1.157593e+01  9.626318e+00  0.000000e+00
     vertex  1.157593e+01  9.326293e+00  0.000000e+00
   endloop
 endfacet
 facet normal  0.000000e+00  0.000000e+00  1.000000e+00
   outer loop
     vertex  1.210168e+01  9.194598e+00  0.000000e+00
     vertex  1.157593e+01  9.326293e+00  0.000000e+00
     vertex  1.208157e+01  9.174489e+00  0.000000e+00
   endloop
 endfacet
 facet normal  0.000000e+00  0.000000e+00  1.000000e+00
   outer loop
     vertex  1.297331e+01  8.742013e+00  0.000000e+00
     vertex  1.251405e+01  8.742013e+00  0.000000e+00
     vertex  1.248997e+01  8.726883e+00  0.000000e+00
   endloop
 endfacet
 facet normal  0.000000e+00  0.000000e+00  1.000000e+00
   outer loop
     vertex  1.295320e+01  8.762122e+00  0.000000e+00
     vertex  1.251405e+01  8.742013e+00  0.000000e+00
     vertex  1.297331e+01  8.742013e+00  0.000000e+00
   endloop
 endfacet
 facet normal  0.000000e+00  0.000000e+00  1.000000e+00
   outer loop
     vertex  1.295320e+01  8.762122e+00  0.000000e+00
     vertex  1.253416e+01  8.762122e+00  0.000000e+00
     vertex  1.251405e+01  8.742013e+00  0.000000e+00
   endloop
 endfacet
 facet normal  0.000000e+00  0.000000e+00  1.000000e+00
   outer loop
     vertex  1.293807e+01  8.786202e+00  0.000000e+00
     vertex  1.253416e+01  8.762122e+00  0.000000e+00
     vertex  1.295320e+01  8.762122e+00  0.000000e+00
   endloop
 endfacet
 facet normal  0.000000e+00  0.000000e+00  1.000000e+00
   outer loop
     vertex  1.293807e+01  8.786202e+00  0.000000e+00
     vertex  1.254929e+01  8.786202e+00  0.000000e+00
     vertex  1.253416e+01  8.762122e+00  0.000000e+00
   endloop
 endfacet
 facet normal  0.000000e+00  0.000000e+00  1.000000e+00
   outer loop
     vertex  1.299739e+01  8.726883e+00  0.000000e+00
     vertex  1.297331e+01  8.742013e+00  0.000000e+00
     vertex  1.248997e+01  8.726883e+00  0.000000e+00
   endloop
 endfacet
 facet normal  0.000000e+00  0.000000e+00  1.000000e+00
   outer loop
     vertex  1.292868e+01  8.813046e+00  0.000000e+00
     vertex  1.254929e+01  8.786202e+00  0.000000e+00
     vertex  1.293807e+01  8.786202e+00  0.000000e+00
   endloop
 endfacet
 facet normal  0.000000e+00  0.000000e+00  1.000000e+00
   outer loop
     vertex  1.292868e+01  8.813046e+00  0.000000e+00
     vertex  1.255868e+01  8.813046e+00  0.000000e+00
     vertex  1.254929e+01  8.786202e+00  0.000000e+00
   endloop
 endfacet
 facet normal  0.000000e+00  0.000000e+00  1.000000e+00
   outer loop
     vertex  1.302423e+01  8.717490e+00  0.000000e+00
     vertex  1.299739e+01  8.726883e+00  0.000000e+00
     vertex  1.248997e+01  8.726883e+00  0.000000e+00
   endloop
 endfacet
 facet normal  0.000000e+00  0.000000e+00  1.000000e+00
   outer loop
     vertex  1.302423e+01  8.717490e+00  0.000000e+00
     vertex  1.248997e+01  8.726883e+00  0.000000e+00
     vertex  1.246313e+01  8.717490e+00  0.000000e+00
   endloop
 endfacet
 facet normal  0.000000e+00  0.000000e+00  1.000000e+00
   outer loop
     vertex  1.305249e+01  8.714306e+00  0.000000e+00
     vertex  1.302423e+01  8.717490e+00  0.000000e+00
     vertex  1.246313e+01  8.717490e+00  0.000000e+00
   endloop
 endfacet
 facet normal  0.000000e+00  0.000000e+00  1.000000e+00
   outer loop
     vertex  1.305249e+01  8.714306e+00  0.000000e+00
     vertex  1.243487e+01  8.714306e+00  0.000000e+00
     vertex  7.957228e+00  5.795406e+00  0.000000e+00
   endloop
 endfacet
 facet normal  0.000000e+00  0.000000e+00  1.000000e+00
   outer loop
     vertex  1.305249e+01  8.714306e+00  0.000000e+00
     vertex  1.246313e+01  8.717490e+00  0.000000e+00
     vertex  1.243487e+01  8.714306e+00  0.000000e+00
   endloop
 endfacet
 facet normal  0.000000e+00  0.000000e+00  1.000000e+00
   outer loop
     vertex  1.292549e+01  8.841306e+00  0.000000e+00
     vertex  1.255868e+01  8.813046e+00  0.000000e+00
     vertex  1.292868e+01  8.813046e+00  0.000000e+00
   endloop
 endfacet
 facet normal  0.000000e+00  0.000000e+00  1.000000e+00
   outer loop
     vertex  1.292549e+01  8.841306e+00  0.000000e+00
     vertex  1.256187e+01  8.841306e+00  0.000000e+00
     vertex  1.255868e+01  8.813046e+00  0.000000e+00
   endloop
 endfacet
 facet normal  0.000000e+00  0.000000e+00  1.000000e+00
   outer loop
     vertex  1.210168e+01  9.758013e+00  0.000000e+00
     vertex  1.157593e+01  9.626318e+00  0.000000e+00
     vertex  1.210168e+01  9.194598e+00  0.000000e+00
   endloop
 endfacet
 facet normal  0.000000e+00  0.000000e+00  1.000000e+00
   outer loop
     vertex  1.208157e+01  9.778122e+00  0.000000e+00
     vertex  1.157593e+01  9.626318e+00  0.000000e+00
     vertex  1.210168e+01  9.758013e+00  0.000000e+00
   endloop
 endfacet
 facet normal  0.000000e+00  0.000000e+00  1.000000e+00
   outer loop
     vertex  1.206644e+01  9.802202e+00  0.000000e+00
     vertex  1.157593e+01  9.626318e+00  0.000000e+00
     vertex  1.208157e+01  9.778122e+00  0.000000e+00
   endloop
 endfacet
 facet normal  0.000000e+00  0.000000e+00  1.000000e+00
   outer loop
     vertex  1.212576e+01  9.742883e+00  0.000000e+00
     vertex  1.210168e+01  9.194598e+00  0.000000e+00
     vertex  1.212576e+01  9.209729e+00  0.000000e+00
   endloop
 endfacet
 facet normal  0.000000e+00  0.000000e+00  1.000000e+00
   outer loop
     vertex  1.212576e+01  9.742883e+00  0.000000e+00
     vertex  1.210168e+01  9.758013e+00  0.000000e+00
     vertex  1.210168e+01  9.194598e+00  0.000000e+00
   endloop
 endfacet
 facet normal  0.000000e+00  0.000000e+00  1.000000e+00
   outer loop
     vertex  1.205705e+01  9.829046e+00  0.000000e+00
     vertex  1.157593e+01  9.626318e+00  0.000000e+00
     vertex  1.206644e+01  9.802202e+00  0.000000e+00
   endloop
 endfacet
 facet normal  0.000000e+00  0.000000e+00  1.000000e+00
   outer loop
     vertex  1.215261e+01  9.733490e+00  0.000000e+00
     vertex  1.212576e+01  9.209729e+00  0.000000e+00
     vertex  1.215261e+01  9.219122e+00  0.000000e+00
   endloop
 endfacet
 facet normal  0.000000e+00  0.000000e+00  1.000000e+00
   outer loop
     vertex  1.215261e+01  9.733490e+00  0.000000e+00
     vertex  1.212576e+01  9.742883e+00  0.000000e+00
     vertex  1.212576e+01  9.209729e+00  0.000000e+00
   endloop
 endfacet
 facet normal  0.000000e+00  0.000000e+00  1.000000e+00
   outer loop
     vertex  1.205387e+01  9.857306e+00  0.000000e+00
     vertex  1.157593e+01  9.626318e+00  0.000000e+00
     vertex  1.205705e+01  9.829046e+00  0.000000e+00
   endloop
 endfacet
 facet normal  0.000000e+00  0.000000e+00  1.000000e+00
   outer loop
     vertex  1.205387e+01  9.857306e+00  0.000000e+00
     vertex  1.157593e+01  1.002632e+01  0.000000e+00
     vertex  1.157593e+01  9.626318e+00  0.000000e+00
   endloop
 endfacet
 facet normal  0.000000e+00  0.000000e+00  1.000000e+00
   outer loop
     vertex  1.218087e+01  9.730306e+00  0.000000e+00
     vertex  1.215261e+01  9.733490e+00  0.000000e+00
     vertex  1.215261e+01  9.219122e+00  0.000000e+00
   endloop
 endfacet
 facet normal  0.000000e+00  0.000000e+00  1.000000e+00
   outer loop
     vertex  1.218087e+01  9.730306e+00  0.000000e+00
     vertex  1.215261e+01  9.219122e+00  0.000000e+00
     vertex  1.218087e+01  9.222306e+00  0.000000e+00
   endloop
 endfacet
 facet normal  0.000000e+00  0.000000e+00  1.000000e+00
   outer loop
     vertex  1.292549e+01  9.095306e+00  0.000000e+00
     vertex  1.256187e+01  8.841306e+00  0.000000e+00
     vertex  1.292549e+01  8.841306e+00  0.000000e+00
   endloop
 endfacet
 facet normal  0.000000e+00  0.000000e+00  1.000000e+00
   outer loop
     vertex  1.292549e+01  9.095306e+00  0.000000e+00
     vertex  1.256187e+01  9.095306e+00  0.000000e+00
     vertex  1.256187e+01  8.841306e+00  0.000000e+00
   endloop
 endfacet
 facet normal  0.000000e+00  0.000000e+00  1.000000e+00
   outer loop
     vertex  1.292868e+01  9.123566e+00  0.000000e+00
     vertex  1.255868e+01  9.123566e+00  0.000000e+00
     vertex  1.256187e+01  9.095306e+00  0.000000e+00
   endloop
 endfacet
 facet normal  0.000000e+00  0.000000e+00  1.000000e+00
   outer loop
     vertex  1.292868e+01  9.123566e+00  0.000000e+00
     vertex  1.256187e+01  9.095306e+00  0.000000e+00
     vertex  1.292549e+01  9.095306e+00  0.000000e+00
   endloop
 endfacet
 facet normal  0.000000e+00  0.000000e+00  1.000000e+00
   outer loop
     vertex  1.293807e+01  9.150409e+00  0.000000e+00
     vertex  1.254929e+01  9.150409e+00  0.000000e+00
     vertex  1.255868e+01  9.123566e+00  0.000000e+00
   endloop
 endfacet
 facet normal  0.000000e+00  0.000000e+00  1.000000e+00
   outer loop
     vertex  1.293807e+01  9.150409e+00  0.000000e+00
     vertex  1.255868e+01  9.123566e+00  0.000000e+00
     vertex  1.292868e+01  9.123566e+00  0.000000e+00
   endloop
 endfacet
 facet normal  0.000000e+00  0.000000e+00  1.000000e+00
   outer loop
     vertex  1.295320e+01  9.174489e+00  0.000000e+00
     vertex  1.253416e+01  9.174489e+00  0.000000e+00
     vertex  1.254929e+01  9.150409e+00  0.000000e+00
   endloop
 endfacet
 facet normal  0.000000e+00  0.000000e+00  1.000000e+00
   outer loop
     vertex  1.295320e+01  9.174489e+00  0.000000e+00
     vertex  1.254929e+01  9.150409e+00  0.000000e+00
     vertex  1.293807e+01  9.150409e+00  0.000000e+00
   endloop
 endfacet
 facet normal  0.000000e+00  0.000000e+00  1.000000e+00
   outer loop
     vertex  1.205387e+01  1.011131e+01  0.000000e+00
     vertex  1.157593e+01  1.002632e+01  0.000000e+00
     vertex  1.205387e+01  9.857306e+00  0.000000e+00
   endloop
 endfacet
 facet normal  0.000000e+00  0.000000e+00  1.000000e+00
   outer loop
     vertex  1.243487e+01  9.730306e+00  0.000000e+00
     vertex  1.218087e+01  9.222306e+00  0.000000e+00
     vertex  1.243487e+01  9.222306e+00  0.000000e+00
   endloop
 endfacet
 facet normal  0.000000e+00  0.000000e+00  1.000000e+00
   outer loop
     vertex  1.243487e+01  9.730306e+00  0.000000e+00
     vertex  1.218087e+01  9.730306e+00  0.000000e+00
     vertex  1.218087e+01  9.222306e+00  0.000000e+00
   endloop
 endfacet
 facet normal  0.000000e+00  0.000000e+00  1.000000e+00
   outer loop
     vertex  1.297331e+01  9.194598e+00  0.000000e+00
     vertex  1.251405e+01  9.194598e+00  0.000000e+00
     vertex  1.253416e+01  9.174489e+00  0.000000e+00
   endloop
 endfacet
 facet normal  0.000000e+00  0.000000e+00  1.000000e+00
   outer loop
     vertex  1.297331e+01  9.194598e+00  0.000000e+00
     vertex  1.253416e+01  9.174489e+00  0.000000e+00
     vertex  1.295320e+01  9.174489e+00  0.000000e+00
   endloop
 endfacet
 facet normal  0.000000e+00  0.000000e+00  1.000000e+00
   outer loop
     vertex  1.246313e+01  9.733490e+00  0.000000e+00
     vertex  1.243487e+01  9.222306e+00  0.000000e+00
     vertex  1.246313e+01  9.219122e+00  0.000000e+00
   endloop
 endfacet
 facet normal  0.000000e+00  0.000000e+00  1.000000e+00
   outer loop
     vertex  1.246313e+01  9.733490e+00  0.000000e+00
     vertex  1.243487e+01  9.730306e+00  0.000000e+00
     vertex  1.243487e+01  9.222306e+00  0.000000e+00
   endloop
 endfacet
 facet normal  0.000000e+00  0.000000e+00  1.000000e+00
   outer loop
     vertex  1.205705e+01  1.013957e+01  0.000000e+00
     vertex  1.157593e+01  1.002632e+01  0.000000e+00
     vertex  1.205387e+01  1.011131e+01  0.000000e+00
   endloop
 endfacet
 facet normal  0.000000e+00  0.000000e+00  1.000000e+00
   outer loop
     vertex  1.248997e+01  9.742883e+00  0.000000e+00
     vertex  1.246313e+01  9.219122e+00  0.000000e+00
     vertex  1.248997e+01  9.209729e+00  0.000000e+00
   endloop
 endfacet
 facet normal  0.000000e+00  0.000000e+00  1.000000e+00
   outer loop
     vertex  1.248997e+01  9.742883e+00  0.000000e+00
     vertex  1.246313e+01  9.733490e+00  0.000000e+00
     vertex  1.246313e+01  9.219122e+00  0.000000e+00
   endloop
 endfacet
 facet normal  0.000000e+00  0.000000e+00  1.000000e+00
   outer loop
     vertex  1.206644e+01  1.016641e+01  0.000000e+00
     vertex  1.157593e+01  1.002632e+01  0.000000e+00
     vertex  1.205705e+01  1.013957e+01  0.000000e+00
   endloop
 endfacet
 facet normal  0.000000e+00  0.000000e+00  1.000000e+00
   outer loop
     vertex  1.251405e+01  9.758013e+00  0.000000e+00
     vertex  1.248997e+01  9.209729e+00  0.000000e+00
     vertex  1.251405e+01  9.194598e+00  0.000000e+00
   endloop
 endfacet
 facet normal  0.000000e+00  0.000000e+00  1.000000e+00
   outer loop
     vertex  1.251405e+01  9.758013e+00  0.000000e+00
     vertex  1.248997e+01  9.742883e+00  0.000000e+00
     vertex  1.248997e+01  9.209729e+00  0.000000e+00
   endloop
 endfacet
 facet normal  0.000000e+00  0.000000e+00  1.000000e+00
   outer loop
     vertex  1.208157e+01  1.019049e+01  0.000000e+00
     vertex  1.157593e+01  1.002632e+01  0.000000e+00
     vertex  1.206644e+01  1.016641e+01  0.000000e+00
   endloop
 endfacet
 facet normal  0.000000e+00  0.000000e+00  1.000000e+00
   outer loop
     vertex  1.210168e+01  1.021060e+01  0.000000e+00
     vertex  1.157593e+01  1.002632e+01  0.000000e+00
     vertex  1.208157e+01  1.019049e+01  0.000000e+00
   endloop
 endfacet
 facet normal  0.000000e+00  0.000000e+00  1.000000e+00
   outer loop
     vertex  1.212576e+01  1.022573e+01  0.000000e+00
     vertex  1.087593e+01  1.002632e+01  0.000000e+00
     vertex  1.157593e+01  1.002632e+01  0.000000e+00
   endloop
 endfacet
 facet normal  0.000000e+00  0.000000e+00  1.000000e+00
   outer loop
     vertex  1.212576e+01  1.022573e+01  0.000000e+00
     vertex  1.032931e+01  1.021058e+01  0.000000e+00
     vertex  1.087593e+01  1.002632e+01  0.000000e+00
   endloop
 endfacet
 facet normal  0.000000e+00  0.000000e+00  1.000000e+00
   outer loop
     vertex  1.212576e+01  1.022573e+01  0.000000e+00
     vertex  1.030247e+01  1.021997e+01  0.000000e+00
     vertex  1.032931e+01  1.021058e+01  0.000000e+00
   endloop
 endfacet
 facet normal  0.000000e+00  0.000000e+00  1.000000e+00
   outer loop
     vertex  1.212576e+01  1.022573e+01  0.000000e+00
     vertex  1.157593e+01  1.002632e+01  0.000000e+00
     vertex  1.210168e+01  1.021060e+01  0.000000e+00
   endloop
 endfacet
 facet normal  0.000000e+00  0.000000e+00  1.000000e+00
   outer loop
     vertex  1.215261e+01  1.023512e+01  0.000000e+00
     vertex  1.027421e+01  1.022316e+01  0.000000e+00
     vertex  1.030247e+01  1.021997e+01  0.000000e+00
   endloop
 endfacet
 facet normal  0.000000e+00  0.000000e+00  1.000000e+00
   outer loop
     vertex  1.215261e+01  1.023512e+01  0.000000e+00
     vertex  1.030247e+01  1.021997e+01  0.000000e+00
     vertex  1.212576e+01  1.022573e+01  0.000000e+00
   endloop
 endfacet
 facet normal  0.000000e+00  0.000000e+00  1.000000e+00
   outer loop
     vertex  1.295320e+01  9.778122e+00  0.000000e+00
     vertex  1.253416e+01  9.778122e+00  0.000000e+00
     vertex  1.251405e+01  9.758013e+00  0.000000e+00
   endloop
 endfacet
 facet normal  0.000000e+00  0.000000e+00  1.000000e+00
   outer loop
     vertex  1.297331e+01  9.758013e+00  0.000000e+00
     vertex  1.295320e+01  9.778122e+00  0.000000e+00
     vertex  1.251405e+01  9.758013e+00  0.000000e+00
   endloop
 endfacet
 facet normal  0.000000e+00  0.000000e+00  1.000000e+00
   outer loop
     vertex  1.297331e+01  9.758013e+00  0.000000e+00
     vertex  1.251405e+01  9.194598e+00  0.000000e+00
     vertex  1.297331e+01  9.194598e+00  0.000000e+00
   endloop
 endfacet
 facet normal  0.000000e+00  0.000000e+00  1.000000e+00
   outer loop
     vertex  1.297331e+01  9.758013e+00  0.000000e+00
     vertex  1.251405e+01  9.758013e+00  0.000000e+00
     vertex  1.251405e+01  9.194598e+00  0.000000e+00
   endloop
 endfacet
 facet normal  0.000000e+00  0.000000e+00  1.000000e+00
   outer loop
     vertex  1.293807e+01  9.802202e+00  0.000000e+00
     vertex  1.254929e+01  9.802202e+00  0.000000e+00
     vertex  1.253416e+01  9.778122e+00  0.000000e+00
   endloop
 endfacet
 facet normal  0.000000e+00  0.000000e+00  1.000000e+00
   outer loop
     vertex  1.293807e+01  9.802202e+00  0.000000e+00
     vertex  1.253416e+01  9.778122e+00  0.000000e+00
     vertex  1.295320e+01  9.778122e+00  0.000000e+00
   endloop
 endfacet
 facet normal  0.000000e+00  0.000000e+00  1.000000e+00
   outer loop
     vertex  1.299739e+01  9.742883e+00  0.000000e+00
     vertex  1.299739e+01  9.209729e+00  0.000000e+00
     vertex  1.302423e+01  9.219122e+00  0.000000e+00
   endloop
 endfacet
 facet normal  0.000000e+00  0.000000e+00  1.000000e+00
   outer loop
     vertex  1.299739e+01  9.742883e+00  0.000000e+00
     vertex  1.297331e+01  9.194598e+00  0.000000e+00
     vertex  1.299739e+01  9.209729e+00  0.000000e+00
   endloop
 endfacet
 facet normal  0.000000e+00  0.000000e+00  1.000000e+00
   outer loop
     vertex  1.299739e+01  9.742883e+00  0.000000e+00
     vertex  1.297331e+01  9.758013e+00  0.000000e+00
     vertex  1.297331e+01  9.194598e+00  0.000000e+00
   endloop
 endfacet
 facet normal  0.000000e+00  0.000000e+00  1.000000e+00
   outer loop
     vertex  1.292868e+01  9.829046e+00  0.000000e+00
     vertex  1.254929e+01  9.802202e+00  0.000000e+00
     vertex  1.293807e+01  9.802202e+00  0.000000e+00
   endloop
 endfacet
 facet normal  0.000000e+00  0.000000e+00  1.000000e+00
   outer loop
     vertex  1.292868e+01  9.829046e+00  0.000000e+00
     vertex  1.255868e+01  9.829046e+00  0.000000e+00
     vertex  1.254929e+01  9.802202e+00  0.000000e+00
   endloop
 endfacet
 facet normal  0.000000e+00  0.000000e+00  1.000000e+00
   outer loop
     vertex  1.292868e+01  9.829046e+00  0.000000e+00
     vertex  1.256187e+01  9.857306e+00  0.000000e+00
     vertex  1.255868e+01  9.829046e+00  0.000000e+00
   endloop
 endfacet
 facet normal  0.000000e+00  0.000000e+00  1.000000e+00
   outer loop
     vertex  1.302423e+01  9.733490e+00  0.000000e+00
     vertex  1.299739e+01  9.742883e+00  0.000000e+00
     vertex  1.302423e+01  9.219122e+00  0.000000e+00
   endloop
 endfacet
 facet normal  0.000000e+00  0.000000e+00  1.000000e+00
   outer loop
     vertex  1.305249e+01  9.730306e+00  0.000000e+00
     vertex  1.302423e+01  9.219122e+00  0.000000e+00
     vertex  1.305249e+01  9.222306e+00  0.000000e+00
   endloop
 endfacet
 facet normal  0.000000e+00  0.000000e+00  1.000000e+00
   outer loop
     vertex  1.305249e+01  9.730306e+00  0.000000e+00
     vertex  1.305249e+01  9.222306e+00  0.000000e+00
     vertex  1.330649e+01  9.222306e+00  0.000000e+00
   endloop
 endfacet
 facet normal  0.000000e+00  0.000000e+00  1.000000e+00
   outer loop
     vertex  1.305249e+01  9.730306e+00  0.000000e+00
     vertex  1.302423e+01  9.733490e+00  0.000000e+00
     vertex  1.302423e+01  9.219122e+00  0.000000e+00
   endloop
 endfacet
 facet normal  0.000000e+00  0.000000e+00  1.000000e+00
   outer loop
     vertex  1.292549e+01  9.857306e+00  0.000000e+00
     vertex  1.256187e+01  9.857306e+00  0.000000e+00
     vertex  1.292868e+01  9.829046e+00  0.000000e+00
   endloop
 endfacet
 facet normal  0.000000e+00  0.000000e+00  1.000000e+00
   outer loop
     vertex  1.393617e+01  8.926294e+00  0.000000e+00
     vertex  1.338568e+01  8.742013e+00  0.000000e+00
     vertex  1.336160e+01  8.726883e+00  0.000000e+00
   endloop
 endfacet
 facet normal  0.000000e+00  0.000000e+00  1.000000e+00
   outer loop
     vertex  1.393617e+01  8.926294e+00  0.000000e+00
     vertex  1.340579e+01  8.762122e+00  0.000000e+00
     vertex  1.338568e+01  8.742013e+00  0.000000e+00
   endloop
 endfacet
 facet normal  0.000000e+00  0.000000e+00  1.000000e+00
   outer loop
     vertex  1.393617e+01  8.926294e+00  0.000000e+00
     vertex  1.342092e+01  8.786202e+00  0.000000e+00
     vertex  1.340579e+01  8.762122e+00  0.000000e+00
   endloop
 endfacet
 facet normal  0.000000e+00  0.000000e+00  1.000000e+00
   outer loop
     vertex  1.393617e+01  8.926294e+00  0.000000e+00
     vertex  1.343031e+01  8.813046e+00  0.000000e+00
     vertex  1.342092e+01  8.786202e+00  0.000000e+00
   endloop
 endfacet
 facet normal  0.000000e+00  0.000000e+00  1.000000e+00
   outer loop
     vertex  1.393617e+01  8.926294e+00  0.000000e+00
     vertex  1.343349e+01  8.841306e+00  0.000000e+00
     vertex  1.343031e+01  8.813046e+00  0.000000e+00
   endloop
 endfacet
 facet normal  0.000000e+00  0.000000e+00  1.000000e+00
   outer loop
     vertex  1.393617e+01  8.926294e+00  0.000000e+00
     vertex  1.343349e+01  9.095306e+00  0.000000e+00
     vertex  1.343349e+01  8.841306e+00  0.000000e+00
   endloop
 endfacet
 facet normal  0.000000e+00  0.000000e+00  1.000000e+00
   outer loop
     vertex  1.292549e+01  1.011131e+01  0.000000e+00
     vertex  1.256187e+01  1.011131e+01  0.000000e+00
     vertex  1.256187e+01  9.857306e+00  0.000000e+00
   endloop
 endfacet
 facet normal  0.000000e+00  0.000000e+00  1.000000e+00
   outer loop
     vertex  1.292549e+01  1.011131e+01  0.000000e+00
     vertex  1.256187e+01  9.857306e+00  0.000000e+00
     vertex  1.292549e+01  9.857306e+00  0.000000e+00
   endloop
 endfacet
 facet normal  0.000000e+00  0.000000e+00  1.000000e+00
   outer loop
     vertex  1.330649e+01  9.730306e+00  0.000000e+00
     vertex  1.305249e+01  9.730306e+00  0.000000e+00
     vertex  1.330649e+01  9.222306e+00  0.000000e+00
   endloop
 endfacet
 facet normal  0.000000e+00  0.000000e+00  1.000000e+00
   outer loop
     vertex  1.292868e+01  1.013957e+01  0.000000e+00
     vertex  1.255868e+01  1.013957e+01  0.000000e+00
     vertex  1.256187e+01  1.011131e+01  0.000000e+00
   endloop
 endfacet
 facet normal  0.000000e+00  0.000000e+00  1.000000e+00
   outer loop
     vertex  1.292868e+01  1.013957e+01  0.000000e+00
     vertex  1.256187e+01  1.011131e+01  0.000000e+00
     vertex  1.292549e+01  1.011131e+01  0.000000e+00
   endloop
 endfacet
 facet normal  0.000000e+00  0.000000e+00  1.000000e+00
   outer loop
     vertex  1.333475e+01  9.733490e+00  0.000000e+00
     vertex  1.330649e+01  9.730306e+00  0.000000e+00
     vertex  1.330649e+01  9.222306e+00  0.000000e+00
   endloop
 endfacet
 facet normal  0.000000e+00  0.000000e+00  1.000000e+00
   outer loop
     vertex  1.333475e+01  9.733490e+00  0.000000e+00
     vertex  1.330649e+01  9.222306e+00  0.000000e+00
     vertex  1.333475e+01  9.219122e+00  0.000000e+00
   endloop
 endfacet
 facet normal  0.000000e+00  0.000000e+00  1.000000e+00
   outer loop
     vertex  1.293807e+01  1.016641e+01  0.000000e+00
     vertex  1.255868e+01  1.013957e+01  0.000000e+00
     vertex  1.292868e+01  1.013957e+01  0.000000e+00
   endloop
 endfacet
 facet normal  0.000000e+00  0.000000e+00  1.000000e+00
   outer loop
     vertex  1.293807e+01  1.016641e+01  0.000000e+00
     vertex  1.254929e+01  1.016641e+01  0.000000e+00
     vertex  1.255868e+01  1.013957e+01  0.000000e+00
   endloop
 endfacet
 facet normal  0.000000e+00  0.000000e+00  1.000000e+00
   outer loop
     vertex  1.336160e+01  9.742883e+00  0.000000e+00
     vertex  1.333475e+01  9.733490e+00  0.000000e+00
     vertex  1.333475e+01  9.219122e+00  0.000000e+00
   endloop
 endfacet
 facet normal  0.000000e+00  0.000000e+00  1.000000e+00
   outer loop
     vertex  1.336160e+01  9.742883e+00  0.000000e+00
     vertex  1.333475e+01  9.219122e+00  0.000000e+00
     vertex  1.336160e+01  9.209729e+00  0.000000e+00
   endloop
 endfacet
 facet normal  0.000000e+00  0.000000e+00  1.000000e+00
   outer loop
     vertex  1.295320e+01  1.019049e+01  0.000000e+00
     vertex  1.253416e+01  1.019049e+01  0.000000e+00
     vertex  1.254929e+01  1.016641e+01  0.000000e+00
   endloop
 endfacet
 facet normal  0.000000e+00  0.000000e+00  1.000000e+00
   outer loop
     vertex  1.295320e+01  1.019049e+01  0.000000e+00
     vertex  1.251405e+01  1.021060e+01  0.000000e+00
     vertex  1.253416e+01  1.019049e+01  0.000000e+00
   endloop
 endfacet
 facet normal  0.000000e+00  0.000000e+00  1.000000e+00
   outer loop
     vertex  1.295320e+01  1.019049e+01  0.000000e+00
     vertex  1.254929e+01  1.016641e+01  0.000000e+00
     vertex  1.293807e+01  1.016641e+01  0.000000e+00
   endloop
 endfacet
 facet normal  0.000000e+00  0.000000e+00  1.000000e+00
   outer loop
     vertex  1.338568e+01  9.758013e+00  0.000000e+00
     vertex  1.336160e+01  9.742883e+00  0.000000e+00
     vertex  1.336160e+01  9.209729e+00  0.000000e+00
   endloop
 endfacet
 facet normal  0.000000e+00  0.000000e+00  1.000000e+00
   outer loop
     vertex  1.338568e+01  9.758013e+00  0.000000e+00
     vertex  1.336160e+01  9.209729e+00  0.000000e+00
     vertex  1.338568e+01  9.194598e+00  0.000000e+00
   endloop
 endfacet
 facet normal  0.000000e+00  0.000000e+00  1.000000e+00
   outer loop
     vertex  1.297331e+01  1.021060e+01  0.000000e+00
     vertex  1.248997e+01  1.022573e+01  0.000000e+00
     vertex  1.251405e+01  1.021060e+01  0.000000e+00
   endloop
 endfacet
 facet normal  0.000000e+00  0.000000e+00  1.000000e+00
   outer loop
     vertex  1.297331e+01  1.021060e+01  0.000000e+00
     vertex  1.251405e+01  1.021060e+01  0.000000e+00
     vertex  1.295320e+01  1.019049e+01  0.000000e+00
   endloop
 endfacet
 facet normal  0.000000e+00  0.000000e+00  1.000000e+00
   outer loop
     vertex  1.299739e+01  1.022573e+01  0.000000e+00
     vertex  1.248997e+01  1.022573e+01  0.000000e+00
     vertex  1.297331e+01  1.021060e+01  0.000000e+00
   endloop
 endfacet
 facet normal  0.000000e+00  0.000000e+00  1.000000e+00
   outer loop
     vertex  1.302423e+01  1.023512e+01  0.000000e+00
     vertex  1.246313e+01  1.023512e+01  0.000000e+00
     vertex  1.248997e+01  1.022573e+01  0.000000e+00
   endloop
 endfacet
 facet normal  0.000000e+00  0.000000e+00  1.000000e+00
   outer loop
     vertex  1.302423e+01  1.023512e+01  0.000000e+00
     vertex  1.248997e+01  1.022573e+01  0.000000e+00
     vertex  1.299739e+01  1.022573e+01  0.000000e+00
   endloop
 endfacet
 facet normal  0.000000e+00  0.000000e+00  1.000000e+00
   outer loop
     vertex  1.393617e+01  9.326293e+00  0.000000e+00
     vertex  1.343349e+01  9.095306e+00  0.000000e+00
     vertex  1.393617e+01  8.926294e+00  0.000000e+00
   endloop
 endfacet
 facet normal  0.000000e+00  0.000000e+00  1.000000e+00
   outer loop
     vertex  1.393617e+01  9.326293e+00  0.000000e+00
     vertex  1.338568e+01  9.758013e+00  0.000000e+00
     vertex  1.338568e+01  9.194598e+00  0.000000e+00
   endloop
 endfacet
 facet normal  0.000000e+00  0.000000e+00  1.000000e+00
   outer loop
     vertex  1.393617e+01  9.326293e+00  0.000000e+00
     vertex  1.343031e+01  9.123566e+00  0.000000e+00
     vertex  1.343349e+01  9.095306e+00  0.000000e+00
   endloop
 endfacet
 facet normal  0.000000e+00  0.000000e+00  1.000000e+00
   outer loop
     vertex  1.393617e+01  9.326293e+00  0.000000e+00
     vertex  1.342092e+01  9.150409e+00  0.000000e+00
     vertex  1.343031e+01  9.123566e+00  0.000000e+00
   endloop
 endfacet
 facet normal  0.000000e+00  0.000000e+00  1.000000e+00
   outer loop
     vertex  1.393617e+01  9.326293e+00  0.000000e+00
     vertex  1.340579e+01  9.174489e+00  0.000000e+00
     vertex  1.342092e+01  9.150409e+00  0.000000e+00
   endloop
 endfacet
 facet normal  0.000000e+00  0.000000e+00  1.000000e+00
   outer loop
     vertex  1.393617e+01  9.326293e+00  0.000000e+00
     vertex  1.338568e+01  9.194598e+00  0.000000e+00
     vertex  1.340579e+01  9.174489e+00  0.000000e+00
   endloop
 endfacet
 facet normal  0.000000e+00  0.000000e+00  1.000000e+00
   outer loop
     vertex  1.305249e+01  1.023831e+01  0.000000e+00
     vertex  1.246313e+01  1.023512e+01  0.000000e+00
     vertex  1.302423e+01  1.023512e+01  0.000000e+00
   endloop
 endfacet
 facet normal  0.000000e+00  0.000000e+00  1.000000e+00
   outer loop
     vertex  1.305249e+01  1.023831e+01  0.000000e+00
     vertex  1.243487e+01  1.023831e+01  0.000000e+00
     vertex  1.246313e+01  1.023512e+01  0.000000e+00
   endloop
 endfacet
 facet normal  0.000000e+00  0.000000e+00  1.000000e+00
   outer loop
     vertex  1.753723e+01  5.795406e+00  0.000000e+00
     vertex  1.333475e+01  8.717490e+00  0.000000e+00
     vertex  1.330649e+01  8.714306e+00  0.000000e+00
   endloop
 endfacet
 facet normal  0.000000e+00  0.000000e+00  1.000000e+00
   outer loop
     vertex  1.753723e+01  5.795406e+00  0.000000e+00
     vertex  1.330649e+01  8.714306e+00  0.000000e+00
     vertex  1.305249e+01  8.714306e+00  0.000000e+00
   endloop
 endfacet
 facet normal  0.000000e+00  0.000000e+00  1.000000e+00
   outer loop
     vertex  1.753723e+01  5.795406e+00  0.000000e+00
     vertex  1.305249e+01  8.714306e+00  0.000000e+00
     vertex  7.957228e+00  5.795406e+00  0.000000e+00
   endloop
 endfacet
 facet normal  0.000000e+00  0.000000e+00  1.000000e+00
   outer loop
     vertex  1.943808e+01  3.901267e+00  0.000000e+00
     vertex  1.753723e+01  0.000000e+00  0.000000e+00
     vertex  1.943808e+01  5.027473e-01  0.000000e+00
   endloop
 endfacet
 facet normal  0.000000e+00  0.000000e+00  1.000000e+00
   outer loop
     vertex  1.863164e+01  4.810738e+00  0.000000e+00
     vertex  1.753723e+01  5.795406e+00  0.000000e+00
     vertex  1.753723e+01  0.000000e+00  0.000000e+00
   endloop
 endfacet
 facet normal  0.000000e+00  0.000000e+00  1.000000e+00
   outer loop
     vertex  1.865175e+01  4.790629e+00  0.000000e+00
     vertex  1.863164e+01  4.810738e+00  0.000000e+00
     vertex  1.753723e+01  0.000000e+00  0.000000e+00
   endloop
 endfacet
 facet normal  0.000000e+00  0.000000e+00  1.000000e+00
   outer loop
     vertex  1.865175e+01  4.790629e+00  0.000000e+00
     vertex  1.753723e+01  0.000000e+00  0.000000e+00
     vertex  1.943808e+01  3.901267e+00  0.000000e+00
   endloop
 endfacet
 facet normal  0.000000e+00  0.000000e+00  1.000000e+00
   outer loop
     vertex  1.867583e+01  4.775499e+00  0.000000e+00
     vertex  1.865175e+01  4.790629e+00  0.000000e+00
     vertex  1.943808e+01  3.901267e+00  0.000000e+00
   endloop
 endfacet
 facet normal  0.000000e+00  0.000000e+00  1.000000e+00
   outer loop
     vertex  1.861651e+01  4.834818e+00  0.000000e+00
     vertex  1.753723e+01  5.795406e+00  0.000000e+00
     vertex  1.863164e+01  4.810738e+00  0.000000e+00
   endloop
 endfacet
 facet normal  0.000000e+00  0.000000e+00  1.000000e+00
   outer loop
     vertex  1.870267e+01  4.766106e+00  0.000000e+00
     vertex  1.867583e+01  4.775499e+00  0.000000e+00
     vertex  1.943808e+01  3.901267e+00  0.000000e+00
   endloop
 endfacet
 facet normal  0.000000e+00  0.000000e+00  1.000000e+00
   outer loop
     vertex  1.860711e+01  4.861661e+00  0.000000e+00
     vertex  1.753723e+01  5.795406e+00  0.000000e+00
     vertex  1.861651e+01  4.834818e+00  0.000000e+00
   endloop
 endfacet
 facet normal  0.000000e+00  0.000000e+00  1.000000e+00
   outer loop
     vertex  1.873093e+01  4.762922e+00  0.000000e+00
     vertex  1.870267e+01  4.766106e+00  0.000000e+00
     vertex  1.943808e+01  3.901267e+00  0.000000e+00
   endloop
 endfacet
 facet normal  0.000000e+00  0.000000e+00  1.000000e+00
   outer loop
     vertex  1.860393e+01  4.889922e+00  0.000000e+00
     vertex  1.753723e+01  5.795406e+00  0.000000e+00
     vertex  1.860711e+01  4.861661e+00  0.000000e+00
   endloop
 endfacet
 facet normal  0.000000e+00  0.000000e+00  1.000000e+00
   outer loop
     vertex  1.393617e+01  9.626318e+00  0.000000e+00
     vertex  1.340579e+01  9.778122e+00  0.000000e+00
     vertex  1.338568e+01  9.758013e+00  0.000000e+00
   endloop
 endfacet
 facet normal  0.000000e+00  0.000000e+00  1.000000e+00
   outer loop
     vertex  1.393617e+01  9.626318e+00  0.000000e+00
     vertex  1.342092e+01  9.802202e+00  0.000000e+00
     vertex  1.340579e+01  9.778122e+00  0.000000e+00
   endloop
 endfacet
 facet normal  0.000000e+00  0.000000e+00  1.000000e+00
   outer loop
     vertex  1.393617e+01  9.626318e+00  0.000000e+00
     vertex  1.343031e+01  9.829046e+00  0.000000e+00
     vertex  1.342092e+01  9.802202e+00  0.000000e+00
   endloop
 endfacet
 facet normal  0.000000e+00  0.000000e+00  1.000000e+00
   outer loop
     vertex  1.393617e+01  9.626318e+00  0.000000e+00
     vertex  1.343349e+01  9.857306e+00  0.000000e+00
     vertex  1.343031e+01  9.829046e+00  0.000000e+00
   endloop
 endfacet
 facet normal  0.000000e+00  0.000000e+00  1.000000e+00
   outer loop
     vertex  1.393617e+01  9.626318e+00  0.000000e+00
     vertex  1.338568e+01  9.758013e+00  0.000000e+00
     vertex  1.393617e+01  9.326293e+00  0.000000e+00
   endloop
 endfacet
 facet normal  0.000000e+00  0.000000e+00  1.000000e+00
   outer loop
     vertex  1.860393e+01  5.143922e+00  0.000000e+00
     vertex  1.753723e+01  5.795406e+00  0.000000e+00
     vertex  1.860393e+01  4.889922e+00  0.000000e+00
   endloop
 endfacet
 facet normal  0.000000e+00  0.000000e+00  1.000000e+00
   outer loop
     vertex  1.898493e+01  4.762922e+00  0.000000e+00
     vertex  1.873093e+01  4.762922e+00  0.000000e+00
     vertex  1.943808e+01  3.901267e+00  0.000000e+00
   endloop
 endfacet
 facet normal  0.000000e+00  0.000000e+00  1.000000e+00
   outer loop
     vertex  1.901319e+01  4.766106e+00  0.000000e+00
     vertex  1.898493e+01  4.762922e+00  0.000000e+00
     vertex  1.943808e+01  3.901267e+00  0.000000e+00
   endloop
 endfacet
 facet normal  0.000000e+00  0.000000e+00  1.000000e+00
   outer loop
     vertex  1.860711e+01  5.172182e+00  0.000000e+00
     vertex  1.753723e+01  5.795406e+00  0.000000e+00
     vertex  1.860393e+01  5.143922e+00  0.000000e+00
   endloop
 endfacet
 facet normal  0.000000e+00  0.000000e+00  1.000000e+00
   outer loop
     vertex  1.904003e+01  4.775499e+00  0.000000e+00
     vertex  1.901319e+01  4.766106e+00  0.000000e+00
     vertex  1.943808e+01  3.901267e+00  0.000000e+00
   endloop
 endfacet
 facet normal  0.000000e+00  0.000000e+00  1.000000e+00
   outer loop
     vertex  1.861651e+01  5.199025e+00  0.000000e+00
     vertex  1.753723e+01  5.795406e+00  0.000000e+00
     vertex  1.860711e+01  5.172182e+00  0.000000e+00
   endloop
 endfacet
 facet normal  0.000000e+00  0.000000e+00  1.000000e+00
   outer loop
     vertex  1.906411e+01  4.790629e+00  0.000000e+00
     vertex  1.904003e+01  4.775499e+00  0.000000e+00
     vertex  1.943808e+01  3.901267e+00  0.000000e+00
   endloop
 endfacet
 facet normal  0.000000e+00  0.000000e+00  1.000000e+00
   outer loop
     vertex  1.514176e+01  8.746974e+00  0.000000e+00
     vertex  1.463617e+01  8.926294e+00  0.000000e+00
     vertex  1.516187e+01  8.726865e+00  0.000000e+00
   endloop
 endfacet
 facet normal  0.000000e+00  0.000000e+00  1.000000e+00
   outer loop
     vertex  1.908422e+01  4.810738e+00  0.000000e+00
     vertex  1.906411e+01  4.790629e+00  0.000000e+00
     vertex  1.943808e+01  3.901267e+00  0.000000e+00
   endloop
 endfacet
 facet normal  0.000000e+00  0.000000e+00  1.000000e+00
   outer loop
     vertex  1.512663e+01  8.771054e+00  0.000000e+00
     vertex  1.463617e+01  8.926294e+00  0.000000e+00
     vertex  1.514176e+01  8.746974e+00  0.000000e+00
   endloop
 endfacet
 facet normal  0.000000e+00  0.000000e+00  1.000000e+00
   outer loop
     vertex  1.518595e+01  8.711734e+00  0.000000e+00
     vertex  1.463617e+01  8.926294e+00  0.000000e+00
     vertex  1.393617e+01  8.926294e+00  0.000000e+00
   endloop
 endfacet
 facet normal  0.000000e+00  0.000000e+00  1.000000e+00
   outer loop
     vertex  1.518595e+01  8.711734e+00  0.000000e+00
     vertex  1.516187e+01  8.726865e+00  0.000000e+00
     vertex  1.463617e+01  8.926294e+00  0.000000e+00
   endloop
 endfacet
 facet normal  0.000000e+00  0.000000e+00  1.000000e+00
   outer loop
     vertex  1.518595e+01  8.711734e+00  0.000000e+00
     vertex  1.336160e+01  8.726883e+00  0.000000e+00
     vertex  1.333475e+01  8.717490e+00  0.000000e+00
   endloop
 endfacet
 facet normal  0.000000e+00  0.000000e+00  1.000000e+00
   outer loop
     vertex  1.518595e+01  8.711734e+00  0.000000e+00
     vertex  1.393617e+01  8.926294e+00  0.000000e+00
     vertex  1.336160e+01  8.726883e+00  0.000000e+00
   endloop
 endfacet
 facet normal  0.000000e+00  0.000000e+00  1.000000e+00
   outer loop
     vertex  1.511723e+01  8.797897e+00  0.000000e+00
     vertex  1.463617e+01  8.926294e+00  0.000000e+00
     vertex  1.512663e+01  8.771054e+00  0.000000e+00
   endloop
 endfacet
 facet normal  0.000000e+00  0.000000e+00  1.000000e+00
   outer loop
     vertex  1.521279e+01  8.702341e+00  0.000000e+00
     vertex  1.518595e+01  8.711734e+00  0.000000e+00
     vertex  1.333475e+01  8.717490e+00  0.000000e+00
   endloop
 endfacet
 facet normal  0.000000e+00  0.000000e+00  1.000000e+00
   outer loop
     vertex  1.521279e+01  8.702341e+00  0.000000e+00
     vertex  1.333475e+01  8.717490e+00  0.000000e+00
     vertex  1.753723e+01  5.795406e+00  0.000000e+00
   endloop
 endfacet
 facet normal  0.000000e+00  0.000000e+00  1.000000e+00
   outer loop
     vertex  1.524105e+01  8.699157e+00  0.000000e+00
     vertex  1.521279e+01  8.702341e+00  0.000000e+00
     vertex  1.753723e+01  5.795406e+00  0.000000e+00
   endloop
 endfacet
 facet normal  0.000000e+00  0.000000e+00  1.000000e+00
   outer loop
     vertex  1.511405e+01  8.826157e+00  0.000000e+00
     vertex  1.463617e+01  8.926294e+00  0.000000e+00
     vertex  1.511723e+01  8.797897e+00  0.000000e+00
   endloop
 endfacet
 facet normal  0.000000e+00  0.000000e+00  1.000000e+00
   outer loop
     vertex  1.393617e+01  1.002632e+01  0.000000e+00
     vertex  1.343349e+01  9.857306e+00  0.000000e+00
     vertex  1.393617e+01  9.626318e+00  0.000000e+00
   endloop
 endfacet
 facet normal  0.000000e+00  0.000000e+00  1.000000e+00
   outer loop
     vertex  1.393617e+01  1.002632e+01  0.000000e+00
     vertex  1.343031e+01  1.013957e+01  0.000000e+00
     vertex  1.343349e+01  1.011131e+01  0.000000e+00
   endloop
 endfacet
 facet normal  0.000000e+00  0.000000e+00  1.000000e+00
   outer loop
     vertex  1.393617e+01  1.002632e+01  0.000000e+00
     vertex  1.342092e+01  1.016641e+01  0.000000e+00
     vertex  1.343031e+01  1.013957e+01  0.000000e+00
   endloop
 endfacet
 facet normal  0.000000e+00  0.000000e+00  1.000000e+00
   outer loop
     vertex  1.393617e+01  1.002632e+01  0.000000e+00
     vertex  1.340579e+01  1.019049e+01  0.000000e+00
     vertex  1.342092e+01  1.016641e+01  0.000000e+00
   endloop
 endfacet
 facet normal  0.000000e+00  0.000000e+00  1.000000e+00
   outer loop
     vertex  1.393617e+01  1.002632e+01  0.000000e+00
     vertex  1.338568e+01  1.021060e+01  0.000000e+00
     vertex  1.340579e+01  1.019049e+01  0.000000e+00
   endloop
 endfacet
 facet normal  0.000000e+00  0.000000e+00  1.000000e+00
   outer loop
     vertex  1.393617e+01  1.002632e+01  0.000000e+00
     vertex  1.336160e+01  1.022573e+01  0.000000e+00
     vertex  1.338568e+01  1.021060e+01  0.000000e+00
   endloop
 endfacet
 facet normal  0.000000e+00  0.000000e+00  1.000000e+00
   outer loop
     vertex  1.393617e+01  1.002632e+01  0.000000e+00
     vertex  1.343349e+01  1.011131e+01  0.000000e+00
     vertex  1.343349e+01  9.857306e+00  0.000000e+00
   endloop
 endfacet
 facet normal  0.000000e+00  0.000000e+00  1.000000e+00
   outer loop
     vertex  2.419000e+01  0.000000e+00  0.000000e+00
     vertex  2.363924e+01  5.027473e-01  0.000000e+00
     vertex  1.943808e+01  5.027473e-01  0.000000e+00
   endloop
 endfacet
 facet normal  0.000000e+00  0.000000e+00  1.000000e+00
   outer loop
     vertex  2.419000e+01  0.000000e+00  0.000000e+00
     vertex  1.943808e+01  5.027473e-01  0.000000e+00
     vertex  1.753723e+01  0.000000e+00  0.000000e+00
   endloop
 endfacet
 facet normal  0.000000e+00  0.000000e+00  1.000000e+00
   outer loop
     vertex  1.511405e+01  9.080157e+00  0.000000e+00
     vertex  1.463617e+01  8.926294e+00  0.000000e+00
     vertex  1.511405e+01  8.826157e+00  0.000000e+00
   endloop
 endfacet
 facet normal  0.000000e+00  0.000000e+00  1.000000e+00
   outer loop
     vertex  1.549505e+01  8.699157e+00  0.000000e+00
     vertex  1.524105e+01  8.699157e+00  0.000000e+00
     vertex  1.753723e+01  5.795406e+00  0.000000e+00
   endloop
 endfacet
 facet normal  0.000000e+00  0.000000e+00  1.000000e+00
   outer loop
     vertex  1.511723e+01  9.108417e+00  0.000000e+00
     vertex  1.463617e+01  9.326293e+00  0.000000e+00
     vertex  1.463617e+01  8.926294e+00  0.000000e+00
   endloop
 endfacet
 facet normal  0.000000e+00  0.000000e+00  1.000000e+00
   outer loop
     vertex  1.511723e+01  9.108417e+00  0.000000e+00
     vertex  1.463617e+01  8.926294e+00  0.000000e+00
     vertex  1.511405e+01  9.080157e+00  0.000000e+00
   endloop
 endfacet
 facet normal  0.000000e+00  0.000000e+00  1.000000e+00
   outer loop
     vertex  1.552331e+01  8.702341e+00  0.000000e+00
     vertex  1.549505e+01  8.699157e+00  0.000000e+00
     vertex  1.753723e+01  5.795406e+00  0.000000e+00
   endloop
 endfacet
 facet normal  0.000000e+00  0.000000e+00  1.000000e+00
   outer loop
     vertex  1.512663e+01  9.135260e+00  0.000000e+00
     vertex  1.463617e+01  9.326293e+00  0.000000e+00
     vertex  1.511723e+01  9.108417e+00  0.000000e+00
   endloop
 endfacet
 facet normal  0.000000e+00  0.000000e+00  1.000000e+00
   outer loop
     vertex  1.555015e+01  8.711734e+00  0.000000e+00
     vertex  1.552331e+01  8.702341e+00  0.000000e+00
     vertex  1.753723e+01  5.795406e+00  0.000000e+00
   endloop
 endfacet
 facet normal  0.000000e+00  0.000000e+00  1.000000e+00
   outer loop
     vertex  1.463617e+01  9.626318e+00  0.000000e+00
     vertex  1.393617e+01  9.626318e+00  0.000000e+00
     vertex  1.393617e+01  9.326293e+00  0.000000e+00
   endloop
 endfacet
 facet normal  0.000000e+00  0.000000e+00  1.000000e+00
   outer loop
     vertex  1.463617e+01  9.626318e+00  0.000000e+00
     vertex  1.393617e+01  9.326293e+00  0.000000e+00
     vertex  1.463617e+01  9.326293e+00  0.000000e+00
   endloop
 endfacet
 facet normal  0.000000e+00  0.000000e+00  1.000000e+00
   outer loop
     vertex  1.514176e+01  9.159340e+00  0.000000e+00
     vertex  1.463617e+01  9.326293e+00  0.000000e+00
     vertex  1.512663e+01  9.135260e+00  0.000000e+00
   endloop
 endfacet
 facet normal  0.000000e+00  0.000000e+00  1.000000e+00
   outer loop
     vertex  1.557423e+01  8.726865e+00  0.000000e+00
     vertex  1.555015e+01  8.711734e+00  0.000000e+00
     vertex  1.753723e+01  5.795406e+00  0.000000e+00
   endloop
 endfacet
 facet normal  0.000000e+00  0.000000e+00  1.000000e+00
   outer loop
     vertex  1.516187e+01  9.179450e+00  0.000000e+00
     vertex  1.463617e+01  9.326293e+00  0.000000e+00
     vertex  1.514176e+01  9.159340e+00  0.000000e+00
   endloop
 endfacet
 facet normal  0.000000e+00  0.000000e+00  1.000000e+00
   outer loop
     vertex  1.559434e+01  8.746974e+00  0.000000e+00
     vertex  1.557423e+01  8.726865e+00  0.000000e+00
     vertex  1.753723e+01  5.795406e+00  0.000000e+00
   endloop
 endfacet
 facet normal  0.000000e+00  0.000000e+00  1.000000e+00
   outer loop
     vertex  1.560947e+01  8.771054e+00  0.000000e+00
     vertex  1.559434e+01  8.746974e+00  0.000000e+00
     vertex  1.753723e+01  5.795406e+00  0.000000e+00
   endloop
 endfacet
 facet normal  0.000000e+00  0.000000e+00  1.000000e+00
   outer loop
     vertex  1.863164e+01  5.826738e+00  0.000000e+00
     vertex  1.863164e+01  5.223105e+00  0.000000e+00
     vertex  1.865175e+01  5.243214e+00  0.000000e+00
   endloop
 endfacet
 facet normal  0.000000e+00  0.000000e+00  1.000000e+00
   outer loop
     vertex  1.863164e+01  5.826738e+00  0.000000e+00
     vertex  1.865175e+01  5.243214e+00  0.000000e+00
     vertex  1.865175e+01  5.806629e+00  0.000000e+00
   endloop
 endfacet
 facet normal  0.000000e+00  0.000000e+00  1.000000e+00
   outer loop
     vertex  1.867583e+01  5.791499e+00  0.000000e+00
     vertex  1.867583e+01  5.258345e+00  0.000000e+00
     vertex  1.870267e+01  5.267737e+00  0.000000e+00
   endloop
 endfacet
 facet normal  0.000000e+00  0.000000e+00  1.000000e+00
   outer loop
     vertex  1.867583e+01  5.791499e+00  0.000000e+00
     vertex  1.865175e+01  5.243214e+00  0.000000e+00
     vertex  1.867583e+01  5.258345e+00  0.000000e+00
   endloop
 endfacet
 facet normal  0.000000e+00  0.000000e+00  1.000000e+00
   outer loop
     vertex  1.867583e+01  5.791499e+00  0.000000e+00
     vertex  1.865175e+01  5.806629e+00  0.000000e+00
     vertex  1.865175e+01  5.243214e+00  0.000000e+00
   endloop
 endfacet
 facet normal  0.000000e+00  0.000000e+00  1.000000e+00
   outer loop
     vertex  1.861651e+01  5.850818e+00  0.000000e+00
     vertex  1.753723e+01  5.795406e+00  0.000000e+00
     vertex  1.861651e+01  5.199025e+00  0.000000e+00
   endloop
 endfacet
 facet normal  0.000000e+00  0.000000e+00  1.000000e+00
   outer loop
     vertex  1.861651e+01  5.850818e+00  0.000000e+00
     vertex  1.863164e+01  5.223105e+00  0.000000e+00
     vertex  1.863164e+01  5.826738e+00  0.000000e+00
   endloop
 endfacet
 facet normal  0.000000e+00  0.000000e+00  1.000000e+00
   outer loop
     vertex  1.861651e+01  5.850818e+00  0.000000e+00
     vertex  1.861651e+01  5.199025e+00  0.000000e+00
     vertex  1.863164e+01  5.223105e+00  0.000000e+00
   endloop
 endfacet
 facet normal  0.000000e+00  0.000000e+00  1.000000e+00
   outer loop
     vertex  1.870267e+01  5.782106e+00  0.000000e+00
     vertex  1.867583e+01  5.791499e+00  0.000000e+00
     vertex  1.870267e+01  5.267737e+00  0.000000e+00
   endloop
 endfacet
 facet normal  0.000000e+00  0.000000e+00  1.000000e+00
   outer loop
     vertex  1.860711e+01  5.877661e+00  0.000000e+00
     vertex  1.753723e+01  5.795406e+00  0.000000e+00
     vertex  1.861651e+01  5.850818e+00  0.000000e+00
   endloop
 endfacet
 facet normal  0.000000e+00  0.000000e+00  1.000000e+00
   outer loop
     vertex  1.873093e+01  5.778922e+00  0.000000e+00
     vertex  1.870267e+01  5.782106e+00  0.000000e+00
     vertex  1.870267e+01  5.267737e+00  0.000000e+00
   endloop
 endfacet
 facet normal  0.000000e+00  0.000000e+00  1.000000e+00
   outer loop
     vertex  1.873093e+01  5.778922e+00  0.000000e+00
     vertex  1.870267e+01  5.267737e+00  0.000000e+00
     vertex  1.873093e+01  5.270922e+00  0.000000e+00
   endloop
 endfacet
 facet normal  0.000000e+00  0.000000e+00  1.000000e+00
   outer loop
     vertex  1.860393e+01  5.905922e+00  0.000000e+00
     vertex  1.753723e+01  5.795406e+00  0.000000e+00
     vertex  1.860711e+01  5.877661e+00  0.000000e+00
   endloop
 endfacet
 facet normal  0.000000e+00  0.000000e+00  1.000000e+00
   outer loop
     vertex  2.447928e+01  3.259371e-02  0.000000e+00
     vertex  2.363924e+01  5.027473e-01  0.000000e+00
     vertex  2.419000e+01  0.000000e+00  0.000000e+00
   endloop
 endfacet
 facet normal  0.000000e+00  0.000000e+00  1.000000e+00
   outer loop
     vertex  1.463617e+01  1.002632e+01  0.000000e+00
     vertex  1.336160e+01  1.022573e+01  0.000000e+00
     vertex  1.393617e+01  1.002632e+01  0.000000e+00
   endloop
 endfacet
 facet normal  0.000000e+00  0.000000e+00  1.000000e+00
   outer loop
     vertex  1.996974e+01  4.757321e+00  0.000000e+00
     vertex  1.911193e+01  5.143922e+00  0.000000e+00
     vertex  1.911193e+01  4.889922e+00  0.000000e+00
   endloop
 endfacet
 facet normal  0.000000e+00  0.000000e+00  1.000000e+00
   outer loop
     vertex  1.996974e+01  4.757321e+00  0.000000e+00
     vertex  1.909935e+01  4.834818e+00  0.000000e+00
     vertex  1.908422e+01  4.810738e+00  0.000000e+00
   endloop
 endfacet
 facet normal  0.000000e+00  0.000000e+00  1.000000e+00
   outer loop
     vertex  1.996974e+01  4.757321e+00  0.000000e+00
     vertex  1.910875e+01  4.861661e+00  0.000000e+00
     vertex  1.909935e+01  4.834818e+00  0.000000e+00
   endloop
 endfacet
 facet normal  0.000000e+00  0.000000e+00  1.000000e+00
   outer loop
     vertex  1.996974e+01  4.757321e+00  0.000000e+00
     vertex  1.911193e+01  4.889922e+00  0.000000e+00
     vertex  1.910875e+01  4.861661e+00  0.000000e+00
   endloop
 endfacet
 facet normal  0.000000e+00  0.000000e+00  1.000000e+00
   outer loop
     vertex  1.996974e+01  4.757321e+00  0.000000e+00
     vertex  1.908422e+01  4.810738e+00  0.000000e+00
     vertex  1.943808e+01  3.901267e+00  0.000000e+00
   endloop
 endfacet
 facet normal  0.000000e+00  0.000000e+00  1.000000e+00
   outer loop
     vertex  1.898493e+01  5.778922e+00  0.000000e+00
     vertex  1.873093e+01  5.778922e+00  0.000000e+00
     vertex  1.873093e+01  5.270922e+00  0.000000e+00
   endloop
 endfacet
 facet normal  0.000000e+00  0.000000e+00  1.000000e+00
   outer loop
     vertex  1.898493e+01  5.778922e+00  0.000000e+00
     vertex  1.873093e+01  5.270922e+00  0.000000e+00
     vertex  1.898493e+01  5.270922e+00  0.000000e+00
   endloop
 endfacet
 facet normal  0.000000e+00  0.000000e+00  1.000000e+00
   outer loop
     vertex  1.860393e+01  6.159922e+00  0.000000e+00
     vertex  1.753723e+01  5.795406e+00  0.000000e+00
     vertex  1.860393e+01  5.905922e+00  0.000000e+00
   endloop
 endfacet
 facet normal  0.000000e+00  0.000000e+00  1.000000e+00
   outer loop
     vertex  1.901319e+01  5.782106e+00  0.000000e+00
     vertex  1.898493e+01  5.270922e+00  0.000000e+00
     vertex  1.901319e+01  5.267737e+00  0.000000e+00
   endloop
 endfacet
 facet normal  0.000000e+00  0.000000e+00  1.000000e+00
   outer loop
     vertex  1.901319e+01  5.782106e+00  0.000000e+00
     vertex  1.898493e+01  5.778922e+00  0.000000e+00
     vertex  1.898493e+01  5.270922e+00  0.000000e+00
   endloop
 endfacet
 facet normal  0.000000e+00  0.000000e+00  1.000000e+00
   outer loop
     vertex  1.860711e+01  6.188182e+00  0.000000e+00
     vertex  1.753723e+01  5.795406e+00  0.000000e+00
     vertex  1.860393e+01  6.159922e+00  0.000000e+00
   endloop
 endfacet
 facet normal  0.000000e+00  0.000000e+00  1.000000e+00
   outer loop
     vertex  1.904003e+01  5.791499e+00  0.000000e+00
     vertex  1.901319e+01  5.267737e+00  0.000000e+00
     vertex  1.904003e+01  5.258345e+00  0.000000e+00
   endloop
 endfacet
 facet normal  0.000000e+00  0.000000e+00  1.000000e+00
   outer loop
     vertex  1.904003e+01  5.791499e+00  0.000000e+00
     vertex  1.901319e+01  5.782106e+00  0.000000e+00
     vertex  1.901319e+01  5.267737e+00  0.000000e+00
   endloop
 endfacet
 facet normal  0.000000e+00  0.000000e+00  1.000000e+00
   outer loop
     vertex  1.861651e+01  6.215025e+00  0.000000e+00
     vertex  1.753723e+01  5.795406e+00  0.000000e+00
     vertex  1.860711e+01  6.188182e+00  0.000000e+00
   endloop
 endfacet
 facet normal  0.000000e+00  0.000000e+00  1.000000e+00
   outer loop
     vertex  1.906411e+01  5.806629e+00  0.000000e+00
     vertex  1.904003e+01  5.791499e+00  0.000000e+00
     vertex  1.904003e+01  5.258345e+00  0.000000e+00
   endloop
 endfacet
 facet normal  0.000000e+00  0.000000e+00  1.000000e+00
   outer loop
     vertex  1.906411e+01  5.806629e+00  0.000000e+00
     vertex  1.906411e+01  5.243214e+00  0.000000e+00
     vertex  1.908422e+01  5.223105e+00  0.000000e+00
   endloop
 endfacet
 facet normal  0.000000e+00  0.000000e+00  1.000000e+00
   outer loop
     vertex  1.906411e+01  5.806629e+00  0.000000e+00
     vertex  1.904003e+01  5.258345e+00  0.000000e+00
     vertex  1.906411e+01  5.243214e+00  0.000000e+00
   endloop
 endfacet
 facet normal  0.000000e+00  0.000000e+00  1.000000e+00
   outer loop
     vertex  1.863164e+01  6.239105e+00  0.000000e+00
     vertex  1.753723e+01  5.795406e+00  0.000000e+00
     vertex  1.861651e+01  6.215025e+00  0.000000e+00
   endloop
 endfacet
 facet normal  0.000000e+00  0.000000e+00  1.000000e+00
   outer loop
     vertex  2.475405e+01  1.287405e-01  0.000000e+00
     vertex  2.363924e+01  5.027473e-01  0.000000e+00
     vertex  2.447928e+01  3.259371e-02  0.000000e+00
   endloop
 endfacet
 facet normal  0.000000e+00  0.000000e+00  1.000000e+00
   outer loop
     vertex  1.516187e+01  9.742865e+00  0.000000e+00
     vertex  1.514176e+01  9.762974e+00  0.000000e+00
     vertex  1.463617e+01  9.626318e+00  0.000000e+00
   endloop
 endfacet
 facet normal  0.000000e+00  0.000000e+00  1.000000e+00
   outer loop
     vertex  1.516187e+01  9.742865e+00  0.000000e+00
     vertex  1.516187e+01  9.179450e+00  0.000000e+00
     vertex  1.518595e+01  9.194580e+00  0.000000e+00
   endloop
 endfacet
 facet normal  0.000000e+00  0.000000e+00  1.000000e+00
   outer loop
     vertex  1.516187e+01  9.742865e+00  0.000000e+00
     vertex  1.463617e+01  9.626318e+00  0.000000e+00
     vertex  1.463617e+01  9.326293e+00  0.000000e+00
   endloop
 endfacet
 facet normal  0.000000e+00  0.000000e+00  1.000000e+00
   outer loop
     vertex  1.516187e+01  9.742865e+00  0.000000e+00
     vertex  1.463617e+01  9.326293e+00  0.000000e+00
     vertex  1.516187e+01  9.179450e+00  0.000000e+00
   endloop
 endfacet
 facet normal  0.000000e+00  0.000000e+00  1.000000e+00
   outer loop
     vertex  1.908422e+01  5.826738e+00  0.000000e+00
     vertex  1.906411e+01  5.806629e+00  0.000000e+00
     vertex  1.908422e+01  5.223105e+00  0.000000e+00
   endloop
 endfacet
 facet normal  0.000000e+00  0.000000e+00  1.000000e+00
   outer loop
     vertex  1.865175e+01  6.259214e+00  0.000000e+00
     vertex  1.560947e+01  8.771054e+00  0.000000e+00
     vertex  1.753723e+01  5.795406e+00  0.000000e+00
   endloop
 endfacet
 facet normal  0.000000e+00  0.000000e+00  1.000000e+00
   outer loop
     vertex  1.865175e+01  6.259214e+00  0.000000e+00
     vertex  1.753723e+01  5.795406e+00  0.000000e+00
     vertex  1.863164e+01  6.239105e+00  0.000000e+00
   endloop
 endfacet
 facet normal  0.000000e+00  0.000000e+00  1.000000e+00
   outer loop
     vertex  1.512663e+01  9.787054e+00  0.000000e+00
     vertex  1.463617e+01  9.626318e+00  0.000000e+00
     vertex  1.514176e+01  9.762974e+00  0.000000e+00
   endloop
 endfacet
 facet normal  0.000000e+00  0.000000e+00  1.000000e+00
   outer loop
     vertex  1.518595e+01  9.727734e+00  0.000000e+00
     vertex  1.516187e+01  9.742865e+00  0.000000e+00
     vertex  1.518595e+01  9.194580e+00  0.000000e+00
   endloop
 endfacet
 facet normal  0.000000e+00  0.000000e+00  1.000000e+00
   outer loop
     vertex  1.511723e+01  9.813897e+00  0.000000e+00
     vertex  1.463617e+01  9.626318e+00  0.000000e+00
     vertex  1.512663e+01  9.787054e+00  0.000000e+00
   endloop
 endfacet
 facet normal  0.000000e+00  0.000000e+00  1.000000e+00
   outer loop
     vertex  1.521279e+01  9.718341e+00  0.000000e+00
     vertex  1.518595e+01  9.194580e+00  0.000000e+00
     vertex  1.521279e+01  9.203973e+00  0.000000e+00
   endloop
 endfacet
 facet normal  0.000000e+00  0.000000e+00  1.000000e+00
   outer loop
     vertex  1.521279e+01  9.718341e+00  0.000000e+00
     vertex  1.518595e+01  9.727734e+00  0.000000e+00
     vertex  1.518595e+01  9.194580e+00  0.000000e+00
   endloop
 endfacet
 facet normal  0.000000e+00  0.000000e+00  1.000000e+00
   outer loop
     vertex  1.867583e+01  6.274345e+00  0.000000e+00
     vertex  1.561886e+01  8.797897e+00  0.000000e+00
     vertex  1.560947e+01  8.771054e+00  0.000000e+00
   endloop
 endfacet
 facet normal  0.000000e+00  0.000000e+00  1.000000e+00
   outer loop
     vertex  1.867583e+01  6.274345e+00  0.000000e+00
     vertex  1.560947e+01  8.771054e+00  0.000000e+00
     vertex  1.865175e+01  6.259214e+00  0.000000e+00
   endloop
 endfacet
 facet normal  0.000000e+00  0.000000e+00  1.000000e+00
   outer loop
     vertex  1.524105e+01  9.715157e+00  0.000000e+00
     vertex  1.521279e+01  9.718341e+00  0.000000e+00
     vertex  1.521279e+01  9.203973e+00  0.000000e+00
   endloop
 endfacet
 facet normal  0.000000e+00  0.000000e+00  1.000000e+00
   outer loop
     vertex  1.524105e+01  9.715157e+00  0.000000e+00
     vertex  1.521279e+01  9.203973e+00  0.000000e+00
     vertex  1.524105e+01  9.207157e+00  0.000000e+00
   endloop
 endfacet
 facet normal  0.000000e+00  0.000000e+00  1.000000e+00
   outer loop
     vertex  1.511405e+01  9.842157e+00  0.000000e+00
     vertex  1.463617e+01  1.002632e+01  0.000000e+00
     vertex  1.463617e+01  9.626318e+00  0.000000e+00
   endloop
 endfacet
 facet normal  0.000000e+00  0.000000e+00  1.000000e+00
   outer loop
     vertex  1.511405e+01  9.842157e+00  0.000000e+00
     vertex  1.463617e+01  9.626318e+00  0.000000e+00
     vertex  1.511723e+01  9.813897e+00  0.000000e+00
   endloop
 endfacet
 facet normal  0.000000e+00  0.000000e+00  1.000000e+00
   outer loop
     vertex  1.870267e+01  6.283737e+00  0.000000e+00
     vertex  1.562205e+01  8.826157e+00  0.000000e+00
     vertex  1.561886e+01  8.797897e+00  0.000000e+00
   endloop
 endfacet
 facet normal  0.000000e+00  0.000000e+00  1.000000e+00
   outer loop
     vertex  1.870267e+01  6.283737e+00  0.000000e+00
     vertex  1.561886e+01  8.797897e+00  0.000000e+00
     vertex  1.867583e+01  6.274345e+00  0.000000e+00
   endloop
 endfacet
 facet normal  0.000000e+00  0.000000e+00  1.000000e+00
   outer loop
     vertex  1.870267e+01  6.283737e+00  0.000000e+00
     vertex  1.562205e+01  9.080157e+00  0.000000e+00
     vertex  1.562205e+01  8.826157e+00  0.000000e+00
   endloop
 endfacet
 facet normal  0.000000e+00  0.000000e+00  1.000000e+00
   outer loop
     vertex  1.873093e+01  6.286922e+00  0.000000e+00
     vertex  1.562205e+01  9.080157e+00  0.000000e+00
     vertex  1.870267e+01  6.283737e+00  0.000000e+00
   endloop
 endfacet
 facet normal  0.000000e+00  0.000000e+00  1.000000e+00
   outer loop
     vertex  1.873093e+01  6.286922e+00  0.000000e+00
     vertex  1.561886e+01  9.108417e+00  0.000000e+00
     vertex  1.562205e+01  9.080157e+00  0.000000e+00
   endloop
 endfacet
 facet normal  0.000000e+00  0.000000e+00  1.000000e+00
   outer loop
     vertex  1.511405e+01  1.009616e+01  0.000000e+00
     vertex  1.463617e+01  1.002632e+01  0.000000e+00
     vertex  1.511405e+01  9.842157e+00  0.000000e+00
   endloop
 endfacet
 facet normal  0.000000e+00  0.000000e+00  1.000000e+00
   outer loop
     vertex  1.549505e+01  9.715157e+00  0.000000e+00
     vertex  1.524105e+01  9.715157e+00  0.000000e+00
     vertex  1.524105e+01  9.207157e+00  0.000000e+00
   endloop
 endfacet
 facet normal  0.000000e+00  0.000000e+00  1.000000e+00
   outer loop
     vertex  1.549505e+01  9.715157e+00  0.000000e+00
     vertex  1.524105e+01  9.207157e+00  0.000000e+00
     vertex  1.549505e+01  9.207157e+00  0.000000e+00
   endloop
 endfacet
 facet normal  0.000000e+00  0.000000e+00  1.000000e+00
   outer loop
     vertex  1.552331e+01  9.718341e+00  0.000000e+00
     vertex  1.549505e+01  9.207157e+00  0.000000e+00
     vertex  1.552331e+01  9.203973e+00  0.000000e+00
   endloop
 endfacet
 facet normal  0.000000e+00  0.000000e+00  1.000000e+00
   outer loop
     vertex  1.552331e+01  9.718341e+00  0.000000e+00
     vertex  1.549505e+01  9.715157e+00  0.000000e+00
     vertex  1.549505e+01  9.207157e+00  0.000000e+00
   endloop
 endfacet
 facet normal  0.000000e+00  0.000000e+00  1.000000e+00
   outer loop
     vertex  1.511723e+01  1.012442e+01  0.000000e+00
     vertex  1.463617e+01  1.002632e+01  0.000000e+00
     vertex  1.511405e+01  1.009616e+01  0.000000e+00
   endloop
 endfacet
 facet normal  0.000000e+00  0.000000e+00  1.000000e+00
   outer loop
     vertex  1.996974e+01  5.292321e+00  0.000000e+00
     vertex  1.911193e+01  5.143922e+00  0.000000e+00
     vertex  1.996974e+01  4.757321e+00  0.000000e+00
   endloop
 endfacet
 facet normal  0.000000e+00  0.000000e+00  1.000000e+00
   outer loop
     vertex  1.996974e+01  5.292321e+00  0.000000e+00
     vertex  1.910875e+01  5.172182e+00  0.000000e+00
     vertex  1.911193e+01  5.143922e+00  0.000000e+00
   endloop
 endfacet
 facet normal  0.000000e+00  0.000000e+00  1.000000e+00
   outer loop
     vertex  1.996974e+01  5.292321e+00  0.000000e+00
     vertex  1.909935e+01  5.199025e+00  0.000000e+00
     vertex  1.910875e+01  5.172182e+00  0.000000e+00
   endloop
 endfacet
 facet normal  0.000000e+00  0.000000e+00  1.000000e+00
   outer loop
     vertex  1.996974e+01  5.292321e+00  0.000000e+00
     vertex  1.908422e+01  5.223105e+00  0.000000e+00
     vertex  1.909935e+01  5.199025e+00  0.000000e+00
   endloop
 endfacet
 facet normal  0.000000e+00  0.000000e+00  1.000000e+00
   outer loop
     vertex  1.996974e+01  5.292321e+00  0.000000e+00
     vertex  1.908422e+01  5.826738e+00  0.000000e+00
     vertex  1.908422e+01  5.223105e+00  0.000000e+00
   endloop
 endfacet
 facet normal  0.000000e+00  0.000000e+00  1.000000e+00
   outer loop
     vertex  1.555015e+01  9.727734e+00  0.000000e+00
     vertex  1.552331e+01  9.718341e+00  0.000000e+00
     vertex  1.552331e+01  9.203973e+00  0.000000e+00
   endloop
 endfacet
 facet normal  0.000000e+00  0.000000e+00  1.000000e+00
   outer loop
     vertex  1.555015e+01  9.727734e+00  0.000000e+00
     vertex  1.555015e+01  9.194580e+00  0.000000e+00
     vertex  1.557423e+01  9.179450e+00  0.000000e+00
   endloop
 endfacet
 facet normal  0.000000e+00  0.000000e+00  1.000000e+00
   outer loop
     vertex  1.555015e+01  9.727734e+00  0.000000e+00
     vertex  1.552331e+01  9.203973e+00  0.000000e+00
     vertex  1.555015e+01  9.194580e+00  0.000000e+00
   endloop
 endfacet
 facet normal  0.000000e+00  0.000000e+00  1.000000e+00
   outer loop
     vertex  1.512663e+01  1.015126e+01  0.000000e+00
     vertex  1.463617e+01  1.002632e+01  0.000000e+00
     vertex  1.511723e+01  1.012442e+01  0.000000e+00
   endloop
 endfacet
 facet normal  0.000000e+00  0.000000e+00  1.000000e+00
   outer loop
     vertex  2.500054e+01  2.836191e-01  0.000000e+00
     vertex  2.363924e+01  5.027473e-01  0.000000e+00
     vertex  2.475405e+01  1.287405e-01  0.000000e+00
   endloop
 endfacet
 facet normal  0.000000e+00  0.000000e+00  1.000000e+00
   outer loop
     vertex  1.557423e+01  9.742865e+00  0.000000e+00
     vertex  1.555015e+01  9.727734e+00  0.000000e+00
     vertex  1.557423e+01  9.179450e+00  0.000000e+00
   endloop
 endfacet
 facet normal  0.000000e+00  0.000000e+00  1.000000e+00
   outer loop
     vertex  1.557423e+01  9.742865e+00  0.000000e+00
     vertex  1.557423e+01  9.179450e+00  0.000000e+00
     vertex  1.559434e+01  9.159340e+00  0.000000e+00
   endloop
 endfacet
 facet normal  0.000000e+00  0.000000e+00  1.000000e+00
   outer loop
     vertex  1.514176e+01  1.017534e+01  0.000000e+00
     vertex  1.463617e+01  1.002632e+01  0.000000e+00
     vertex  1.512663e+01  1.015126e+01  0.000000e+00
   endloop
 endfacet
 facet normal  0.000000e+00  0.000000e+00  1.000000e+00
   outer loop
     vertex  1.559434e+01  9.762974e+00  0.000000e+00
     vertex  1.557423e+01  9.742865e+00  0.000000e+00
     vertex  1.559434e+01  9.159340e+00  0.000000e+00
   endloop
 endfacet
 facet normal  0.000000e+00  0.000000e+00  1.000000e+00
   outer loop
     vertex  1.516187e+01  1.019545e+01  0.000000e+00
     vertex  1.463617e+01  1.002632e+01  0.000000e+00
     vertex  1.514176e+01  1.017534e+01  0.000000e+00
   endloop
 endfacet
 facet normal  0.000000e+00  0.000000e+00  1.000000e+00
   outer loop
     vertex  1.560947e+01  9.787054e+00  0.000000e+00
     vertex  1.559434e+01  9.762974e+00  0.000000e+00
     vertex  1.559434e+01  9.159340e+00  0.000000e+00
   endloop
 endfacet
 facet normal  0.000000e+00  0.000000e+00  1.000000e+00
   outer loop
     vertex  1.560947e+01  9.787054e+00  0.000000e+00
     vertex  1.559434e+01  9.159340e+00  0.000000e+00
     vertex  1.560947e+01  9.135260e+00  0.000000e+00
   endloop
 endfacet
 facet normal  0.000000e+00  0.000000e+00  1.000000e+00
   outer loop
     vertex  1.518595e+01  1.021058e+01  0.000000e+00
     vertex  1.463617e+01  1.002632e+01  0.000000e+00
     vertex  1.516187e+01  1.019545e+01  0.000000e+00
   endloop
 endfacet
 facet normal  0.000000e+00  0.000000e+00  1.000000e+00
   outer loop
     vertex  1.518595e+01  1.021058e+01  0.000000e+00
     vertex  1.336160e+01  1.022573e+01  0.000000e+00
     vertex  1.463617e+01  1.002632e+01  0.000000e+00
   endloop
 endfacet
 facet normal  0.000000e+00  0.000000e+00  1.000000e+00
   outer loop
     vertex  1.561886e+01  9.813897e+00  0.000000e+00
     vertex  1.561886e+01  9.108417e+00  0.000000e+00
     vertex  1.873093e+01  6.286922e+00  0.000000e+00
   endloop
 endfacet
 facet normal  0.000000e+00  0.000000e+00  1.000000e+00
   outer loop
     vertex  1.561886e+01  9.813897e+00  0.000000e+00
     vertex  1.560947e+01  9.787054e+00  0.000000e+00
     vertex  1.560947e+01  9.135260e+00  0.000000e+00
   endloop
 endfacet
 facet normal  0.000000e+00  0.000000e+00  1.000000e+00
   outer loop
     vertex  1.561886e+01  9.813897e+00  0.000000e+00
     vertex  1.560947e+01  9.135260e+00  0.000000e+00
     vertex  1.561886e+01  9.108417e+00  0.000000e+00
   endloop
 endfacet
 facet normal  0.000000e+00  0.000000e+00  1.000000e+00
   outer loop
     vertex  1.521279e+01  1.021997e+01  0.000000e+00
     vertex  1.333475e+01  1.023512e+01  0.000000e+00
     vertex  1.336160e+01  1.022573e+01  0.000000e+00
   endloop
 endfacet
 facet normal  0.000000e+00  0.000000e+00  1.000000e+00
   outer loop
     vertex  1.521279e+01  1.021997e+01  0.000000e+00
     vertex  1.336160e+01  1.022573e+01  0.000000e+00
     vertex  1.518595e+01  1.021058e+01  0.000000e+00
   endloop
 endfacet
 facet normal  0.000000e+00  0.000000e+00  1.000000e+00
   outer loop
     vertex  1.562205e+01  9.842157e+00  0.000000e+00
     vertex  1.873093e+01  6.286922e+00  0.000000e+00
     vertex  1.898493e+01  6.286922e+00  0.000000e+00
   endloop
 endfacet
 facet normal  0.000000e+00  0.000000e+00  1.000000e+00
   outer loop
     vertex  1.562205e+01  9.842157e+00  0.000000e+00
     vertex  1.561886e+01  9.813897e+00  0.000000e+00
     vertex  1.873093e+01  6.286922e+00  0.000000e+00
   endloop
 endfacet
 facet normal  0.000000e+00  0.000000e+00  1.000000e+00
   outer loop
     vertex  1.524105e+01  1.022316e+01  0.000000e+00
     vertex  1.333475e+01  1.023512e+01  0.000000e+00
     vertex  1.521279e+01  1.021997e+01  0.000000e+00
   endloop
 endfacet
 facet normal  0.000000e+00  0.000000e+00  1.000000e+00
   outer loop
     vertex  2.076974e+01  4.757321e+00  0.000000e+00
     vertex  1.996974e+01  4.757321e+00  0.000000e+00
     vertex  1.943808e+01  3.901267e+00  0.000000e+00
   endloop
 endfacet
 facet normal  0.000000e+00  0.000000e+00  1.000000e+00
   outer loop
     vertex  2.520638e+01  4.894633e-01  0.000000e+00
     vertex  2.363924e+01  5.027473e-01  0.000000e+00
     vertex  2.500054e+01  2.836191e-01  0.000000e+00
   endloop
 endfacet
 facet normal  0.000000e+00  0.000000e+00  1.000000e+00
   outer loop
     vertex  1.562205e+01  1.009616e+01  0.000000e+00
     vertex  1.898493e+01  6.286922e+00  0.000000e+00
     vertex  1.901319e+01  6.283737e+00  0.000000e+00
   endloop
 endfacet
 facet normal  0.000000e+00  0.000000e+00  1.000000e+00
   outer loop
     vertex  1.562205e+01  1.009616e+01  0.000000e+00
     vertex  1.562205e+01  9.842157e+00  0.000000e+00
     vertex  1.898493e+01  6.286922e+00  0.000000e+00
   endloop
 endfacet
 facet normal  0.000000e+00  0.000000e+00  1.000000e+00
   outer loop
     vertex  1.996974e+01  5.757522e+00  0.000000e+00
     vertex  1.909935e+01  5.850818e+00  0.000000e+00
     vertex  1.908422e+01  5.826738e+00  0.000000e+00
   endloop
 endfacet
 facet normal  0.000000e+00  0.000000e+00  1.000000e+00
   outer loop
     vertex  1.996974e+01  5.757522e+00  0.000000e+00
     vertex  1.910875e+01  5.877661e+00  0.000000e+00
     vertex  1.909935e+01  5.850818e+00  0.000000e+00
   endloop
 endfacet
 facet normal  0.000000e+00  0.000000e+00  1.000000e+00
   outer loop
     vertex  1.996974e+01  5.757522e+00  0.000000e+00
     vertex  1.911193e+01  5.905922e+00  0.000000e+00
     vertex  1.910875e+01  5.877661e+00  0.000000e+00
   endloop
 endfacet
 facet normal  0.000000e+00  0.000000e+00  1.000000e+00
   outer loop
     vertex  1.996974e+01  5.757522e+00  0.000000e+00
     vertex  1.908422e+01  5.826738e+00  0.000000e+00
     vertex  1.996974e+01  5.292321e+00  0.000000e+00
   endloop
 endfacet
 facet normal  0.000000e+00  0.000000e+00  1.000000e+00
   outer loop
     vertex  2.076974e+01  5.292321e+00  0.000000e+00
     vertex  1.996974e+01  5.757522e+00  0.000000e+00
     vertex  1.996974e+01  5.292321e+00  0.000000e+00
   endloop
 endfacet
 facet normal  0.000000e+00  0.000000e+00  1.000000e+00
   outer loop
     vertex  2.536126e+01  7.359511e-01  0.000000e+00
     vertex  2.363924e+01  5.027473e-01  0.000000e+00
     vertex  2.520638e+01  4.894633e-01  0.000000e+00
   endloop
 endfacet
 facet normal  0.000000e+00  0.000000e+00  1.000000e+00
   outer loop
     vertex  1.996974e+01  6.292522e+00  0.000000e+00
     vertex  1.910875e+01  6.188182e+00  0.000000e+00
     vertex  1.911193e+01  6.159922e+00  0.000000e+00
   endloop
 endfacet
 facet normal  0.000000e+00  0.000000e+00  1.000000e+00
   outer loop
     vertex  1.996974e+01  6.292522e+00  0.000000e+00
     vertex  1.909935e+01  6.215025e+00  0.000000e+00
     vertex  1.910875e+01  6.188182e+00  0.000000e+00
   endloop
 endfacet
 facet normal  0.000000e+00  0.000000e+00  1.000000e+00
   outer loop
     vertex  1.996974e+01  6.292522e+00  0.000000e+00
     vertex  1.908422e+01  6.239105e+00  0.000000e+00
     vertex  1.909935e+01  6.215025e+00  0.000000e+00
   endloop
 endfacet
 facet normal  0.000000e+00  0.000000e+00  1.000000e+00
   outer loop
     vertex  1.996974e+01  6.292522e+00  0.000000e+00
     vertex  1.906411e+01  6.259214e+00  0.000000e+00
     vertex  1.908422e+01  6.239105e+00  0.000000e+00
   endloop
 endfacet
 facet normal  0.000000e+00  0.000000e+00  1.000000e+00
   outer loop
     vertex  1.996974e+01  6.292522e+00  0.000000e+00
     vertex  1.911193e+01  5.905922e+00  0.000000e+00
     vertex  1.996974e+01  5.757522e+00  0.000000e+00
   endloop
 endfacet
 facet normal  0.000000e+00  0.000000e+00  1.000000e+00
   outer loop
     vertex  1.996974e+01  6.292522e+00  0.000000e+00
     vertex  1.904003e+01  6.274345e+00  0.000000e+00
     vertex  1.906411e+01  6.259214e+00  0.000000e+00
   endloop
 endfacet
 facet normal  0.000000e+00  0.000000e+00  1.000000e+00
   outer loop
     vertex  1.996974e+01  6.292522e+00  0.000000e+00
     vertex  1.901319e+01  6.283737e+00  0.000000e+00
     vertex  1.904003e+01  6.274345e+00  0.000000e+00
   endloop
 endfacet
 facet normal  0.000000e+00  0.000000e+00  1.000000e+00
   outer loop
     vertex  1.996974e+01  6.292522e+00  0.000000e+00
     vertex  1.911193e+01  6.159922e+00  0.000000e+00
     vertex  1.911193e+01  5.905922e+00  0.000000e+00
   endloop
 endfacet
 facet normal  0.000000e+00  0.000000e+00  1.000000e+00
   outer loop
     vertex  1.996974e+01  6.292522e+00  0.000000e+00
     vertex  1.562205e+01  1.009616e+01  0.000000e+00
     vertex  1.901319e+01  6.283737e+00  0.000000e+00
   endloop
 endfacet
 facet normal  0.000000e+00  0.000000e+00  1.000000e+00
   outer loop
     vertex  1.996974e+01  6.292522e+00  0.000000e+00
     vertex  1.561886e+01  1.012442e+01  0.000000e+00
     vertex  1.562205e+01  1.009616e+01  0.000000e+00
   endloop
 endfacet
 facet normal  0.000000e+00  0.000000e+00  1.000000e+00
   outer loop
     vertex  2.545741e+01  1.010723e+00  0.000000e+00
     vertex  2.363924e+01  5.027473e-01  0.000000e+00
     vertex  2.536126e+01  7.359511e-01  0.000000e+00
   endloop
 endfacet
 facet normal  0.000000e+00  0.000000e+00  1.000000e+00
   outer loop
     vertex  2.076974e+01  5.757522e+00  0.000000e+00
     vertex  1.996974e+01  5.757522e+00  0.000000e+00
     vertex  2.076974e+01  5.292321e+00  0.000000e+00
   endloop
 endfacet
 facet normal  0.000000e+00  0.000000e+00  1.000000e+00
   outer loop
     vertex  2.189984e+01  4.757321e+00  0.000000e+00
     vertex  2.076974e+01  4.757321e+00  0.000000e+00
     vertex  1.943808e+01  3.901267e+00  0.000000e+00
   endloop
 endfacet
 facet normal  0.000000e+00  0.000000e+00  1.000000e+00
   outer loop
     vertex  2.189984e+01  4.757321e+00  0.000000e+00
     vertex  2.076974e+01  5.292321e+00  0.000000e+00
     vertex  2.076974e+01  4.757321e+00  0.000000e+00
   endloop
 endfacet
 facet normal  0.000000e+00  0.000000e+00  1.000000e+00
   outer loop
     vertex  2.549000e+01  1.300000e+00  0.000000e+00
     vertex  2.363924e+01  5.027473e-01  0.000000e+00
     vertex  2.545741e+01  1.010723e+00  0.000000e+00
   endloop
 endfacet
 facet normal  0.000000e+00  0.000000e+00  1.000000e+00
   outer loop
     vertex  2.076974e+01  6.292522e+00  0.000000e+00
     vertex  1.560947e+01  1.015126e+01  0.000000e+00
     vertex  1.561886e+01  1.012442e+01  0.000000e+00
   endloop
 endfacet
 facet normal  0.000000e+00  0.000000e+00  1.000000e+00
   outer loop
     vertex  2.076974e+01  6.292522e+00  0.000000e+00
     vertex  1.561886e+01  1.012442e+01  0.000000e+00
     vertex  1.996974e+01  6.292522e+00  0.000000e+00
   endloop
 endfacet
 facet normal  0.000000e+00  0.000000e+00  1.000000e+00
   outer loop
     vertex  2.189984e+01  5.292321e+00  0.000000e+00
     vertex  2.076974e+01  5.757522e+00  0.000000e+00
     vertex  2.076974e+01  5.292321e+00  0.000000e+00
   endloop
 endfacet
 facet normal  0.000000e+00  0.000000e+00  1.000000e+00
   outer loop
     vertex  2.189984e+01  5.292321e+00  0.000000e+00
     vertex  2.076974e+01  5.292321e+00  0.000000e+00
     vertex  2.189984e+01  4.757321e+00  0.000000e+00
   endloop
 endfacet
 facet normal  0.000000e+00  0.000000e+00  1.000000e+00
   outer loop
     vertex  2.363924e+01  3.901267e+00  0.000000e+00
     vertex  2.363924e+01  5.027473e-01  0.000000e+00
     vertex  2.549000e+01  1.300000e+00  0.000000e+00
   endloop
 endfacet
 facet normal  0.000000e+00  0.000000e+00  1.000000e+00
   outer loop
     vertex  2.363924e+01  3.901267e+00  0.000000e+00
     vertex  2.269984e+01  4.757321e+00  0.000000e+00
     vertex  2.189984e+01  4.757321e+00  0.000000e+00
   endloop
 endfacet
 facet normal  0.000000e+00  0.000000e+00  1.000000e+00
   outer loop
     vertex  2.189984e+01  5.757522e+00  0.000000e+00
     vertex  2.076974e+01  5.757522e+00  0.000000e+00
     vertex  2.189984e+01  5.292321e+00  0.000000e+00
   endloop
 endfacet
 facet normal  0.000000e+00  0.000000e+00  1.000000e+00
   outer loop
     vertex  2.189984e+01  5.757522e+00  0.000000e+00
     vertex  2.076974e+01  6.292522e+00  0.000000e+00
     vertex  2.076974e+01  5.757522e+00  0.000000e+00
   endloop
 endfacet
 facet normal  0.000000e+00  0.000000e+00  1.000000e+00
   outer loop
     vertex  2.269984e+01  5.292321e+00  0.000000e+00
     vertex  2.189984e+01  5.757522e+00  0.000000e+00
     vertex  2.189984e+01  5.292321e+00  0.000000e+00
   endloop
 endfacet
 facet normal  0.000000e+00  0.000000e+00  1.000000e+00
   outer loop
     vertex  2.189984e+01  6.292522e+00  0.000000e+00
     vertex  2.076974e+01  6.292522e+00  0.000000e+00
     vertex  2.189984e+01  5.757522e+00  0.000000e+00
   endloop
 endfacet
 facet normal  0.000000e+00  0.000000e+00  1.000000e+00
   outer loop
     vertex  2.189984e+01  6.292522e+00  0.000000e+00
     vertex  1.560947e+01  1.015126e+01  0.000000e+00
     vertex  2.076974e+01  6.292522e+00  0.000000e+00
   endloop
 endfacet
 facet normal  0.000000e+00  0.000000e+00  1.000000e+00
   outer loop
     vertex  2.359928e+01  4.759984e+00  0.000000e+00
     vertex  2.357917e+01  4.780093e+00  0.000000e+00
     vertex  2.269984e+01  4.757321e+00  0.000000e+00
   endloop
 endfacet
 facet normal  0.000000e+00  0.000000e+00  1.000000e+00
   outer loop
     vertex  2.359928e+01  4.759984e+00  0.000000e+00
     vertex  2.269984e+01  4.757321e+00  0.000000e+00
     vertex  2.363924e+01  3.901267e+00  0.000000e+00
   endloop
 endfacet
 facet normal  0.000000e+00  0.000000e+00  1.000000e+00
   outer loop
     vertex  2.362336e+01  4.744853e+00  0.000000e+00
     vertex  2.359928e+01  4.759984e+00  0.000000e+00
     vertex  2.363924e+01  3.901267e+00  0.000000e+00
   endloop
 endfacet
 facet normal  0.000000e+00  0.000000e+00  1.000000e+00
   outer loop
     vertex  2.356404e+01  4.804173e+00  0.000000e+00
     vertex  2.269984e+01  4.757321e+00  0.000000e+00
     vertex  2.357917e+01  4.780093e+00  0.000000e+00
   endloop
 endfacet
 facet normal  0.000000e+00  0.000000e+00  1.000000e+00
   outer loop
     vertex  2.365020e+01  4.735461e+00  0.000000e+00
     vertex  2.362336e+01  4.744853e+00  0.000000e+00
     vertex  2.363924e+01  3.901267e+00  0.000000e+00
   endloop
 endfacet
 facet normal  0.000000e+00  0.000000e+00  1.000000e+00
   outer loop
     vertex  2.355465e+01  4.831016e+00  0.000000e+00
     vertex  2.269984e+01  4.757321e+00  0.000000e+00
     vertex  2.356404e+01  4.804173e+00  0.000000e+00
   endloop
 endfacet
 facet normal  0.000000e+00  0.000000e+00  1.000000e+00
   outer loop
     vertex  2.355146e+01  4.859277e+00  0.000000e+00
     vertex  2.269984e+01  4.757321e+00  0.000000e+00
     vertex  2.355465e+01  4.831016e+00  0.000000e+00
   endloop
 endfacet
 facet normal  0.000000e+00  0.000000e+00  1.000000e+00
   outer loop
     vertex  2.367846e+01  4.732277e+00  0.000000e+00
     vertex  2.365020e+01  4.735461e+00  0.000000e+00
     vertex  2.363924e+01  3.901267e+00  0.000000e+00
   endloop
 endfacet
 facet normal  0.000000e+00  0.000000e+00  1.000000e+00
   outer loop
     vertex  2.269984e+01  5.757522e+00  0.000000e+00
     vertex  2.189984e+01  5.757522e+00  0.000000e+00
     vertex  2.269984e+01  5.292321e+00  0.000000e+00
   endloop
 endfacet
 facet normal  0.000000e+00  0.000000e+00  1.000000e+00
   outer loop
     vertex  2.393246e+01  4.732277e+00  0.000000e+00
     vertex  2.367846e+01  4.732277e+00  0.000000e+00
     vertex  2.363924e+01  3.901267e+00  0.000000e+00
   endloop
 endfacet
 facet normal  0.000000e+00  0.000000e+00  1.000000e+00
   outer loop
     vertex  2.355146e+01  5.113277e+00  0.000000e+00
     vertex  2.269984e+01  4.757321e+00  0.000000e+00
     vertex  2.355146e+01  4.859277e+00  0.000000e+00
   endloop
 endfacet
 facet normal  0.000000e+00  0.000000e+00  1.000000e+00
   outer loop
     vertex  2.355146e+01  5.113277e+00  0.000000e+00
     vertex  2.269984e+01  5.292321e+00  0.000000e+00
     vertex  2.269984e+01  4.757321e+00  0.000000e+00
   endloop
 endfacet
 facet normal  0.000000e+00  0.000000e+00  1.000000e+00
   outer loop
     vertex  2.396072e+01  4.735461e+00  0.000000e+00
     vertex  2.393246e+01  4.732277e+00  0.000000e+00
     vertex  2.363924e+01  3.901267e+00  0.000000e+00
   endloop
 endfacet
 facet normal  0.000000e+00  0.000000e+00  1.000000e+00
   outer loop
     vertex  2.355465e+01  5.141537e+00  0.000000e+00
     vertex  2.269984e+01  5.292321e+00  0.000000e+00
     vertex  2.355146e+01  5.113277e+00  0.000000e+00
   endloop
 endfacet
 facet normal  0.000000e+00  0.000000e+00  1.000000e+00
   outer loop
     vertex  2.398756e+01  4.744853e+00  0.000000e+00
     vertex  2.396072e+01  4.735461e+00  0.000000e+00
     vertex  2.363924e+01  3.901267e+00  0.000000e+00
   endloop
 endfacet
 facet normal  0.000000e+00  0.000000e+00  1.000000e+00
   outer loop
     vertex  2.356404e+01  5.168380e+00  0.000000e+00
     vertex  2.269984e+01  5.292321e+00  0.000000e+00
     vertex  2.355465e+01  5.141537e+00  0.000000e+00
   endloop
 endfacet
 facet normal  0.000000e+00  0.000000e+00  1.000000e+00
   outer loop
     vertex  2.401164e+01  4.759984e+00  0.000000e+00
     vertex  2.398756e+01  4.744853e+00  0.000000e+00
     vertex  2.363924e+01  3.901267e+00  0.000000e+00
   endloop
 endfacet
 facet normal  0.000000e+00  0.000000e+00  1.000000e+00
   outer loop
     vertex  2.357917e+01  5.192460e+00  0.000000e+00
     vertex  2.269984e+01  5.292321e+00  0.000000e+00
     vertex  2.356404e+01  5.168380e+00  0.000000e+00
   endloop
 endfacet
 facet normal  0.000000e+00  0.000000e+00  1.000000e+00
   outer loop
     vertex  2.403175e+01  4.780093e+00  0.000000e+00
     vertex  2.363924e+01  3.901267e+00  0.000000e+00
     vertex  2.549000e+01  1.300000e+00  0.000000e+00
   endloop
 endfacet
 facet normal  0.000000e+00  0.000000e+00  1.000000e+00
   outer loop
     vertex  2.403175e+01  4.780093e+00  0.000000e+00
     vertex  2.401164e+01  4.759984e+00  0.000000e+00
     vertex  2.363924e+01  3.901267e+00  0.000000e+00
   endloop
 endfacet
 facet normal  0.000000e+00  0.000000e+00  1.000000e+00
   outer loop
     vertex  2.404688e+01  4.804173e+00  0.000000e+00
     vertex  2.403175e+01  4.780093e+00  0.000000e+00
     vertex  2.549000e+01  1.300000e+00  0.000000e+00
   endloop
 endfacet
 facet normal  0.000000e+00  0.000000e+00  1.000000e+00
   outer loop
     vertex  2.405628e+01  4.831016e+00  0.000000e+00
     vertex  2.404688e+01  4.804173e+00  0.000000e+00
     vertex  2.549000e+01  1.300000e+00  0.000000e+00
   endloop
 endfacet
 facet normal  0.000000e+00  0.000000e+00  1.000000e+00
   outer loop
     vertex  2.405946e+01  4.859277e+00  0.000000e+00
     vertex  2.405628e+01  4.831016e+00  0.000000e+00
     vertex  2.549000e+01  1.300000e+00  0.000000e+00
   endloop
 endfacet
 facet normal  0.000000e+00  0.000000e+00  1.000000e+00
   outer loop
     vertex  2.269984e+01  6.292522e+00  0.000000e+00
     vertex  1.560947e+01  1.015126e+01  0.000000e+00
     vertex  2.189984e+01  6.292522e+00  0.000000e+00
   endloop
 endfacet
 facet normal  0.000000e+00  0.000000e+00  1.000000e+00
   outer loop
     vertex  2.269984e+01  6.292522e+00  0.000000e+00
     vertex  1.559434e+01  1.017534e+01  0.000000e+00
     vertex  1.560947e+01  1.015126e+01  0.000000e+00
   endloop
 endfacet
 facet normal  0.000000e+00  0.000000e+00  1.000000e+00
   outer loop
     vertex  2.405946e+01  5.113277e+00  0.000000e+00
     vertex  2.405946e+01  4.859277e+00  0.000000e+00
     vertex  2.549000e+01  1.300000e+00  0.000000e+00
   endloop
 endfacet
 facet normal  0.000000e+00  0.000000e+00  1.000000e+00
   outer loop
     vertex  2.357917e+01  5.796093e+00  0.000000e+00
     vertex  2.269984e+01  5.757522e+00  0.000000e+00
     vertex  2.269984e+01  5.292321e+00  0.000000e+00
   endloop
 endfacet
 facet normal  0.000000e+00  0.000000e+00  1.000000e+00
   outer loop
     vertex  2.357917e+01  5.796093e+00  0.000000e+00
     vertex  2.269984e+01  5.292321e+00  0.000000e+00
     vertex  2.357917e+01  5.192460e+00  0.000000e+00
   endloop
 endfacet
 facet normal  0.000000e+00  0.000000e+00  1.000000e+00
   outer loop
     vertex  2.357917e+01  5.796093e+00  0.000000e+00
     vertex  2.357917e+01  5.192460e+00  0.000000e+00
     vertex  2.359928e+01  5.212569e+00  0.000000e+00
   endloop
 endfacet
 facet normal  0.000000e+00  0.000000e+00  1.000000e+00
   outer loop
     vertex  2.359928e+01  5.775984e+00  0.000000e+00
     vertex  2.357917e+01  5.796093e+00  0.000000e+00
     vertex  2.359928e+01  5.212569e+00  0.000000e+00
   endloop
 endfacet
 facet normal  0.000000e+00  0.000000e+00  1.000000e+00
   outer loop
     vertex  2.359928e+01  5.775984e+00  0.000000e+00
     vertex  2.359928e+01  5.212569e+00  0.000000e+00
     vertex  2.362336e+01  5.227700e+00  0.000000e+00
   endloop
 endfacet
 facet normal  0.000000e+00  0.000000e+00  1.000000e+00
   outer loop
     vertex  2.362336e+01  5.760853e+00  0.000000e+00
     vertex  2.359928e+01  5.775984e+00  0.000000e+00
     vertex  2.362336e+01  5.227700e+00  0.000000e+00
   endloop
 endfacet
 facet normal  0.000000e+00  0.000000e+00  1.000000e+00
   outer loop
     vertex  2.362336e+01  5.760853e+00  0.000000e+00
     vertex  2.362336e+01  5.227700e+00  0.000000e+00
     vertex  2.365020e+01  5.237092e+00  0.000000e+00
   endloop
 endfacet
 facet normal  0.000000e+00  0.000000e+00  1.000000e+00
   outer loop
     vertex  2.356404e+01  5.820173e+00  0.000000e+00
     vertex  2.269984e+01  5.757522e+00  0.000000e+00
     vertex  2.357917e+01  5.796093e+00  0.000000e+00
   endloop
 endfacet
 facet normal  0.000000e+00  0.000000e+00  1.000000e+00
   outer loop
     vertex  2.365020e+01  5.751461e+00  0.000000e+00
     vertex  2.362336e+01  5.760853e+00  0.000000e+00
     vertex  2.365020e+01  5.237092e+00  0.000000e+00
   endloop
 endfacet
 facet normal  0.000000e+00  0.000000e+00  1.000000e+00
   outer loop
     vertex  2.365020e+01  5.751461e+00  0.000000e+00
     vertex  2.365020e+01  5.237092e+00  0.000000e+00
     vertex  2.367846e+01  5.240277e+00  0.000000e+00
   endloop
 endfacet
 facet normal  0.000000e+00  0.000000e+00  1.000000e+00
   outer loop
     vertex  2.355465e+01  5.847016e+00  0.000000e+00
     vertex  2.269984e+01  5.757522e+00  0.000000e+00
     vertex  2.356404e+01  5.820173e+00  0.000000e+00
   endloop
 endfacet
 facet normal  0.000000e+00  0.000000e+00  1.000000e+00
   outer loop
     vertex  2.355146e+01  5.875277e+00  0.000000e+00
     vertex  2.269984e+01  5.757522e+00  0.000000e+00
     vertex  2.355465e+01  5.847016e+00  0.000000e+00
   endloop
 endfacet
 facet normal  0.000000e+00  0.000000e+00  1.000000e+00
   outer loop
     vertex  2.367846e+01  5.748277e+00  0.000000e+00
     vertex  2.367846e+01  5.240277e+00  0.000000e+00
     vertex  2.393246e+01  5.240277e+00  0.000000e+00
   endloop
 endfacet
 facet normal  0.000000e+00  0.000000e+00  1.000000e+00
   outer loop
     vertex  2.367846e+01  5.748277e+00  0.000000e+00
     vertex  2.365020e+01  5.751461e+00  0.000000e+00
     vertex  2.367846e+01  5.240277e+00  0.000000e+00
   endloop
 endfacet
 facet normal  0.000000e+00  0.000000e+00  1.000000e+00
   outer loop
     vertex  2.393246e+01  5.748277e+00  0.000000e+00
     vertex  2.393246e+01  5.240277e+00  0.000000e+00
     vertex  2.396072e+01  5.237092e+00  0.000000e+00
   endloop
 endfacet
 facet normal  0.000000e+00  0.000000e+00  1.000000e+00
   outer loop
     vertex  2.393246e+01  5.748277e+00  0.000000e+00
     vertex  2.367846e+01  5.748277e+00  0.000000e+00
     vertex  2.393246e+01  5.240277e+00  0.000000e+00
   endloop
 endfacet
 facet normal  0.000000e+00  0.000000e+00  1.000000e+00
   outer loop
     vertex  2.355146e+01  6.129277e+00  0.000000e+00
     vertex  2.269984e+01  6.292522e+00  0.000000e+00
     vertex  2.269984e+01  5.757522e+00  0.000000e+00
   endloop
 endfacet
 facet normal  0.000000e+00  0.000000e+00  1.000000e+00
   outer loop
     vertex  2.355146e+01  6.129277e+00  0.000000e+00
     vertex  2.269984e+01  5.757522e+00  0.000000e+00
     vertex  2.355146e+01  5.875277e+00  0.000000e+00
   endloop
 endfacet
 facet normal  0.000000e+00  0.000000e+00  1.000000e+00
   outer loop
     vertex  2.396072e+01  5.751461e+00  0.000000e+00
     vertex  2.393246e+01  5.748277e+00  0.000000e+00
     vertex  2.396072e+01  5.237092e+00  0.000000e+00
   endloop
 endfacet
 facet normal  0.000000e+00  0.000000e+00  1.000000e+00
   outer loop
     vertex  2.355465e+01  6.157537e+00  0.000000e+00
     vertex  2.269984e+01  6.292522e+00  0.000000e+00
     vertex  2.355146e+01  6.129277e+00  0.000000e+00
   endloop
 endfacet
 facet normal  0.000000e+00  0.000000e+00  1.000000e+00
   outer loop
     vertex  2.398756e+01  5.760853e+00  0.000000e+00
     vertex  2.396072e+01  5.751461e+00  0.000000e+00
     vertex  2.396072e+01  5.237092e+00  0.000000e+00
   endloop
 endfacet
 facet normal  0.000000e+00  0.000000e+00  1.000000e+00
   outer loop
     vertex  2.398756e+01  5.760853e+00  0.000000e+00
     vertex  2.396072e+01  5.237092e+00  0.000000e+00
     vertex  2.398756e+01  5.227700e+00  0.000000e+00
   endloop
 endfacet
 facet normal  0.000000e+00  0.000000e+00  1.000000e+00
   outer loop
     vertex  2.356404e+01  6.184380e+00  0.000000e+00
     vertex  2.269984e+01  6.292522e+00  0.000000e+00
     vertex  2.355465e+01  6.157537e+00  0.000000e+00
   endloop
 endfacet
 facet normal  0.000000e+00  0.000000e+00  1.000000e+00
   outer loop
     vertex  2.401164e+01  5.775984e+00  0.000000e+00
     vertex  2.398756e+01  5.760853e+00  0.000000e+00
     vertex  2.398756e+01  5.227700e+00  0.000000e+00
   endloop
 endfacet
 facet normal  0.000000e+00  0.000000e+00  1.000000e+00
   outer loop
     vertex  2.401164e+01  5.775984e+00  0.000000e+00
     vertex  2.398756e+01  5.227700e+00  0.000000e+00
     vertex  2.401164e+01  5.212569e+00  0.000000e+00
   endloop
 endfacet
 facet normal  0.000000e+00  0.000000e+00  1.000000e+00
   outer loop
     vertex  2.357917e+01  6.208460e+00  0.000000e+00
     vertex  2.269984e+01  6.292522e+00  0.000000e+00
     vertex  2.356404e+01  6.184380e+00  0.000000e+00
   endloop
 endfacet
 facet normal  0.000000e+00  0.000000e+00  1.000000e+00
   outer loop
     vertex  2.359928e+01  6.228569e+00  0.000000e+00
     vertex  2.269984e+01  6.292522e+00  0.000000e+00
     vertex  2.357917e+01  6.208460e+00  0.000000e+00
   endloop
 endfacet
 facet normal  0.000000e+00  0.000000e+00  1.000000e+00
   outer loop
     vertex  2.403175e+01  5.796093e+00  0.000000e+00
     vertex  2.401164e+01  5.775984e+00  0.000000e+00
     vertex  2.401164e+01  5.212569e+00  0.000000e+00
   endloop
 endfacet
 facet normal  0.000000e+00  0.000000e+00  1.000000e+00
   outer loop
     vertex  2.403175e+01  5.796093e+00  0.000000e+00
     vertex  2.403175e+01  5.192460e+00  0.000000e+00
     vertex  2.404688e+01  5.168380e+00  0.000000e+00
   endloop
 endfacet
 facet normal  0.000000e+00  0.000000e+00  1.000000e+00
   outer loop
     vertex  2.403175e+01  5.796093e+00  0.000000e+00
     vertex  2.401164e+01  5.212569e+00  0.000000e+00
     vertex  2.403175e+01  5.192460e+00  0.000000e+00
   endloop
 endfacet
 facet normal  0.000000e+00  0.000000e+00  1.000000e+00
   outer loop
     vertex  2.404688e+01  5.820173e+00  0.000000e+00
     vertex  2.403175e+01  5.796093e+00  0.000000e+00
     vertex  2.404688e+01  5.168380e+00  0.000000e+00
   endloop
 endfacet
 facet normal  0.000000e+00  0.000000e+00  1.000000e+00
   outer loop
     vertex  2.404688e+01  5.820173e+00  0.000000e+00
     vertex  2.404688e+01  5.168380e+00  0.000000e+00
     vertex  2.405628e+01  5.141537e+00  0.000000e+00
   endloop
 endfacet
 facet normal  0.000000e+00  0.000000e+00  1.000000e+00
   outer loop
     vertex  2.362336e+01  6.243700e+00  0.000000e+00
     vertex  2.269984e+01  6.292522e+00  0.000000e+00
     vertex  2.359928e+01  6.228569e+00  0.000000e+00
   endloop
 endfacet
 facet normal  0.000000e+00  0.000000e+00  1.000000e+00
   outer loop
     vertex  2.405628e+01  5.847016e+00  0.000000e+00
     vertex  2.404688e+01  5.820173e+00  0.000000e+00
     vertex  2.405628e+01  5.141537e+00  0.000000e+00
   endloop
 endfacet
 facet normal  0.000000e+00  0.000000e+00  1.000000e+00
   outer loop
     vertex  2.365020e+01  6.253092e+00  0.000000e+00
     vertex  2.269984e+01  6.292522e+00  0.000000e+00
     vertex  2.362336e+01  6.243700e+00  0.000000e+00
   endloop
 endfacet
 facet normal  0.000000e+00  0.000000e+00  1.000000e+00
   outer loop
     vertex  2.405946e+01  5.875277e+00  0.000000e+00
     vertex  2.405946e+01  5.113277e+00  0.000000e+00
     vertex  2.549000e+01  1.300000e+00  0.000000e+00
   endloop
 endfacet
 facet normal  0.000000e+00  0.000000e+00  1.000000e+00
   outer loop
     vertex  2.405946e+01  5.875277e+00  0.000000e+00
     vertex  2.405628e+01  5.141537e+00  0.000000e+00
     vertex  2.405946e+01  5.113277e+00  0.000000e+00
   endloop
 endfacet
 facet normal  0.000000e+00  0.000000e+00  1.000000e+00
   outer loop
     vertex  2.405946e+01  5.875277e+00  0.000000e+00
     vertex  2.405628e+01  5.847016e+00  0.000000e+00
     vertex  2.405628e+01  5.141537e+00  0.000000e+00
   endloop
 endfacet
 facet normal  0.000000e+00  0.000000e+00  1.000000e+00
   outer loop
     vertex  2.367846e+01  6.256277e+00  0.000000e+00
     vertex  2.269984e+01  6.292522e+00  0.000000e+00
     vertex  2.365020e+01  6.253092e+00  0.000000e+00
   endloop
 endfacet
 facet normal  0.000000e+00  0.000000e+00  1.000000e+00
   outer loop
     vertex  2.367846e+01  6.256277e+00  0.000000e+00
     vertex  1.559434e+01  1.017534e+01  0.000000e+00
     vertex  2.269984e+01  6.292522e+00  0.000000e+00
   endloop
 endfacet
 facet normal  0.000000e+00  0.000000e+00  1.000000e+00
   outer loop
     vertex  2.393246e+01  6.256277e+00  0.000000e+00
     vertex  1.559434e+01  1.017534e+01  0.000000e+00
     vertex  2.367846e+01  6.256277e+00  0.000000e+00
   endloop
 endfacet
 facet normal  0.000000e+00  0.000000e+00  1.000000e+00
   outer loop
     vertex  2.405946e+01  6.129277e+00  0.000000e+00
     vertex  2.405946e+01  5.875277e+00  0.000000e+00
     vertex  2.549000e+01  1.300000e+00  0.000000e+00
   endloop
 endfacet
 facet normal  0.000000e+00  0.000000e+00  1.000000e+00
   outer loop
     vertex  2.405628e+01  6.157537e+00  0.000000e+00
     vertex  2.405946e+01  6.129277e+00  0.000000e+00
     vertex  2.549000e+01  1.300000e+00  0.000000e+00
   endloop
 endfacet
 facet normal  0.000000e+00  0.000000e+00  1.000000e+00
   outer loop
     vertex  7.194751e+00  2.713370e+01  0.000000e+00
     vertex  1.243487e+01  1.023831e+01  0.000000e+00
     vertex  1.305249e+01  1.023831e+01  0.000000e+00
   endloop
 endfacet
 facet normal  0.000000e+00  0.000000e+00  1.000000e+00
   outer loop
     vertex  7.194751e+00  2.713370e+01  0.000000e+00
     vertex  1.215261e+01  1.023512e+01  0.000000e+00
     vertex  1.218087e+01  1.023831e+01  0.000000e+00
   endloop
 endfacet
 facet normal  0.000000e+00  0.000000e+00  1.000000e+00
   outer loop
     vertex  7.194751e+00  2.713370e+01  0.000000e+00
     vertex  1.218087e+01  1.023831e+01  0.000000e+00
     vertex  1.243487e+01  1.023831e+01  0.000000e+00
   endloop
 endfacet
 facet normal  0.000000e+00  0.000000e+00  1.000000e+00
   outer loop
     vertex  7.194751e+00  2.713370e+01  0.000000e+00
     vertex  9.991951e+00  1.021997e+01  0.000000e+00
     vertex  1.002021e+01  1.022316e+01  0.000000e+00
   endloop
 endfacet
 facet normal  0.000000e+00  0.000000e+00  1.000000e+00
   outer loop
     vertex  7.194751e+00  2.713370e+01  0.000000e+00
     vertex  9.965108e+00  1.021058e+01  0.000000e+00
     vertex  9.991951e+00  1.021997e+01  0.000000e+00
   endloop
 endfacet
 facet normal  0.000000e+00  0.000000e+00  1.000000e+00
   outer loop
     vertex  7.194751e+00  2.713370e+01  0.000000e+00
     vertex  9.941028e+00  1.019545e+01  0.000000e+00
     vertex  9.965108e+00  1.021058e+01  0.000000e+00
   endloop
 endfacet
 facet normal  0.000000e+00  0.000000e+00  1.000000e+00
   outer loop
     vertex  7.194751e+00  2.713370e+01  0.000000e+00
     vertex  9.920919e+00  1.017534e+01  0.000000e+00
     vertex  9.941028e+00  1.019545e+01  0.000000e+00
   endloop
 endfacet
 facet normal  0.000000e+00  0.000000e+00  1.000000e+00
   outer loop
     vertex  7.194751e+00  2.713370e+01  0.000000e+00
     vertex  9.905788e+00  1.015126e+01  0.000000e+00
     vertex  9.920919e+00  1.017534e+01  0.000000e+00
   endloop
 endfacet
 facet normal  0.000000e+00  0.000000e+00  1.000000e+00
   outer loop
     vertex  7.194751e+00  2.713370e+01  0.000000e+00
     vertex  1.002021e+01  1.022316e+01  0.000000e+00
     vertex  1.027421e+01  1.022316e+01  0.000000e+00
   endloop
 endfacet
 facet normal  0.000000e+00  0.000000e+00  1.000000e+00
   outer loop
     vertex  7.194751e+00  2.713370e+01  0.000000e+00
     vertex  0.000000e+00  1.300000e+00  0.000000e+00
     vertex  1.855216e+00  3.901267e+00  0.000000e+00
   endloop
 endfacet
 facet normal  0.000000e+00  0.000000e+00  1.000000e+00
   outer loop
     vertex  7.194751e+00  2.713370e+01  0.000000e+00
     vertex  1.027421e+01  1.022316e+01  0.000000e+00
     vertex  1.215261e+01  1.023512e+01  0.000000e+00
   endloop
 endfacet
 facet normal  0.000000e+00  0.000000e+00  1.000000e+00
   outer loop
     vertex  7.194751e+00  2.713370e+01  0.000000e+00
     vertex  1.855216e+00  3.901267e+00  0.000000e+00
     vertex  9.905788e+00  1.015126e+01  0.000000e+00
   endloop
 endfacet
 facet normal  0.000000e+00  0.000000e+00  1.000000e+00
   outer loop
     vertex  7.194751e+00  3.068368e+01  0.000000e+00
     vertex  0.000000e+00  1.300000e+00  0.000000e+00
     vertex  7.194751e+00  2.713370e+01  0.000000e+00
   endloop
 endfacet
 facet normal  0.000000e+00  0.000000e+00  1.000000e+00
   outer loop
     vertex  1.879450e+01  2.713370e+01  0.000000e+00
     vertex  7.194751e+00  2.713370e+01  0.000000e+00
     vertex  1.305249e+01  1.023831e+01  0.000000e+00
   endloop
 endfacet
 facet normal  0.000000e+00  0.000000e+00  1.000000e+00
   outer loop
     vertex  1.879450e+01  2.713370e+01  0.000000e+00
     vertex  1.559434e+01  1.017534e+01  0.000000e+00
     vertex  2.393246e+01  6.256277e+00  0.000000e+00
   endloop
 endfacet
 facet normal  0.000000e+00  0.000000e+00  1.000000e+00
   outer loop
     vertex  1.879450e+01  2.713370e+01  0.000000e+00
     vertex  1.305249e+01  1.023831e+01  0.000000e+00
     vertex  1.330649e+01  1.023831e+01  0.000000e+00
   endloop
 endfacet
 facet normal  0.000000e+00  0.000000e+00  1.000000e+00
   outer loop
     vertex  1.879450e+01  2.713370e+01  0.000000e+00
     vertex  2.403175e+01  6.208460e+00  0.000000e+00
     vertex  2.404688e+01  6.184380e+00  0.000000e+00
   endloop
 endfacet
 facet normal  0.000000e+00  0.000000e+00  1.000000e+00
   outer loop
     vertex  1.879450e+01  2.713370e+01  0.000000e+00
     vertex  2.401164e+01  6.228569e+00  0.000000e+00
     vertex  2.403175e+01  6.208460e+00  0.000000e+00
   endloop
 endfacet
 facet normal  0.000000e+00  0.000000e+00  1.000000e+00
   outer loop
     vertex  1.879450e+01  2.713370e+01  0.000000e+00
     vertex  2.398756e+01  6.243700e+00  0.000000e+00
     vertex  2.401164e+01  6.228569e+00  0.000000e+00
   endloop
 endfacet
 facet normal  0.000000e+00  0.000000e+00  1.000000e+00
   outer loop
     vertex  1.879450e+01  2.713370e+01  0.000000e+00
     vertex  2.396072e+01  6.253092e+00  0.000000e+00
     vertex  2.398756e+01  6.243700e+00  0.000000e+00
   endloop
 endfacet
 facet normal  0.000000e+00  0.000000e+00  1.000000e+00
   outer loop
     vertex  1.879450e+01  2.713370e+01  0.000000e+00
     vertex  2.393246e+01  6.256277e+00  0.000000e+00
     vertex  2.396072e+01  6.253092e+00  0.000000e+00
   endloop
 endfacet
 facet normal  0.000000e+00  0.000000e+00  1.000000e+00
   outer loop
     vertex  1.879450e+01  2.713370e+01  0.000000e+00
     vertex  1.330649e+01  1.023831e+01  0.000000e+00
     vertex  1.333475e+01  1.023512e+01  0.000000e+00
   endloop
 endfacet
 facet normal  0.000000e+00  0.000000e+00  1.000000e+00
   outer loop
     vertex  1.879450e+01  2.713370e+01  0.000000e+00
     vertex  1.524105e+01  1.022316e+01  0.000000e+00
     vertex  1.549505e+01  1.022316e+01  0.000000e+00
   endloop
 endfacet
 facet normal  0.000000e+00  0.000000e+00  1.000000e+00
   outer loop
     vertex  1.879450e+01  2.713370e+01  0.000000e+00
     vertex  1.557423e+01  1.019545e+01  0.000000e+00
     vertex  1.559434e+01  1.017534e+01  0.000000e+00
   endloop
 endfacet
 facet normal  0.000000e+00  0.000000e+00  1.000000e+00
   outer loop
     vertex  1.879450e+01  2.713370e+01  0.000000e+00
     vertex  1.555015e+01  1.021058e+01  0.000000e+00
     vertex  1.557423e+01  1.019545e+01  0.000000e+00
   endloop
 endfacet
 facet normal  0.000000e+00  0.000000e+00  1.000000e+00
   outer loop
     vertex  1.879450e+01  2.713370e+01  0.000000e+00
     vertex  1.552331e+01  1.021997e+01  0.000000e+00
     vertex  1.555015e+01  1.021058e+01  0.000000e+00
   endloop
 endfacet
 facet normal  0.000000e+00  0.000000e+00  1.000000e+00
   outer loop
     vertex  1.879450e+01  2.713370e+01  0.000000e+00
     vertex  1.549505e+01  1.022316e+01  0.000000e+00
     vertex  1.552331e+01  1.021997e+01  0.000000e+00
   endloop
 endfacet
 facet normal  0.000000e+00  0.000000e+00  1.000000e+00
   outer loop
     vertex  1.879450e+01  2.713370e+01  0.000000e+00
     vertex  1.333475e+01  1.023512e+01  0.000000e+00
     vertex  1.524105e+01  1.022316e+01  0.000000e+00
   endloop
 endfacet
 facet normal  0.000000e+00  0.000000e+00  1.000000e+00
   outer loop
     vertex  1.879450e+01  3.068368e+01  0.000000e+00
     vertex  1.879450e+01  2.713370e+01  0.000000e+00
     vertex  2.404688e+01  6.184380e+00  0.000000e+00
   endloop
 endfacet
 facet normal  0.000000e+00  0.000000e+00  1.000000e+00
   outer loop
     vertex  0.000000e+00  5.768200e+01  0.000000e+00
     vertex  0.000000e+00  1.300000e+00  0.000000e+00
     vertex  7.194751e+00  3.068368e+01  0.000000e+00
   endloop
 endfacet
 facet normal  0.000000e+00  0.000000e+00  1.000000e+00
   outer loop
     vertex  1.089342e-01  5.815927e+01  0.000000e+00
     vertex  2.757930e-02  5.792677e+01  0.000000e+00
     vertex  0.000000e+00  5.768200e+01  0.000000e+00
   endloop
 endfacet
 facet normal  0.000000e+00  0.000000e+00  1.000000e+00
   outer loop
     vertex  2.399854e-01  5.836784e+01  0.000000e+00
     vertex  1.089342e-01  5.815927e+01  0.000000e+00
     vertex  0.000000e+00  5.768200e+01  0.000000e+00
   endloop
 endfacet
 facet normal  0.000000e+00  0.000000e+00  1.000000e+00
   outer loop
     vertex  4.141612e-01  5.854202e+01  0.000000e+00
     vertex  2.399854e-01  5.836784e+01  0.000000e+00
     vertex  0.000000e+00  5.768200e+01  0.000000e+00
   endloop
 endfacet
 facet normal  0.000000e+00  0.000000e+00  1.000000e+00
   outer loop
     vertex  1.100000e+00  5.878200e+01  0.000000e+00
     vertex  0.000000e+00  5.768200e+01  0.000000e+00
     vertex  7.194751e+00  3.068368e+01  0.000000e+00
   endloop
 endfacet
 facet normal  0.000000e+00  0.000000e+00  1.000000e+00
   outer loop
     vertex  1.100000e+00  5.878200e+01  0.000000e+00
     vertex  8.552270e-01  5.875442e+01  0.000000e+00
     vertex  6.227279e-01  5.867307e+01  0.000000e+00
   endloop
 endfacet
 facet normal  0.000000e+00  0.000000e+00  1.000000e+00
   outer loop
     vertex  1.100000e+00  5.878200e+01  0.000000e+00
     vertex  6.227279e-01  5.867307e+01  0.000000e+00
     vertex  4.141612e-01  5.854202e+01  0.000000e+00
   endloop
 endfacet
 facet normal  0.000000e+00  0.000000e+00  1.000000e+00
   outer loop
     vertex  1.100000e+00  5.878200e+01  0.000000e+00
     vertex  7.194751e+00  3.068368e+01  0.000000e+00
     vertex  1.879450e+01  3.068368e+01  0.000000e+00
   endloop
 endfacet
 facet normal  0.000000e+00  0.000000e+00  1.000000e+00
   outer loop
     vertex  1.100000e+00  5.878200e+01  0.000000e+00
     vertex  4.141612e-01  5.854202e+01  0.000000e+00
     vertex  0.000000e+00  5.768200e+01  0.000000e+00
   endloop
 endfacet
 facet normal  0.000000e+00  0.000000e+00  1.000000e+00
   outer loop
     vertex  2.489000e+01  5.878200e+01  0.000000e+00
     vertex  1.100000e+00  5.878200e+01  0.000000e+00
     vertex  1.879450e+01  3.068368e+01  0.000000e+00
   endloop
 endfacet
 facet normal  0.000000e+00  0.000000e+00  1.000000e+00
   outer loop
     vertex  2.549000e+01  5.818200e+01  0.000000e+00
     vertex  1.879450e+01  3.068368e+01  0.000000e+00
     vertex  2.404688e+01  6.184380e+00  0.000000e+00
   endloop
 endfacet
 facet normal  0.000000e+00  0.000000e+00  1.000000e+00
   outer loop
     vertex  2.549000e+01  5.818200e+01  0.000000e+00
     vertex  2.489000e+01  5.878200e+01  0.000000e+00
     vertex  1.879450e+01  3.068368e+01  0.000000e+00
   endloop
 endfacet
 facet normal  0.000000e+00  0.000000e+00  1.000000e+00
   outer loop
     vertex  2.543058e+01  5.844233e+01  0.000000e+00
     vertex  2.549000e+01  5.818200e+01  0.000000e+00
     vertex  2.547496e+01  5.831551e+01  0.000000e+00
   endloop
 endfacet
 facet normal  0.000000e+00  0.000000e+00  1.000000e+00
   outer loop
     vertex  2.535910e+01  5.855609e+01  0.000000e+00
     vertex  2.549000e+01  5.818200e+01  0.000000e+00
     vertex  2.543058e+01  5.844233e+01  0.000000e+00
   endloop
 endfacet
 facet normal  0.000000e+00  0.000000e+00  1.000000e+00
   outer loop
     vertex  2.526409e+01  5.865110e+01  0.000000e+00
     vertex  2.515033e+01  5.872258e+01  0.000000e+00
     vertex  2.502351e+01  5.876696e+01  0.000000e+00
   endloop
 endfacet
 facet normal  0.000000e+00  0.000000e+00  1.000000e+00
   outer loop
     vertex  2.526409e+01  5.865110e+01  0.000000e+00
     vertex  2.502351e+01  5.876696e+01  0.000000e+00
     vertex  2.489000e+01  5.878200e+01  0.000000e+00
   endloop
 endfacet
 facet normal  0.000000e+00  0.000000e+00  1.000000e+00
   outer loop
     vertex  2.526409e+01  5.865110e+01  0.000000e+00
     vertex  2.489000e+01  5.878200e+01  0.000000e+00
     vertex  2.549000e+01  5.818200e+01  0.000000e+00
   endloop
 endfacet
 facet normal  0.000000e+00  0.000000e+00  1.000000e+00
   outer loop
     vertex  2.526409e+01  5.865110e+01  0.000000e+00
     vertex  2.549000e+01  5.818200e+01  0.000000e+00
     vertex  2.535910e+01  5.855609e+01  0.000000e+00
   endloop
 endfacet
 facet normal  0.000000e+00 -0.000000e+00  1.000000e+00
   outer loop
     vertex  2.549000e+01  1.300000e+00  0.000000e+00
     vertex  2.549000e+01  5.818200e+01  0.000000e+00
     vertex  2.405628e+01  6.157537e+00  0.000000e+00
   endloop
 endfacet
 facet normal  0.000000e+00 -0.000000e+00  1.000000e+00
   outer loop
     vertex  2.405628e+01  6.157537e+00  0.000000e+00
     vertex  2.549000e+01  5.818200e+01  0.000000e+00
     vertex  2.404688e+01  6.184380e+00  0.000000e+00
   endloop
 endfacet
 facet normal  0.000000e+00  0.000000e+00  1.000000e+00
   outer loop
     vertex  1.943808e+01  3.901267e+00  0.000000e+00
     vertex  2.363924e+01  3.901267e+00  0.000000e+00
     vertex  2.189984e+01  4.757321e+00  0.000000e+00
   endloop
 endfacet
 facet normal -1.000000e+00  0.000000e+00  0.000000e+00
   outer loop
     vertex  7.194751e+00  2.713370e+01  1.000000e+00
     vertex  7.194751e+00  3.068368e+01  1.000000e+00
     vertex  7.194751e+00  3.068368e+01  0.000000e+00
   endloop
 endfacet
 facet normal -1.000000e+00  0.000000e+00  0.000000e+00
   outer loop
     vertex  7.194751e+00  2.713370e+01  1.000000e+00
     vertex  7.194751e+00  3.068368e+01  0.000000e+00
     vertex  7.194751e+00  2.713370e+01  0.000000e+00
   endloop
 endfacet
 facet normal -0.000000e+00  1.000000e+00  0.000000e+00
   outer loop
     vertex  7.194751e+00  3.068368e+01  1.000000e+00
     vertex  1.879450e+01  3.068368e+01  1.000000e+00
     vertex  1.879450e+01  3.068368e+01  0.000000e+00
   endloop
 endfacet
 facet normal  0.000000e+00  1.000000e+00  0.000000e+00
   outer loop
     vertex  7.194751e+00  3.068368e+01  1.000000e+00
     vertex  1.879450e+01  3.068368e+01  0.000000e+00
     vertex  7.194751e+00  3.068368e+01  0.000000e+00
   endloop
 endfacet
 facet normal  1.000000e+00  0.000000e+00  0.000000e+00
   outer loop
     vertex  1.879450e+01  3.068368e+01  1.000000e+00
     vertex  1.879450e+01  2.713370e+01  1.000000e+00
     vertex  1.879450e+01  2.713370e+01  0.000000e+00
   endloop
 endfacet
 facet normal  1.000000e+00  0.000000e+00  0.000000e+00
   outer loop
     vertex  1.879450e+01  3.068368e+01  1.000000e+00
     vertex  1.879450e+01  2.713370e+01  0.000000e+00
     vertex  1.879450e+01  3.068368e+01  0.000000e+00
   endloop
 endfacet
 facet normal -0.000000e+00 -1.000000e+00  0.000000e+00
   outer loop
     vertex  1.879450e+01  2.713370e+01  1.000000e+00
     vertex  7.194751e+00  2.713370e+01  1.000000e+00
     vertex  7.194751e+00  2.713370e+01  0.000000e+00
   endloop
 endfacet
 facet normal  0.000000e+00 -1.000000e+00 -0.000000e+00
   outer loop
     vertex  1.879450e+01  2.713370e+01  1.000000e+00
     vertex  7.194751e+00  2.713370e+01  0.000000e+00
     vertex  1.879450e+01  2.713370e+01  0.000000e+00
   endloop
 endfacet
 facet normal  0.000000e+00  0.000000e+00  1.000000e+00
   outer loop
     vertex  1.879450e+01  3.068368e+01  1.000000e+00
     vertex  7.194751e+00  2.713370e+01  1.000000e+00
     vertex  1.879450e+01  2.713370e+01  1.000000e+00
   endloop
 endfacet
 facet normal  0.000000e+00  0.000000e+00  1.000000e+00
   outer loop
     vertex  1.879450e+01  3.068368e+01  1.000000e+00
     vertex  7.194751e+00  3.068368e+01  1.000000e+00
     vertex  7.194751e+00  2.713370e+01  1.000000e+00
   endloop
 endfacet
 facet normal -1.000000e+00  0.000000e+00  0.000000e+00
   outer loop
     vertex  1.855216e+00  5.027473e-01  2.400000e+00
     vertex  1.855216e+00  3.901267e+00  2.400000e+00
     vertex  1.855216e+00  3.901267e+00  0.000000e+00
   endloop
 endfacet
 facet normal -1.000000e+00  0.000000e+00  0.000000e+00
   outer loop
     vertex  1.855216e+00  5.027473e-01  2.400000e+00
     vertex  1.855216e+00  3.901267e+00  0.000000e+00
     vertex  1.855216e+00  5.027473e-01  0.000000e+00
   endloop
 endfacet
 facet normal -0.000000e+00  1.000000e+00  0.000000e+00
   outer loop
     vertex  1.855216e+00  3.901267e+00  2.400000e+00
     vertex  6.056376e+00  3.901267e+00  2.400000e+00
     vertex  6.056376e+00  3.901267e+00  0.000000e+00
   endloop
 endfacet
 facet normal  0.000000e+00  1.000000e+00  0.000000e+00
   outer loop
     vertex  1.855216e+00  3.901267e+00  2.400000e+00
     vertex  6.056376e+00  3.901267e+00  0.000000e+00
     vertex  1.855216e+00  3.901267e+00  0.000000e+00
   endloop
 endfacet
 facet normal  1.000000e+00  0.000000e+00  0.000000e+00
   outer loop
     vertex  6.056376e+00  3.901267e+00  2.400000e+00
     vertex  6.056376e+00  5.027473e-01  2.400000e+00
     vertex  6.056376e+00  5.027473e-01  0.000000e+00
   endloop
 endfacet
 facet normal  1.000000e+00  0.000000e+00  0.000000e+00
   outer loop
     vertex  6.056376e+00  3.901267e+00  2.400000e+00
     vertex  6.056376e+00  5.027473e-01  0.000000e+00
     vertex  6.056376e+00  3.901267e+00  0.000000e+00
   endloop
 endfacet
 facet normal -0.000000e+00 -1.000000e+00  0.000000e+00
   outer loop
     vertex  6.056376e+00  5.027473e-01  2.400000e+00
     vertex  1.855216e+00  5.027473e-01  2.400000e+00
     vertex  1.855216e+00  5.027473e-01  0.000000e+00
   endloop
 endfacet
 facet normal  0.000000e+00 -1.000000e+00 -0.000000e+00
   outer loop
     vertex  6.056376e+00  5.027473e-01  2.400000e+00
     vertex  1.855216e+00  5.027473e-01  0.000000e+00
     vertex  6.056376e+00  5.027473e-01  0.000000e+00
   endloop
 endfacet
 facet normal  0.000000e+00  0.000000e+00  1.000000e+00
   outer loop
     vertex  6.056376e+00  3.901267e+00  2.400000e+00
     vertex  1.855216e+00  5.027473e-01  2.400000e+00
     vertex  6.056376e+00  5.027473e-01  2.400000e+00
   endloop
 endfacet
 facet normal  0.000000e+00  0.000000e+00  1.000000e+00
   outer loop
     vertex  6.056376e+00  3.901267e+00  2.400000e+00
     vertex  1.855216e+00  3.901267e+00  2.400000e+00
     vertex  1.855216e+00  5.027473e-01  2.400000e+00
   endloop
 endfacet
 facet normal  0.000000e+00  0.000000e+00  1.000000e+00
   outer loop
     vertex  2.363924e+01  3.901267e+00  2.400000e+00
     vertex  1.943808e+01  5.027473e-01  2.400000e+00
     vertex  2.363924e+01  5.027473e-01  2.400000e+00
   endloop
 endfacet
 facet normal  0.000000e+00  0.000000e+00  1.000000e+00
   outer loop
     vertex  2.363924e+01  3.901267e+00  2.400000e+00
     vertex  1.943808e+01  3.901267e+00  2.400000e+00
     vertex  1.943808e+01  5.027473e-01  2.400000e+00
   endloop
 endfacet
 facet normal -1.000000e+00  0.000000e+00  0.000000e+00
   outer loop
     vertex  1.943808e+01  5.027473e-01  2.400000e+00
     vertex  1.943808e+01  3.901267e+00  2.400000e+00
     vertex  1.943808e+01  3.901267e+00  0.000000e+00
   endloop
 endfacet
 facet normal -1.000000e+00  0.000000e+00  0.000000e+00
   outer loop
     vertex  1.943808e+01  5.027473e-01  2.400000e+00
     vertex  1.943808e+01  3.901267e+00  0.000000e+00
     vertex  1.943808e+01  5.027473e-01  0.000000e+00
   endloop
 endfacet
 facet normal -0.000000e+00  1.000000e+00  0.000000e+00
   outer loop
     vertex  1.943808e+01  3.901267e+00  2.400000e+00
     vertex  2.363924e+01  3.901267e+00  2.400000e+00
     vertex  2.363924e+01  3.901267e+00  0.000000e+00
   endloop
 endfacet
 facet normal  0.000000e+00  1.000000e+00  0.000000e+00
   outer loop
     vertex  1.943808e+01  3.901267e+00  2.400000e+00
     vertex  2.363924e+01  3.901267e+00  0.000000e+00
     vertex  1.943808e+01  3.901267e+00  0.000000e+00
   endloop
 endfacet
 facet normal  1.000000e+00  0.000000e+00  0.000000e+00
   outer loop
     vertex  2.363924e+01  3.901267e+00  2.400000e+00
     vertex  2.363924e+01  5.027473e-01  2.400000e+00
     vertex  2.363924e+01  5.027473e-01  0.000000e+00
   endloop
 endfacet
 facet normal  1.000000e+00  0.000000e+00  0.000000e+00
   outer loop
     vertex  2.363924e+01  3.901267e+00  2.400000e+00
     vertex  2.363924e+01  5.027473e-01  0.000000e+00
     vertex  2.363924e+01  3.901267e+00  0.000000e+00
   endloop
 endfacet
 facet normal -0.000000e+00 -1.000000e+00  0.000000e+00
   outer loop
     vertex  2.363924e+01  5.027473e-01  2.400000e+00
     vertex  1.943808e+01  5.027473e-01  2.400000e+00
     vertex  1.943808e+01  5.027473e-01  0.000000e+00
   endloop
 endfacet
 facet normal  0.000000e+00 -1.000000e+00 -0.000000e+00
   outer loop
     vertex  2.363924e+01  5.027473e-01  2.400000e+00
     vertex  1.943808e+01  5.027473e-01  0.000000e+00
     vertex  2.363924e+01  5.027473e-01  0.000000e+00
   endloop
 endfacet
 facet normal  1.000000e+00  0.000000e+00  0.000000e+00
   outer loop
     vertex  1.753723e+01 -1.177592e+00  2.500000e+00
     vertex  1.753723e+01 -1.177592e+00  0.000000e+00
     vertex  1.753723e+01  0.000000e+00  0.000000e+00
   endloop
 endfacet
 facet normal  1.000000e+00  0.000000e+00  0.000000e+00
   outer loop
     vertex  1.753723e+01  5.795406e+00  2.500000e+00
     vertex  1.753723e+01  0.000000e+00  0.000000e+00
     vertex  1.753723e+01  5.795406e+00  0.000000e+00
   endloop
 endfacet
 facet normal  1.000000e+00  0.000000e+00  0.000000e+00
   outer loop
     vertex  1.753723e+01  5.795406e+00  2.500000e+00
     vertex  1.753723e+01 -1.177592e+00  2.500000e+00
     vertex  1.753723e+01  0.000000e+00  0.000000e+00
   endloop
 endfacet
 facet normal  1.119645e-01  0.000000e+00  9.937122e-01
   outer loop
     vertex  1.675975e+01  5.795406e+00  3.474928e+00
     vertex  1.653723e+01  5.795406e+00  3.500000e+00
     vertex  1.653723e+01 -1.177592e+00  3.500000e+00
   endloop
 endfacet
 facet normal  1.119645e-01  0.000000e+00  9.937122e-01
   outer loop
     vertex  1.675975e+01  5.795406e+00  3.474928e+00
     vertex  1.653723e+01 -1.177592e+00  3.500000e+00
     vertex  1.675975e+01 -1.177592e+00  3.474928e+00
   endloop
 endfacet
 facet normal  3.302791e-01  0.000000e+00  9.438833e-01
   outer loop
     vertex  1.697111e+01  5.795406e+00  3.400969e+00
     vertex  1.675975e+01 -1.177592e+00  3.474928e+00
     vertex  1.697111e+01 -1.177592e+00  3.400969e+00
   endloop
 endfacet
 facet normal  3.302791e-01  0.000000e+00  9.438833e-01
   outer loop
     vertex  1.697111e+01  5.795406e+00  3.400969e+00
     vertex  1.675975e+01  5.795406e+00  3.474928e+00
     vertex  1.675975e+01 -1.177592e+00  3.474928e+00
   endloop
 endfacet
 facet normal  5.320321e-01  0.000000e+00  8.467242e-01
   outer loop
     vertex  1.716072e+01  5.795406e+00  3.281831e+00
     vertex  1.697111e+01 -1.177592e+00  3.400969e+00
     vertex  1.716072e+01 -1.177592e+00  3.281831e+00
   endloop
 endfacet
 facet normal  5.320321e-01  0.000000e+00  8.467242e-01
   outer loop
     vertex  1.716072e+01  5.795406e+00  3.281831e+00
     vertex  1.697111e+01  5.795406e+00  3.400969e+00
     vertex  1.697111e+01 -1.177592e+00  3.400969e+00
   endloop
 endfacet
 facet normal  7.071068e-01  0.000000e+00  7.071068e-01
   outer loop
     vertex  1.731906e+01  5.795406e+00  3.123490e+00
     vertex  1.716072e+01 -1.177592e+00  3.281831e+00
     vertex  1.731906e+01 -1.177592e+00  3.123490e+00
   endloop
 endfacet
 facet normal  7.071068e-01  0.000000e+00  7.071068e-01
   outer loop
     vertex  1.731906e+01  5.795406e+00  3.123490e+00
     vertex  1.716072e+01  5.795406e+00  3.281831e+00
     vertex  1.716072e+01 -1.177592e+00  3.281831e+00
   endloop
 endfacet
 facet normal  9.438833e-01  0.000000e+00  3.302791e-01
   outer loop
     vertex  1.743820e+01  5.795406e+00  2.933884e+00
     vertex  1.743820e+01 -1.177592e+00  2.933884e+00
     vertex  1.751216e+01 -1.177592e+00  2.722521e+00
   endloop
 endfacet
 facet normal  8.467242e-01  0.000000e+00  5.320321e-01
   outer loop
     vertex  1.743820e+01  5.795406e+00  2.933884e+00
     vertex  1.731906e+01 -1.177592e+00  3.123490e+00
     vertex  1.743820e+01 -1.177592e+00  2.933884e+00
   endloop
 endfacet
 facet normal  8.467242e-01  0.000000e+00  5.320321e-01
   outer loop
     vertex  1.743820e+01  5.795406e+00  2.933884e+00
     vertex  1.731906e+01  5.795406e+00  3.123490e+00
     vertex  1.731906e+01 -1.177592e+00  3.123490e+00
   endloop
 endfacet
 facet normal  9.438833e-01  0.000000e+00  3.302791e-01
   outer loop
     vertex  1.751216e+01  5.795406e+00  2.722521e+00
     vertex  1.743820e+01  5.795406e+00  2.933884e+00
     vertex  1.751216e+01 -1.177592e+00  2.722521e+00
   endloop
 endfacet
 facet normal  9.937122e-01  0.000000e+00  1.119645e-01
   outer loop
     vertex  1.753723e+01  5.795406e+00  2.500000e+00
     vertex  1.751216e+01 -1.177592e+00  2.722521e+00
     vertex  1.753723e+01 -1.177592e+00  2.500000e+00
   endloop
 endfacet
 facet normal  9.937122e-01  0.000000e+00  1.119645e-01
   outer loop
     vertex  1.753723e+01  5.795406e+00  2.500000e+00
     vertex  1.751216e+01  5.795406e+00  2.722521e+00
     vertex  1.751216e+01 -1.177592e+00  2.722521e+00
   endloop
 endfacet
 facet normal  0.000000e+00  1.000000e+00  0.000000e+00
   outer loop
     vertex  1.716072e+01  5.795406e+00  3.281831e+00
     vertex  1.731906e+01  5.795406e+00  3.123490e+00
     vertex  1.743820e+01  5.795406e+00  2.933884e+00
   endloop
 endfacet
 facet normal  0.000000e+00  1.000000e+00  0.000000e+00
   outer loop
     vertex  1.716072e+01  5.795406e+00  3.281831e+00
     vertex  1.743820e+01  5.795406e+00  2.933884e+00
     vertex  1.751216e+01  5.795406e+00  2.722521e+00
   endloop
 endfacet
 facet normal  0.000000e+00  1.000000e+00  0.000000e+00
   outer loop
     vertex  1.716072e+01  5.795406e+00  3.281831e+00
     vertex  1.751216e+01  5.795406e+00  2.722521e+00
     vertex  1.753723e+01  5.795406e+00  2.500000e+00
   endloop
 endfacet
 facet normal  0.000000e+00  1.000000e+00  0.000000e+00
   outer loop
     vertex  1.697111e+01  5.795406e+00  3.400969e+00
     vertex  1.716072e+01  5.795406e+00  3.281831e+00
     vertex  1.753723e+01  5.795406e+00  2.500000e+00
   endloop
 endfacet
 facet normal  0.000000e+00  1.000000e+00  0.000000e+00
   outer loop
     vertex  1.653723e+01  5.795406e+00  3.500000e+00
     vertex  1.675975e+01  5.795406e+00  3.474928e+00
     vertex  1.697111e+01  5.795406e+00  3.400969e+00
   endloop
 endfacet
 facet normal  0.000000e+00  1.000000e+00  0.000000e+00
   outer loop
     vertex  1.653723e+01  5.795406e+00  3.500000e+00
     vertex  1.753723e+01  5.795406e+00  2.500000e+00
     vertex  1.753723e+01  5.795406e+00  0.000000e+00
   endloop
 endfacet
 facet normal  0.000000e+00  1.000000e+00  0.000000e+00
   outer loop
     vertex  1.653723e+01  5.795406e+00  3.500000e+00
     vertex  1.697111e+01  5.795406e+00  3.400969e+00
     vertex  1.753723e+01  5.795406e+00  2.500000e+00
   endloop
 endfacet
 facet normal  0.000000e+00  1.000000e+00  0.000000e+00
   outer loop
     vertex  7.957228e+00  5.795406e+00  0.000000e+00
     vertex  1.653723e+01  5.795406e+00  3.500000e+00
     vertex  1.753723e+01  5.795406e+00  0.000000e+00
   endloop
 endfacet
 facet normal -0.000000e+00  1.000000e+00  0.000000e+00
   outer loop
     vertex  8.957228e+00  5.795406e+00  3.500000e+00
     vertex  1.653723e+01  5.795406e+00  3.500000e+00
     vertex  7.957228e+00  5.795406e+00  0.000000e+00
   endloop
 endfacet
 facet normal -0.000000e+00  1.000000e+00  0.000000e+00
   outer loop
     vertex  7.957228e+00  5.795406e+00  2.500000e+00
     vertex  8.957228e+00  5.795406e+00  3.500000e+00
     vertex  7.957228e+00  5.795406e+00  0.000000e+00
   endloop
 endfacet
 facet normal  0.000000e+00  1.000000e+00  0.000000e+00
   outer loop
     vertex  8.056259e+00  5.795406e+00  2.933884e+00
     vertex  7.957228e+00  5.795406e+00  2.500000e+00
     vertex  7.982300e+00  5.795406e+00  2.722521e+00
   endloop
 endfacet
 facet normal  0.000000e+00  1.000000e+00  0.000000e+00
   outer loop
     vertex  8.333738e+00  5.795406e+00  3.281831e+00
     vertex  8.523344e+00  5.795406e+00  3.400969e+00
     vertex  8.734707e+00  5.795406e+00  3.474928e+00
   endloop
 endfacet
 facet normal  0.000000e+00  1.000000e+00  0.000000e+00
   outer loop
     vertex  8.175397e+00  5.795406e+00  3.123490e+00
     vertex  8.734707e+00  5.795406e+00  3.474928e+00
     vertex  8.957228e+00  5.795406e+00  3.500000e+00
   endloop
 endfacet
 facet normal -0.000000e+00  1.000000e+00  0.000000e+00
   outer loop
     vertex  8.175397e+00  5.795406e+00  3.123490e+00
     vertex  8.957228e+00  5.795406e+00  3.500000e+00
     vertex  7.957228e+00  5.795406e+00  2.500000e+00
   endloop
 endfacet
 facet normal  0.000000e+00  1.000000e+00  0.000000e+00
   outer loop
     vertex  8.175397e+00  5.795406e+00  3.123490e+00
     vertex  7.957228e+00  5.795406e+00  2.500000e+00
     vertex  8.056259e+00  5.795406e+00  2.933884e+00
   endloop
 endfacet
 facet normal  0.000000e+00  1.000000e+00  0.000000e+00
   outer loop
     vertex  8.175397e+00  5.795406e+00  3.123490e+00
     vertex  8.333738e+00  5.795406e+00  3.281831e+00
     vertex  8.734707e+00  5.795406e+00  3.474928e+00
   endloop
 endfacet
 facet normal -1.119645e-01  0.000000e+00  9.937122e-01
   outer loop
     vertex  8.734707e+00 -1.177592e+00  3.474928e+00
     vertex  8.957228e+00 -1.177592e+00  3.500000e+00
     vertex  8.957228e+00  5.795406e+00  3.500000e+00
   endloop
 endfacet
 facet normal -1.119645e-01  0.000000e+00  9.937122e-01
   outer loop
     vertex  8.734707e+00 -1.177592e+00  3.474928e+00
     vertex  8.957228e+00  5.795406e+00  3.500000e+00
     vertex  8.734707e+00  5.795406e+00  3.474928e+00
   endloop
 endfacet
 facet normal -3.302791e-01  0.000000e+00  9.438833e-01
   outer loop
     vertex  8.523344e+00 -1.177592e+00  3.400969e+00
     vertex  8.734707e+00  5.795406e+00  3.474928e+00
     vertex  8.523344e+00  5.795406e+00  3.400969e+00
   endloop
 endfacet
 facet normal -3.302791e-01  0.000000e+00  9.438833e-01
   outer loop
     vertex  8.523344e+00 -1.177592e+00  3.400969e+00
     vertex  8.734707e+00 -1.177592e+00  3.474928e+00
     vertex  8.734707e+00  5.795406e+00  3.474928e+00
   endloop
 endfacet
 facet normal -5.320321e-01  0.000000e+00  8.467242e-01
   outer loop
     vertex  8.333738e+00 -1.177592e+00  3.281831e+00
     vertex  8.523344e+00  5.795406e+00  3.400969e+00
     vertex  8.333738e+00  5.795406e+00  3.281831e+00
   endloop
 endfacet
 facet normal -5.320321e-01  0.000000e+00  8.467242e-01
   outer loop
     vertex  8.333738e+00 -1.177592e+00  3.281831e+00
     vertex  8.523344e+00 -1.177592e+00  3.400969e+00
     vertex  8.523344e+00  5.795406e+00  3.400969e+00
   endloop
 endfacet
 facet normal -7.071068e-01  0.000000e+00  7.071068e-01
   outer loop
     vertex  8.175397e+00 -1.177592e+00  3.123490e+00
     vertex  8.333738e+00  5.795406e+00  3.281831e+00
     vertex  8.175397e+00  5.795406e+00  3.123490e+00
   endloop
 endfacet
 facet normal -7.071068e-01  0.000000e+00  7.071068e-01
   outer loop
     vertex  8.175397e+00 -1.177592e+00  3.123490e+00
     vertex  8.333738e+00 -1.177592e+00  3.281831e+00
     vertex  8.333738e+00  5.795406e+00  3.281831e+00
   endloop
 endfacet
 facet normal -8.467242e-01  0.000000e+00  5.320321e-01
   outer loop
     vertex  8.056259e+00 -1.177592e+00  2.933884e+00
     vertex  8.175397e+00  5.795406e+00  3.123490e+00
     vertex  8.056259e+00  5.795406e+00  2.933884e+00
   endloop
 endfacet
 facet normal -8.467242e-01  0.000000e+00  5.320321e-01
   outer loop
     vertex  8.056259e+00 -1.177592e+00  2.933884e+00
     vertex  8.175397e+00 -1.177592e+00  3.123490e+00
     vertex  8.175397e+00  5.795406e+00  3.123490e+00
   endloop
 endfacet
 facet normal -9.937122e-01  0.000000e+00  1.119645e-01
   outer loop
     vertex  7.982300e+00 -1.177592e+00  2.722521e+00
     vertex  7.982300e+00  5.795406e+00  2.722521e+00
     vertex  7.957228e+00  5.795406e+00  2.500000e+00
   endloop
 endfacet
 facet normal -9.438833e-01  0.000000e+00  3.302791e-01
   outer loop
     vertex  7.982300e+00 -1.177592e+00  2.722521e+00
     vertex  8.056259e+00  5.795406e+00  2.933884e+00
     vertex  7.982300e+00  5.795406e+00  2.722521e+00
   endloop
 endfacet
 facet normal -9.438833e-01  0.000000e+00  3.302791e-01
   outer loop
     vertex  7.982300e+00 -1.177592e+00  2.722521e+00
     vertex  8.056259e+00 -1.177592e+00  2.933884e+00
     vertex  8.056259e+00  5.795406e+00  2.933884e+00
   endloop
 endfacet
 facet normal -9.937122e-01  0.000000e+00  1.119645e-01
   outer loop
     vertex  7.957228e+00 -1.177592e+00  2.500000e+00
     vertex  7.982300e+00 -1.177592e+00  2.722521e+00
     vertex  7.957228e+00  5.795406e+00  2.500000e+00
   endloop
 endfacet
 facet normal  0.000000e+00 -1.000000e+00  0.000000e+00
   outer loop
     vertex  8.175397e+00 -1.177592e+00  3.123490e+00
     vertex  8.056259e+00 -1.177592e+00  2.933884e+00
     vertex  7.982300e+00 -1.177592e+00  2.722521e+00
   endloop
 endfacet
 facet normal  0.000000e+00 -1.000000e+00  0.000000e+00
   outer loop
     vertex  8.333738e+00 -1.177592e+00  3.281831e+00
     vertex  8.175397e+00 -1.177592e+00  3.123490e+00
     vertex  7.982300e+00 -1.177592e+00  2.722521e+00
   endloop
 endfacet
 facet normal  0.000000e+00 -1.000000e+00  0.000000e+00
   outer loop
     vertex  8.734707e+00 -1.177592e+00  3.474928e+00
     vertex  8.523344e+00 -1.177592e+00  3.400969e+00
     vertex  8.333738e+00 -1.177592e+00  3.281831e+00
   endloop
 endfacet
 facet normal  0.000000e+00 -1.000000e+00  0.000000e+00
   outer loop
     vertex  8.734707e+00 -1.177592e+00  3.474928e+00
     vertex  8.333738e+00 -1.177592e+00  3.281831e+00
     vertex  7.982300e+00 -1.177592e+00  2.722521e+00
   endloop
 endfacet
 facet normal  0.000000e+00 -1.000000e+00  0.000000e+00
   outer loop
     vertex  8.957228e+00 -1.177592e+00  3.500000e+00
     vertex  7.957228e+00 -1.177592e+00  2.500000e+00
     vertex  7.957228e+00 -1.177592e+00  0.000000e+00
   endloop
 endfacet
 facet normal  0.000000e+00 -1.000000e+00  0.000000e+00
   outer loop
     vertex  8.957228e+00 -1.177592e+00  3.500000e+00
     vertex  7.982300e+00 -1.177592e+00  2.722521e+00
     vertex  7.957228e+00 -1.177592e+00  2.500000e+00
   endloop
 endfacet
 facet normal  0.000000e+00 -1.000000e+00  0.000000e+00
   outer loop
     vertex  8.957228e+00 -1.177592e+00  3.500000e+00
     vertex  8.734707e+00 -1.177592e+00  3.474928e+00
     vertex  7.982300e+00 -1.177592e+00  2.722521e+00
   endloop
 endfacet
 facet normal  0.000000e+00 -1.000000e+00 -0.000000e+00
   outer loop
     vertex  1.653723e+01 -1.177592e+00  3.500000e+00
     vertex  7.957228e+00 -1.177592e+00  0.000000e+00
     vertex  1.753723e+01 -1.177592e+00  0.000000e+00
   endloop
 endfacet
 facet normal  0.000000e+00 -1.000000e+00  0.000000e+00
   outer loop
     vertex  1.653723e+01 -1.177592e+00  3.500000e+00
     vertex  1.753723e+01 -1.177592e+00  0.000000e+00
     vertex  1.753723e+01 -1.177592e+00  2.500000e+00
   endloop
 endfacet
 facet normal -0.000000e+00 -1.000000e+00  0.000000e+00
   outer loop
     vertex  1.653723e+01 -1.177592e+00  3.500000e+00
     vertex  8.957228e+00 -1.177592e+00  3.500000e+00
     vertex  7.957228e+00 -1.177592e+00  0.000000e+00
   endloop
 endfacet
 facet normal  0.000000e+00 -1.000000e+00  0.000000e+00
   outer loop
     vertex  1.716072e+01 -1.177592e+00  3.281831e+00
     vertex  1.697111e+01 -1.177592e+00  3.400969e+00
     vertex  1.675975e+01 -1.177592e+00  3.474928e+00
   endloop
 endfacet
 facet normal  0.000000e+00 -1.000000e+00  0.000000e+00
   outer loop
     vertex  1.731906e+01 -1.177592e+00  3.123490e+00
     vertex  1.753723e+01 -1.177592e+00  2.500000e+00
     vertex  1.751216e+01 -1.177592e+00  2.722521e+00
   endloop
 endfacet
 facet normal  0.000000e+00 -1.000000e+00  0.000000e+00
   outer loop
     vertex  1.731906e+01 -1.177592e+00  3.123490e+00
     vertex  1.751216e+01 -1.177592e+00  2.722521e+00
     vertex  1.743820e+01 -1.177592e+00  2.933884e+00
   endloop
 endfacet
 facet normal  0.000000e+00 -1.000000e+00  0.000000e+00
   outer loop
     vertex  1.731906e+01 -1.177592e+00  3.123490e+00
     vertex  1.675975e+01 -1.177592e+00  3.474928e+00
     vertex  1.653723e+01 -1.177592e+00  3.500000e+00
   endloop
 endfacet
 facet normal -0.000000e+00 -1.000000e+00 -0.000000e+00
   outer loop
     vertex  1.731906e+01 -1.177592e+00  3.123490e+00
     vertex  1.653723e+01 -1.177592e+00  3.500000e+00
     vertex  1.753723e+01 -1.177592e+00  2.500000e+00
   endloop
 endfacet
 facet normal  0.000000e+00 -1.000000e+00  0.000000e+00
   outer loop
     vertex  1.731906e+01 -1.177592e+00  3.123490e+00
     vertex  1.716072e+01 -1.177592e+00  3.281831e+00
     vertex  1.675975e+01 -1.177592e+00  3.474928e+00
   endloop
 endfacet
 facet normal  0.000000e+00  0.000000e+00  1.000000e+00
   outer loop
     vertex  1.653723e+01 -1.177592e+00  3.500000e+00
     vertex  8.957228e+00  5.795406e+00  3.500000e+00
     vertex  8.957228e+00 -1.177592e+00  3.500000e+00
   endloop
 endfacet
 facet normal  0.000000e+00  0.000000e+00  1.000000e+00
   outer loop
     vertex  1.653723e+01  5.795406e+00  3.500000e+00
     vertex  8.957228e+00  5.795406e+00  3.500000e+00
     vertex  1.653723e+01 -1.177592e+00  3.500000e+00
   endloop
 endfacet
 facet normal -0.000000e+00  0.000000e+00 -1.000000e+00
   outer loop
     vertex  1.753723e+01  0.000000e+00  0.000000e+00
     vertex  7.957228e+00 -1.177592e+00  0.000000e+00
     vertex  7.957228e+00  0.000000e+00  0.000000e+00
   endloop
 endfacet
 facet normal  0.000000e+00 -0.000000e+00 -1.000000e+00
   outer loop
     vertex  1.753723e+01  0.000000e+00  0.000000e+00
     vertex  1.753723e+01 -1.177592e+00  0.000000e+00
     vertex  7.957228e+00 -1.177592e+00  0.000000e+00
   endloop
 endfacet
 facet normal -0.000000e+00 -1.000000e+00  0.000000e+00
   outer loop
     vertex  7.957228e+00  0.000000e+00  0.000000e+00
     vertex  1.300000e+00  0.000000e+00  0.000000e+00
     vertex  1.300000e+00  0.000000e+00 -1.100000e+00
   endloop
 endfacet
 facet normal  0.000000e+00 -1.000000e+00  0.000000e+00
   outer loop
     vertex  2.419000e+01  0.000000e+00 -1.100000e+00
     vertex  1.753723e+01  0.000000e+00  0.000000e+00
     vertex  7.957228e+00  0.000000e+00  0.000000e+00
   endloop
 endfacet
 facet normal  0.000000e+00 -1.000000e+00  0.000000e+00
   outer loop
     vertex  2.419000e+01  0.000000e+00 -1.100000e+00
     vertex  7.957228e+00  0.000000e+00  0.000000e+00
     vertex  1.300000e+00  0.000000e+00 -1.100000e+00
   endloop
 endfacet
 facet normal -0.000000e+00 -1.000000e+00 -0.000000e+00
   outer loop
     vertex  2.419000e+01  0.000000e+00  0.000000e+00
     vertex  1.753723e+01  0.000000e+00  0.000000e+00
     vertex  2.419000e+01  0.000000e+00 -1.100000e+00
   endloop
 endfacet
 facet normal  1.119645e-01 -9.937122e-01  0.000000e+00
   outer loop
     vertex  2.447928e+01  3.259371e-02  0.000000e+00
     vertex  2.419000e+01  0.000000e+00  0.000000e+00
     vertex  2.419000e+01  0.000000e+00 -1.100000e+00
   endloop
 endfacet
 facet normal  1.119645e-01 -9.937122e-01  0.000000e+00
   outer loop
     vertex  2.447928e+01  3.259371e-02  0.000000e+00
     vertex  2.419000e+01  0.000000e+00 -1.100000e+00
     vertex  2.447928e+01  3.259371e-02 -1.100000e+00
   endloop
 endfacet
 facet normal  3.302791e-01 -9.438833e-01  0.000000e+00
   outer loop
     vertex  2.475405e+01  1.287405e-01  0.000000e+00
     vertex  2.447928e+01  3.259371e-02 -1.100000e+00
     vertex  2.475405e+01  1.287405e-01 -1.100000e+00
   endloop
 endfacet
 facet normal  3.302791e-01 -9.438833e-01  0.000000e+00
   outer loop
     vertex  2.475405e+01  1.287405e-01  0.000000e+00
     vertex  2.447928e+01  3.259371e-02  0.000000e+00
     vertex  2.447928e+01  3.259371e-02 -1.100000e+00
   endloop
 endfacet
 facet normal  5.320321e-01 -8.467242e-01  0.000000e+00
   outer loop
     vertex  2.500054e+01  2.836191e-01  0.000000e+00
     vertex  2.475405e+01  1.287405e-01 -1.100000e+00
     vertex  2.500054e+01  2.836191e-01 -1.100000e+00
   endloop
 endfacet
 facet normal  5.320321e-01 -8.467242e-01  0.000000e+00
   outer loop
     vertex  2.500054e+01  2.836191e-01  0.000000e+00
     vertex  2.475405e+01  1.287405e-01  0.000000e+00
     vertex  2.475405e+01  1.287405e-01 -1.100000e+00
   endloop
 endfacet
 facet normal  7.071068e-01 -7.071068e-01  0.000000e+00
   outer loop
     vertex  2.520638e+01  4.894633e-01  0.000000e+00
     vertex  2.500054e+01  2.836191e-01 -1.100000e+00
     vertex  2.520638e+01  4.894633e-01 -1.100000e+00
   endloop
 endfacet
 facet normal  7.071068e-01 -7.071068e-01  0.000000e+00
   outer loop
     vertex  2.520638e+01  4.894633e-01  0.000000e+00
     vertex  2.500054e+01  2.836191e-01  0.000000e+00
     vertex  2.500054e+01  2.836191e-01 -1.100000e+00
   endloop
 endfacet
 facet normal  8.467242e-01 -5.320321e-01  0.000000e+00
   outer loop
     vertex  2.536126e+01  7.359511e-01  0.000000e+00
     vertex  2.520638e+01  4.894633e-01 -1.100000e+00
     vertex  2.536126e+01  7.359511e-01 -1.100000e+00
   endloop
 endfacet
 facet normal  8.467242e-01 -5.320321e-01  0.000000e+00
   outer loop
     vertex  2.536126e+01  7.359511e-01  0.000000e+00
     vertex  2.520638e+01  4.894633e-01  0.000000e+00
     vertex  2.520638e+01  4.894633e-01 -1.100000e+00
   endloop
 endfacet
 facet normal  9.438833e-01 -3.302791e-01  0.000000e+00
   outer loop
     vertex  2.545741e+01  1.010723e+00  0.000000e+00
     vertex  2.536126e+01  7.359511e-01 -1.100000e+00
     vertex  2.545741e+01  1.010723e+00 -1.100000e+00
   endloop
 endfacet
 facet normal  9.438833e-01 -3.302791e-01  0.000000e+00
   outer loop
     vertex  2.545741e+01  1.010723e+00  0.000000e+00
     vertex  2.536126e+01  7.359511e-01  0.000000e+00
     vertex  2.536126e+01  7.359511e-01 -1.100000e+00
   endloop
 endfacet
 facet normal  9.937122e-01 -1.119645e-01  0.000000e+00
   outer loop
     vertex  2.549000e+01  1.300000e+00  0.000000e+00
     vertex  2.545741e+01  1.010723e+00 -1.100000e+00
     vertex  2.549000e+01  1.300000e+00 -1.100000e+00
   endloop
 endfacet
 facet normal  9.937122e-01 -1.119645e-01  0.000000e+00
   outer loop
     vertex  2.549000e+01  1.300000e+00  0.000000e+00
     vertex  2.545741e+01  1.010723e+00  0.000000e+00
     vertex  2.545741e+01  1.010723e+00 -1.100000e+00
   endloop
 endfacet
 facet normal  1.000000e+00  0.000000e+00  0.000000e+00
   outer loop
     vertex  2.549000e+01  5.818200e+01  0.000000e+00
     vertex  2.549000e+01  1.300000e+00  0.000000e+00
     vertex  2.549000e+01  1.300000e+00 -1.100000e+00
   endloop
 endfacet
 facet normal  1.000000e+00  0.000000e+00  0.000000e+00
   outer loop
     vertex  2.549000e+01  5.818200e+01  0.000000e+00
     vertex  2.549000e+01  1.300000e+00 -1.100000e+00
     vertex  2.549000e+01  5.818200e+01 -1.100000e+00
   endloop
 endfacet
 facet normal  9.937122e-01  1.119645e-01  0.000000e+00
   outer loop
     vertex  2.547496e+01  5.831551e+01  0.000000e+00
     vertex  2.549000e+01  5.818200e+01  0.000000e+00
     vertex  2.549000e+01  5.818200e+01 -1.100000e+00
   endloop
 endfacet
 facet normal  9.937122e-01  1.119645e-01  0.000000e+00
   outer loop
     vertex  2.547496e+01  5.831551e+01  0.000000e+00
     vertex  2.549000e+01  5.818200e+01 -1.100000e+00
     vertex  2.547496e+01  5.831551e+01 -1.100000e+00
   endloop
 endfacet
 facet normal  9.438833e-01  3.302791e-01  0.000000e+00
   outer loop
     vertex  2.543058e+01  5.844233e+01  0.000000e+00
     vertex  2.547496e+01  5.831551e+01 -1.100000e+00
     vertex  2.543058e+01  5.844233e+01 -1.100000e+00
   endloop
 endfacet
 facet normal  9.438833e-01  3.302791e-01  0.000000e+00
   outer loop
     vertex  2.543058e+01  5.844233e+01  0.000000e+00
     vertex  2.547496e+01  5.831551e+01  0.000000e+00
     vertex  2.547496e+01  5.831551e+01 -1.100000e+00
   endloop
 endfacet
 facet normal  8.467242e-01  5.320321e-01  0.000000e+00
   outer loop
     vertex  2.535910e+01  5.855609e+01  0.000000e+00
     vertex  2.543058e+01  5.844233e+01 -1.100000e+00
     vertex  2.535910e+01  5.855609e+01 -1.100000e+00
   endloop
 endfacet
 facet normal  8.467242e-01  5.320321e-01  0.000000e+00
   outer loop
     vertex  2.535910e+01  5.855609e+01  0.000000e+00
     vertex  2.543058e+01  5.844233e+01  0.000000e+00
     vertex  2.543058e+01  5.844233e+01 -1.100000e+00
   endloop
 endfacet
 facet normal  7.071068e-01  7.071068e-01  0.000000e+00
   outer loop
     vertex  2.526409e+01  5.865110e+01  0.000000e+00
     vertex  2.535910e+01  5.855609e+01 -1.100000e+00
     vertex  2.526409e+01  5.865110e+01 -1.100000e+00
   endloop
 endfacet
 facet normal  7.071068e-01  7.071068e-01  0.000000e+00
   outer loop
     vertex  2.526409e+01  5.865110e+01  0.000000e+00
     vertex  2.535910e+01  5.855609e+01  0.000000e+00
     vertex  2.535910e+01  5.855609e+01 -1.100000e+00
   endloop
 endfacet
 facet normal  5.320321e-01  8.467242e-01  0.000000e+00
   outer loop
     vertex  2.515033e+01  5.872258e+01  0.000000e+00
     vertex  2.526409e+01  5.865110e+01 -1.100000e+00
     vertex  2.515033e+01  5.872258e+01 -1.100000e+00
   endloop
 endfacet
 facet normal  5.320321e-01  8.467242e-01  0.000000e+00
   outer loop
     vertex  2.515033e+01  5.872258e+01  0.000000e+00
     vertex  2.526409e+01  5.865110e+01  0.000000e+00
     vertex  2.526409e+01  5.865110e+01 -1.100000e+00
   endloop
 endfacet
 facet normal  3.302791e-01  9.438833e-01  0.000000e+00
   outer loop
     vertex  2.502351e+01  5.876696e+01  0.000000e+00
     vertex  2.515033e+01  5.872258e+01 -1.100000e+00
     vertex  2.502351e+01  5.876696e+01 -1.100000e+00
   endloop
 endfacet
 facet normal  3.302791e-01  9.438833e-01  0.000000e+00
   outer loop
     vertex  2.502351e+01  5.876696e+01  0.000000e+00
     vertex  2.515033e+01  5.872258e+01  0.000000e+00
     vertex  2.515033e+01  5.872258e+01 -1.100000e+00
   endloop
 endfacet
 facet normal  1.119645e-01  9.937122e-01  0.000000e+00
   outer loop
     vertex  2.489000e+01  5.878200e+01  0.000000e+00
     vertex  2.502351e+01  5.876696e+01 -1.100000e+00
     vertex  2.489000e+01  5.878200e+01 -1.100000e+00
   endloop
 endfacet
 facet normal  1.119645e-01  9.937122e-01  0.000000e+00
   outer loop
     vertex  2.489000e+01  5.878200e+01  0.000000e+00
     vertex  2.502351e+01  5.876696e+01  0.000000e+00
     vertex  2.502351e+01  5.876696e+01 -1.100000e+00
   endloop
 endfacet
 facet normal -0.000000e+00  1.000000e+00  0.000000e+00
   outer loop
     vertex  1.100000e+00  5.878200e+01  0.000000e+00
     vertex  2.489000e+01  5.878200e+01  0.000000e+00
     vertex  2.489000e+01  5.878200e+01 -1.100000e+00
   endloop
 endfacet
 facet normal  0.000000e+00  1.000000e+00  0.000000e+00
   outer loop
     vertex  1.100000e+00  5.878200e+01  0.000000e+00
     vertex  2.489000e+01  5.878200e+01 -1.100000e+00
     vertex  1.100000e+00  5.878200e+01 -1.100000e+00
   endloop
 endfacet
 facet normal -1.119645e-01  9.937122e-01  0.000000e+00
   outer loop
     vertex  8.552270e-01  5.875442e+01  0.000000e+00
     vertex  1.100000e+00  5.878200e+01  0.000000e+00
     vertex  1.100000e+00  5.878200e+01 -1.100000e+00
   endloop
 endfacet
 facet normal -1.119645e-01  9.937122e-01  0.000000e+00
   outer loop
     vertex  8.552270e-01  5.875442e+01  0.000000e+00
     vertex  1.100000e+00  5.878200e+01 -1.100000e+00
     vertex  8.552270e-01  5.875442e+01 -1.100000e+00
   endloop
 endfacet
 facet normal -3.302791e-01  9.438833e-01  0.000000e+00
   outer loop
     vertex  6.227279e-01  5.867307e+01  0.000000e+00
     vertex  8.552270e-01  5.875442e+01 -1.100000e+00
     vertex  6.227279e-01  5.867307e+01 -1.100000e+00
   endloop
 endfacet
 facet normal -3.302791e-01  9.438833e-01  0.000000e+00
   outer loop
     vertex  6.227279e-01  5.867307e+01  0.000000e+00
     vertex  8.552270e-01  5.875442e+01  0.000000e+00
     vertex  8.552270e-01  5.875442e+01 -1.100000e+00
   endloop
 endfacet
 facet normal -5.320321e-01  8.467242e-01  0.000000e+00
   outer loop
     vertex  4.141612e-01  5.854202e+01  0.000000e+00
     vertex  6.227279e-01  5.867307e+01 -1.100000e+00
     vertex  4.141612e-01  5.854202e+01 -1.100000e+00
   endloop
 endfacet
 facet normal -5.320321e-01  8.467242e-01  0.000000e+00
   outer loop
     vertex  4.141612e-01  5.854202e+01  0.000000e+00
     vertex  6.227279e-01  5.867307e+01  0.000000e+00
     vertex  6.227279e-01  5.867307e+01 -1.100000e+00
   endloop
 endfacet
 facet normal -7.071068e-01  7.071068e-01  0.000000e+00
   outer loop
     vertex  2.399854e-01  5.836784e+01  0.000000e+00
     vertex  4.141612e-01  5.854202e+01 -1.100000e+00
     vertex  2.399854e-01  5.836784e+01 -1.100000e+00
   endloop
 endfacet
 facet normal -7.071068e-01  7.071068e-01  0.000000e+00
   outer loop
     vertex  2.399854e-01  5.836784e+01  0.000000e+00
     vertex  4.141612e-01  5.854202e+01  0.000000e+00
     vertex  4.141612e-01  5.854202e+01 -1.100000e+00
   endloop
 endfacet
 facet normal -8.467242e-01  5.320321e-01  0.000000e+00
   outer loop
     vertex  1.089342e-01  5.815927e+01  0.000000e+00
     vertex  2.399854e-01  5.836784e+01 -1.100000e+00
     vertex  1.089342e-01  5.815927e+01 -1.100000e+00
   endloop
 endfacet
 facet normal -8.467242e-01  5.320321e-01  0.000000e+00
   outer loop
     vertex  1.089342e-01  5.815927e+01  0.000000e+00
     vertex  2.399854e-01  5.836784e+01  0.000000e+00
     vertex  2.399854e-01  5.836784e+01 -1.100000e+00
   endloop
 endfacet
 facet normal -9.438833e-01  3.302791e-01  0.000000e+00
   outer loop
     vertex  2.757930e-02  5.792677e+01  0.000000e+00
     vertex  1.089342e-01  5.815927e+01 -1.100000e+00
     vertex  2.757930e-02  5.792677e+01 -1.100000e+00
   endloop
 endfacet
 facet normal -9.438833e-01  3.302791e-01  0.000000e+00
   outer loop
     vertex  2.757930e-02  5.792677e+01  0.000000e+00
     vertex  1.089342e-01  5.815927e+01  0.000000e+00
     vertex  1.089342e-01  5.815927e+01 -1.100000e+00
   endloop
 endfacet
 facet normal -9.937122e-01  1.119645e-01  0.000000e+00
   outer loop
     vertex  0.000000e+00  5.768200e+01  0.000000e+00
     vertex  2.757930e-02  5.792677e+01 -1.100000e+00
     vertex  0.000000e+00  5.768200e+01 -1.100000e+00
   endloop
 endfacet
 facet normal -9.937122e-01  1.119645e-01  0.000000e+00
   outer loop
     vertex  0.000000e+00  5.768200e+01  0.000000e+00
     vertex  2.757930e-02  5.792677e+01  0.000000e+00
     vertex  2.757930e-02  5.792677e+01 -1.100000e+00
   endloop
 endfacet
 facet normal -1.000000e+00  0.000000e+00  0.000000e+00
   outer loop
     vertex  0.000000e+00  1.300000e+00  0.000000e+00
     vertex  0.000000e+00  5.768200e+01  0.000000e+00
     vertex  0.000000e+00  5.768200e+01 -1.100000e+00
   endloop
 endfacet
 facet normal -1.000000e+00  0.000000e+00  0.000000e+00
   outer loop
     vertex  0.000000e+00  1.300000e+00  0.000000e+00
     vertex  0.000000e+00  5.768200e+01 -1.100000e+00
     vertex  0.000000e+00  1.300000e+00 -1.100000e+00
   endloop
 endfacet
 facet normal -9.937122e-01 -1.119645e-01  0.000000e+00
   outer loop
     vertex  3.259371e-02  1.010723e+00  0.000000e+00
     vertex  0.000000e+00  1.300000e+00  0.000000e+00
     vertex  0.000000e+00  1.300000e+00 -1.100000e+00
   endloop
 endfacet
 facet normal -9.937122e-01 -1.119645e-01 -0.000000e+00
   outer loop
     vertex  3.259371e-02  1.010723e+00  0.000000e+00
     vertex  0.000000e+00  1.300000e+00 -1.100000e+00
     vertex  3.259371e-02  1.010723e+00 -1.100000e+00
   endloop
 endfacet
 facet normal -9.438833e-01 -3.302791e-01 -0.000000e+00
   outer loop
     vertex  1.287405e-01  7.359511e-01  0.000000e+00
     vertex  3.259371e-02  1.010723e+00 -1.100000e+00
     vertex  1.287405e-01  7.359511e-01 -1.100000e+00
   endloop
 endfacet
 facet normal -9.438833e-01 -3.302791e-01  0.000000e+00
   outer loop
     vertex  1.287405e-01  7.359511e-01  0.000000e+00
     vertex  3.259371e-02  1.010723e+00  0.000000e+00
     vertex  3.259371e-02  1.010723e+00 -1.100000e+00
   endloop
 endfacet
 facet normal -8.467242e-01 -5.320321e-01 -0.000000e+00
   outer loop
     vertex  2.836191e-01  4.894633e-01  0.000000e+00
     vertex  1.287405e-01  7.359511e-01 -1.100000e+00
     vertex  2.836191e-01  4.894633e-01 -1.100000e+00
   endloop
 endfacet
 facet normal -8.467242e-01 -5.320321e-01  0.000000e+00
   outer loop
     vertex  2.836191e-01  4.894633e-01  0.000000e+00
     vertex  1.287405e-01  7.359511e-01  0.000000e+00
     vertex  1.287405e-01  7.359511e-01 -1.100000e+00
   endloop
 endfacet
 facet normal -7.071068e-01 -7.071068e-01 -0.000000e+00
   outer loop
     vertex  4.894633e-01  2.836191e-01  0.000000e+00
     vertex  2.836191e-01  4.894633e-01 -1.100000e+00
     vertex  4.894633e-01  2.836191e-01 -1.100000e+00
   endloop
 endfacet
 facet normal -7.071068e-01 -7.071068e-01  0.000000e+00
   outer loop
     vertex  4.894633e-01  2.836191e-01  0.000000e+00
     vertex  2.836191e-01  4.894633e-01  0.000000e+00
     vertex  2.836191e-01  4.894633e-01 -1.100000e+00
   endloop
 endfacet
 facet normal -5.320321e-01 -8.467242e-01 -0.000000e+00
   outer loop
     vertex  7.359511e-01  1.287405e-01  0.000000e+00
     vertex  4.894633e-01  2.836191e-01 -1.100000e+00
     vertex  7.359511e-01  1.287405e-01 -1.100000e+00
   endloop
 endfacet
 facet normal -5.320321e-01 -8.467242e-01  0.000000e+00
   outer loop
     vertex  7.359511e-01  1.287405e-01  0.000000e+00
     vertex  4.894633e-01  2.836191e-01  0.000000e+00
     vertex  4.894633e-01  2.836191e-01 -1.100000e+00
   endloop
 endfacet
 facet normal -3.302791e-01 -9.438833e-01 -0.000000e+00
   outer loop
     vertex  1.010723e+00  3.259371e-02  0.000000e+00
     vertex  7.359511e-01  1.287405e-01 -1.100000e+00
     vertex  1.010723e+00  3.259371e-02 -1.100000e+00
   endloop
 endfacet
 facet normal -3.302791e-01 -9.438833e-01  0.000000e+00
   outer loop
     vertex  1.010723e+00  3.259371e-02  0.000000e+00
     vertex  7.359511e-01  1.287405e-01  0.000000e+00
     vertex  7.359511e-01  1.287405e-01 -1.100000e+00
   endloop
 endfacet
 facet normal -1.119645e-01 -9.937122e-01 -0.000000e+00
   outer loop
     vertex  1.300000e+00  0.000000e+00  0.000000e+00
     vertex  1.010723e+00  3.259371e-02 -1.100000e+00
     vertex  1.300000e+00  0.000000e+00 -1.100000e+00
   endloop
 endfacet
 facet normal -1.119645e-01 -9.937122e-01  0.000000e+00
   outer loop
     vertex  1.300000e+00  0.000000e+00  0.000000e+00
     vertex  1.010723e+00  3.259371e-02  0.000000e+00
     vertex  1.010723e+00  3.259371e-02 -1.100000e+00
   endloop
 endfacet
 facet normal  0.000000e+00  0.000000e+00 -1.000000e+00
   outer loop
     vertex  1.300000e+00  0.000000e+00 -1.100000e+00
     vertex  4.894633e-01  2.836191e-01 -1.100000e+00
     vertex  2.836191e-01  4.894633e-01 -1.100000e+00
   endloop
 endfacet
 facet normal  0.000000e+00  0.000000e+00 -1.000000e+00
   outer loop
     vertex  1.300000e+00  0.000000e+00 -1.100000e+00
     vertex  7.359511e-01  1.287405e-01 -1.100000e+00
     vertex  4.894633e-01  2.836191e-01 -1.100000e+00
   endloop
 endfacet
 facet normal  0.000000e+00  0.000000e+00 -1.000000e+00
   outer loop
     vertex  1.300000e+00  0.000000e+00 -1.100000e+00
     vertex  1.010723e+00  3.259371e-02 -1.100000e+00
     vertex  7.359511e-01  1.287405e-01 -1.100000e+00
   endloop
 endfacet
 facet normal  0.000000e+00  0.000000e+00 -1.000000e+00
   outer loop
     vertex  0.000000e+00  1.300000e+00 -1.100000e+00
     vertex  1.287405e-01  7.359511e-01 -1.100000e+00
     vertex  3.259371e-02  1.010723e+00 -1.100000e+00
   endloop
 endfacet
 facet normal  0.000000e+00  0.000000e+00 -1.000000e+00
   outer loop
     vertex  0.000000e+00  1.300000e+00 -1.100000e+00
     vertex  2.836191e-01  4.894633e-01 -1.100000e+00
     vertex  1.287405e-01  7.359511e-01 -1.100000e+00
   endloop
 endfacet
 facet normal  0.000000e+00  0.000000e+00 -1.000000e+00
   outer loop
     vertex  0.000000e+00  1.300000e+00 -1.100000e+00
     vertex  1.300000e+00  0.000000e+00 -1.100000e+00
     vertex  2.836191e-01  4.894633e-01 -1.100000e+00
   endloop
 endfacet
 facet normal  0.000000e+00  0.000000e+00 -1.000000e+00
   outer loop
     vertex  2.475405e+01  1.287405e-01 -1.100000e+00
     vertex  2.447928e+01  3.259371e-02 -1.100000e+00
     vertex  2.419000e+01  0.000000e+00 -1.100000e+00
   endloop
 endfacet
 facet normal  0.000000e+00  0.000000e+00 -1.000000e+00
   outer loop
     vertex  2.536126e+01  7.359511e-01 -1.100000e+00
     vertex  2.500054e+01  2.836191e-01 -1.100000e+00
     vertex  2.475405e+01  1.287405e-01 -1.100000e+00
   endloop
 endfacet
 facet normal  0.000000e+00  0.000000e+00 -1.000000e+00
   outer loop
     vertex  2.536126e+01  7.359511e-01 -1.100000e+00
     vertex  2.520638e+01  4.894633e-01 -1.100000e+00
     vertex  2.500054e+01  2.836191e-01 -1.100000e+00
   endloop
 endfacet
 facet normal  0.000000e+00  0.000000e+00 -1.000000e+00
   outer loop
     vertex  2.549000e+01  1.300000e+00 -1.100000e+00
     vertex  2.419000e+01  0.000000e+00 -1.100000e+00
     vertex  1.300000e+00  0.000000e+00 -1.100000e+00
   endloop
 endfacet
 facet normal  0.000000e+00  0.000000e+00 -1.000000e+00
   outer loop
     vertex  2.549000e+01  1.300000e+00 -1.100000e+00
     vertex  2.545741e+01  1.010723e+00 -1.100000e+00
     vertex  2.536126e+01  7.359511e-01 -1.100000e+00
   endloop
 endfacet
 facet normal -0.000000e+00  0.000000e+00 -1.000000e+00
   outer loop
     vertex  2.549000e+01  1.300000e+00 -1.100000e+00
     vertex  1.300000e+00  0.000000e+00 -1.100000e+00
     vertex  0.000000e+00  1.300000e+00 -1.100000e+00
   endloop
 endfacet
 facet normal  0.000000e+00  0.000000e+00 -1.000000e+00
   outer loop
     vertex  2.549000e+01  1.300000e+00 -1.100000e+00
     vertex  2.475405e+01  1.287405e-01 -1.100000e+00
     vertex  2.419000e+01  0.000000e+00 -1.100000e+00
   endloop
 endfacet
 facet normal  0.000000e+00  0.000000e+00 -1.000000e+00
   outer loop
     vertex  2.549000e+01  1.300000e+00 -1.100000e+00
     vertex  2.536126e+01  7.359511e-01 -1.100000e+00
     vertex  2.475405e+01  1.287405e-01 -1.100000e+00
   endloop
 endfacet
 facet normal  0.000000e+00  0.000000e+00 -1.000000e+00
   outer loop
     vertex  0.000000e+00  5.768200e+01 -1.100000e+00
     vertex  2.549000e+01  1.300000e+00 -1.100000e+00
     vertex  0.000000e+00  1.300000e+00 -1.100000e+00
   endloop
 endfacet
 facet normal  0.000000e+00  0.000000e+00 -1.000000e+00
   outer loop
     vertex  1.089342e-01  5.815927e+01 -1.100000e+00
     vertex  0.000000e+00  5.768200e+01 -1.100000e+00
     vertex  2.757930e-02  5.792677e+01 -1.100000e+00
   endloop
 endfacet
 facet normal  0.000000e+00  0.000000e+00 -1.000000e+00
   outer loop
     vertex  2.399854e-01  5.836784e+01 -1.100000e+00
     vertex  0.000000e+00  5.768200e+01 -1.100000e+00
     vertex  1.089342e-01  5.815927e+01 -1.100000e+00
   endloop
 endfacet
 facet normal  0.000000e+00  0.000000e+00 -1.000000e+00
   outer loop
     vertex  4.141612e-01  5.854202e+01 -1.100000e+00
     vertex  0.000000e+00  5.768200e+01 -1.100000e+00
     vertex  2.399854e-01  5.836784e+01 -1.100000e+00
   endloop
 endfacet
 facet normal  0.000000e+00  0.000000e+00 -1.000000e+00
   outer loop
     vertex  1.100000e+00  5.878200e+01 -1.100000e+00
     vertex  6.227279e-01  5.867307e+01 -1.100000e+00
     vertex  8.552270e-01  5.875442e+01 -1.100000e+00
   endloop
 endfacet
 facet normal  0.000000e+00  0.000000e+00 -1.000000e+00
   outer loop
     vertex  1.100000e+00  5.878200e+01 -1.100000e+00
     vertex  4.141612e-01  5.854202e+01 -1.100000e+00
     vertex  6.227279e-01  5.867307e+01 -1.100000e+00
   endloop
 endfacet
 facet normal  0.000000e+00  0.000000e+00 -1.000000e+00
   outer loop
     vertex  1.100000e+00  5.878200e+01 -1.100000e+00
     vertex  0.000000e+00  5.768200e+01 -1.100000e+00
     vertex  4.141612e-01  5.854202e+01 -1.100000e+00
   endloop
 endfacet
 facet normal  0.000000e+00  0.000000e+00 -1.000000e+00
   outer loop
     vertex  2.549000e+01  5.818200e+01 -1.100000e+00
     vertex  1.100000e+00  5.878200e+01 -1.100000e+00
     vertex  2.489000e+01  5.878200e+01 -1.100000e+00
   endloop
 endfacet
 facet normal  0.000000e+00 -0.000000e+00 -1.000000e+00
   outer loop
     vertex  2.549000e+01  5.818200e+01 -1.100000e+00
     vertex  2.549000e+01  1.300000e+00 -1.100000e+00
     vertex  0.000000e+00  5.768200e+01 -1.100000e+00
   endloop
 endfacet
 facet normal -0.000000e+00  0.000000e+00 -1.000000e+00
   outer loop
     vertex  2.549000e+01  5.818200e+01 -1.100000e+00
     vertex  0.000000e+00  5.768200e+01 -1.100000e+00
     vertex  1.100000e+00  5.878200e+01 -1.100000e+00
   endloop
 endfacet
 facet normal  0.000000e+00  0.000000e+00 -1.000000e+00
   outer loop
     vertex  2.543058e+01  5.844233e+01 -1.100000e+00
     vertex  2.547496e+01  5.831551e+01 -1.100000e+00
     vertex  2.549000e+01  5.818200e+01 -1.100000e+00
   endloop
 endfacet
 facet normal  0.000000e+00  0.000000e+00 -1.000000e+00
   outer loop
     vertex  2.535910e+01  5.855609e+01 -1.100000e+00
     vertex  2.543058e+01  5.844233e+01 -1.100000e+00
     vertex  2.549000e+01  5.818200e+01 -1.100000e+00
   endloop
 endfacet
 facet normal  0.000000e+00  0.000000e+00 -1.000000e+00
   outer loop
     vertex  2.526409e+01  5.865110e+01 -1.100000e+00
     vertex  2.502351e+01  5.876696e+01 -1.100000e+00
     vertex  2.515033e+01  5.872258e+01 -1.100000e+00
   endloop
 endfacet
 facet normal  0.000000e+00  0.000000e+00 -1.000000e+00
   outer loop
     vertex  2.526409e+01  5.865110e+01 -1.100000e+00
     vertex  2.489000e+01  5.878200e+01 -1.100000e+00
     vertex  2.502351e+01  5.876696e+01 -1.100000e+00
   endloop
 endfacet
 facet normal -0.000000e+00 -0.000000e+00 -1.000000e+00
   outer loop
     vertex  2.526409e+01  5.865110e+01 -1.100000e+00
     vertex  2.549000e+01  5.818200e+01 -1.100000e+00
     vertex  2.489000e+01  5.878200e+01 -1.100000e+00
   endloop
 endfacet
 facet normal  0.000000e+00  0.000000e+00 -1.000000e+00
   outer loop
     vertex  2.526409e+01  5.865110e+01 -1.100000e+00
     vertex  2.535910e+01  5.855609e+01 -1.100000e+00
     vertex  2.549000e+01  5.818200e+01 -1.100000e+00
   endloop
 endfacet
 facet normal -1.000000e+00  0.000000e+00  0.000000e+00
   outer loop
     vertex  7.957228e+00  0.000000e+00  0.000000e+00
     vertex  7.957228e+00  5.795406e+00  2.500000e+00
     vertex  7.957228e+00  5.795406e+00  0.000000e+00
   endloop
 endfacet
 facet normal -1.000000e+00  0.000000e+00  0.000000e+00
   outer loop
     vertex  7.957228e+00 -1.177592e+00  2.500000e+00
     vertex  7.957228e+00  0.000000e+00  0.000000e+00
     vertex  7.957228e+00 -1.177592e+00  0.000000e+00
   endloop
 endfacet
 facet normal -1.000000e+00  0.000000e+00  0.000000e+00
   outer loop
     vertex  7.957228e+00 -1.177592e+00  2.500000e+00
     vertex  7.957228e+00  5.795406e+00  2.500000e+00
     vertex  7.957228e+00  0.000000e+00  0.000000e+00
   endloop
 endfacet
 facet normal -1.000000e+00  0.000000e+00  0.000000e+00
   outer loop
     vertex  1.511405e+01  9.842157e+00  5.000000e-01
     vertex  1.511405e+01  1.009616e+01  5.000000e-01
     vertex  1.511405e+01  1.009616e+01  0.000000e+00
   endloop
 endfacet
 facet normal -1.000000e+00  0.000000e+00  0.000000e+00
   outer loop
     vertex  1.511405e+01  9.842157e+00  5.000000e-01
     vertex  1.511405e+01  1.009616e+01  0.000000e+00
     vertex  1.511405e+01  9.842157e+00  0.000000e+00
   endloop
 endfacet
 facet normal -1.119645e-01  9.937122e-01  0.000000e+00
   outer loop
     vertex  1.521279e+01  1.021997e+01  5.000000e-01
     vertex  1.524105e+01  1.022316e+01  5.000000e-01
     vertex  1.524105e+01  1.022316e+01  0.000000e+00
   endloop
 endfacet
 facet normal -1.119645e-01  9.937122e-01  0.000000e+00
   outer loop
     vertex  1.521279e+01  1.021997e+01  5.000000e-01
     vertex  1.524105e+01  1.022316e+01  0.000000e+00
     vertex  1.521279e+01  1.021997e+01  0.000000e+00
   endloop
 endfacet
 facet normal -3.302791e-01  9.438833e-01  0.000000e+00
   outer loop
     vertex  1.518595e+01  1.021058e+01  5.000000e-01
     vertex  1.521279e+01  1.021997e+01  0.000000e+00
     vertex  1.518595e+01  1.021058e+01  0.000000e+00
   endloop
 endfacet
 facet normal -3.302791e-01  9.438833e-01  0.000000e+00
   outer loop
     vertex  1.518595e+01  1.021058e+01  5.000000e-01
     vertex  1.521279e+01  1.021997e+01  5.000000e-01
     vertex  1.521279e+01  1.021997e+01  0.000000e+00
   endloop
 endfacet
 facet normal -5.320321e-01  8.467242e-01  0.000000e+00
   outer loop
     vertex  1.516187e+01  1.019545e+01  5.000000e-01
     vertex  1.518595e+01  1.021058e+01  0.000000e+00
     vertex  1.516187e+01  1.019545e+01  0.000000e+00
   endloop
 endfacet
 facet normal -5.320321e-01  8.467242e-01  0.000000e+00
   outer loop
     vertex  1.516187e+01  1.019545e+01  5.000000e-01
     vertex  1.518595e+01  1.021058e+01  5.000000e-01
     vertex  1.518595e+01  1.021058e+01  0.000000e+00
   endloop
 endfacet
 facet normal -7.071068e-01  7.071068e-01  0.000000e+00
   outer loop
     vertex  1.514176e+01  1.017534e+01  5.000000e-01
     vertex  1.516187e+01  1.019545e+01  0.000000e+00
     vertex  1.514176e+01  1.017534e+01  0.000000e+00
   endloop
 endfacet
 facet normal -7.071068e-01  7.071068e-01  0.000000e+00
   outer loop
     vertex  1.514176e+01  1.017534e+01  5.000000e-01
     vertex  1.516187e+01  1.019545e+01  5.000000e-01
     vertex  1.516187e+01  1.019545e+01  0.000000e+00
   endloop
 endfacet
 facet normal -8.467242e-01  5.320321e-01  0.000000e+00
   outer loop
     vertex  1.512663e+01  1.015126e+01  5.000000e-01
     vertex  1.514176e+01  1.017534e+01  0.000000e+00
     vertex  1.512663e+01  1.015126e+01  0.000000e+00
   endloop
 endfacet
 facet normal -8.467242e-01  5.320321e-01  0.000000e+00
   outer loop
     vertex  1.512663e+01  1.015126e+01  5.000000e-01
     vertex  1.514176e+01  1.017534e+01  5.000000e-01
     vertex  1.514176e+01  1.017534e+01  0.000000e+00
   endloop
 endfacet
 facet normal -9.438833e-01  3.302791e-01  0.000000e+00
   outer loop
     vertex  1.511723e+01  1.012442e+01  5.000000e-01
     vertex  1.512663e+01  1.015126e+01  0.000000e+00
     vertex  1.511723e+01  1.012442e+01  0.000000e+00
   endloop
 endfacet
 facet normal -9.438833e-01  3.302791e-01  0.000000e+00
   outer loop
     vertex  1.511723e+01  1.012442e+01  5.000000e-01
     vertex  1.512663e+01  1.015126e+01  5.000000e-01
     vertex  1.512663e+01  1.015126e+01  0.000000e+00
   endloop
 endfacet
 facet normal -9.937122e-01  1.119645e-01  0.000000e+00
   outer loop
     vertex  1.511405e+01  1.009616e+01  5.000000e-01
     vertex  1.511723e+01  1.012442e+01  0.000000e+00
     vertex  1.511405e+01  1.009616e+01  0.000000e+00
   endloop
 endfacet
 facet normal -9.937122e-01  1.119645e-01  0.000000e+00
   outer loop
     vertex  1.511405e+01  1.009616e+01  5.000000e-01
     vertex  1.511723e+01  1.012442e+01  5.000000e-01
     vertex  1.511723e+01  1.012442e+01  0.000000e+00
   endloop
 endfacet
 facet normal -0.000000e+00  1.000000e+00  0.000000e+00
   outer loop
     vertex  1.524105e+01  1.022316e+01  5.000000e-01
     vertex  1.549505e+01  1.022316e+01  5.000000e-01
     vertex  1.549505e+01  1.022316e+01  0.000000e+00
   endloop
 endfacet
 facet normal  0.000000e+00  1.000000e+00  0.000000e+00
   outer loop
     vertex  1.524105e+01  1.022316e+01  5.000000e-01
     vertex  1.549505e+01  1.022316e+01  0.000000e+00
     vertex  1.524105e+01  1.022316e+01  0.000000e+00
   endloop
 endfacet
 facet normal  9.937122e-01  1.119645e-01  0.000000e+00
   outer loop
     vertex  1.561886e+01  1.012442e+01  5.000000e-01
     vertex  1.562205e+01  1.009616e+01  5.000000e-01
     vertex  1.562205e+01  1.009616e+01  0.000000e+00
   endloop
 endfacet
 facet normal  9.937122e-01  1.119645e-01  3.977777e-16
   outer loop
     vertex  1.561886e+01  1.012442e+01  5.000000e-01
     vertex  1.562205e+01  1.009616e+01  0.000000e+00
     vertex  1.561886e+01  1.012442e+01  0.000000e+00
   endloop
 endfacet
 facet normal  9.438833e-01  3.302791e-01  1.173387e-15
   outer loop
     vertex  1.560947e+01  1.015126e+01  5.000000e-01
     vertex  1.561886e+01  1.012442e+01  0.000000e+00
     vertex  1.560947e+01  1.015126e+01  0.000000e+00
   endloop
 endfacet
 facet normal  9.438833e-01  3.302791e-01  1.174213e-15
   outer loop
     vertex  1.560947e+01  1.015126e+01  5.000000e-01
     vertex  1.561886e+01  1.012442e+01  5.000000e-01
     vertex  1.561886e+01  1.012442e+01  0.000000e+00
   endloop
 endfacet
 facet normal  8.467242e-01  5.320321e-01 -1.118011e-15
   outer loop
     vertex  1.559434e+01  1.017534e+01  5.000000e-01
     vertex  1.560947e+01  1.015126e+01  0.000000e+00
     vertex  1.559434e+01  1.017534e+01  0.000000e+00
   endloop
 endfacet
 facet normal  8.467242e-01  5.320321e-01  1.887129e-15
   outer loop
     vertex  1.559434e+01  1.017534e+01  5.000000e-01
     vertex  1.560947e+01  1.015126e+01  5.000000e-01
     vertex  1.560947e+01  1.015126e+01  0.000000e+00
   endloop
 endfacet
 facet normal  7.071068e-01  7.071068e-01  0.000000e+00
   outer loop
     vertex  1.557423e+01  1.019545e+01  5.000000e-01
     vertex  1.559434e+01  1.017534e+01  0.000000e+00
     vertex  1.557423e+01  1.019545e+01  0.000000e+00
   endloop
 endfacet
 facet normal  7.071068e-01  7.071068e-01  0.000000e+00
   outer loop
     vertex  1.557423e+01  1.019545e+01  5.000000e-01
     vertex  1.559434e+01  1.017534e+01  5.000000e-01
     vertex  1.559434e+01  1.017534e+01  0.000000e+00
   endloop
 endfacet
 facet normal  5.320321e-01  8.467242e-01 -1.890158e-15
   outer loop
     vertex  1.555015e+01  1.021058e+01  5.000000e-01
     vertex  1.557423e+01  1.019545e+01  0.000000e+00
     vertex  1.555015e+01  1.021058e+01  0.000000e+00
   endloop
 endfacet
 facet normal  5.320321e-01  8.467242e-01  0.000000e+00
   outer loop
     vertex  1.555015e+01  1.021058e+01  5.000000e-01
     vertex  1.557423e+01  1.019545e+01  5.000000e-01
     vertex  1.557423e+01  1.019545e+01  0.000000e+00
   endloop
 endfacet
 facet normal  3.302791e-01  9.438833e-01  0.000000e+00
   outer loop
     vertex  1.552331e+01  1.021997e+01  5.000000e-01
     vertex  1.555015e+01  1.021058e+01  0.000000e+00
     vertex  1.552331e+01  1.021997e+01  0.000000e+00
   endloop
 endfacet
 facet normal  3.302791e-01  9.438833e-01 -1.170401e-15
   outer loop
     vertex  1.552331e+01  1.021997e+01  5.000000e-01
     vertex  1.555015e+01  1.021058e+01  5.000000e-01
     vertex  1.555015e+01  1.021058e+01  0.000000e+00
   endloop
 endfacet
 facet normal  1.119645e-01  9.937122e-01  0.000000e+00
   outer loop
     vertex  1.549505e+01  1.022316e+01  5.000000e-01
     vertex  1.552331e+01  1.021997e+01  0.000000e+00
     vertex  1.549505e+01  1.022316e+01  0.000000e+00
   endloop
 endfacet
 facet normal  1.119645e-01  9.937122e-01  0.000000e+00
   outer loop
     vertex  1.549505e+01  1.022316e+01  5.000000e-01
     vertex  1.552331e+01  1.021997e+01  5.000000e-01
     vertex  1.552331e+01  1.021997e+01  0.000000e+00
   endloop
 endfacet
 facet normal  1.000000e+00  0.000000e+00  0.000000e+00
   outer loop
     vertex  1.562205e+01  1.009616e+01  5.000000e-01
     vertex  1.562205e+01  9.842157e+00  5.000000e-01
     vertex  1.562205e+01  9.842157e+00  0.000000e+00
   endloop
 endfacet
 facet normal  1.000000e+00  0.000000e+00  0.000000e+00
   outer loop
     vertex  1.562205e+01  1.009616e+01  5.000000e-01
     vertex  1.562205e+01  9.842157e+00  0.000000e+00
     vertex  1.562205e+01  1.009616e+01  0.000000e+00
   endloop
 endfacet
 facet normal  1.119645e-01 -9.937122e-01  0.000000e+00
   outer loop
     vertex  1.552331e+01  9.718341e+00  5.000000e-01
     vertex  1.549505e+01  9.715157e+00  5.000000e-01
     vertex  1.549505e+01  9.715157e+00  0.000000e+00
   endloop
 endfacet
 facet normal  1.119645e-01 -9.937122e-01  0.000000e+00
   outer loop
     vertex  1.552331e+01  9.718341e+00  5.000000e-01
     vertex  1.549505e+01  9.715157e+00  0.000000e+00
     vertex  1.552331e+01  9.718341e+00  0.000000e+00
   endloop
 endfacet
 facet normal  3.302791e-01 -9.438833e-01  0.000000e+00
   outer loop
     vertex  1.555015e+01  9.727734e+00  5.000000e-01
     vertex  1.552331e+01  9.718341e+00  0.000000e+00
     vertex  1.555015e+01  9.727734e+00  0.000000e+00
   endloop
 endfacet
 facet normal  3.302791e-01 -9.438833e-01  0.000000e+00
   outer loop
     vertex  1.555015e+01  9.727734e+00  5.000000e-01
     vertex  1.552331e+01  9.718341e+00  5.000000e-01
     vertex  1.552331e+01  9.718341e+00  0.000000e+00
   endloop
 endfacet
 facet normal  5.320321e-01 -8.467242e-01  0.000000e+00
   outer loop
     vertex  1.557423e+01  9.742865e+00  5.000000e-01
     vertex  1.555015e+01  9.727734e+00  0.000000e+00
     vertex  1.557423e+01  9.742865e+00  0.000000e+00
   endloop
 endfacet
 facet normal  5.320321e-01 -8.467242e-01  0.000000e+00
   outer loop
     vertex  1.557423e+01  9.742865e+00  5.000000e-01
     vertex  1.555015e+01  9.727734e+00  5.000000e-01
     vertex  1.555015e+01  9.727734e+00  0.000000e+00
   endloop
 endfacet
 facet normal  7.071068e-01 -7.071068e-01  0.000000e+00
   outer loop
     vertex  1.559434e+01  9.762974e+00  5.000000e-01
     vertex  1.557423e+01  9.742865e+00  0.000000e+00
     vertex  1.559434e+01  9.762974e+00  0.000000e+00
   endloop
 endfacet
 facet normal  7.071068e-01 -7.071068e-01  0.000000e+00
   outer loop
     vertex  1.559434e+01  9.762974e+00  5.000000e-01
     vertex  1.557423e+01  9.742865e+00  5.000000e-01
     vertex  1.557423e+01  9.742865e+00  0.000000e+00
   endloop
 endfacet
 facet normal  8.467242e-01 -5.320321e-01  0.000000e+00
   outer loop
     vertex  1.560947e+01  9.787054e+00  5.000000e-01
     vertex  1.559434e+01  9.762974e+00  0.000000e+00
     vertex  1.560947e+01  9.787054e+00  0.000000e+00
   endloop
 endfacet
 facet normal  8.467242e-01 -5.320321e-01  0.000000e+00
   outer loop
     vertex  1.560947e+01  9.787054e+00  5.000000e-01
     vertex  1.559434e+01  9.762974e+00  5.000000e-01
     vertex  1.559434e+01  9.762974e+00  0.000000e+00
   endloop
 endfacet
 facet normal  9.438833e-01 -3.302791e-01  0.000000e+00
   outer loop
     vertex  1.561886e+01  9.813897e+00  5.000000e-01
     vertex  1.560947e+01  9.787054e+00  0.000000e+00
     vertex  1.561886e+01  9.813897e+00  0.000000e+00
   endloop
 endfacet
 facet normal  9.438833e-01 -3.302791e-01  0.000000e+00
   outer loop
     vertex  1.561886e+01  9.813897e+00  5.000000e-01
     vertex  1.560947e+01  9.787054e+00  5.000000e-01
     vertex  1.560947e+01  9.787054e+00  0.000000e+00
   endloop
 endfacet
 facet normal  9.937122e-01 -1.119645e-01  0.000000e+00
   outer loop
     vertex  1.562205e+01  9.842157e+00  5.000000e-01
     vertex  1.561886e+01  9.813897e+00  0.000000e+00
     vertex  1.562205e+01  9.842157e+00  0.000000e+00
   endloop
 endfacet
 facet normal  9.937122e-01 -1.119645e-01  0.000000e+00
   outer loop
     vertex  1.562205e+01  9.842157e+00  5.000000e-01
     vertex  1.561886e+01  9.813897e+00  5.000000e-01
     vertex  1.561886e+01  9.813897e+00  0.000000e+00
   endloop
 endfacet
 facet normal -0.000000e+00 -1.000000e+00  0.000000e+00
   outer loop
     vertex  1.549505e+01  9.715157e+00  5.000000e-01
     vertex  1.524105e+01  9.715157e+00  5.000000e-01
     vertex  1.524105e+01  9.715157e+00  0.000000e+00
   endloop
 endfacet
 facet normal  0.000000e+00 -1.000000e+00 -0.000000e+00
   outer loop
     vertex  1.549505e+01  9.715157e+00  5.000000e-01
     vertex  1.524105e+01  9.715157e+00  0.000000e+00
     vertex  1.549505e+01  9.715157e+00  0.000000e+00
   endloop
 endfacet
 facet normal -9.937122e-01 -1.119645e-01  0.000000e+00
   outer loop
     vertex  1.511723e+01  9.813897e+00  5.000000e-01
     vertex  1.511405e+01  9.842157e+00  5.000000e-01
     vertex  1.511405e+01  9.842157e+00  0.000000e+00
   endloop
 endfacet
 facet normal -9.937122e-01 -1.119645e-01  3.977777e-16
   outer loop
     vertex  1.511723e+01  9.813897e+00  5.000000e-01
     vertex  1.511405e+01  9.842157e+00  0.000000e+00
     vertex  1.511723e+01  9.813897e+00  0.000000e+00
   endloop
 endfacet
 facet normal -9.438833e-01 -3.302791e-01  1.173387e-15
   outer loop
     vertex  1.512663e+01  9.787054e+00  5.000000e-01
     vertex  1.511723e+01  9.813897e+00  0.000000e+00
     vertex  1.512663e+01  9.787054e+00  0.000000e+00
   endloop
 endfacet
 facet normal -9.438833e-01 -3.302791e-01  1.174213e-15
   outer loop
     vertex  1.512663e+01  9.787054e+00  5.000000e-01
     vertex  1.511723e+01  9.813897e+00  5.000000e-01
     vertex  1.511723e+01  9.813897e+00  0.000000e+00
   endloop
 endfacet
 facet normal -8.467242e-01 -5.320321e-01 -1.118011e-15
   outer loop
     vertex  1.514176e+01  9.762974e+00  5.000000e-01
     vertex  1.512663e+01  9.787054e+00  0.000000e+00
     vertex  1.514176e+01  9.762974e+00  0.000000e+00
   endloop
 endfacet
 facet normal -8.467242e-01 -5.320321e-01  1.887129e-15
   outer loop
     vertex  1.514176e+01  9.762974e+00  5.000000e-01
     vertex  1.512663e+01  9.787054e+00  5.000000e-01
     vertex  1.512663e+01  9.787054e+00  0.000000e+00
   endloop
 endfacet
 facet normal -7.071068e-01 -7.071068e-01 -0.000000e+00
   outer loop
     vertex  1.516187e+01  9.742865e+00  5.000000e-01
     vertex  1.514176e+01  9.762974e+00  0.000000e+00
     vertex  1.516187e+01  9.742865e+00  0.000000e+00
   endloop
 endfacet
 facet normal -7.071068e-01 -7.071068e-01  0.000000e+00
   outer loop
     vertex  1.516187e+01  9.742865e+00  5.000000e-01
     vertex  1.514176e+01  9.762974e+00  5.000000e-01
     vertex  1.514176e+01  9.762974e+00  0.000000e+00
   endloop
 endfacet
 facet normal -5.320321e-01 -8.467242e-01 -1.890158e-15
   outer loop
     vertex  1.518595e+01  9.727734e+00  5.000000e-01
     vertex  1.516187e+01  9.742865e+00  0.000000e+00
     vertex  1.518595e+01  9.727734e+00  0.000000e+00
   endloop
 endfacet
 facet normal -5.320321e-01 -8.467242e-01  0.000000e+00
   outer loop
     vertex  1.518595e+01  9.727734e+00  5.000000e-01
     vertex  1.516187e+01  9.742865e+00  5.000000e-01
     vertex  1.516187e+01  9.742865e+00  0.000000e+00
   endloop
 endfacet
 facet normal -3.302791e-01 -9.438833e-01 -0.000000e+00
   outer loop
     vertex  1.521279e+01  9.718341e+00  5.000000e-01
     vertex  1.518595e+01  9.727734e+00  0.000000e+00
     vertex  1.521279e+01  9.718341e+00  0.000000e+00
   endloop
 endfacet
 facet normal -3.302791e-01 -9.438833e-01 -1.170401e-15
   outer loop
     vertex  1.521279e+01  9.718341e+00  5.000000e-01
     vertex  1.518595e+01  9.727734e+00  5.000000e-01
     vertex  1.518595e+01  9.727734e+00  0.000000e+00
   endloop
 endfacet
 facet normal -1.119645e-01 -9.937122e-01 -0.000000e+00
   outer loop
     vertex  1.524105e+01  9.715157e+00  5.000000e-01
     vertex  1.521279e+01  9.718341e+00  0.000000e+00
     vertex  1.524105e+01  9.715157e+00  0.000000e+00
   endloop
 endfacet
 facet normal -1.119645e-01 -9.937122e-01  0.000000e+00
   outer loop
     vertex  1.524105e+01  9.715157e+00  5.000000e-01
     vertex  1.521279e+01  9.718341e+00  5.000000e-01
     vertex  1.521279e+01  9.718341e+00  0.000000e+00
   endloop
 endfacet
 facet normal  0.000000e+00  0.000000e+00  1.000000e+00
   outer loop
     vertex  1.521279e+01  1.021997e+01  5.000000e-01
     vertex  1.518595e+01  1.021058e+01  5.000000e-01
     vertex  1.516187e+01  1.019545e+01  5.000000e-01
   endloop
 endfacet
 facet normal  0.000000e+00  0.000000e+00  1.000000e+00
   outer loop
     vertex  1.511723e+01  1.012442e+01  5.000000e-01
     vertex  1.514176e+01  1.017534e+01  5.000000e-01
     vertex  1.512663e+01  1.015126e+01  5.000000e-01
   endloop
 endfacet
 facet normal  0.000000e+00  0.000000e+00  1.000000e+00
   outer loop
     vertex  1.524105e+01  1.022316e+01  5.000000e-01
     vertex  1.521279e+01  1.021997e+01  5.000000e-01
     vertex  1.516187e+01  1.019545e+01  5.000000e-01
   endloop
 endfacet
 facet normal  0.000000e+00  0.000000e+00  1.000000e+00
   outer loop
     vertex  1.511405e+01  1.009616e+01  5.000000e-01
     vertex  1.516187e+01  1.019545e+01  5.000000e-01
     vertex  1.514176e+01  1.017534e+01  5.000000e-01
   endloop
 endfacet
 facet normal  0.000000e+00  0.000000e+00  1.000000e+00
   outer loop
     vertex  1.511405e+01  1.009616e+01  5.000000e-01
     vertex  1.514176e+01  1.017534e+01  5.000000e-01
     vertex  1.511723e+01  1.012442e+01  5.000000e-01
   endloop
 endfacet
 facet normal  0.000000e+00  0.000000e+00  1.000000e+00
   outer loop
     vertex  1.511405e+01  1.009616e+01  5.000000e-01
     vertex  1.524105e+01  1.022316e+01  5.000000e-01
     vertex  1.516187e+01  1.019545e+01  5.000000e-01
   endloop
 endfacet
 facet normal  0.000000e+00  0.000000e+00  1.000000e+00
   outer loop
     vertex  1.512663e+01  9.787054e+00  5.000000e-01
     vertex  1.511405e+01  9.842157e+00  5.000000e-01
     vertex  1.511723e+01  9.813897e+00  5.000000e-01
   endloop
 endfacet
 facet normal  0.000000e+00  0.000000e+00  1.000000e+00
   outer loop
     vertex  1.516187e+01  9.742865e+00  5.000000e-01
     vertex  1.512663e+01  9.787054e+00  5.000000e-01
     vertex  1.514176e+01  9.762974e+00  5.000000e-01
   endloop
 endfacet
 facet normal  0.000000e+00  0.000000e+00  1.000000e+00
   outer loop
     vertex  1.560947e+01  1.015126e+01  5.000000e-01
     vertex  1.559434e+01  1.017534e+01  5.000000e-01
     vertex  1.557423e+01  1.019545e+01  5.000000e-01
   endloop
 endfacet
 facet normal  0.000000e+00  0.000000e+00  1.000000e+00
   outer loop
     vertex  1.560947e+01  1.015126e+01  5.000000e-01
     vertex  1.557423e+01  1.019545e+01  5.000000e-01
     vertex  1.555015e+01  1.021058e+01  5.000000e-01
   endloop
 endfacet
 facet normal  0.000000e+00  0.000000e+00  1.000000e+00
   outer loop
     vertex  1.560947e+01  1.015126e+01  5.000000e-01
     vertex  1.555015e+01  1.021058e+01  5.000000e-01
     vertex  1.552331e+01  1.021997e+01  5.000000e-01
   endloop
 endfacet
 facet normal  0.000000e+00  0.000000e+00  1.000000e+00
   outer loop
     vertex  1.560947e+01  1.015126e+01  5.000000e-01
     vertex  1.552331e+01  1.021997e+01  5.000000e-01
     vertex  1.549505e+01  1.022316e+01  5.000000e-01
   endloop
 endfacet
 facet normal  0.000000e+00  0.000000e+00  1.000000e+00
   outer loop
     vertex  1.562205e+01  1.009616e+01  5.000000e-01
     vertex  1.561886e+01  1.012442e+01  5.000000e-01
     vertex  1.560947e+01  1.015126e+01  5.000000e-01
   endloop
 endfacet
 facet normal  0.000000e+00  0.000000e+00  1.000000e+00
   outer loop
     vertex  1.562205e+01  1.009616e+01  5.000000e-01
     vertex  1.560947e+01  1.015126e+01  5.000000e-01
     vertex  1.549505e+01  1.022316e+01  5.000000e-01
   endloop
 endfacet
 facet normal  0.000000e+00  0.000000e+00  1.000000e+00
   outer loop
     vertex  1.524105e+01  9.715157e+00  5.000000e-01
     vertex  1.516187e+01  9.742865e+00  5.000000e-01
     vertex  1.518595e+01  9.727734e+00  5.000000e-01
   endloop
 endfacet
 facet normal  0.000000e+00  0.000000e+00  1.000000e+00
   outer loop
     vertex  1.524105e+01  9.715157e+00  5.000000e-01
     vertex  1.518595e+01  9.727734e+00  5.000000e-01
     vertex  1.521279e+01  9.718341e+00  5.000000e-01
   endloop
 endfacet
 facet normal  0.000000e+00  0.000000e+00  1.000000e+00
   outer loop
     vertex  1.524105e+01  9.715157e+00  5.000000e-01
     vertex  1.549505e+01  1.022316e+01  5.000000e-01
     vertex  1.524105e+01  1.022316e+01  5.000000e-01
   endloop
 endfacet
 facet normal  0.000000e+00  0.000000e+00  1.000000e+00
   outer loop
     vertex  1.524105e+01  9.715157e+00  5.000000e-01
     vertex  1.511405e+01  1.009616e+01  5.000000e-01
     vertex  1.511405e+01  9.842157e+00  5.000000e-01
   endloop
 endfacet
 facet normal  0.000000e+00 -0.000000e+00  1.000000e+00
   outer loop
     vertex  1.524105e+01  9.715157e+00  5.000000e-01
     vertex  1.524105e+01  1.022316e+01  5.000000e-01
     vertex  1.511405e+01  1.009616e+01  5.000000e-01
   endloop
 endfacet
 facet normal  0.000000e+00  0.000000e+00  1.000000e+00
   outer loop
     vertex  1.524105e+01  9.715157e+00  5.000000e-01
     vertex  1.512663e+01  9.787054e+00  5.000000e-01
     vertex  1.516187e+01  9.742865e+00  5.000000e-01
   endloop
 endfacet
 facet normal  0.000000e+00  0.000000e+00  1.000000e+00
   outer loop
     vertex  1.524105e+01  9.715157e+00  5.000000e-01
     vertex  1.511405e+01  9.842157e+00  5.000000e-01
     vertex  1.512663e+01  9.787054e+00  5.000000e-01
   endloop
 endfacet
 facet normal  0.000000e+00 -0.000000e+00  1.000000e+00
   outer loop
     vertex  1.562205e+01  9.842157e+00  5.000000e-01
     vertex  1.562205e+01  1.009616e+01  5.000000e-01
     vertex  1.549505e+01  1.022316e+01  5.000000e-01
   endloop
 endfacet
 facet normal  0.000000e+00  0.000000e+00  1.000000e+00
   outer loop
     vertex  1.562205e+01  9.842157e+00  5.000000e-01
     vertex  1.549505e+01  1.022316e+01  5.000000e-01
     vertex  1.524105e+01  9.715157e+00  5.000000e-01
   endloop
 endfacet
 facet normal  0.000000e+00 -0.000000e+00  1.000000e+00
   outer loop
     vertex  1.549505e+01  9.715157e+00  5.000000e-01
     vertex  1.562205e+01  9.842157e+00  5.000000e-01
     vertex  1.524105e+01  9.715157e+00  5.000000e-01
   endloop
 endfacet
 facet normal  0.000000e+00  0.000000e+00  1.000000e+00
   outer loop
     vertex  1.557423e+01  9.742865e+00  5.000000e-01
     vertex  1.552331e+01  9.718341e+00  5.000000e-01
     vertex  1.555015e+01  9.727734e+00  5.000000e-01
   endloop
 endfacet
 facet normal  0.000000e+00  0.000000e+00  1.000000e+00
   outer loop
     vertex  1.559434e+01  9.762974e+00  5.000000e-01
     vertex  1.549505e+01  9.715157e+00  5.000000e-01
     vertex  1.552331e+01  9.718341e+00  5.000000e-01
   endloop
 endfacet
 facet normal  0.000000e+00  0.000000e+00  1.000000e+00
   outer loop
     vertex  1.559434e+01  9.762974e+00  5.000000e-01
     vertex  1.560947e+01  9.787054e+00  5.000000e-01
     vertex  1.561886e+01  9.813897e+00  5.000000e-01
   endloop
 endfacet
 facet normal  0.000000e+00  0.000000e+00  1.000000e+00
   outer loop
     vertex  1.559434e+01  9.762974e+00  5.000000e-01
     vertex  1.561886e+01  9.813897e+00  5.000000e-01
     vertex  1.562205e+01  9.842157e+00  5.000000e-01
   endloop
 endfacet
 facet normal  0.000000e+00 -0.000000e+00  1.000000e+00
   outer loop
     vertex  1.559434e+01  9.762974e+00  5.000000e-01
     vertex  1.562205e+01  9.842157e+00  5.000000e-01
     vertex  1.549505e+01  9.715157e+00  5.000000e-01
   endloop
 endfacet
 facet normal  0.000000e+00  0.000000e+00  1.000000e+00
   outer loop
     vertex  1.559434e+01  9.762974e+00  5.000000e-01
     vertex  1.552331e+01  9.718341e+00  5.000000e-01
     vertex  1.557423e+01  9.742865e+00  5.000000e-01
   endloop
 endfacet
 facet normal  0.000000e+00  0.000000e+00  1.000000e+00
   outer loop
     vertex  1.521279e+01  9.203973e+00  5.000000e-01
     vertex  1.518595e+01  9.194580e+00  5.000000e-01
     vertex  1.516187e+01  9.179450e+00  5.000000e-01
   endloop
 endfacet
 facet normal  0.000000e+00  0.000000e+00  1.000000e+00
   outer loop
     vertex  1.511723e+01  9.108417e+00  5.000000e-01
     vertex  1.514176e+01  9.159340e+00  5.000000e-01
     vertex  1.512663e+01  9.135260e+00  5.000000e-01
   endloop
 endfacet
 facet normal  0.000000e+00  0.000000e+00  1.000000e+00
   outer loop
     vertex  1.524105e+01  9.207157e+00  5.000000e-01
     vertex  1.521279e+01  9.203973e+00  5.000000e-01
     vertex  1.516187e+01  9.179450e+00  5.000000e-01
   endloop
 endfacet
 facet normal  0.000000e+00  0.000000e+00  1.000000e+00
   outer loop
     vertex  1.511405e+01  9.080157e+00  5.000000e-01
     vertex  1.516187e+01  9.179450e+00  5.000000e-01
     vertex  1.514176e+01  9.159340e+00  5.000000e-01
   endloop
 endfacet
 facet normal  0.000000e+00  0.000000e+00  1.000000e+00
   outer loop
     vertex  1.511405e+01  9.080157e+00  5.000000e-01
     vertex  1.514176e+01  9.159340e+00  5.000000e-01
     vertex  1.511723e+01  9.108417e+00  5.000000e-01
   endloop
 endfacet
 facet normal  0.000000e+00  0.000000e+00  1.000000e+00
   outer loop
     vertex  1.511405e+01  9.080157e+00  5.000000e-01
     vertex  1.524105e+01  9.207157e+00  5.000000e-01
     vertex  1.516187e+01  9.179450e+00  5.000000e-01
   endloop
 endfacet
 facet normal  0.000000e+00  0.000000e+00  1.000000e+00
   outer loop
     vertex  1.512663e+01  8.771054e+00  5.000000e-01
     vertex  1.511405e+01  8.826157e+00  5.000000e-01
     vertex  1.511723e+01  8.797897e+00  5.000000e-01
   endloop
 endfacet
 facet normal  0.000000e+00  0.000000e+00  1.000000e+00
   outer loop
     vertex  1.516187e+01  8.726865e+00  5.000000e-01
     vertex  1.512663e+01  8.771054e+00  5.000000e-01
     vertex  1.514176e+01  8.746974e+00  5.000000e-01
   endloop
 endfacet
 facet normal  0.000000e+00  0.000000e+00  1.000000e+00
   outer loop
     vertex  1.560947e+01  9.135260e+00  5.000000e-01
     vertex  1.559434e+01  9.159340e+00  5.000000e-01
     vertex  1.557423e+01  9.179450e+00  5.000000e-01
   endloop
 endfacet
 facet normal  0.000000e+00  0.000000e+00  1.000000e+00
   outer loop
     vertex  1.560947e+01  9.135260e+00  5.000000e-01
     vertex  1.557423e+01  9.179450e+00  5.000000e-01
     vertex  1.555015e+01  9.194580e+00  5.000000e-01
   endloop
 endfacet
 facet normal  0.000000e+00  0.000000e+00  1.000000e+00
   outer loop
     vertex  1.560947e+01  9.135260e+00  5.000000e-01
     vertex  1.555015e+01  9.194580e+00  5.000000e-01
     vertex  1.552331e+01  9.203973e+00  5.000000e-01
   endloop
 endfacet
 facet normal  0.000000e+00  0.000000e+00  1.000000e+00
   outer loop
     vertex  1.560947e+01  9.135260e+00  5.000000e-01
     vertex  1.552331e+01  9.203973e+00  5.000000e-01
     vertex  1.549505e+01  9.207157e+00  5.000000e-01
   endloop
 endfacet
 facet normal  0.000000e+00  0.000000e+00  1.000000e+00
   outer loop
     vertex  1.562205e+01  9.080157e+00  5.000000e-01
     vertex  1.561886e+01  9.108417e+00  5.000000e-01
     vertex  1.560947e+01  9.135260e+00  5.000000e-01
   endloop
 endfacet
 facet normal  0.000000e+00  0.000000e+00  1.000000e+00
   outer loop
     vertex  1.562205e+01  9.080157e+00  5.000000e-01
     vertex  1.560947e+01  9.135260e+00  5.000000e-01
     vertex  1.549505e+01  9.207157e+00  5.000000e-01
   endloop
 endfacet
 facet normal  0.000000e+00  0.000000e+00  1.000000e+00
   outer loop
     vertex  1.524105e+01  8.699157e+00  5.000000e-01
     vertex  1.516187e+01  8.726865e+00  5.000000e-01
     vertex  1.518595e+01  8.711734e+00  5.000000e-01
   endloop
 endfacet
 facet normal  0.000000e+00  0.000000e+00  1.000000e+00
   outer loop
     vertex  1.524105e+01  8.699157e+00  5.000000e-01
     vertex  1.518595e+01  8.711734e+00  5.000000e-01
     vertex  1.521279e+01  8.702341e+00  5.000000e-01
   endloop
 endfacet
 facet normal  0.000000e+00  0.000000e+00  1.000000e+00
   outer loop
     vertex  1.524105e+01  8.699157e+00  5.000000e-01
     vertex  1.549505e+01  9.207157e+00  5.000000e-01
     vertex  1.524105e+01  9.207157e+00  5.000000e-01
   endloop
 endfacet
 facet normal  0.000000e+00  0.000000e+00  1.000000e+00
   outer loop
     vertex  1.524105e+01  8.699157e+00  5.000000e-01
     vertex  1.511405e+01  9.080157e+00  5.000000e-01
     vertex  1.511405e+01  8.826157e+00  5.000000e-01
   endloop
 endfacet
 facet normal  0.000000e+00 -0.000000e+00  1.000000e+00
   outer loop
     vertex  1.524105e+01  8.699157e+00  5.000000e-01
     vertex  1.524105e+01  9.207157e+00  5.000000e-01
     vertex  1.511405e+01  9.080157e+00  5.000000e-01
   endloop
 endfacet
 facet normal  0.000000e+00  0.000000e+00  1.000000e+00
   outer loop
     vertex  1.524105e+01  8.699157e+00  5.000000e-01
     vertex  1.512663e+01  8.771054e+00  5.000000e-01
     vertex  1.516187e+01  8.726865e+00  5.000000e-01
   endloop
 endfacet
 facet normal  0.000000e+00  0.000000e+00  1.000000e+00
   outer loop
     vertex  1.524105e+01  8.699157e+00  5.000000e-01
     vertex  1.511405e+01  8.826157e+00  5.000000e-01
     vertex  1.512663e+01  8.771054e+00  5.000000e-01
   endloop
 endfacet
 facet normal  0.000000e+00 -0.000000e+00  1.000000e+00
   outer loop
     vertex  1.562205e+01  8.826157e+00  5.000000e-01
     vertex  1.562205e+01  9.080157e+00  5.000000e-01
     vertex  1.549505e+01  9.207157e+00  5.000000e-01
   endloop
 endfacet
 facet normal  0.000000e+00  0.000000e+00  1.000000e+00
   outer loop
     vertex  1.562205e+01  8.826157e+00  5.000000e-01
     vertex  1.549505e+01  9.207157e+00  5.000000e-01
     vertex  1.524105e+01  8.699157e+00  5.000000e-01
   endloop
 endfacet
 facet normal  0.000000e+00 -0.000000e+00  1.000000e+00
   outer loop
     vertex  1.549505e+01  8.699157e+00  5.000000e-01
     vertex  1.562205e+01  8.826157e+00  5.000000e-01
     vertex  1.524105e+01  8.699157e+00  5.000000e-01
   endloop
 endfacet
 facet normal  0.000000e+00  0.000000e+00  1.000000e+00
   outer loop
     vertex  1.557423e+01  8.726865e+00  5.000000e-01
     vertex  1.552331e+01  8.702341e+00  5.000000e-01
     vertex  1.555015e+01  8.711734e+00  5.000000e-01
   endloop
 endfacet
 facet normal  0.000000e+00  0.000000e+00  1.000000e+00
   outer loop
     vertex  1.559434e+01  8.746974e+00  5.000000e-01
     vertex  1.549505e+01  8.699157e+00  5.000000e-01
     vertex  1.552331e+01  8.702341e+00  5.000000e-01
   endloop
 endfacet
 facet normal  0.000000e+00  0.000000e+00  1.000000e+00
   outer loop
     vertex  1.559434e+01  8.746974e+00  5.000000e-01
     vertex  1.560947e+01  8.771054e+00  5.000000e-01
     vertex  1.561886e+01  8.797897e+00  5.000000e-01
   endloop
 endfacet
 facet normal  0.000000e+00  0.000000e+00  1.000000e+00
   outer loop
     vertex  1.559434e+01  8.746974e+00  5.000000e-01
     vertex  1.561886e+01  8.797897e+00  5.000000e-01
     vertex  1.562205e+01  8.826157e+00  5.000000e-01
   endloop
 endfacet
 facet normal  0.000000e+00 -0.000000e+00  1.000000e+00
   outer loop
     vertex  1.559434e+01  8.746974e+00  5.000000e-01
     vertex  1.562205e+01  8.826157e+00  5.000000e-01
     vertex  1.549505e+01  8.699157e+00  5.000000e-01
   endloop
 endfacet
 facet normal  0.000000e+00  0.000000e+00  1.000000e+00
   outer loop
     vertex  1.559434e+01  8.746974e+00  5.000000e-01
     vertex  1.552331e+01  8.702341e+00  5.000000e-01
     vertex  1.557423e+01  8.726865e+00  5.000000e-01
   endloop
 endfacet
 facet normal  0.000000e+00  0.000000e+00  1.000000e+00
   outer loop
     vertex  1.463617e+01  9.626318e+00  5.000000e-01
     vertex  1.393617e+01  1.002632e+01  5.000000e-01
     vertex  1.393617e+01  9.626318e+00  5.000000e-01
   endloop
 endfacet
 facet normal  0.000000e+00 -0.000000e+00  1.000000e+00
   outer loop
     vertex  1.463617e+01  9.626318e+00  5.000000e-01
     vertex  1.463617e+01  1.002632e+01  5.000000e-01
     vertex  1.393617e+01  1.002632e+01  5.000000e-01
   endloop
 endfacet
 facet normal  0.000000e+00  0.000000e+00  1.000000e+00
   outer loop
     vertex  1.463617e+01  8.926294e+00  5.000000e-01
     vertex  1.393617e+01  9.326293e+00  5.000000e-01
     vertex  1.393617e+01  8.926294e+00  5.000000e-01
   endloop
 endfacet
 facet normal  0.000000e+00 -0.000000e+00  1.000000e+00
   outer loop
     vertex  1.463617e+01  8.926294e+00  5.000000e-01
     vertex  1.463617e+01  9.326293e+00  5.000000e-01
     vertex  1.393617e+01  9.326293e+00  5.000000e-01
   endloop
 endfacet
 facet normal  0.000000e+00  0.000000e+00  1.000000e+00
   outer loop
     vertex  1.302423e+01  1.023512e+01  5.000000e-01
     vertex  1.299739e+01  1.022573e+01  5.000000e-01
     vertex  1.297331e+01  1.021060e+01  5.000000e-01
   endloop
 endfacet
 facet normal  0.000000e+00  0.000000e+00  1.000000e+00
   outer loop
     vertex  1.292868e+01  1.013957e+01  5.000000e-01
     vertex  1.295320e+01  1.019049e+01  5.000000e-01
     vertex  1.293807e+01  1.016641e+01  5.000000e-01
   endloop
 endfacet
 facet normal  0.000000e+00  0.000000e+00  1.000000e+00
   outer loop
     vertex  1.292549e+01  1.011131e+01  5.000000e-01
     vertex  1.295320e+01  1.019049e+01  5.000000e-01
     vertex  1.292868e+01  1.013957e+01  5.000000e-01
   endloop
 endfacet
 facet normal  0.000000e+00  0.000000e+00  1.000000e+00
   outer loop
     vertex  1.305249e+01  1.023831e+01  5.000000e-01
     vertex  1.297331e+01  1.021060e+01  5.000000e-01
     vertex  1.295320e+01  1.019049e+01  5.000000e-01
   endloop
 endfacet
 facet normal  0.000000e+00  0.000000e+00  1.000000e+00
   outer loop
     vertex  1.305249e+01  1.023831e+01  5.000000e-01
     vertex  1.302423e+01  1.023512e+01  5.000000e-01
     vertex  1.297331e+01  1.021060e+01  5.000000e-01
   endloop
 endfacet
 facet normal  0.000000e+00  0.000000e+00  1.000000e+00
   outer loop
     vertex  1.305249e+01  1.023831e+01  5.000000e-01
     vertex  1.295320e+01  1.019049e+01  5.000000e-01
     vertex  1.292549e+01  1.011131e+01  5.000000e-01
   endloop
 endfacet
 facet normal  0.000000e+00  0.000000e+00  1.000000e+00
   outer loop
     vertex  1.293807e+01  9.802202e+00  5.000000e-01
     vertex  1.292549e+01  9.857306e+00  5.000000e-01
     vertex  1.292868e+01  9.829046e+00  5.000000e-01
   endloop
 endfacet
 facet normal  0.000000e+00  0.000000e+00  1.000000e+00
   outer loop
     vertex  1.297331e+01  9.758013e+00  5.000000e-01
     vertex  1.293807e+01  9.802202e+00  5.000000e-01
     vertex  1.295320e+01  9.778122e+00  5.000000e-01
   endloop
 endfacet
 facet normal  0.000000e+00  0.000000e+00  1.000000e+00
   outer loop
     vertex  1.342092e+01  1.016641e+01  5.000000e-01
     vertex  1.340579e+01  1.019049e+01  5.000000e-01
     vertex  1.338568e+01  1.021060e+01  5.000000e-01
   endloop
 endfacet
 facet normal  0.000000e+00  0.000000e+00  1.000000e+00
   outer loop
     vertex  1.342092e+01  1.016641e+01  5.000000e-01
     vertex  1.338568e+01  1.021060e+01  5.000000e-01
     vertex  1.336160e+01  1.022573e+01  5.000000e-01
   endloop
 endfacet
 facet normal  0.000000e+00  0.000000e+00  1.000000e+00
   outer loop
     vertex  1.342092e+01  1.016641e+01  5.000000e-01
     vertex  1.336160e+01  1.022573e+01  5.000000e-01
     vertex  1.333475e+01  1.023512e+01  5.000000e-01
   endloop
 endfacet
 facet normal  0.000000e+00  0.000000e+00  1.000000e+00
   outer loop
     vertex  1.342092e+01  1.016641e+01  5.000000e-01
     vertex  1.333475e+01  1.023512e+01  5.000000e-01
     vertex  1.330649e+01  1.023831e+01  5.000000e-01
   endloop
 endfacet
 facet normal  0.000000e+00  0.000000e+00  1.000000e+00
   outer loop
     vertex  1.305249e+01  9.730306e+00  5.000000e-01
     vertex  1.292549e+01  1.011131e+01  5.000000e-01
     vertex  1.292549e+01  9.857306e+00  5.000000e-01
   endloop
 endfacet
 facet normal  0.000000e+00  0.000000e+00  1.000000e+00
   outer loop
     vertex  1.305249e+01  9.730306e+00  5.000000e-01
     vertex  1.297331e+01  9.758013e+00  5.000000e-01
     vertex  1.299739e+01  9.742883e+00  5.000000e-01
   endloop
 endfacet
 facet normal  0.000000e+00  0.000000e+00  1.000000e+00
   outer loop
     vertex  1.305249e+01  9.730306e+00  5.000000e-01
     vertex  1.299739e+01  9.742883e+00  5.000000e-01
     vertex  1.302423e+01  9.733490e+00  5.000000e-01
   endloop
 endfacet
 facet normal  0.000000e+00  0.000000e+00  1.000000e+00
   outer loop
     vertex  1.305249e+01  9.730306e+00  5.000000e-01
     vertex  1.293807e+01  9.802202e+00  5.000000e-01
     vertex  1.297331e+01  9.758013e+00  5.000000e-01
   endloop
 endfacet
 facet normal  0.000000e+00 -0.000000e+00  1.000000e+00
   outer loop
     vertex  1.305249e+01  9.730306e+00  5.000000e-01
     vertex  1.305249e+01  1.023831e+01  5.000000e-01
     vertex  1.292549e+01  1.011131e+01  5.000000e-01
   endloop
 endfacet
 facet normal  0.000000e+00  0.000000e+00  1.000000e+00
   outer loop
     vertex  1.305249e+01  9.730306e+00  5.000000e-01
     vertex  1.292549e+01  9.857306e+00  5.000000e-01
     vertex  1.293807e+01  9.802202e+00  5.000000e-01
   endloop
 endfacet
 facet normal  0.000000e+00  0.000000e+00  1.000000e+00
   outer loop
     vertex  1.343349e+01  1.011131e+01  5.000000e-01
     vertex  1.343031e+01  1.013957e+01  5.000000e-01
     vertex  1.342092e+01  1.016641e+01  5.000000e-01
   endloop
 endfacet
 facet normal  0.000000e+00  0.000000e+00  1.000000e+00
   outer loop
     vertex  1.343349e+01  1.011131e+01  5.000000e-01
     vertex  1.330649e+01  1.023831e+01  5.000000e-01
     vertex  1.305249e+01  1.023831e+01  5.000000e-01
   endloop
 endfacet
 facet normal  0.000000e+00  0.000000e+00  1.000000e+00
   outer loop
     vertex  1.343349e+01  1.011131e+01  5.000000e-01
     vertex  1.342092e+01  1.016641e+01  5.000000e-01
     vertex  1.330649e+01  1.023831e+01  5.000000e-01
   endloop
 endfacet
 facet normal  0.000000e+00  0.000000e+00  1.000000e+00
   outer loop
     vertex  1.343349e+01  1.011131e+01  5.000000e-01
     vertex  1.305249e+01  1.023831e+01  5.000000e-01
     vertex  1.305249e+01  9.730306e+00  5.000000e-01
   endloop
 endfacet
 facet normal  0.000000e+00  0.000000e+00  1.000000e+00
   outer loop
     vertex  1.330649e+01  9.730306e+00  5.000000e-01
     vertex  1.343349e+01  9.857306e+00  5.000000e-01
     vertex  1.343349e+01  1.011131e+01  5.000000e-01
   endloop
 endfacet
 facet normal  0.000000e+00 -0.000000e+00  1.000000e+00
   outer loop
     vertex  1.330649e+01  9.730306e+00  5.000000e-01
     vertex  1.343349e+01  1.011131e+01  5.000000e-01
     vertex  1.305249e+01  9.730306e+00  5.000000e-01
   endloop
 endfacet
 facet normal  0.000000e+00  0.000000e+00  1.000000e+00
   outer loop
     vertex  1.338568e+01  9.758013e+00  5.000000e-01
     vertex  1.333475e+01  9.733490e+00  5.000000e-01
     vertex  1.336160e+01  9.742883e+00  5.000000e-01
   endloop
 endfacet
 facet normal  0.000000e+00  0.000000e+00  1.000000e+00
   outer loop
     vertex  1.340579e+01  9.778122e+00  5.000000e-01
     vertex  1.330649e+01  9.730306e+00  5.000000e-01
     vertex  1.333475e+01  9.733490e+00  5.000000e-01
   endloop
 endfacet
 facet normal  0.000000e+00  0.000000e+00  1.000000e+00
   outer loop
     vertex  1.340579e+01  9.778122e+00  5.000000e-01
     vertex  1.342092e+01  9.802202e+00  5.000000e-01
     vertex  1.343031e+01  9.829046e+00  5.000000e-01
   endloop
 endfacet
 facet normal  0.000000e+00  0.000000e+00  1.000000e+00
   outer loop
     vertex  1.340579e+01  9.778122e+00  5.000000e-01
     vertex  1.343031e+01  9.829046e+00  5.000000e-01
     vertex  1.343349e+01  9.857306e+00  5.000000e-01
   endloop
 endfacet
 facet normal  0.000000e+00 -0.000000e+00  1.000000e+00
   outer loop
     vertex  1.340579e+01  9.778122e+00  5.000000e-01
     vertex  1.343349e+01  9.857306e+00  5.000000e-01
     vertex  1.330649e+01  9.730306e+00  5.000000e-01
   endloop
 endfacet
 facet normal  0.000000e+00  0.000000e+00  1.000000e+00
   outer loop
     vertex  1.340579e+01  9.778122e+00  5.000000e-01
     vertex  1.333475e+01  9.733490e+00  5.000000e-01
     vertex  1.338568e+01  9.758013e+00  5.000000e-01
   endloop
 endfacet
 facet normal  0.000000e+00  0.000000e+00  1.000000e+00
   outer loop
     vertex  1.302423e+01  9.219122e+00  5.000000e-01
     vertex  1.299739e+01  9.209729e+00  5.000000e-01
     vertex  1.297331e+01  9.194598e+00  5.000000e-01
   endloop
 endfacet
 facet normal  0.000000e+00  0.000000e+00  1.000000e+00
   outer loop
     vertex  1.292868e+01  9.123566e+00  5.000000e-01
     vertex  1.295320e+01  9.174489e+00  5.000000e-01
     vertex  1.293807e+01  9.150409e+00  5.000000e-01
   endloop
 endfacet
 facet normal  0.000000e+00  0.000000e+00  1.000000e+00
   outer loop
     vertex  1.292549e+01  9.095306e+00  5.000000e-01
     vertex  1.295320e+01  9.174489e+00  5.000000e-01
     vertex  1.292868e+01  9.123566e+00  5.000000e-01
   endloop
 endfacet
 facet normal  0.000000e+00  0.000000e+00  1.000000e+00
   outer loop
     vertex  1.305249e+01  9.222306e+00  5.000000e-01
     vertex  1.297331e+01  9.194598e+00  5.000000e-01
     vertex  1.295320e+01  9.174489e+00  5.000000e-01
   endloop
 endfacet
 facet normal  0.000000e+00  0.000000e+00  1.000000e+00
   outer loop
     vertex  1.305249e+01  9.222306e+00  5.000000e-01
     vertex  1.302423e+01  9.219122e+00  5.000000e-01
     vertex  1.297331e+01  9.194598e+00  5.000000e-01
   endloop
 endfacet
 facet normal  0.000000e+00  0.000000e+00  1.000000e+00
   outer loop
     vertex  1.305249e+01  9.222306e+00  5.000000e-01
     vertex  1.295320e+01  9.174489e+00  5.000000e-01
     vertex  1.292549e+01  9.095306e+00  5.000000e-01
   endloop
 endfacet
 facet normal  0.000000e+00  0.000000e+00  1.000000e+00
   outer loop
     vertex  1.293807e+01  8.786202e+00  5.000000e-01
     vertex  1.292549e+01  8.841306e+00  5.000000e-01
     vertex  1.292868e+01  8.813046e+00  5.000000e-01
   endloop
 endfacet
 facet normal  0.000000e+00  0.000000e+00  1.000000e+00
   outer loop
     vertex  1.297331e+01  8.742013e+00  5.000000e-01
     vertex  1.293807e+01  8.786202e+00  5.000000e-01
     vertex  1.295320e+01  8.762122e+00  5.000000e-01
   endloop
 endfacet
 facet normal  0.000000e+00  0.000000e+00  1.000000e+00
   outer loop
     vertex  1.342092e+01  9.150409e+00  5.000000e-01
     vertex  1.340579e+01  9.174489e+00  5.000000e-01
     vertex  1.338568e+01  9.194598e+00  5.000000e-01
   endloop
 endfacet
 facet normal  0.000000e+00  0.000000e+00  1.000000e+00
   outer loop
     vertex  1.342092e+01  9.150409e+00  5.000000e-01
     vertex  1.338568e+01  9.194598e+00  5.000000e-01
     vertex  1.336160e+01  9.209729e+00  5.000000e-01
   endloop
 endfacet
 facet normal  0.000000e+00  0.000000e+00  1.000000e+00
   outer loop
     vertex  1.342092e+01  9.150409e+00  5.000000e-01
     vertex  1.336160e+01  9.209729e+00  5.000000e-01
     vertex  1.333475e+01  9.219122e+00  5.000000e-01
   endloop
 endfacet
 facet normal  0.000000e+00  0.000000e+00  1.000000e+00
   outer loop
     vertex  1.342092e+01  9.150409e+00  5.000000e-01
     vertex  1.333475e+01  9.219122e+00  5.000000e-01
     vertex  1.330649e+01  9.222306e+00  5.000000e-01
   endloop
 endfacet
 facet normal  0.000000e+00  0.000000e+00  1.000000e+00
   outer loop
     vertex  1.305249e+01  8.714306e+00  5.000000e-01
     vertex  1.292549e+01  9.095306e+00  5.000000e-01
     vertex  1.292549e+01  8.841306e+00  5.000000e-01
   endloop
 endfacet
 facet normal  0.000000e+00  0.000000e+00  1.000000e+00
   outer loop
     vertex  1.305249e+01  8.714306e+00  5.000000e-01
     vertex  1.297331e+01  8.742013e+00  5.000000e-01
     vertex  1.299739e+01  8.726883e+00  5.000000e-01
   endloop
 endfacet
 facet normal  0.000000e+00  0.000000e+00  1.000000e+00
   outer loop
     vertex  1.305249e+01  8.714306e+00  5.000000e-01
     vertex  1.299739e+01  8.726883e+00  5.000000e-01
     vertex  1.302423e+01  8.717490e+00  5.000000e-01
   endloop
 endfacet
 facet normal  0.000000e+00  0.000000e+00  1.000000e+00
   outer loop
     vertex  1.305249e+01  8.714306e+00  5.000000e-01
     vertex  1.293807e+01  8.786202e+00  5.000000e-01
     vertex  1.297331e+01  8.742013e+00  5.000000e-01
   endloop
 endfacet
 facet normal  0.000000e+00 -0.000000e+00  1.000000e+00
   outer loop
     vertex  1.305249e+01  8.714306e+00  5.000000e-01
     vertex  1.305249e+01  9.222306e+00  5.000000e-01
     vertex  1.292549e+01  9.095306e+00  5.000000e-01
   endloop
 endfacet
 facet normal  0.000000e+00  0.000000e+00  1.000000e+00
   outer loop
     vertex  1.305249e+01  8.714306e+00  5.000000e-01
     vertex  1.292549e+01  8.841306e+00  5.000000e-01
     vertex  1.293807e+01  8.786202e+00  5.000000e-01
   endloop
 endfacet
 facet normal  0.000000e+00  0.000000e+00  1.000000e+00
   outer loop
     vertex  1.343349e+01  9.095306e+00  5.000000e-01
     vertex  1.343031e+01  9.123566e+00  5.000000e-01
     vertex  1.342092e+01  9.150409e+00  5.000000e-01
   endloop
 endfacet
 facet normal  0.000000e+00  0.000000e+00  1.000000e+00
   outer loop
     vertex  1.343349e+01  9.095306e+00  5.000000e-01
     vertex  1.330649e+01  9.222306e+00  5.000000e-01
     vertex  1.305249e+01  9.222306e+00  5.000000e-01
   endloop
 endfacet
 facet normal  0.000000e+00  0.000000e+00  1.000000e+00
   outer loop
     vertex  1.343349e+01  9.095306e+00  5.000000e-01
     vertex  1.342092e+01  9.150409e+00  5.000000e-01
     vertex  1.330649e+01  9.222306e+00  5.000000e-01
   endloop
 endfacet
 facet normal  0.000000e+00  0.000000e+00  1.000000e+00
   outer loop
     vertex  1.343349e+01  9.095306e+00  5.000000e-01
     vertex  1.305249e+01  9.222306e+00  5.000000e-01
     vertex  1.305249e+01  8.714306e+00  5.000000e-01
   endloop
 endfacet
 facet normal  0.000000e+00  0.000000e+00  1.000000e+00
   outer loop
     vertex  1.330649e+01  8.714306e+00  5.000000e-01
     vertex  1.343349e+01  8.841306e+00  5.000000e-01
     vertex  1.343349e+01  9.095306e+00  5.000000e-01
   endloop
 endfacet
 facet normal  0.000000e+00 -0.000000e+00  1.000000e+00
   outer loop
     vertex  1.330649e+01  8.714306e+00  5.000000e-01
     vertex  1.343349e+01  9.095306e+00  5.000000e-01
     vertex  1.305249e+01  8.714306e+00  5.000000e-01
   endloop
 endfacet
 facet normal  0.000000e+00  0.000000e+00  1.000000e+00
   outer loop
     vertex  1.338568e+01  8.742013e+00  5.000000e-01
     vertex  1.333475e+01  8.717490e+00  5.000000e-01
     vertex  1.336160e+01  8.726883e+00  5.000000e-01
   endloop
 endfacet
 facet normal  0.000000e+00  0.000000e+00  1.000000e+00
   outer loop
     vertex  1.340579e+01  8.762122e+00  5.000000e-01
     vertex  1.330649e+01  8.714306e+00  5.000000e-01
     vertex  1.333475e+01  8.717490e+00  5.000000e-01
   endloop
 endfacet
 facet normal  0.000000e+00  0.000000e+00  1.000000e+00
   outer loop
     vertex  1.340579e+01  8.762122e+00  5.000000e-01
     vertex  1.342092e+01  8.786202e+00  5.000000e-01
     vertex  1.343031e+01  8.813046e+00  5.000000e-01
   endloop
 endfacet
 facet normal  0.000000e+00  0.000000e+00  1.000000e+00
   outer loop
     vertex  1.340579e+01  8.762122e+00  5.000000e-01
     vertex  1.343031e+01  8.813046e+00  5.000000e-01
     vertex  1.343349e+01  8.841306e+00  5.000000e-01
   endloop
 endfacet
 facet normal  0.000000e+00 -0.000000e+00  1.000000e+00
   outer loop
     vertex  1.340579e+01  8.762122e+00  5.000000e-01
     vertex  1.343349e+01  8.841306e+00  5.000000e-01
     vertex  1.330649e+01  8.714306e+00  5.000000e-01
   endloop
 endfacet
 facet normal  0.000000e+00  0.000000e+00  1.000000e+00
   outer loop
     vertex  1.340579e+01  8.762122e+00  5.000000e-01
     vertex  1.333475e+01  8.717490e+00  5.000000e-01
     vertex  1.338568e+01  8.742013e+00  5.000000e-01
   endloop
 endfacet
 facet normal  0.000000e+00  0.000000e+00  1.000000e+00
   outer loop
     vertex  1.215261e+01  9.219122e+00  5.000000e-01
     vertex  1.212576e+01  9.209729e+00  5.000000e-01
     vertex  1.210168e+01  9.194598e+00  5.000000e-01
   endloop
 endfacet
 facet normal  0.000000e+00  0.000000e+00  1.000000e+00
   outer loop
     vertex  1.205705e+01  9.123566e+00  5.000000e-01
     vertex  1.208157e+01  9.174489e+00  5.000000e-01
     vertex  1.206644e+01  9.150409e+00  5.000000e-01
   endloop
 endfacet
 facet normal  0.000000e+00  0.000000e+00  1.000000e+00
   outer loop
     vertex  1.205387e+01  9.095306e+00  5.000000e-01
     vertex  1.208157e+01  9.174489e+00  5.000000e-01
     vertex  1.205705e+01  9.123566e+00  5.000000e-01
   endloop
 endfacet
 facet normal  0.000000e+00  0.000000e+00  1.000000e+00
   outer loop
     vertex  1.218087e+01  9.222306e+00  5.000000e-01
     vertex  1.210168e+01  9.194598e+00  5.000000e-01
     vertex  1.208157e+01  9.174489e+00  5.000000e-01
   endloop
 endfacet
 facet normal  0.000000e+00  0.000000e+00  1.000000e+00
   outer loop
     vertex  1.218087e+01  9.222306e+00  5.000000e-01
     vertex  1.215261e+01  9.219122e+00  5.000000e-01
     vertex  1.210168e+01  9.194598e+00  5.000000e-01
   endloop
 endfacet
 facet normal  0.000000e+00  0.000000e+00  1.000000e+00
   outer loop
     vertex  1.218087e+01  9.222306e+00  5.000000e-01
     vertex  1.208157e+01  9.174489e+00  5.000000e-01
     vertex  1.205387e+01  9.095306e+00  5.000000e-01
   endloop
 endfacet
 facet normal  0.000000e+00  0.000000e+00  1.000000e+00
   outer loop
     vertex  1.206644e+01  8.786202e+00  5.000000e-01
     vertex  1.205387e+01  8.841306e+00  5.000000e-01
     vertex  1.205705e+01  8.813046e+00  5.000000e-01
   endloop
 endfacet
 facet normal  0.000000e+00  0.000000e+00  1.000000e+00
   outer loop
     vertex  1.210168e+01  8.742013e+00  5.000000e-01
     vertex  1.206644e+01  8.786202e+00  5.000000e-01
     vertex  1.208157e+01  8.762122e+00  5.000000e-01
   endloop
 endfacet
 facet normal  0.000000e+00  0.000000e+00  1.000000e+00
   outer loop
     vertex  1.254929e+01  9.150409e+00  5.000000e-01
     vertex  1.253416e+01  9.174489e+00  5.000000e-01
     vertex  1.251405e+01  9.194598e+00  5.000000e-01
   endloop
 endfacet
 facet normal  0.000000e+00  0.000000e+00  1.000000e+00
   outer loop
     vertex  1.254929e+01  9.150409e+00  5.000000e-01
     vertex  1.251405e+01  9.194598e+00  5.000000e-01
     vertex  1.248997e+01  9.209729e+00  5.000000e-01
   endloop
 endfacet
 facet normal  0.000000e+00  0.000000e+00  1.000000e+00
   outer loop
     vertex  1.254929e+01  9.150409e+00  5.000000e-01
     vertex  1.248997e+01  9.209729e+00  5.000000e-01
     vertex  1.246313e+01  9.219122e+00  5.000000e-01
   endloop
 endfacet
 facet normal  0.000000e+00  0.000000e+00  1.000000e+00
   outer loop
     vertex  1.254929e+01  9.150409e+00  5.000000e-01
     vertex  1.246313e+01  9.219122e+00  5.000000e-01
     vertex  1.243487e+01  9.222306e+00  5.000000e-01
   endloop
 endfacet
 facet normal  0.000000e+00  0.000000e+00  1.000000e+00
   outer loop
     vertex  1.218087e+01  8.714306e+00  5.000000e-01
     vertex  1.205387e+01  9.095306e+00  5.000000e-01
     vertex  1.205387e+01  8.841306e+00  5.000000e-01
   endloop
 endfacet
 facet normal  0.000000e+00  0.000000e+00  1.000000e+00
   outer loop
     vertex  1.218087e+01  8.714306e+00  5.000000e-01
     vertex  1.210168e+01  8.742013e+00  5.000000e-01
     vertex  1.212576e+01  8.726883e+00  5.000000e-01
   endloop
 endfacet
 facet normal  0.000000e+00  0.000000e+00  1.000000e+00
   outer loop
     vertex  1.218087e+01  8.714306e+00  5.000000e-01
     vertex  1.212576e+01  8.726883e+00  5.000000e-01
     vertex  1.215261e+01  8.717490e+00  5.000000e-01
   endloop
 endfacet
 facet normal  0.000000e+00  0.000000e+00  1.000000e+00
   outer loop
     vertex  1.218087e+01  8.714306e+00  5.000000e-01
     vertex  1.206644e+01  8.786202e+00  5.000000e-01
     vertex  1.210168e+01  8.742013e+00  5.000000e-01
   endloop
 endfacet
 facet normal  0.000000e+00 -0.000000e+00  1.000000e+00
   outer loop
     vertex  1.218087e+01  8.714306e+00  5.000000e-01
     vertex  1.218087e+01  9.222306e+00  5.000000e-01
     vertex  1.205387e+01  9.095306e+00  5.000000e-01
   endloop
 endfacet
 facet normal  0.000000e+00  0.000000e+00  1.000000e+00
   outer loop
     vertex  1.218087e+01  8.714306e+00  5.000000e-01
     vertex  1.205387e+01  8.841306e+00  5.000000e-01
     vertex  1.206644e+01  8.786202e+00  5.000000e-01
   endloop
 endfacet
 facet normal  0.000000e+00  0.000000e+00  1.000000e+00
   outer loop
     vertex  1.256187e+01  9.095306e+00  5.000000e-01
     vertex  1.255868e+01  9.123566e+00  5.000000e-01
     vertex  1.254929e+01  9.150409e+00  5.000000e-01
   endloop
 endfacet
 facet normal  0.000000e+00  0.000000e+00  1.000000e+00
   outer loop
     vertex  1.256187e+01  9.095306e+00  5.000000e-01
     vertex  1.243487e+01  9.222306e+00  5.000000e-01
     vertex  1.218087e+01  9.222306e+00  5.000000e-01
   endloop
 endfacet
 facet normal  0.000000e+00  0.000000e+00  1.000000e+00
   outer loop
     vertex  1.256187e+01  9.095306e+00  5.000000e-01
     vertex  1.254929e+01  9.150409e+00  5.000000e-01
     vertex  1.243487e+01  9.222306e+00  5.000000e-01
   endloop
 endfacet
 facet normal  0.000000e+00  0.000000e+00  1.000000e+00
   outer loop
     vertex  1.256187e+01  9.095306e+00  5.000000e-01
     vertex  1.218087e+01  9.222306e+00  5.000000e-01
     vertex  1.218087e+01  8.714306e+00  5.000000e-01
   endloop
 endfacet
 facet normal  0.000000e+00  0.000000e+00  1.000000e+00
   outer loop
     vertex  1.243487e+01  8.714306e+00  5.000000e-01
     vertex  1.256187e+01  8.841306e+00  5.000000e-01
     vertex  1.256187e+01  9.095306e+00  5.000000e-01
   endloop
 endfacet
 facet normal  0.000000e+00 -0.000000e+00  1.000000e+00
   outer loop
     vertex  1.243487e+01  8.714306e+00  5.000000e-01
     vertex  1.256187e+01  9.095306e+00  5.000000e-01
     vertex  1.218087e+01  8.714306e+00  5.000000e-01
   endloop
 endfacet
 facet normal  0.000000e+00  0.000000e+00  1.000000e+00
   outer loop
     vertex  1.251405e+01  8.742013e+00  5.000000e-01
     vertex  1.246313e+01  8.717490e+00  5.000000e-01
     vertex  1.248997e+01  8.726883e+00  5.000000e-01
   endloop
 endfacet
 facet normal  0.000000e+00  0.000000e+00  1.000000e+00
   outer loop
     vertex  1.253416e+01  8.762122e+00  5.000000e-01
     vertex  1.243487e+01  8.714306e+00  5.000000e-01
     vertex  1.246313e+01  8.717490e+00  5.000000e-01
   endloop
 endfacet
 facet normal  0.000000e+00  0.000000e+00  1.000000e+00
   outer loop
     vertex  1.253416e+01  8.762122e+00  5.000000e-01
     vertex  1.254929e+01  8.786202e+00  5.000000e-01
     vertex  1.255868e+01  8.813046e+00  5.000000e-01
   endloop
 endfacet
 facet normal  0.000000e+00  0.000000e+00  1.000000e+00
   outer loop
     vertex  1.253416e+01  8.762122e+00  5.000000e-01
     vertex  1.255868e+01  8.813046e+00  5.000000e-01
     vertex  1.256187e+01  8.841306e+00  5.000000e-01
   endloop
 endfacet
 facet normal  0.000000e+00 -0.000000e+00  1.000000e+00
   outer loop
     vertex  1.253416e+01  8.762122e+00  5.000000e-01
     vertex  1.256187e+01  8.841306e+00  5.000000e-01
     vertex  1.243487e+01  8.714306e+00  5.000000e-01
   endloop
 endfacet
 facet normal  0.000000e+00  0.000000e+00  1.000000e+00
   outer loop
     vertex  1.253416e+01  8.762122e+00  5.000000e-01
     vertex  1.246313e+01  8.717490e+00  5.000000e-01
     vertex  1.251405e+01  8.742013e+00  5.000000e-01
   endloop
 endfacet
 facet normal  0.000000e+00  0.000000e+00  1.000000e+00
   outer loop
     vertex  1.215261e+01  1.023512e+01  5.000000e-01
     vertex  1.212576e+01  1.022573e+01  5.000000e-01
     vertex  1.210168e+01  1.021060e+01  5.000000e-01
   endloop
 endfacet
 facet normal  0.000000e+00  0.000000e+00  1.000000e+00
   outer loop
     vertex  1.205705e+01  1.013957e+01  5.000000e-01
     vertex  1.208157e+01  1.019049e+01  5.000000e-01
     vertex  1.206644e+01  1.016641e+01  5.000000e-01
   endloop
 endfacet
 facet normal  0.000000e+00  0.000000e+00  1.000000e+00
   outer loop
     vertex  1.205387e+01  1.011131e+01  5.000000e-01
     vertex  1.208157e+01  1.019049e+01  5.000000e-01
     vertex  1.205705e+01  1.013957e+01  5.000000e-01
   endloop
 endfacet
 facet normal  0.000000e+00  0.000000e+00  1.000000e+00
   outer loop
     vertex  1.218087e+01  1.023831e+01  5.000000e-01
     vertex  1.210168e+01  1.021060e+01  5.000000e-01
     vertex  1.208157e+01  1.019049e+01  5.000000e-01
   endloop
 endfacet
 facet normal  0.000000e+00  0.000000e+00  1.000000e+00
   outer loop
     vertex  1.218087e+01  1.023831e+01  5.000000e-01
     vertex  1.215261e+01  1.023512e+01  5.000000e-01
     vertex  1.210168e+01  1.021060e+01  5.000000e-01
   endloop
 endfacet
 facet normal  0.000000e+00  0.000000e+00  1.000000e+00
   outer loop
     vertex  1.218087e+01  1.023831e+01  5.000000e-01
     vertex  1.208157e+01  1.019049e+01  5.000000e-01
     vertex  1.205387e+01  1.011131e+01  5.000000e-01
   endloop
 endfacet
 facet normal  0.000000e+00  0.000000e+00  1.000000e+00
   outer loop
     vertex  1.206644e+01  9.802202e+00  5.000000e-01
     vertex  1.205387e+01  9.857306e+00  5.000000e-01
     vertex  1.205705e+01  9.829046e+00  5.000000e-01
   endloop
 endfacet
 facet normal  0.000000e+00  0.000000e+00  1.000000e+00
   outer loop
     vertex  1.210168e+01  9.758013e+00  5.000000e-01
     vertex  1.206644e+01  9.802202e+00  5.000000e-01
     vertex  1.208157e+01  9.778122e+00  5.000000e-01
   endloop
 endfacet
 facet normal  0.000000e+00  0.000000e+00  1.000000e+00
   outer loop
     vertex  1.254929e+01  1.016641e+01  5.000000e-01
     vertex  1.253416e+01  1.019049e+01  5.000000e-01
     vertex  1.251405e+01  1.021060e+01  5.000000e-01
   endloop
 endfacet
 facet normal  0.000000e+00  0.000000e+00  1.000000e+00
   outer loop
     vertex  1.254929e+01  1.016641e+01  5.000000e-01
     vertex  1.251405e+01  1.021060e+01  5.000000e-01
     vertex  1.248997e+01  1.022573e+01  5.000000e-01
   endloop
 endfacet
 facet normal  0.000000e+00  0.000000e+00  1.000000e+00
   outer loop
     vertex  1.254929e+01  1.016641e+01  5.000000e-01
     vertex  1.248997e+01  1.022573e+01  5.000000e-01
     vertex  1.246313e+01  1.023512e+01  5.000000e-01
   endloop
 endfacet
 facet normal  0.000000e+00  0.000000e+00  1.000000e+00
   outer loop
     vertex  1.254929e+01  1.016641e+01  5.000000e-01
     vertex  1.246313e+01  1.023512e+01  5.000000e-01
     vertex  1.243487e+01  1.023831e+01  5.000000e-01
   endloop
 endfacet
 facet normal  0.000000e+00  0.000000e+00  1.000000e+00
   outer loop
     vertex  1.218087e+01  9.730306e+00  5.000000e-01
     vertex  1.205387e+01  1.011131e+01  5.000000e-01
     vertex  1.205387e+01  9.857306e+00  5.000000e-01
   endloop
 endfacet
 facet normal  0.000000e+00  0.000000e+00  1.000000e+00
   outer loop
     vertex  1.218087e+01  9.730306e+00  5.000000e-01
     vertex  1.210168e+01  9.758013e+00  5.000000e-01
     vertex  1.212576e+01  9.742883e+00  5.000000e-01
   endloop
 endfacet
 facet normal  0.000000e+00  0.000000e+00  1.000000e+00
   outer loop
     vertex  1.218087e+01  9.730306e+00  5.000000e-01
     vertex  1.212576e+01  9.742883e+00  5.000000e-01
     vertex  1.215261e+01  9.733490e+00  5.000000e-01
   endloop
 endfacet
 facet normal  0.000000e+00  0.000000e+00  1.000000e+00
   outer loop
     vertex  1.218087e+01  9.730306e+00  5.000000e-01
     vertex  1.206644e+01  9.802202e+00  5.000000e-01
     vertex  1.210168e+01  9.758013e+00  5.000000e-01
   endloop
 endfacet
 facet normal  0.000000e+00 -0.000000e+00  1.000000e+00
   outer loop
     vertex  1.218087e+01  9.730306e+00  5.000000e-01
     vertex  1.218087e+01  1.023831e+01  5.000000e-01
     vertex  1.205387e+01  1.011131e+01  5.000000e-01
   endloop
 endfacet
 facet normal  0.000000e+00  0.000000e+00  1.000000e+00
   outer loop
     vertex  1.218087e+01  9.730306e+00  5.000000e-01
     vertex  1.205387e+01  9.857306e+00  5.000000e-01
     vertex  1.206644e+01  9.802202e+00  5.000000e-01
   endloop
 endfacet
 facet normal  0.000000e+00  0.000000e+00  1.000000e+00
   outer loop
     vertex  1.256187e+01  1.011131e+01  5.000000e-01
     vertex  1.255868e+01  1.013957e+01  5.000000e-01
     vertex  1.254929e+01  1.016641e+01  5.000000e-01
   endloop
 endfacet
 facet normal  0.000000e+00  0.000000e+00  1.000000e+00
   outer loop
     vertex  1.256187e+01  1.011131e+01  5.000000e-01
     vertex  1.243487e+01  1.023831e+01  5.000000e-01
     vertex  1.218087e+01  1.023831e+01  5.000000e-01
   endloop
 endfacet
 facet normal  0.000000e+00  0.000000e+00  1.000000e+00
   outer loop
     vertex  1.256187e+01  1.011131e+01  5.000000e-01
     vertex  1.254929e+01  1.016641e+01  5.000000e-01
     vertex  1.243487e+01  1.023831e+01  5.000000e-01
   endloop
 endfacet
 facet normal  0.000000e+00  0.000000e+00  1.000000e+00
   outer loop
     vertex  1.256187e+01  1.011131e+01  5.000000e-01
     vertex  1.218087e+01  1.023831e+01  5.000000e-01
     vertex  1.218087e+01  9.730306e+00  5.000000e-01
   endloop
 endfacet
 facet normal  0.000000e+00  0.000000e+00  1.000000e+00
   outer loop
     vertex  1.243487e+01  9.730306e+00  5.000000e-01
     vertex  1.256187e+01  9.857306e+00  5.000000e-01
     vertex  1.256187e+01  1.011131e+01  5.000000e-01
   endloop
 endfacet
 facet normal  0.000000e+00 -0.000000e+00  1.000000e+00
   outer loop
     vertex  1.243487e+01  9.730306e+00  5.000000e-01
     vertex  1.256187e+01  1.011131e+01  5.000000e-01
     vertex  1.218087e+01  9.730306e+00  5.000000e-01
   endloop
 endfacet
 facet normal  0.000000e+00  0.000000e+00  1.000000e+00
   outer loop
     vertex  1.251405e+01  9.758013e+00  5.000000e-01
     vertex  1.246313e+01  9.733490e+00  5.000000e-01
     vertex  1.248997e+01  9.742883e+00  5.000000e-01
   endloop
 endfacet
 facet normal  0.000000e+00  0.000000e+00  1.000000e+00
   outer loop
     vertex  1.253416e+01  9.778122e+00  5.000000e-01
     vertex  1.243487e+01  9.730306e+00  5.000000e-01
     vertex  1.246313e+01  9.733490e+00  5.000000e-01
   endloop
 endfacet
 facet normal  0.000000e+00  0.000000e+00  1.000000e+00
   outer loop
     vertex  1.253416e+01  9.778122e+00  5.000000e-01
     vertex  1.254929e+01  9.802202e+00  5.000000e-01
     vertex  1.255868e+01  9.829046e+00  5.000000e-01
   endloop
 endfacet
 facet normal  0.000000e+00  0.000000e+00  1.000000e+00
   outer loop
     vertex  1.253416e+01  9.778122e+00  5.000000e-01
     vertex  1.255868e+01  9.829046e+00  5.000000e-01
     vertex  1.256187e+01  9.857306e+00  5.000000e-01
   endloop
 endfacet
 facet normal  0.000000e+00 -0.000000e+00  1.000000e+00
   outer loop
     vertex  1.253416e+01  9.778122e+00  5.000000e-01
     vertex  1.256187e+01  9.857306e+00  5.000000e-01
     vertex  1.243487e+01  9.730306e+00  5.000000e-01
   endloop
 endfacet
 facet normal  0.000000e+00  0.000000e+00  1.000000e+00
   outer loop
     vertex  1.253416e+01  9.778122e+00  5.000000e-01
     vertex  1.246313e+01  9.733490e+00  5.000000e-01
     vertex  1.251405e+01  9.758013e+00  5.000000e-01
   endloop
 endfacet
 facet normal  0.000000e+00  0.000000e+00  1.000000e+00
   outer loop
     vertex  1.157593e+01  9.626318e+00  5.000000e-01
     vertex  1.087593e+01  1.002632e+01  5.000000e-01
     vertex  1.087593e+01  9.626318e+00  5.000000e-01
   endloop
 endfacet
 facet normal  0.000000e+00 -0.000000e+00  1.000000e+00
   outer loop
     vertex  1.157593e+01  9.626318e+00  5.000000e-01
     vertex  1.157593e+01  1.002632e+01  5.000000e-01
     vertex  1.087593e+01  1.002632e+01  5.000000e-01
   endloop
 endfacet
 facet normal  0.000000e+00 -0.000000e+00  1.000000e+00
   outer loop
     vertex  1.157593e+01  8.926294e+00  5.000000e-01
     vertex  1.157593e+01  9.326293e+00  5.000000e-01
     vertex  1.087593e+01  9.326293e+00  5.000000e-01
   endloop
 endfacet
 facet normal  0.000000e+00  0.000000e+00  1.000000e+00
   outer loop
     vertex  1.157593e+01  8.926294e+00  5.000000e-01
     vertex  1.087593e+01  9.326293e+00  5.000000e-01
     vertex  1.087593e+01  8.926294e+00  5.000000e-01
   endloop
 endfacet
 facet normal  0.000000e+00  0.000000e+00  1.000000e+00
   outer loop
     vertex  9.991951e+00  1.021997e+01  5.000000e-01
     vertex  9.965108e+00  1.021058e+01  5.000000e-01
     vertex  9.941028e+00  1.019545e+01  5.000000e-01
   endloop
 endfacet
 facet normal  0.000000e+00  0.000000e+00  1.000000e+00
   outer loop
     vertex  1.002021e+01  1.022316e+01  5.000000e-01
     vertex  9.991951e+00  1.021997e+01  5.000000e-01
     vertex  9.941028e+00  1.019545e+01  5.000000e-01
   endloop
 endfacet
 facet normal  0.000000e+00  0.000000e+00  1.000000e+00
   outer loop
     vertex  9.893211e+00  1.009616e+01  5.000000e-01
     vertex  9.941028e+00  1.019545e+01  5.000000e-01
     vertex  9.920919e+00  1.017534e+01  5.000000e-01
   endloop
 endfacet
 facet normal  0.000000e+00  0.000000e+00  1.000000e+00
   outer loop
     vertex  9.893211e+00  1.009616e+01  5.000000e-01
     vertex  9.920919e+00  1.017534e+01  5.000000e-01
     vertex  9.905788e+00  1.015126e+01  5.000000e-01
   endloop
 endfacet
 facet normal  0.000000e+00  0.000000e+00  1.000000e+00
   outer loop
     vertex  9.893211e+00  1.009616e+01  5.000000e-01
     vertex  9.905788e+00  1.015126e+01  5.000000e-01
     vertex  9.896395e+00  1.012442e+01  5.000000e-01
   endloop
 endfacet
 facet normal  0.000000e+00  0.000000e+00  1.000000e+00
   outer loop
     vertex  9.893211e+00  1.009616e+01  5.000000e-01
     vertex  1.002021e+01  1.022316e+01  5.000000e-01
     vertex  9.941028e+00  1.019545e+01  5.000000e-01
   endloop
 endfacet
 facet normal  0.000000e+00  0.000000e+00  1.000000e+00
   outer loop
     vertex  1.027421e+01  1.022316e+01  5.000000e-01
     vertex  1.002021e+01  1.022316e+01  5.000000e-01
     vertex  9.893211e+00  1.009616e+01  5.000000e-01
   endloop
 endfacet
 facet normal  0.000000e+00  0.000000e+00  1.000000e+00
   outer loop
     vertex  9.905788e+00  9.787054e+00  5.000000e-01
     vertex  9.893211e+00  9.842157e+00  5.000000e-01
     vertex  9.896395e+00  9.813897e+00  5.000000e-01
   endloop
 endfacet
 facet normal  0.000000e+00  0.000000e+00  1.000000e+00
   outer loop
     vertex  9.941028e+00  9.742865e+00  5.000000e-01
     vertex  9.905788e+00  9.787054e+00  5.000000e-01
     vertex  9.920919e+00  9.762974e+00  5.000000e-01
   endloop
 endfacet
 facet normal  0.000000e+00  0.000000e+00  1.000000e+00
   outer loop
     vertex  1.038863e+01  1.015126e+01  5.000000e-01
     vertex  1.037350e+01  1.017534e+01  5.000000e-01
     vertex  1.035339e+01  1.019545e+01  5.000000e-01
   endloop
 endfacet
 facet normal  0.000000e+00  0.000000e+00  1.000000e+00
   outer loop
     vertex  1.038863e+01  1.015126e+01  5.000000e-01
     vertex  1.035339e+01  1.019545e+01  5.000000e-01
     vertex  1.032931e+01  1.021058e+01  5.000000e-01
   endloop
 endfacet
 facet normal  0.000000e+00  0.000000e+00  1.000000e+00
   outer loop
     vertex  1.038863e+01  1.015126e+01  5.000000e-01
     vertex  1.032931e+01  1.021058e+01  5.000000e-01
     vertex  1.030247e+01  1.021997e+01  5.000000e-01
   endloop
 endfacet
 facet normal  0.000000e+00  0.000000e+00  1.000000e+00
   outer loop
     vertex  1.038863e+01  1.015126e+01  5.000000e-01
     vertex  1.030247e+01  1.021997e+01  5.000000e-01
     vertex  1.027421e+01  1.022316e+01  5.000000e-01
   endloop
 endfacet
 facet normal  0.000000e+00  0.000000e+00  1.000000e+00
   outer loop
     vertex  1.040121e+01  1.009616e+01  5.000000e-01
     vertex  1.039803e+01  1.012442e+01  5.000000e-01
     vertex  1.038863e+01  1.015126e+01  5.000000e-01
   endloop
 endfacet
 facet normal  0.000000e+00  0.000000e+00  1.000000e+00
   outer loop
     vertex  1.040121e+01  1.009616e+01  5.000000e-01
     vertex  1.038863e+01  1.015126e+01  5.000000e-01
     vertex  1.027421e+01  1.022316e+01  5.000000e-01
   endloop
 endfacet
 facet normal  0.000000e+00  0.000000e+00  1.000000e+00
   outer loop
     vertex  1.002021e+01  9.715157e+00  5.000000e-01
     vertex  9.893211e+00  1.009616e+01  5.000000e-01
     vertex  9.893211e+00  9.842157e+00  5.000000e-01
   endloop
 endfacet
 facet normal  0.000000e+00  0.000000e+00  1.000000e+00
   outer loop
     vertex  1.002021e+01  9.715157e+00  5.000000e-01
     vertex  9.941028e+00  9.742865e+00  5.000000e-01
     vertex  9.965108e+00  9.727734e+00  5.000000e-01
   endloop
 endfacet
 facet normal  0.000000e+00  0.000000e+00  1.000000e+00
   outer loop
     vertex  1.002021e+01  9.715157e+00  5.000000e-01
     vertex  9.965108e+00  9.727734e+00  5.000000e-01
     vertex  9.991951e+00  9.718341e+00  5.000000e-01
   endloop
 endfacet
 facet normal  0.000000e+00  0.000000e+00  1.000000e+00
   outer loop
     vertex  1.002021e+01  9.715157e+00  5.000000e-01
     vertex  9.905788e+00  9.787054e+00  5.000000e-01
     vertex  9.941028e+00  9.742865e+00  5.000000e-01
   endloop
 endfacet
 facet normal  0.000000e+00  0.000000e+00  1.000000e+00
   outer loop
     vertex  1.002021e+01  9.715157e+00  5.000000e-01
     vertex  9.893211e+00  9.842157e+00  5.000000e-01
     vertex  9.905788e+00  9.787054e+00  5.000000e-01
   endloop
 endfacet
 facet normal  0.000000e+00  0.000000e+00  1.000000e+00
   outer loop
     vertex  1.040121e+01  9.842157e+00  5.000000e-01
     vertex  1.027421e+01  1.022316e+01  5.000000e-01
     vertex  9.893211e+00  1.009616e+01  5.000000e-01
   endloop
 endfacet
 facet normal  0.000000e+00 -0.000000e+00  1.000000e+00
   outer loop
     vertex  1.040121e+01  9.842157e+00  5.000000e-01
     vertex  1.040121e+01  1.009616e+01  5.000000e-01
     vertex  1.027421e+01  1.022316e+01  5.000000e-01
   endloop
 endfacet
 facet normal  0.000000e+00  0.000000e+00  1.000000e+00
   outer loop
     vertex  1.040121e+01  9.842157e+00  5.000000e-01
     vertex  9.893211e+00  1.009616e+01  5.000000e-01
     vertex  1.002021e+01  9.715157e+00  5.000000e-01
   endloop
 endfacet
 facet normal  0.000000e+00 -0.000000e+00  1.000000e+00
   outer loop
     vertex  1.027421e+01  9.715157e+00  5.000000e-01
     vertex  1.040121e+01  9.842157e+00  5.000000e-01
     vertex  1.002021e+01  9.715157e+00  5.000000e-01
   endloop
 endfacet
 facet normal  0.000000e+00  0.000000e+00  1.000000e+00
   outer loop
     vertex  1.035339e+01  9.742865e+00  5.000000e-01
     vertex  1.030247e+01  9.718341e+00  5.000000e-01
     vertex  1.032931e+01  9.727734e+00  5.000000e-01
   endloop
 endfacet
 facet normal  0.000000e+00  0.000000e+00  1.000000e+00
   outer loop
     vertex  1.037350e+01  9.762974e+00  5.000000e-01
     vertex  1.027421e+01  9.715157e+00  5.000000e-01
     vertex  1.030247e+01  9.718341e+00  5.000000e-01
   endloop
 endfacet
 facet normal  0.000000e+00  0.000000e+00  1.000000e+00
   outer loop
     vertex  1.037350e+01  9.762974e+00  5.000000e-01
     vertex  1.038863e+01  9.787054e+00  5.000000e-01
     vertex  1.039803e+01  9.813897e+00  5.000000e-01
   endloop
 endfacet
 facet normal  0.000000e+00  0.000000e+00  1.000000e+00
   outer loop
     vertex  1.037350e+01  9.762974e+00  5.000000e-01
     vertex  1.039803e+01  9.813897e+00  5.000000e-01
     vertex  1.040121e+01  9.842157e+00  5.000000e-01
   endloop
 endfacet
 facet normal  0.000000e+00 -0.000000e+00  1.000000e+00
   outer loop
     vertex  1.037350e+01  9.762974e+00  5.000000e-01
     vertex  1.040121e+01  9.842157e+00  5.000000e-01
     vertex  1.027421e+01  9.715157e+00  5.000000e-01
   endloop
 endfacet
 facet normal  0.000000e+00  0.000000e+00  1.000000e+00
   outer loop
     vertex  1.037350e+01  9.762974e+00  5.000000e-01
     vertex  1.030247e+01  9.718341e+00  5.000000e-01
     vertex  1.035339e+01  9.742865e+00  5.000000e-01
   endloop
 endfacet
 facet normal  0.000000e+00  0.000000e+00  1.000000e+00
   outer loop
     vertex  9.991951e+00  9.203973e+00  5.000000e-01
     vertex  9.965108e+00  9.194580e+00  5.000000e-01
     vertex  9.941028e+00  9.179450e+00  5.000000e-01
   endloop
 endfacet
 facet normal  0.000000e+00  0.000000e+00  1.000000e+00
   outer loop
     vertex  1.002021e+01  9.207157e+00  5.000000e-01
     vertex  9.991951e+00  9.203973e+00  5.000000e-01
     vertex  9.941028e+00  9.179450e+00  5.000000e-01
   endloop
 endfacet
 facet normal  0.000000e+00  0.000000e+00  1.000000e+00
   outer loop
     vertex  9.893211e+00  9.080157e+00  5.000000e-01
     vertex  9.941028e+00  9.179450e+00  5.000000e-01
     vertex  9.920919e+00  9.159340e+00  5.000000e-01
   endloop
 endfacet
 facet normal  0.000000e+00  0.000000e+00  1.000000e+00
   outer loop
     vertex  9.893211e+00  9.080157e+00  5.000000e-01
     vertex  9.920919e+00  9.159340e+00  5.000000e-01
     vertex  9.905788e+00  9.135260e+00  5.000000e-01
   endloop
 endfacet
 facet normal  0.000000e+00  0.000000e+00  1.000000e+00
   outer loop
     vertex  9.893211e+00  9.080157e+00  5.000000e-01
     vertex  9.905788e+00  9.135260e+00  5.000000e-01
     vertex  9.896395e+00  9.108417e+00  5.000000e-01
   endloop
 endfacet
 facet normal  0.000000e+00  0.000000e+00  1.000000e+00
   outer loop
     vertex  9.893211e+00  9.080157e+00  5.000000e-01
     vertex  1.002021e+01  9.207157e+00  5.000000e-01
     vertex  9.941028e+00  9.179450e+00  5.000000e-01
   endloop
 endfacet
 facet normal  0.000000e+00  0.000000e+00  1.000000e+00
   outer loop
     vertex  1.027421e+01  9.207157e+00  5.000000e-01
     vertex  1.002021e+01  9.207157e+00  5.000000e-01
     vertex  9.893211e+00  9.080157e+00  5.000000e-01
   endloop
 endfacet
 facet normal  0.000000e+00  0.000000e+00  1.000000e+00
   outer loop
     vertex  9.905788e+00  8.771054e+00  5.000000e-01
     vertex  9.893211e+00  8.826157e+00  5.000000e-01
     vertex  9.896395e+00  8.797897e+00  5.000000e-01
   endloop
 endfacet
 facet normal  0.000000e+00  0.000000e+00  1.000000e+00
   outer loop
     vertex  9.941028e+00  8.726865e+00  5.000000e-01
     vertex  9.905788e+00  8.771054e+00  5.000000e-01
     vertex  9.920919e+00  8.746974e+00  5.000000e-01
   endloop
 endfacet
 facet normal  0.000000e+00  0.000000e+00  1.000000e+00
   outer loop
     vertex  1.038863e+01  9.135260e+00  5.000000e-01
     vertex  1.037350e+01  9.159340e+00  5.000000e-01
     vertex  1.035339e+01  9.179450e+00  5.000000e-01
   endloop
 endfacet
 facet normal  0.000000e+00  0.000000e+00  1.000000e+00
   outer loop
     vertex  1.038863e+01  9.135260e+00  5.000000e-01
     vertex  1.035339e+01  9.179450e+00  5.000000e-01
     vertex  1.032931e+01  9.194580e+00  5.000000e-01
   endloop
 endfacet
 facet normal  0.000000e+00  0.000000e+00  1.000000e+00
   outer loop
     vertex  1.038863e+01  9.135260e+00  5.000000e-01
     vertex  1.032931e+01  9.194580e+00  5.000000e-01
     vertex  1.030247e+01  9.203973e+00  5.000000e-01
   endloop
 endfacet
 facet normal  0.000000e+00  0.000000e+00  1.000000e+00
   outer loop
     vertex  1.038863e+01  9.135260e+00  5.000000e-01
     vertex  1.030247e+01  9.203973e+00  5.000000e-01
     vertex  1.027421e+01  9.207157e+00  5.000000e-01
   endloop
 endfacet
 facet normal  0.000000e+00  0.000000e+00  1.000000e+00
   outer loop
     vertex  1.040121e+01  9.080157e+00  5.000000e-01
     vertex  1.039803e+01  9.108417e+00  5.000000e-01
     vertex  1.038863e+01  9.135260e+00  5.000000e-01
   endloop
 endfacet
 facet normal  0.000000e+00  0.000000e+00  1.000000e+00
   outer loop
     vertex  1.040121e+01  9.080157e+00  5.000000e-01
     vertex  1.038863e+01  9.135260e+00  5.000000e-01
     vertex  1.027421e+01  9.207157e+00  5.000000e-01
   endloop
 endfacet
 facet normal  0.000000e+00  0.000000e+00  1.000000e+00
   outer loop
     vertex  1.002021e+01  8.699157e+00  5.000000e-01
     vertex  9.893211e+00  9.080157e+00  5.000000e-01
     vertex  9.893211e+00  8.826157e+00  5.000000e-01
   endloop
 endfacet
 facet normal  0.000000e+00  0.000000e+00  1.000000e+00
   outer loop
     vertex  1.002021e+01  8.699157e+00  5.000000e-01
     vertex  9.941028e+00  8.726865e+00  5.000000e-01
     vertex  9.965108e+00  8.711734e+00  5.000000e-01
   endloop
 endfacet
 facet normal  0.000000e+00  0.000000e+00  1.000000e+00
   outer loop
     vertex  1.002021e+01  8.699157e+00  5.000000e-01
     vertex  9.965108e+00  8.711734e+00  5.000000e-01
     vertex  9.991951e+00  8.702341e+00  5.000000e-01
   endloop
 endfacet
 facet normal  0.000000e+00  0.000000e+00  1.000000e+00
   outer loop
     vertex  1.002021e+01  8.699157e+00  5.000000e-01
     vertex  9.905788e+00  8.771054e+00  5.000000e-01
     vertex  9.941028e+00  8.726865e+00  5.000000e-01
   endloop
 endfacet
 facet normal  0.000000e+00  0.000000e+00  1.000000e+00
   outer loop
     vertex  1.002021e+01  8.699157e+00  5.000000e-01
     vertex  9.893211e+00  8.826157e+00  5.000000e-01
     vertex  9.905788e+00  8.771054e+00  5.000000e-01
   endloop
 endfacet
 facet normal  0.000000e+00  0.000000e+00  1.000000e+00
   outer loop
     vertex  1.040121e+01  8.826157e+00  5.000000e-01
     vertex  1.027421e+01  9.207157e+00  5.000000e-01
     vertex  9.893211e+00  9.080157e+00  5.000000e-01
   endloop
 endfacet
 facet normal  0.000000e+00 -0.000000e+00  1.000000e+00
   outer loop
     vertex  1.040121e+01  8.826157e+00  5.000000e-01
     vertex  1.040121e+01  9.080157e+00  5.000000e-01
     vertex  1.027421e+01  9.207157e+00  5.000000e-01
   endloop
 endfacet
 facet normal  0.000000e+00  0.000000e+00  1.000000e+00
   outer loop
     vertex  1.040121e+01  8.826157e+00  5.000000e-01
     vertex  9.893211e+00  9.080157e+00  5.000000e-01
     vertex  1.002021e+01  8.699157e+00  5.000000e-01
   endloop
 endfacet
 facet normal  0.000000e+00 -0.000000e+00  1.000000e+00
   outer loop
     vertex  1.027421e+01  8.699157e+00  5.000000e-01
     vertex  1.040121e+01  8.826157e+00  5.000000e-01
     vertex  1.002021e+01  8.699157e+00  5.000000e-01
   endloop
 endfacet
 facet normal  0.000000e+00  0.000000e+00  1.000000e+00
   outer loop
     vertex  1.035339e+01  8.726865e+00  5.000000e-01
     vertex  1.030247e+01  8.702341e+00  5.000000e-01
     vertex  1.032931e+01  8.711734e+00  5.000000e-01
   endloop
 endfacet
 facet normal  0.000000e+00  0.000000e+00  1.000000e+00
   outer loop
     vertex  1.037350e+01  8.746974e+00  5.000000e-01
     vertex  1.027421e+01  8.699157e+00  5.000000e-01
     vertex  1.030247e+01  8.702341e+00  5.000000e-01
   endloop
 endfacet
 facet normal  0.000000e+00  0.000000e+00  1.000000e+00
   outer loop
     vertex  1.037350e+01  8.746974e+00  5.000000e-01
     vertex  1.038863e+01  8.771054e+00  5.000000e-01
     vertex  1.039803e+01  8.797897e+00  5.000000e-01
   endloop
 endfacet
 facet normal  0.000000e+00  0.000000e+00  1.000000e+00
   outer loop
     vertex  1.037350e+01  8.746974e+00  5.000000e-01
     vertex  1.039803e+01  8.797897e+00  5.000000e-01
     vertex  1.040121e+01  8.826157e+00  5.000000e-01
   endloop
 endfacet
 facet normal  0.000000e+00 -0.000000e+00  1.000000e+00
   outer loop
     vertex  1.037350e+01  8.746974e+00  5.000000e-01
     vertex  1.040121e+01  8.826157e+00  5.000000e-01
     vertex  1.027421e+01  8.699157e+00  5.000000e-01
   endloop
 endfacet
 facet normal  0.000000e+00  0.000000e+00  1.000000e+00
   outer loop
     vertex  1.037350e+01  8.746974e+00  5.000000e-01
     vertex  1.030247e+01  8.702341e+00  5.000000e-01
     vertex  1.035339e+01  8.726865e+00  5.000000e-01
   endloop
 endfacet
 facet normal -1.000000e+00  0.000000e+00  0.000000e+00
   outer loop
     vertex  1.511405e+01  8.826157e+00  5.000000e-01
     vertex  1.511405e+01  9.080157e+00  5.000000e-01
     vertex  1.511405e+01  9.080157e+00  0.000000e+00
   endloop
 endfacet
 facet normal -1.000000e+00  0.000000e+00  0.000000e+00
   outer loop
     vertex  1.511405e+01  8.826157e+00  5.000000e-01
     vertex  1.511405e+01  9.080157e+00  0.000000e+00
     vertex  1.511405e+01  8.826157e+00  0.000000e+00
   endloop
 endfacet
 facet normal -1.119645e-01  9.937122e-01  0.000000e+00
   outer loop
     vertex  1.521279e+01  9.203973e+00  5.000000e-01
     vertex  1.524105e+01  9.207157e+00  5.000000e-01
     vertex  1.524105e+01  9.207157e+00  0.000000e+00
   endloop
 endfacet
 facet normal -1.119645e-01  9.937122e-01  0.000000e+00
   outer loop
     vertex  1.521279e+01  9.203973e+00  5.000000e-01
     vertex  1.524105e+01  9.207157e+00  0.000000e+00
     vertex  1.521279e+01  9.203973e+00  0.000000e+00
   endloop
 endfacet
 facet normal -3.302791e-01  9.438833e-01  0.000000e+00
   outer loop
     vertex  1.518595e+01  9.194580e+00  5.000000e-01
     vertex  1.521279e+01  9.203973e+00  0.000000e+00
     vertex  1.518595e+01  9.194580e+00  0.000000e+00
   endloop
 endfacet
 facet normal -3.302791e-01  9.438833e-01  0.000000e+00
   outer loop
     vertex  1.518595e+01  9.194580e+00  5.000000e-01
     vertex  1.521279e+01  9.203973e+00  5.000000e-01
     vertex  1.521279e+01  9.203973e+00  0.000000e+00
   endloop
 endfacet
 facet normal -5.320321e-01  8.467242e-01  0.000000e+00
   outer loop
     vertex  1.516187e+01  9.179450e+00  5.000000e-01
     vertex  1.518595e+01  9.194580e+00  0.000000e+00
     vertex  1.516187e+01  9.179450e+00  0.000000e+00
   endloop
 endfacet
 facet normal -5.320321e-01  8.467242e-01  0.000000e+00
   outer loop
     vertex  1.516187e+01  9.179450e+00  5.000000e-01
     vertex  1.518595e+01  9.194580e+00  5.000000e-01
     vertex  1.518595e+01  9.194580e+00  0.000000e+00
   endloop
 endfacet
 facet normal -7.071068e-01  7.071068e-01  0.000000e+00
   outer loop
     vertex  1.514176e+01  9.159340e+00  5.000000e-01
     vertex  1.516187e+01  9.179450e+00  0.000000e+00
     vertex  1.514176e+01  9.159340e+00  0.000000e+00
   endloop
 endfacet
 facet normal -7.071068e-01  7.071068e-01  0.000000e+00
   outer loop
     vertex  1.514176e+01  9.159340e+00  5.000000e-01
     vertex  1.516187e+01  9.179450e+00  5.000000e-01
     vertex  1.516187e+01  9.179450e+00  0.000000e+00
   endloop
 endfacet
 facet normal -8.467242e-01  5.320321e-01  0.000000e+00
   outer loop
     vertex  1.512663e+01  9.135260e+00  5.000000e-01
     vertex  1.514176e+01  9.159340e+00  0.000000e+00
     vertex  1.512663e+01  9.135260e+00  0.000000e+00
   endloop
 endfacet
 facet normal -8.467242e-01  5.320321e-01  0.000000e+00
   outer loop
     vertex  1.512663e+01  9.135260e+00  5.000000e-01
     vertex  1.514176e+01  9.159340e+00  5.000000e-01
     vertex  1.514176e+01  9.159340e+00  0.000000e+00
   endloop
 endfacet
 facet normal -9.438833e-01  3.302791e-01  0.000000e+00
   outer loop
     vertex  1.511723e+01  9.108417e+00  5.000000e-01
     vertex  1.512663e+01  9.135260e+00  0.000000e+00
     vertex  1.511723e+01  9.108417e+00  0.000000e+00
   endloop
 endfacet
 facet normal -9.438833e-01  3.302791e-01  0.000000e+00
   outer loop
     vertex  1.511723e+01  9.108417e+00  5.000000e-01
     vertex  1.512663e+01  9.135260e+00  5.000000e-01
     vertex  1.512663e+01  9.135260e+00  0.000000e+00
   endloop
 endfacet
 facet normal -9.937122e-01  1.119645e-01  0.000000e+00
   outer loop
     vertex  1.511405e+01  9.080157e+00  5.000000e-01
     vertex  1.511723e+01  9.108417e+00  0.000000e+00
     vertex  1.511405e+01  9.080157e+00  0.000000e+00
   endloop
 endfacet
 facet normal -9.937122e-01  1.119645e-01  0.000000e+00
   outer loop
     vertex  1.511405e+01  9.080157e+00  5.000000e-01
     vertex  1.511723e+01  9.108417e+00  5.000000e-01
     vertex  1.511723e+01  9.108417e+00  0.000000e+00
   endloop
 endfacet
 facet normal -0.000000e+00  1.000000e+00  0.000000e+00
   outer loop
     vertex  1.524105e+01  9.207157e+00  5.000000e-01
     vertex  1.549505e+01  9.207157e+00  5.000000e-01
     vertex  1.549505e+01  9.207157e+00  0.000000e+00
   endloop
 endfacet
 facet normal  0.000000e+00  1.000000e+00  0.000000e+00
   outer loop
     vertex  1.524105e+01  9.207157e+00  5.000000e-01
     vertex  1.549505e+01  9.207157e+00  0.000000e+00
     vertex  1.524105e+01  9.207157e+00  0.000000e+00
   endloop
 endfacet
 facet normal  9.937122e-01  1.119645e-01  0.000000e+00
   outer loop
     vertex  1.561886e+01  9.108417e+00  5.000000e-01
     vertex  1.562205e+01  9.080157e+00  5.000000e-01
     vertex  1.562205e+01  9.080157e+00  0.000000e+00
   endloop
 endfacet
 facet normal  9.937122e-01  1.119645e-01  3.977777e-16
   outer loop
     vertex  1.561886e+01  9.108417e+00  5.000000e-01
     vertex  1.562205e+01  9.080157e+00  0.000000e+00
     vertex  1.561886e+01  9.108417e+00  0.000000e+00
   endloop
 endfacet
 facet normal  9.438833e-01  3.302791e-01  1.173387e-15
   outer loop
     vertex  1.560947e+01  9.135260e+00  5.000000e-01
     vertex  1.561886e+01  9.108417e+00  0.000000e+00
     vertex  1.560947e+01  9.135260e+00  0.000000e+00
   endloop
 endfacet
 facet normal  9.438833e-01  3.302791e-01  1.174213e-15
   outer loop
     vertex  1.560947e+01  9.135260e+00  5.000000e-01
     vertex  1.561886e+01  9.108417e+00  5.000000e-01
     vertex  1.561886e+01  9.108417e+00  0.000000e+00
   endloop
 endfacet
 facet normal  8.467242e-01  5.320321e-01 -1.118011e-15
   outer loop
     vertex  1.559434e+01  9.159340e+00  5.000000e-01
     vertex  1.560947e+01  9.135260e+00  0.000000e+00
     vertex  1.559434e+01  9.159340e+00  0.000000e+00
   endloop
 endfacet
 facet normal  8.467242e-01  5.320321e-01  1.887129e-15
   outer loop
     vertex  1.559434e+01  9.159340e+00  5.000000e-01
     vertex  1.560947e+01  9.135260e+00  5.000000e-01
     vertex  1.560947e+01  9.135260e+00  0.000000e+00
   endloop
 endfacet
 facet normal  7.071068e-01  7.071068e-01  0.000000e+00
   outer loop
     vertex  1.557423e+01  9.179450e+00  5.000000e-01
     vertex  1.559434e+01  9.159340e+00  0.000000e+00
     vertex  1.557423e+01  9.179450e+00  0.000000e+00
   endloop
 endfacet
 facet normal  7.071068e-01  7.071068e-01  0.000000e+00
   outer loop
     vertex  1.557423e+01  9.179450e+00  5.000000e-01
     vertex  1.559434e+01  9.159340e+00  5.000000e-01
     vertex  1.559434e+01  9.159340e+00  0.000000e+00
   endloop
 endfacet
 facet normal  5.320321e-01  8.467242e-01 -1.890158e-15
   outer loop
     vertex  1.555015e+01  9.194580e+00  5.000000e-01
     vertex  1.557423e+01  9.179450e+00  0.000000e+00
     vertex  1.555015e+01  9.194580e+00  0.000000e+00
   endloop
 endfacet
 facet normal  5.320321e-01  8.467242e-01  0.000000e+00
   outer loop
     vertex  1.555015e+01  9.194580e+00  5.000000e-01
     vertex  1.557423e+01  9.179450e+00  5.000000e-01
     vertex  1.557423e+01  9.179450e+00  0.000000e+00
   endloop
 endfacet
 facet normal  3.302791e-01  9.438833e-01  0.000000e+00
   outer loop
     vertex  1.552331e+01  9.203973e+00  5.000000e-01
     vertex  1.555015e+01  9.194580e+00  0.000000e+00
     vertex  1.552331e+01  9.203973e+00  0.000000e+00
   endloop
 endfacet
 facet normal  3.302791e-01  9.438833e-01 -1.170401e-15
   outer loop
     vertex  1.552331e+01  9.203973e+00  5.000000e-01
     vertex  1.555015e+01  9.194580e+00  5.000000e-01
     vertex  1.555015e+01  9.194580e+00  0.000000e+00
   endloop
 endfacet
 facet normal  1.119645e-01  9.937122e-01  0.000000e+00
   outer loop
     vertex  1.549505e+01  9.207157e+00  5.000000e-01
     vertex  1.552331e+01  9.203973e+00  0.000000e+00
     vertex  1.549505e+01  9.207157e+00  0.000000e+00
   endloop
 endfacet
 facet normal  1.119645e-01  9.937122e-01  0.000000e+00
   outer loop
     vertex  1.549505e+01  9.207157e+00  5.000000e-01
     vertex  1.552331e+01  9.203973e+00  5.000000e-01
     vertex  1.552331e+01  9.203973e+00  0.000000e+00
   endloop
 endfacet
 facet normal  1.000000e+00  0.000000e+00  0.000000e+00
   outer loop
     vertex  1.562205e+01  9.080157e+00  5.000000e-01
     vertex  1.562205e+01  8.826157e+00  5.000000e-01
     vertex  1.562205e+01  8.826157e+00  0.000000e+00
   endloop
 endfacet
 facet normal  1.000000e+00  0.000000e+00  0.000000e+00
   outer loop
     vertex  1.562205e+01  9.080157e+00  5.000000e-01
     vertex  1.562205e+01  8.826157e+00  0.000000e+00
     vertex  1.562205e+01  9.080157e+00  0.000000e+00
   endloop
 endfacet
 facet normal  1.119645e-01 -9.937122e-01  0.000000e+00
   outer loop
     vertex  1.552331e+01  8.702341e+00  5.000000e-01
     vertex  1.549505e+01  8.699157e+00  5.000000e-01
     vertex  1.549505e+01  8.699157e+00  0.000000e+00
   endloop
 endfacet
 facet normal  1.119645e-01 -9.937122e-01  0.000000e+00
   outer loop
     vertex  1.552331e+01  8.702341e+00  5.000000e-01
     vertex  1.549505e+01  8.699157e+00  0.000000e+00
     vertex  1.552331e+01  8.702341e+00  0.000000e+00
   endloop
 endfacet
 facet normal  3.302791e-01 -9.438833e-01  0.000000e+00
   outer loop
     vertex  1.555015e+01  8.711734e+00  5.000000e-01
     vertex  1.552331e+01  8.702341e+00  0.000000e+00
     vertex  1.555015e+01  8.711734e+00  0.000000e+00
   endloop
 endfacet
 facet normal  3.302791e-01 -9.438833e-01  0.000000e+00
   outer loop
     vertex  1.555015e+01  8.711734e+00  5.000000e-01
     vertex  1.552331e+01  8.702341e+00  5.000000e-01
     vertex  1.552331e+01  8.702341e+00  0.000000e+00
   endloop
 endfacet
 facet normal  5.320321e-01 -8.467242e-01  0.000000e+00
   outer loop
     vertex  1.557423e+01  8.726865e+00  5.000000e-01
     vertex  1.555015e+01  8.711734e+00  0.000000e+00
     vertex  1.557423e+01  8.726865e+00  0.000000e+00
   endloop
 endfacet
 facet normal  5.320321e-01 -8.467242e-01  0.000000e+00
   outer loop
     vertex  1.557423e+01  8.726865e+00  5.000000e-01
     vertex  1.555015e+01  8.711734e+00  5.000000e-01
     vertex  1.555015e+01  8.711734e+00  0.000000e+00
   endloop
 endfacet
 facet normal  7.071068e-01 -7.071068e-01  0.000000e+00
   outer loop
     vertex  1.559434e+01  8.746974e+00  5.000000e-01
     vertex  1.557423e+01  8.726865e+00  0.000000e+00
     vertex  1.559434e+01  8.746974e+00  0.000000e+00
   endloop
 endfacet
 facet normal  7.071068e-01 -7.071068e-01  0.000000e+00
   outer loop
     vertex  1.559434e+01  8.746974e+00  5.000000e-01
     vertex  1.557423e+01  8.726865e+00  5.000000e-01
     vertex  1.557423e+01  8.726865e+00  0.000000e+00
   endloop
 endfacet
 facet normal  8.467242e-01 -5.320321e-01  0.000000e+00
   outer loop
     vertex  1.560947e+01  8.771054e+00  5.000000e-01
     vertex  1.559434e+01  8.746974e+00  0.000000e+00
     vertex  1.560947e+01  8.771054e+00  0.000000e+00
   endloop
 endfacet
 facet normal  8.467242e-01 -5.320321e-01  0.000000e+00
   outer loop
     vertex  1.560947e+01  8.771054e+00  5.000000e-01
     vertex  1.559434e+01  8.746974e+00  5.000000e-01
     vertex  1.559434e+01  8.746974e+00  0.000000e+00
   endloop
 endfacet
 facet normal  9.438833e-01 -3.302791e-01  0.000000e+00
   outer loop
     vertex  1.561886e+01  8.797897e+00  5.000000e-01
     vertex  1.560947e+01  8.771054e+00  0.000000e+00
     vertex  1.561886e+01  8.797897e+00  0.000000e+00
   endloop
 endfacet
 facet normal  9.438833e-01 -3.302791e-01  0.000000e+00
   outer loop
     vertex  1.561886e+01  8.797897e+00  5.000000e-01
     vertex  1.560947e+01  8.771054e+00  5.000000e-01
     vertex  1.560947e+01  8.771054e+00  0.000000e+00
   endloop
 endfacet
 facet normal  9.937122e-01 -1.119645e-01  0.000000e+00
   outer loop
     vertex  1.562205e+01  8.826157e+00  5.000000e-01
     vertex  1.561886e+01  8.797897e+00  0.000000e+00
     vertex  1.562205e+01  8.826157e+00  0.000000e+00
   endloop
 endfacet
 facet normal  9.937122e-01 -1.119645e-01  0.000000e+00
   outer loop
     vertex  1.562205e+01  8.826157e+00  5.000000e-01
     vertex  1.561886e+01  8.797897e+00  5.000000e-01
     vertex  1.561886e+01  8.797897e+00  0.000000e+00
   endloop
 endfacet
 facet normal -0.000000e+00 -1.000000e+00  0.000000e+00
   outer loop
     vertex  1.549505e+01  8.699157e+00  5.000000e-01
     vertex  1.524105e+01  8.699157e+00  5.000000e-01
     vertex  1.524105e+01  8.699157e+00  0.000000e+00
   endloop
 endfacet
 facet normal  0.000000e+00 -1.000000e+00 -0.000000e+00
   outer loop
     vertex  1.549505e+01  8.699157e+00  5.000000e-01
     vertex  1.524105e+01  8.699157e+00  0.000000e+00
     vertex  1.549505e+01  8.699157e+00  0.000000e+00
   endloop
 endfacet
 facet normal -9.937122e-01 -1.119645e-01  0.000000e+00
   outer loop
     vertex  1.511723e+01  8.797897e+00  5.000000e-01
     vertex  1.511405e+01  8.826157e+00  5.000000e-01
     vertex  1.511405e+01  8.826157e+00  0.000000e+00
   endloop
 endfacet
 facet normal -9.937122e-01 -1.119645e-01  3.977777e-16
   outer loop
     vertex  1.511723e+01  8.797897e+00  5.000000e-01
     vertex  1.511405e+01  8.826157e+00  0.000000e+00
     vertex  1.511723e+01  8.797897e+00  0.000000e+00
   endloop
 endfacet
 facet normal -9.438833e-01 -3.302791e-01  1.173387e-15
   outer loop
     vertex  1.512663e+01  8.771054e+00  5.000000e-01
     vertex  1.511723e+01  8.797897e+00  0.000000e+00
     vertex  1.512663e+01  8.771054e+00  0.000000e+00
   endloop
 endfacet
 facet normal -9.438833e-01 -3.302791e-01  1.174213e-15
   outer loop
     vertex  1.512663e+01  8.771054e+00  5.000000e-01
     vertex  1.511723e+01  8.797897e+00  5.000000e-01
     vertex  1.511723e+01  8.797897e+00  0.000000e+00
   endloop
 endfacet
 facet normal -8.467242e-01 -5.320321e-01 -1.118011e-15
   outer loop
     vertex  1.514176e+01  8.746974e+00  5.000000e-01
     vertex  1.512663e+01  8.771054e+00  0.000000e+00
     vertex  1.514176e+01  8.746974e+00  0.000000e+00
   endloop
 endfacet
 facet normal -8.467242e-01 -5.320321e-01  1.887129e-15
   outer loop
     vertex  1.514176e+01  8.746974e+00  5.000000e-01
     vertex  1.512663e+01  8.771054e+00  5.000000e-01
     vertex  1.512663e+01  8.771054e+00  0.000000e+00
   endloop
 endfacet
 facet normal -7.071068e-01 -7.071068e-01 -0.000000e+00
   outer loop
     vertex  1.516187e+01  8.726865e+00  5.000000e-01
     vertex  1.514176e+01  8.746974e+00  0.000000e+00
     vertex  1.516187e+01  8.726865e+00  0.000000e+00
   endloop
 endfacet
 facet normal -7.071068e-01 -7.071068e-01  0.000000e+00
   outer loop
     vertex  1.516187e+01  8.726865e+00  5.000000e-01
     vertex  1.514176e+01  8.746974e+00  5.000000e-01
     vertex  1.514176e+01  8.746974e+00  0.000000e+00
   endloop
 endfacet
 facet normal -5.320321e-01 -8.467242e-01 -1.890158e-15
   outer loop
     vertex  1.518595e+01  8.711734e+00  5.000000e-01
     vertex  1.516187e+01  8.726865e+00  0.000000e+00
     vertex  1.518595e+01  8.711734e+00  0.000000e+00
   endloop
 endfacet
 facet normal -5.320321e-01 -8.467242e-01  0.000000e+00
   outer loop
     vertex  1.518595e+01  8.711734e+00  5.000000e-01
     vertex  1.516187e+01  8.726865e+00  5.000000e-01
     vertex  1.516187e+01  8.726865e+00  0.000000e+00
   endloop
 endfacet
 facet normal -3.302791e-01 -9.438833e-01 -0.000000e+00
   outer loop
     vertex  1.521279e+01  8.702341e+00  5.000000e-01
     vertex  1.518595e+01  8.711734e+00  0.000000e+00
     vertex  1.521279e+01  8.702341e+00  0.000000e+00
   endloop
 endfacet
 facet normal -3.302791e-01 -9.438833e-01 -1.170401e-15
   outer loop
     vertex  1.521279e+01  8.702341e+00  5.000000e-01
     vertex  1.518595e+01  8.711734e+00  5.000000e-01
     vertex  1.518595e+01  8.711734e+00  0.000000e+00
   endloop
 endfacet
 facet normal -1.119645e-01 -9.937122e-01 -0.000000e+00
   outer loop
     vertex  1.524105e+01  8.699157e+00  5.000000e-01
     vertex  1.521279e+01  8.702341e+00  0.000000e+00
     vertex  1.524105e+01  8.699157e+00  0.000000e+00
   endloop
 endfacet
 facet normal -1.119645e-01 -9.937122e-01  0.000000e+00
   outer loop
     vertex  1.524105e+01  8.699157e+00  5.000000e-01
     vertex  1.521279e+01  8.702341e+00  5.000000e-01
     vertex  1.521279e+01  8.702341e+00  0.000000e+00
   endloop
 endfacet
 facet normal -0.000000e+00  1.000000e+00  0.000000e+00
   outer loop
     vertex  1.393617e+01  1.002632e+01  5.000000e-01
     vertex  1.463617e+01  1.002632e+01  5.000000e-01
     vertex  1.463617e+01  1.002632e+01  0.000000e+00
   endloop
 endfacet
 facet normal  0.000000e+00  1.000000e+00  0.000000e+00
   outer loop
     vertex  1.393617e+01  1.002632e+01  5.000000e-01
     vertex  1.463617e+01  1.002632e+01  0.000000e+00
     vertex  1.393617e+01  1.002632e+01  0.000000e+00
   endloop
 endfacet
 facet normal  1.000000e+00  0.000000e+00  0.000000e+00
   outer loop
     vertex  1.463617e+01  1.002632e+01  5.000000e-01
     vertex  1.463617e+01  9.626318e+00  5.000000e-01
     vertex  1.463617e+01  9.626318e+00  0.000000e+00
   endloop
 endfacet
 facet normal  1.000000e+00  0.000000e+00  0.000000e+00
   outer loop
     vertex  1.463617e+01  1.002632e+01  5.000000e-01
     vertex  1.463617e+01  9.626318e+00  0.000000e+00
     vertex  1.463617e+01  1.002632e+01  0.000000e+00
   endloop
 endfacet
 facet normal -0.000000e+00 -1.000000e+00  0.000000e+00
   outer loop
     vertex  1.463617e+01  9.626318e+00  5.000000e-01
     vertex  1.393617e+01  9.626318e+00  5.000000e-01
     vertex  1.393617e+01  9.626318e+00  0.000000e+00
   endloop
 endfacet
 facet normal  0.000000e+00 -1.000000e+00 -0.000000e+00
   outer loop
     vertex  1.463617e+01  9.626318e+00  5.000000e-01
     vertex  1.393617e+01  9.626318e+00  0.000000e+00
     vertex  1.463617e+01  9.626318e+00  0.000000e+00
   endloop
 endfacet
 facet normal -1.000000e+00  0.000000e+00  0.000000e+00
   outer loop
     vertex  1.393617e+01  9.626318e+00  5.000000e-01
     vertex  1.393617e+01  1.002632e+01  5.000000e-01
     vertex  1.393617e+01  1.002632e+01  0.000000e+00
   endloop
 endfacet
 facet normal -1.000000e+00  0.000000e+00  0.000000e+00
   outer loop
     vertex  1.393617e+01  9.626318e+00  5.000000e-01
     vertex  1.393617e+01  1.002632e+01  0.000000e+00
     vertex  1.393617e+01  9.626318e+00  0.000000e+00
   endloop
 endfacet
 facet normal -0.000000e+00  1.000000e+00  0.000000e+00
   outer loop
     vertex  1.393617e+01  9.326293e+00  5.000000e-01
     vertex  1.463617e+01  9.326293e+00  5.000000e-01
     vertex  1.463617e+01  9.326293e+00  0.000000e+00
   endloop
 endfacet
 facet normal  0.000000e+00  1.000000e+00  0.000000e+00
   outer loop
     vertex  1.393617e+01  9.326293e+00  5.000000e-01
     vertex  1.463617e+01  9.326293e+00  0.000000e+00
     vertex  1.393617e+01  9.326293e+00  0.000000e+00
   endloop
 endfacet
 facet normal  1.000000e+00  0.000000e+00  0.000000e+00
   outer loop
     vertex  1.463617e+01  9.326293e+00  5.000000e-01
     vertex  1.463617e+01  8.926294e+00  5.000000e-01
     vertex  1.463617e+01  8.926294e+00  0.000000e+00
   endloop
 endfacet
 facet normal  1.000000e+00  0.000000e+00  0.000000e+00
   outer loop
     vertex  1.463617e+01  9.326293e+00  5.000000e-01
     vertex  1.463617e+01  8.926294e+00  0.000000e+00
     vertex  1.463617e+01  9.326293e+00  0.000000e+00
   endloop
 endfacet
 facet normal -0.000000e+00 -1.000000e+00  0.000000e+00
   outer loop
     vertex  1.463617e+01  8.926294e+00  5.000000e-01
     vertex  1.393617e+01  8.926294e+00  5.000000e-01
     vertex  1.393617e+01  8.926294e+00  0.000000e+00
   endloop
 endfacet
 facet normal  0.000000e+00 -1.000000e+00 -0.000000e+00
   outer loop
     vertex  1.463617e+01  8.926294e+00  5.000000e-01
     vertex  1.393617e+01  8.926294e+00  0.000000e+00
     vertex  1.463617e+01  8.926294e+00  0.000000e+00
   endloop
 endfacet
 facet normal -1.000000e+00  0.000000e+00  0.000000e+00
   outer loop
     vertex  1.393617e+01  8.926294e+00  5.000000e-01
     vertex  1.393617e+01  9.326293e+00  5.000000e-01
     vertex  1.393617e+01  9.326293e+00  0.000000e+00
   endloop
 endfacet
 facet normal -1.000000e+00  0.000000e+00  0.000000e+00
   outer loop
     vertex  1.393617e+01  8.926294e+00  5.000000e-01
     vertex  1.393617e+01  9.326293e+00  0.000000e+00
     vertex  1.393617e+01  8.926294e+00  0.000000e+00
   endloop
 endfacet
 facet normal  1.000000e+00  0.000000e+00  0.000000e+00
   outer loop
     vertex  1.343349e+01  1.011131e+01  5.000000e-01
     vertex  1.343349e+01  9.857306e+00  5.000000e-01
     vertex  1.343349e+01  9.857306e+00  0.000000e+00
   endloop
 endfacet
 facet normal  1.000000e+00  0.000000e+00  0.000000e+00
   outer loop
     vertex  1.343349e+01  1.011131e+01  5.000000e-01
     vertex  1.343349e+01  9.857306e+00  0.000000e+00
     vertex  1.343349e+01  1.011131e+01  0.000000e+00
   endloop
 endfacet
 facet normal  1.119645e-01 -9.937122e-01  0.000000e+00
   outer loop
     vertex  1.333475e+01  9.733490e+00  5.000000e-01
     vertex  1.330649e+01  9.730306e+00  5.000000e-01
     vertex  1.330649e+01  9.730306e+00  0.000000e+00
   endloop
 endfacet
 facet normal  1.119645e-01 -9.937122e-01  0.000000e+00
   outer loop
     vertex  1.333475e+01  9.733490e+00  5.000000e-01
     vertex  1.330649e+01  9.730306e+00  0.000000e+00
     vertex  1.333475e+01  9.733490e+00  0.000000e+00
   endloop
 endfacet
 facet normal  3.302791e-01 -9.438833e-01  0.000000e+00
   outer loop
     vertex  1.336160e+01  9.742883e+00  5.000000e-01
     vertex  1.333475e+01  9.733490e+00  0.000000e+00
     vertex  1.336160e+01  9.742883e+00  0.000000e+00
   endloop
 endfacet
 facet normal  3.302791e-01 -9.438833e-01  0.000000e+00
   outer loop
     vertex  1.336160e+01  9.742883e+00  5.000000e-01
     vertex  1.333475e+01  9.733490e+00  5.000000e-01
     vertex  1.333475e+01  9.733490e+00  0.000000e+00
   endloop
 endfacet
 facet normal  5.320321e-01 -8.467242e-01  0.000000e+00
   outer loop
     vertex  1.338568e+01  9.758013e+00  5.000000e-01
     vertex  1.336160e+01  9.742883e+00  0.000000e+00
     vertex  1.338568e+01  9.758013e+00  0.000000e+00
   endloop
 endfacet
 facet normal  5.320321e-01 -8.467242e-01  0.000000e+00
   outer loop
     vertex  1.338568e+01  9.758013e+00  5.000000e-01
     vertex  1.336160e+01  9.742883e+00  5.000000e-01
     vertex  1.336160e+01  9.742883e+00  0.000000e+00
   endloop
 endfacet
 facet normal  7.071068e-01 -7.071068e-01  0.000000e+00
   outer loop
     vertex  1.340579e+01  9.778122e+00  5.000000e-01
     vertex  1.338568e+01  9.758013e+00  0.000000e+00
     vertex  1.340579e+01  9.778122e+00  0.000000e+00
   endloop
 endfacet
 facet normal  7.071068e-01 -7.071068e-01  0.000000e+00
   outer loop
     vertex  1.340579e+01  9.778122e+00  5.000000e-01
     vertex  1.338568e+01  9.758013e+00  5.000000e-01
     vertex  1.338568e+01  9.758013e+00  0.000000e+00
   endloop
 endfacet
 facet normal  8.467242e-01 -5.320321e-01  0.000000e+00
   outer loop
     vertex  1.342092e+01  9.802202e+00  5.000000e-01
     vertex  1.340579e+01  9.778122e+00  0.000000e+00
     vertex  1.342092e+01  9.802202e+00  0.000000e+00
   endloop
 endfacet
 facet normal  8.467242e-01 -5.320321e-01  0.000000e+00
   outer loop
     vertex  1.342092e+01  9.802202e+00  5.000000e-01
     vertex  1.340579e+01  9.778122e+00  5.000000e-01
     vertex  1.340579e+01  9.778122e+00  0.000000e+00
   endloop
 endfacet
 facet normal  9.438833e-01 -3.302791e-01  0.000000e+00
   outer loop
     vertex  1.343031e+01  9.829046e+00  5.000000e-01
     vertex  1.342092e+01  9.802202e+00  0.000000e+00
     vertex  1.343031e+01  9.829046e+00  0.000000e+00
   endloop
 endfacet
 facet normal  9.438833e-01 -3.302791e-01  0.000000e+00
   outer loop
     vertex  1.343031e+01  9.829046e+00  5.000000e-01
     vertex  1.342092e+01  9.802202e+00  5.000000e-01
     vertex  1.342092e+01  9.802202e+00  0.000000e+00
   endloop
 endfacet
 facet normal  9.937122e-01 -1.119645e-01  0.000000e+00
   outer loop
     vertex  1.343349e+01  9.857306e+00  5.000000e-01
     vertex  1.343031e+01  9.829046e+00  0.000000e+00
     vertex  1.343349e+01  9.857306e+00  0.000000e+00
   endloop
 endfacet
 facet normal  9.937122e-01 -1.119645e-01  0.000000e+00
   outer loop
     vertex  1.343349e+01  9.857306e+00  5.000000e-01
     vertex  1.343031e+01  9.829046e+00  5.000000e-01
     vertex  1.343031e+01  9.829046e+00  0.000000e+00
   endloop
 endfacet
 facet normal -0.000000e+00 -1.000000e+00  0.000000e+00
   outer loop
     vertex  1.330649e+01  9.730306e+00  5.000000e-01
     vertex  1.305249e+01  9.730306e+00  5.000000e-01
     vertex  1.305249e+01  9.730306e+00  0.000000e+00
   endloop
 endfacet
 facet normal  0.000000e+00 -1.000000e+00 -0.000000e+00
   outer loop
     vertex  1.330649e+01  9.730306e+00  5.000000e-01
     vertex  1.305249e+01  9.730306e+00  0.000000e+00
     vertex  1.330649e+01  9.730306e+00  0.000000e+00
   endloop
 endfacet
 facet normal -9.937122e-01 -1.119645e-01  0.000000e+00
   outer loop
     vertex  1.292868e+01  9.829046e+00  5.000000e-01
     vertex  1.292549e+01  9.857306e+00  5.000000e-01
     vertex  1.292549e+01  9.857306e+00  0.000000e+00
   endloop
 endfacet
 facet normal -9.937122e-01 -1.119645e-01  3.977777e-16
   outer loop
     vertex  1.292868e+01  9.829046e+00  5.000000e-01
     vertex  1.292549e+01  9.857306e+00  0.000000e+00
     vertex  1.292868e+01  9.829046e+00  0.000000e+00
   endloop
 endfacet
 facet normal -9.438833e-01 -3.302791e-01  1.173387e-15
   outer loop
     vertex  1.293807e+01  9.802202e+00  5.000000e-01
     vertex  1.292868e+01  9.829046e+00  0.000000e+00
     vertex  1.293807e+01  9.802202e+00  0.000000e+00
   endloop
 endfacet
 facet normal -9.438833e-01 -3.302791e-01  1.174213e-15
   outer loop
     vertex  1.293807e+01  9.802202e+00  5.000000e-01
     vertex  1.292868e+01  9.829046e+00  5.000000e-01
     vertex  1.292868e+01  9.829046e+00  0.000000e+00
   endloop
 endfacet
 facet normal -8.467242e-01 -5.320321e-01 -1.118011e-15
   outer loop
     vertex  1.295320e+01  9.778122e+00  5.000000e-01
     vertex  1.293807e+01  9.802202e+00  0.000000e+00
     vertex  1.295320e+01  9.778122e+00  0.000000e+00
   endloop
 endfacet
 facet normal -8.467242e-01 -5.320321e-01  1.887129e-15
   outer loop
     vertex  1.295320e+01  9.778122e+00  5.000000e-01
     vertex  1.293807e+01  9.802202e+00  5.000000e-01
     vertex  1.293807e+01  9.802202e+00  0.000000e+00
   endloop
 endfacet
 facet normal -7.071068e-01 -7.071068e-01 -0.000000e+00
   outer loop
     vertex  1.297331e+01  9.758013e+00  5.000000e-01
     vertex  1.295320e+01  9.778122e+00  0.000000e+00
     vertex  1.297331e+01  9.758013e+00  0.000000e+00
   endloop
 endfacet
 facet normal -7.071068e-01 -7.071068e-01  0.000000e+00
   outer loop
     vertex  1.297331e+01  9.758013e+00  5.000000e-01
     vertex  1.295320e+01  9.778122e+00  5.000000e-01
     vertex  1.295320e+01  9.778122e+00  0.000000e+00
   endloop
 endfacet
 facet normal -5.320321e-01 -8.467242e-01 -1.890158e-15
   outer loop
     vertex  1.299739e+01  9.742883e+00  5.000000e-01
     vertex  1.297331e+01  9.758013e+00  0.000000e+00
     vertex  1.299739e+01  9.742883e+00  0.000000e+00
   endloop
 endfacet
 facet normal -5.320321e-01 -8.467242e-01  0.000000e+00
   outer loop
     vertex  1.299739e+01  9.742883e+00  5.000000e-01
     vertex  1.297331e+01  9.758013e+00  5.000000e-01
     vertex  1.297331e+01  9.758013e+00  0.000000e+00
   endloop
 endfacet
 facet normal -3.302791e-01 -9.438833e-01 -0.000000e+00
   outer loop
     vertex  1.302423e+01  9.733490e+00  5.000000e-01
     vertex  1.299739e+01  9.742883e+00  0.000000e+00
     vertex  1.302423e+01  9.733490e+00  0.000000e+00
   endloop
 endfacet
 facet normal -3.302791e-01 -9.438833e-01 -1.170401e-15
   outer loop
     vertex  1.302423e+01  9.733490e+00  5.000000e-01
     vertex  1.299739e+01  9.742883e+00  5.000000e-01
     vertex  1.299739e+01  9.742883e+00  0.000000e+00
   endloop
 endfacet
 facet normal -1.119645e-01 -9.937122e-01 -0.000000e+00
   outer loop
     vertex  1.305249e+01  9.730306e+00  5.000000e-01
     vertex  1.302423e+01  9.733490e+00  0.000000e+00
     vertex  1.305249e+01  9.730306e+00  0.000000e+00
   endloop
 endfacet
 facet normal -1.119645e-01 -9.937122e-01  0.000000e+00
   outer loop
     vertex  1.305249e+01  9.730306e+00  5.000000e-01
     vertex  1.302423e+01  9.733490e+00  5.000000e-01
     vertex  1.302423e+01  9.733490e+00  0.000000e+00
   endloop
 endfacet
 facet normal -1.000000e+00  0.000000e+00  0.000000e+00
   outer loop
     vertex  1.292549e+01  9.857306e+00  5.000000e-01
     vertex  1.292549e+01  1.011131e+01  5.000000e-01
     vertex  1.292549e+01  1.011131e+01  0.000000e+00
   endloop
 endfacet
 facet normal -1.000000e+00  0.000000e+00  0.000000e+00
   outer loop
     vertex  1.292549e+01  9.857306e+00  5.000000e-01
     vertex  1.292549e+01  1.011131e+01  0.000000e+00
     vertex  1.292549e+01  9.857306e+00  0.000000e+00
   endloop
 endfacet
 facet normal -1.119645e-01  9.937122e-01  0.000000e+00
   outer loop
     vertex  1.302423e+01  1.023512e+01  5.000000e-01
     vertex  1.305249e+01  1.023831e+01  5.000000e-01
     vertex  1.305249e+01  1.023831e+01  0.000000e+00
   endloop
 endfacet
 facet normal -1.119645e-01  9.937122e-01  0.000000e+00
   outer loop
     vertex  1.302423e+01  1.023512e+01  5.000000e-01
     vertex  1.305249e+01  1.023831e+01  0.000000e+00
     vertex  1.302423e+01  1.023512e+01  0.000000e+00
   endloop
 endfacet
 facet normal -3.302791e-01  9.438833e-01  0.000000e+00
   outer loop
     vertex  1.299739e+01  1.022573e+01  5.000000e-01
     vertex  1.302423e+01  1.023512e+01  0.000000e+00
     vertex  1.299739e+01  1.022573e+01  0.000000e+00
   endloop
 endfacet
 facet normal -3.302791e-01  9.438833e-01  0.000000e+00
   outer loop
     vertex  1.299739e+01  1.022573e+01  5.000000e-01
     vertex  1.302423e+01  1.023512e+01  5.000000e-01
     vertex  1.302423e+01  1.023512e+01  0.000000e+00
   endloop
 endfacet
 facet normal -5.320321e-01  8.467242e-01  0.000000e+00
   outer loop
     vertex  1.297331e+01  1.021060e+01  5.000000e-01
     vertex  1.299739e+01  1.022573e+01  0.000000e+00
     vertex  1.297331e+01  1.021060e+01  0.000000e+00
   endloop
 endfacet
 facet normal -5.320321e-01  8.467242e-01  0.000000e+00
   outer loop
     vertex  1.297331e+01  1.021060e+01  5.000000e-01
     vertex  1.299739e+01  1.022573e+01  5.000000e-01
     vertex  1.299739e+01  1.022573e+01  0.000000e+00
   endloop
 endfacet
 facet normal -7.071068e-01  7.071068e-01  0.000000e+00
   outer loop
     vertex  1.295320e+01  1.019049e+01  5.000000e-01
     vertex  1.297331e+01  1.021060e+01  0.000000e+00
     vertex  1.295320e+01  1.019049e+01  0.000000e+00
   endloop
 endfacet
 facet normal -7.071068e-01  7.071068e-01  0.000000e+00
   outer loop
     vertex  1.295320e+01  1.019049e+01  5.000000e-01
     vertex  1.297331e+01  1.021060e+01  5.000000e-01
     vertex  1.297331e+01  1.021060e+01  0.000000e+00
   endloop
 endfacet
 facet normal -8.467242e-01  5.320321e-01  0.000000e+00
   outer loop
     vertex  1.293807e+01  1.016641e+01  5.000000e-01
     vertex  1.295320e+01  1.019049e+01  0.000000e+00
     vertex  1.293807e+01  1.016641e+01  0.000000e+00
   endloop
 endfacet
 facet normal -8.467242e-01  5.320321e-01  0.000000e+00
   outer loop
     vertex  1.293807e+01  1.016641e+01  5.000000e-01
     vertex  1.295320e+01  1.019049e+01  5.000000e-01
     vertex  1.295320e+01  1.019049e+01  0.000000e+00
   endloop
 endfacet
 facet normal -9.438833e-01  3.302791e-01  0.000000e+00
   outer loop
     vertex  1.292868e+01  1.013957e+01  5.000000e-01
     vertex  1.293807e+01  1.016641e+01  0.000000e+00
     vertex  1.292868e+01  1.013957e+01  0.000000e+00
   endloop
 endfacet
 facet normal -9.438833e-01  3.302791e-01  0.000000e+00
   outer loop
     vertex  1.292868e+01  1.013957e+01  5.000000e-01
     vertex  1.293807e+01  1.016641e+01  5.000000e-01
     vertex  1.293807e+01  1.016641e+01  0.000000e+00
   endloop
 endfacet
 facet normal -9.937122e-01  1.119645e-01  0.000000e+00
   outer loop
     vertex  1.292549e+01  1.011131e+01  5.000000e-01
     vertex  1.292868e+01  1.013957e+01  0.000000e+00
     vertex  1.292549e+01  1.011131e+01  0.000000e+00
   endloop
 endfacet
 facet normal -9.937122e-01  1.119645e-01  0.000000e+00
   outer loop
     vertex  1.292549e+01  1.011131e+01  5.000000e-01
     vertex  1.292868e+01  1.013957e+01  5.000000e-01
     vertex  1.292868e+01  1.013957e+01  0.000000e+00
   endloop
 endfacet
 facet normal -0.000000e+00  1.000000e+00  0.000000e+00
   outer loop
     vertex  1.305249e+01  1.023831e+01  5.000000e-01
     vertex  1.330649e+01  1.023831e+01  5.000000e-01
     vertex  1.330649e+01  1.023831e+01  0.000000e+00
   endloop
 endfacet
 facet normal  0.000000e+00  1.000000e+00  0.000000e+00
   outer loop
     vertex  1.305249e+01  1.023831e+01  5.000000e-01
     vertex  1.330649e+01  1.023831e+01  0.000000e+00
     vertex  1.305249e+01  1.023831e+01  0.000000e+00
   endloop
 endfacet
 facet normal  9.937122e-01  1.119645e-01  0.000000e+00
   outer loop
     vertex  1.343031e+01  1.013957e+01  5.000000e-01
     vertex  1.343349e+01  1.011131e+01  5.000000e-01
     vertex  1.343349e+01  1.011131e+01  0.000000e+00
   endloop
 endfacet
 facet normal  9.937122e-01  1.119645e-01  3.977777e-16
   outer loop
     vertex  1.343031e+01  1.013957e+01  5.000000e-01
     vertex  1.343349e+01  1.011131e+01  0.000000e+00
     vertex  1.343031e+01  1.013957e+01  0.000000e+00
   endloop
 endfacet
 facet normal  9.438833e-01  3.302791e-01  1.173387e-15
   outer loop
     vertex  1.342092e+01  1.016641e+01  5.000000e-01
     vertex  1.343031e+01  1.013957e+01  0.000000e+00
     vertex  1.342092e+01  1.016641e+01  0.000000e+00
   endloop
 endfacet
 facet normal  9.438833e-01  3.302791e-01  1.174213e-15
   outer loop
     vertex  1.342092e+01  1.016641e+01  5.000000e-01
     vertex  1.343031e+01  1.013957e+01  5.000000e-01
     vertex  1.343031e+01  1.013957e+01  0.000000e+00
   endloop
 endfacet
 facet normal  8.467242e-01  5.320321e-01 -1.118011e-15
   outer loop
     vertex  1.340579e+01  1.019049e+01  5.000000e-01
     vertex  1.342092e+01  1.016641e+01  0.000000e+00
     vertex  1.340579e+01  1.019049e+01  0.000000e+00
   endloop
 endfacet
 facet normal  8.467242e-01  5.320321e-01  1.887129e-15
   outer loop
     vertex  1.340579e+01  1.019049e+01  5.000000e-01
     vertex  1.342092e+01  1.016641e+01  5.000000e-01
     vertex  1.342092e+01  1.016641e+01  0.000000e+00
   endloop
 endfacet
 facet normal  7.071068e-01  7.071068e-01  0.000000e+00
   outer loop
     vertex  1.338568e+01  1.021060e+01  5.000000e-01
     vertex  1.340579e+01  1.019049e+01  0.000000e+00
     vertex  1.338568e+01  1.021060e+01  0.000000e+00
   endloop
 endfacet
 facet normal  7.071068e-01  7.071068e-01  0.000000e+00
   outer loop
     vertex  1.338568e+01  1.021060e+01  5.000000e-01
     vertex  1.340579e+01  1.019049e+01  5.000000e-01
     vertex  1.340579e+01  1.019049e+01  0.000000e+00
   endloop
 endfacet
 facet normal  5.320321e-01  8.467242e-01 -1.890158e-15
   outer loop
     vertex  1.336160e+01  1.022573e+01  5.000000e-01
     vertex  1.338568e+01  1.021060e+01  0.000000e+00
     vertex  1.336160e+01  1.022573e+01  0.000000e+00
   endloop
 endfacet
 facet normal  5.320321e-01  8.467242e-01  0.000000e+00
   outer loop
     vertex  1.336160e+01  1.022573e+01  5.000000e-01
     vertex  1.338568e+01  1.021060e+01  5.000000e-01
     vertex  1.338568e+01  1.021060e+01  0.000000e+00
   endloop
 endfacet
 facet normal  3.302791e-01  9.438833e-01  0.000000e+00
   outer loop
     vertex  1.333475e+01  1.023512e+01  5.000000e-01
     vertex  1.336160e+01  1.022573e+01  0.000000e+00
     vertex  1.333475e+01  1.023512e+01  0.000000e+00
   endloop
 endfacet
 facet normal  3.302791e-01  9.438833e-01 -1.170401e-15
   outer loop
     vertex  1.333475e+01  1.023512e+01  5.000000e-01
     vertex  1.336160e+01  1.022573e+01  5.000000e-01
     vertex  1.336160e+01  1.022573e+01  0.000000e+00
   endloop
 endfacet
 facet normal  1.119645e-01  9.937122e-01  0.000000e+00
   outer loop
     vertex  1.330649e+01  1.023831e+01  5.000000e-01
     vertex  1.333475e+01  1.023512e+01  0.000000e+00
     vertex  1.330649e+01  1.023831e+01  0.000000e+00
   endloop
 endfacet
 facet normal  1.119645e-01  9.937122e-01  0.000000e+00
   outer loop
     vertex  1.330649e+01  1.023831e+01  5.000000e-01
     vertex  1.333475e+01  1.023512e+01  5.000000e-01
     vertex  1.333475e+01  1.023512e+01  0.000000e+00
   endloop
 endfacet
 facet normal  1.000000e+00  0.000000e+00  0.000000e+00
   outer loop
     vertex  1.343349e+01  9.095306e+00  5.000000e-01
     vertex  1.343349e+01  8.841306e+00  5.000000e-01
     vertex  1.343349e+01  8.841306e+00  0.000000e+00
   endloop
 endfacet
 facet normal  1.000000e+00  0.000000e+00  0.000000e+00
   outer loop
     vertex  1.343349e+01  9.095306e+00  5.000000e-01
     vertex  1.343349e+01  8.841306e+00  0.000000e+00
     vertex  1.343349e+01  9.095306e+00  0.000000e+00
   endloop
 endfacet
 facet normal  1.119645e-01 -9.937122e-01  0.000000e+00
   outer loop
     vertex  1.333475e+01  8.717490e+00  5.000000e-01
     vertex  1.330649e+01  8.714306e+00  5.000000e-01
     vertex  1.330649e+01  8.714306e+00  0.000000e+00
   endloop
 endfacet
 facet normal  1.119645e-01 -9.937122e-01  0.000000e+00
   outer loop
     vertex  1.333475e+01  8.717490e+00  5.000000e-01
     vertex  1.330649e+01  8.714306e+00  0.000000e+00
     vertex  1.333475e+01  8.717490e+00  0.000000e+00
   endloop
 endfacet
 facet normal  3.302791e-01 -9.438833e-01  0.000000e+00
   outer loop
     vertex  1.336160e+01  8.726883e+00  5.000000e-01
     vertex  1.333475e+01  8.717490e+00  0.000000e+00
     vertex  1.336160e+01  8.726883e+00  0.000000e+00
   endloop
 endfacet
 facet normal  3.302791e-01 -9.438833e-01  0.000000e+00
   outer loop
     vertex  1.336160e+01  8.726883e+00  5.000000e-01
     vertex  1.333475e+01  8.717490e+00  5.000000e-01
     vertex  1.333475e+01  8.717490e+00  0.000000e+00
   endloop
 endfacet
 facet normal  5.320321e-01 -8.467242e-01  0.000000e+00
   outer loop
     vertex  1.338568e+01  8.742013e+00  5.000000e-01
     vertex  1.336160e+01  8.726883e+00  0.000000e+00
     vertex  1.338568e+01  8.742013e+00  0.000000e+00
   endloop
 endfacet
 facet normal  5.320321e-01 -8.467242e-01  0.000000e+00
   outer loop
     vertex  1.338568e+01  8.742013e+00  5.000000e-01
     vertex  1.336160e+01  8.726883e+00  5.000000e-01
     vertex  1.336160e+01  8.726883e+00  0.000000e+00
   endloop
 endfacet
 facet normal  7.071068e-01 -7.071068e-01  0.000000e+00
   outer loop
     vertex  1.340579e+01  8.762122e+00  5.000000e-01
     vertex  1.338568e+01  8.742013e+00  0.000000e+00
     vertex  1.340579e+01  8.762122e+00  0.000000e+00
   endloop
 endfacet
 facet normal  7.071068e-01 -7.071068e-01  0.000000e+00
   outer loop
     vertex  1.340579e+01  8.762122e+00  5.000000e-01
     vertex  1.338568e+01  8.742013e+00  5.000000e-01
     vertex  1.338568e+01  8.742013e+00  0.000000e+00
   endloop
 endfacet
 facet normal  8.467242e-01 -5.320321e-01  0.000000e+00
   outer loop
     vertex  1.342092e+01  8.786202e+00  5.000000e-01
     vertex  1.340579e+01  8.762122e+00  0.000000e+00
     vertex  1.342092e+01  8.786202e+00  0.000000e+00
   endloop
 endfacet
 facet normal  8.467242e-01 -5.320321e-01  0.000000e+00
   outer loop
     vertex  1.342092e+01  8.786202e+00  5.000000e-01
     vertex  1.340579e+01  8.762122e+00  5.000000e-01
     vertex  1.340579e+01  8.762122e+00  0.000000e+00
   endloop
 endfacet
 facet normal  9.438833e-01 -3.302791e-01  0.000000e+00
   outer loop
     vertex  1.343031e+01  8.813046e+00  5.000000e-01
     vertex  1.342092e+01  8.786202e+00  0.000000e+00
     vertex  1.343031e+01  8.813046e+00  0.000000e+00
   endloop
 endfacet
 facet normal  9.438833e-01 -3.302791e-01  0.000000e+00
   outer loop
     vertex  1.343031e+01  8.813046e+00  5.000000e-01
     vertex  1.342092e+01  8.786202e+00  5.000000e-01
     vertex  1.342092e+01  8.786202e+00  0.000000e+00
   endloop
 endfacet
 facet normal  9.937122e-01 -1.119645e-01  0.000000e+00
   outer loop
     vertex  1.343349e+01  8.841306e+00  5.000000e-01
     vertex  1.343031e+01  8.813046e+00  0.000000e+00
     vertex  1.343349e+01  8.841306e+00  0.000000e+00
   endloop
 endfacet
 facet normal  9.937122e-01 -1.119645e-01  0.000000e+00
   outer loop
     vertex  1.343349e+01  8.841306e+00  5.000000e-01
     vertex  1.343031e+01  8.813046e+00  5.000000e-01
     vertex  1.343031e+01  8.813046e+00  0.000000e+00
   endloop
 endfacet
 facet normal -0.000000e+00 -1.000000e+00  0.000000e+00
   outer loop
     vertex  1.330649e+01  8.714306e+00  5.000000e-01
     vertex  1.305249e+01  8.714306e+00  5.000000e-01
     vertex  1.305249e+01  8.714306e+00  0.000000e+00
   endloop
 endfacet
 facet normal  0.000000e+00 -1.000000e+00 -0.000000e+00
   outer loop
     vertex  1.330649e+01  8.714306e+00  5.000000e-01
     vertex  1.305249e+01  8.714306e+00  0.000000e+00
     vertex  1.330649e+01  8.714306e+00  0.000000e+00
   endloop
 endfacet
 facet normal -9.937122e-01 -1.119645e-01  0.000000e+00
   outer loop
     vertex  1.292868e+01  8.813046e+00  5.000000e-01
     vertex  1.292549e+01  8.841306e+00  5.000000e-01
     vertex  1.292549e+01  8.841306e+00  0.000000e+00
   endloop
 endfacet
 facet normal -9.937122e-01 -1.119645e-01  3.977777e-16
   outer loop
     vertex  1.292868e+01  8.813046e+00  5.000000e-01
     vertex  1.292549e+01  8.841306e+00  0.000000e+00
     vertex  1.292868e+01  8.813046e+00  0.000000e+00
   endloop
 endfacet
 facet normal -9.438833e-01 -3.302791e-01  1.173387e-15
   outer loop
     vertex  1.293807e+01  8.786202e+00  5.000000e-01
     vertex  1.292868e+01  8.813046e+00  0.000000e+00
     vertex  1.293807e+01  8.786202e+00  0.000000e+00
   endloop
 endfacet
 facet normal -9.438833e-01 -3.302791e-01  1.174213e-15
   outer loop
     vertex  1.293807e+01  8.786202e+00  5.000000e-01
     vertex  1.292868e+01  8.813046e+00  5.000000e-01
     vertex  1.292868e+01  8.813046e+00  0.000000e+00
   endloop
 endfacet
 facet normal -8.467242e-01 -5.320321e-01 -1.118011e-15
   outer loop
     vertex  1.295320e+01  8.762122e+00  5.000000e-01
     vertex  1.293807e+01  8.786202e+00  0.000000e+00
     vertex  1.295320e+01  8.762122e+00  0.000000e+00
   endloop
 endfacet
 facet normal -8.467242e-01 -5.320321e-01  1.887129e-15
   outer loop
     vertex  1.295320e+01  8.762122e+00  5.000000e-01
     vertex  1.293807e+01  8.786202e+00  5.000000e-01
     vertex  1.293807e+01  8.786202e+00  0.000000e+00
   endloop
 endfacet
 facet normal -7.071068e-01 -7.071068e-01 -0.000000e+00
   outer loop
     vertex  1.297331e+01  8.742013e+00  5.000000e-01
     vertex  1.295320e+01  8.762122e+00  0.000000e+00
     vertex  1.297331e+01  8.742013e+00  0.000000e+00
   endloop
 endfacet
 facet normal -7.071068e-01 -7.071068e-01  0.000000e+00
   outer loop
     vertex  1.297331e+01  8.742013e+00  5.000000e-01
     vertex  1.295320e+01  8.762122e+00  5.000000e-01
     vertex  1.295320e+01  8.762122e+00  0.000000e+00
   endloop
 endfacet
 facet normal -5.320321e-01 -8.467242e-01 -1.890158e-15
   outer loop
     vertex  1.299739e+01  8.726883e+00  5.000000e-01
     vertex  1.297331e+01  8.742013e+00  0.000000e+00
     vertex  1.299739e+01  8.726883e+00  0.000000e+00
   endloop
 endfacet
 facet normal -5.320321e-01 -8.467242e-01  0.000000e+00
   outer loop
     vertex  1.299739e+01  8.726883e+00  5.000000e-01
     vertex  1.297331e+01  8.742013e+00  5.000000e-01
     vertex  1.297331e+01  8.742013e+00  0.000000e+00
   endloop
 endfacet
 facet normal -3.302791e-01 -9.438833e-01 -0.000000e+00
   outer loop
     vertex  1.302423e+01  8.717490e+00  5.000000e-01
     vertex  1.299739e+01  8.726883e+00  0.000000e+00
     vertex  1.302423e+01  8.717490e+00  0.000000e+00
   endloop
 endfacet
 facet normal -3.302791e-01 -9.438833e-01 -1.170401e-15
   outer loop
     vertex  1.302423e+01  8.717490e+00  5.000000e-01
     vertex  1.299739e+01  8.726883e+00  5.000000e-01
     vertex  1.299739e+01  8.726883e+00  0.000000e+00
   endloop
 endfacet
 facet normal -1.119645e-01 -9.937122e-01 -0.000000e+00
   outer loop
     vertex  1.305249e+01  8.714306e+00  5.000000e-01
     vertex  1.302423e+01  8.717490e+00  0.000000e+00
     vertex  1.305249e+01  8.714306e+00  0.000000e+00
   endloop
 endfacet
 facet normal -1.119645e-01 -9.937122e-01  0.000000e+00
   outer loop
     vertex  1.305249e+01  8.714306e+00  5.000000e-01
     vertex  1.302423e+01  8.717490e+00  5.000000e-01
     vertex  1.302423e+01  8.717490e+00  0.000000e+00
   endloop
 endfacet
 facet normal -1.000000e+00  0.000000e+00  0.000000e+00
   outer loop
     vertex  1.292549e+01  8.841306e+00  5.000000e-01
     vertex  1.292549e+01  9.095306e+00  5.000000e-01
     vertex  1.292549e+01  9.095306e+00  0.000000e+00
   endloop
 endfacet
 facet normal -1.000000e+00  0.000000e+00  0.000000e+00
   outer loop
     vertex  1.292549e+01  8.841306e+00  5.000000e-01
     vertex  1.292549e+01  9.095306e+00  0.000000e+00
     vertex  1.292549e+01  8.841306e+00  0.000000e+00
   endloop
 endfacet
 facet normal -1.119645e-01  9.937122e-01  0.000000e+00
   outer loop
     vertex  1.302423e+01  9.219122e+00  5.000000e-01
     vertex  1.305249e+01  9.222306e+00  5.000000e-01
     vertex  1.305249e+01  9.222306e+00  0.000000e+00
   endloop
 endfacet
 facet normal -1.119645e-01  9.937122e-01  0.000000e+00
   outer loop
     vertex  1.302423e+01  9.219122e+00  5.000000e-01
     vertex  1.305249e+01  9.222306e+00  0.000000e+00
     vertex  1.302423e+01  9.219122e+00  0.000000e+00
   endloop
 endfacet
 facet normal -3.302791e-01  9.438833e-01  0.000000e+00
   outer loop
     vertex  1.299739e+01  9.209729e+00  5.000000e-01
     vertex  1.302423e+01  9.219122e+00  0.000000e+00
     vertex  1.299739e+01  9.209729e+00  0.000000e+00
   endloop
 endfacet
 facet normal -3.302791e-01  9.438833e-01  0.000000e+00
   outer loop
     vertex  1.299739e+01  9.209729e+00  5.000000e-01
     vertex  1.302423e+01  9.219122e+00  5.000000e-01
     vertex  1.302423e+01  9.219122e+00  0.000000e+00
   endloop
 endfacet
 facet normal -5.320321e-01  8.467242e-01  0.000000e+00
   outer loop
     vertex  1.297331e+01  9.194598e+00  5.000000e-01
     vertex  1.299739e+01  9.209729e+00  0.000000e+00
     vertex  1.297331e+01  9.194598e+00  0.000000e+00
   endloop
 endfacet
 facet normal -5.320321e-01  8.467242e-01  0.000000e+00
   outer loop
     vertex  1.297331e+01  9.194598e+00  5.000000e-01
     vertex  1.299739e+01  9.209729e+00  5.000000e-01
     vertex  1.299739e+01  9.209729e+00  0.000000e+00
   endloop
 endfacet
 facet normal -7.071068e-01  7.071068e-01  0.000000e+00
   outer loop
     vertex  1.295320e+01  9.174489e+00  5.000000e-01
     vertex  1.297331e+01  9.194598e+00  0.000000e+00
     vertex  1.295320e+01  9.174489e+00  0.000000e+00
   endloop
 endfacet
 facet normal -7.071068e-01  7.071068e-01  0.000000e+00
   outer loop
     vertex  1.295320e+01  9.174489e+00  5.000000e-01
     vertex  1.297331e+01  9.194598e+00  5.000000e-01
     vertex  1.297331e+01  9.194598e+00  0.000000e+00
   endloop
 endfacet
 facet normal -8.467242e-01  5.320321e-01  0.000000e+00
   outer loop
     vertex  1.293807e+01  9.150409e+00  5.000000e-01
     vertex  1.295320e+01  9.174489e+00  0.000000e+00
     vertex  1.293807e+01  9.150409e+00  0.000000e+00
   endloop
 endfacet
 facet normal -8.467242e-01  5.320321e-01  0.000000e+00
   outer loop
     vertex  1.293807e+01  9.150409e+00  5.000000e-01
     vertex  1.295320e+01  9.174489e+00  5.000000e-01
     vertex  1.295320e+01  9.174489e+00  0.000000e+00
   endloop
 endfacet
 facet normal -9.438833e-01  3.302791e-01  0.000000e+00
   outer loop
     vertex  1.292868e+01  9.123566e+00  5.000000e-01
     vertex  1.293807e+01  9.150409e+00  0.000000e+00
     vertex  1.292868e+01  9.123566e+00  0.000000e+00
   endloop
 endfacet
 facet normal -9.438833e-01  3.302791e-01  0.000000e+00
   outer loop
     vertex  1.292868e+01  9.123566e+00  5.000000e-01
     vertex  1.293807e+01  9.150409e+00  5.000000e-01
     vertex  1.293807e+01  9.150409e+00  0.000000e+00
   endloop
 endfacet
 facet normal -9.937122e-01  1.119645e-01  0.000000e+00
   outer loop
     vertex  1.292549e+01  9.095306e+00  5.000000e-01
     vertex  1.292868e+01  9.123566e+00  0.000000e+00
     vertex  1.292549e+01  9.095306e+00  0.000000e+00
   endloop
 endfacet
 facet normal -9.937122e-01  1.119645e-01  0.000000e+00
   outer loop
     vertex  1.292549e+01  9.095306e+00  5.000000e-01
     vertex  1.292868e+01  9.123566e+00  5.000000e-01
     vertex  1.292868e+01  9.123566e+00  0.000000e+00
   endloop
 endfacet
 facet normal -0.000000e+00  1.000000e+00  0.000000e+00
   outer loop
     vertex  1.305249e+01  9.222306e+00  5.000000e-01
     vertex  1.330649e+01  9.222306e+00  5.000000e-01
     vertex  1.330649e+01  9.222306e+00  0.000000e+00
   endloop
 endfacet
 facet normal  0.000000e+00  1.000000e+00  0.000000e+00
   outer loop
     vertex  1.305249e+01  9.222306e+00  5.000000e-01
     vertex  1.330649e+01  9.222306e+00  0.000000e+00
     vertex  1.305249e+01  9.222306e+00  0.000000e+00
   endloop
 endfacet
 facet normal  9.937122e-01  1.119645e-01  0.000000e+00
   outer loop
     vertex  1.343031e+01  9.123566e+00  5.000000e-01
     vertex  1.343349e+01  9.095306e+00  5.000000e-01
     vertex  1.343349e+01  9.095306e+00  0.000000e+00
   endloop
 endfacet
 facet normal  9.937122e-01  1.119645e-01  3.977777e-16
   outer loop
     vertex  1.343031e+01  9.123566e+00  5.000000e-01
     vertex  1.343349e+01  9.095306e+00  0.000000e+00
     vertex  1.343031e+01  9.123566e+00  0.000000e+00
   endloop
 endfacet
 facet normal  9.438833e-01  3.302791e-01  1.173387e-15
   outer loop
     vertex  1.342092e+01  9.150409e+00  5.000000e-01
     vertex  1.343031e+01  9.123566e+00  0.000000e+00
     vertex  1.342092e+01  9.150409e+00  0.000000e+00
   endloop
 endfacet
 facet normal  9.438833e-01  3.302791e-01  1.174213e-15
   outer loop
     vertex  1.342092e+01  9.150409e+00  5.000000e-01
     vertex  1.343031e+01  9.123566e+00  5.000000e-01
     vertex  1.343031e+01  9.123566e+00  0.000000e+00
   endloop
 endfacet
 facet normal  8.467242e-01  5.320321e-01 -1.118011e-15
   outer loop
     vertex  1.340579e+01  9.174489e+00  5.000000e-01
     vertex  1.342092e+01  9.150409e+00  0.000000e+00
     vertex  1.340579e+01  9.174489e+00  0.000000e+00
   endloop
 endfacet
 facet normal  8.467242e-01  5.320321e-01  1.887129e-15
   outer loop
     vertex  1.340579e+01  9.174489e+00  5.000000e-01
     vertex  1.342092e+01  9.150409e+00  5.000000e-01
     vertex  1.342092e+01  9.150409e+00  0.000000e+00
   endloop
 endfacet
 facet normal  7.071068e-01  7.071068e-01  0.000000e+00
   outer loop
     vertex  1.338568e+01  9.194598e+00  5.000000e-01
     vertex  1.340579e+01  9.174489e+00  0.000000e+00
     vertex  1.338568e+01  9.194598e+00  0.000000e+00
   endloop
 endfacet
 facet normal  7.071068e-01  7.071068e-01  0.000000e+00
   outer loop
     vertex  1.338568e+01  9.194598e+00  5.000000e-01
     vertex  1.340579e+01  9.174489e+00  5.000000e-01
     vertex  1.340579e+01  9.174489e+00  0.000000e+00
   endloop
 endfacet
 facet normal  5.320321e-01  8.467242e-01 -1.890158e-15
   outer loop
     vertex  1.336160e+01  9.209729e+00  5.000000e-01
     vertex  1.338568e+01  9.194598e+00  0.000000e+00
     vertex  1.336160e+01  9.209729e+00  0.000000e+00
   endloop
 endfacet
 facet normal  5.320321e-01  8.467242e-01  0.000000e+00
   outer loop
     vertex  1.336160e+01  9.209729e+00  5.000000e-01
     vertex  1.338568e+01  9.194598e+00  5.000000e-01
     vertex  1.338568e+01  9.194598e+00  0.000000e+00
   endloop
 endfacet
 facet normal  3.302791e-01  9.438833e-01  0.000000e+00
   outer loop
     vertex  1.333475e+01  9.219122e+00  5.000000e-01
     vertex  1.336160e+01  9.209729e+00  0.000000e+00
     vertex  1.333475e+01  9.219122e+00  0.000000e+00
   endloop
 endfacet
 facet normal  3.302791e-01  9.438833e-01 -1.170401e-15
   outer loop
     vertex  1.333475e+01  9.219122e+00  5.000000e-01
     vertex  1.336160e+01  9.209729e+00  5.000000e-01
     vertex  1.336160e+01  9.209729e+00  0.000000e+00
   endloop
 endfacet
 facet normal  1.119645e-01  9.937122e-01  0.000000e+00
   outer loop
     vertex  1.330649e+01  9.222306e+00  5.000000e-01
     vertex  1.333475e+01  9.219122e+00  0.000000e+00
     vertex  1.330649e+01  9.222306e+00  0.000000e+00
   endloop
 endfacet
 facet normal  1.119645e-01  9.937122e-01  0.000000e+00
   outer loop
     vertex  1.330649e+01  9.222306e+00  5.000000e-01
     vertex  1.333475e+01  9.219122e+00  5.000000e-01
     vertex  1.333475e+01  9.219122e+00  0.000000e+00
   endloop
 endfacet
 facet normal  1.000000e+00  0.000000e+00  0.000000e+00
   outer loop
     vertex  1.256187e+01  9.095306e+00  5.000000e-01
     vertex  1.256187e+01  8.841306e+00  5.000000e-01
     vertex  1.256187e+01  8.841306e+00  0.000000e+00
   endloop
 endfacet
 facet normal  1.000000e+00  0.000000e+00  0.000000e+00
   outer loop
     vertex  1.256187e+01  9.095306e+00  5.000000e-01
     vertex  1.256187e+01  8.841306e+00  0.000000e+00
     vertex  1.256187e+01  9.095306e+00  0.000000e+00
   endloop
 endfacet
 facet normal  1.119645e-01 -9.937122e-01  0.000000e+00
   outer loop
     vertex  1.246313e+01  8.717490e+00  5.000000e-01
     vertex  1.243487e+01  8.714306e+00  5.000000e-01
     vertex  1.243487e+01  8.714306e+00  0.000000e+00
   endloop
 endfacet
 facet normal  1.119645e-01 -9.937122e-01  0.000000e+00
   outer loop
     vertex  1.246313e+01  8.717490e+00  5.000000e-01
     vertex  1.243487e+01  8.714306e+00  0.000000e+00
     vertex  1.246313e+01  8.717490e+00  0.000000e+00
   endloop
 endfacet
 facet normal  3.302791e-01 -9.438833e-01  0.000000e+00
   outer loop
     vertex  1.248997e+01  8.726883e+00  5.000000e-01
     vertex  1.246313e+01  8.717490e+00  0.000000e+00
     vertex  1.248997e+01  8.726883e+00  0.000000e+00
   endloop
 endfacet
 facet normal  3.302791e-01 -9.438833e-01  0.000000e+00
   outer loop
     vertex  1.248997e+01  8.726883e+00  5.000000e-01
     vertex  1.246313e+01  8.717490e+00  5.000000e-01
     vertex  1.246313e+01  8.717490e+00  0.000000e+00
   endloop
 endfacet
 facet normal  5.320321e-01 -8.467242e-01  0.000000e+00
   outer loop
     vertex  1.251405e+01  8.742013e+00  5.000000e-01
     vertex  1.248997e+01  8.726883e+00  0.000000e+00
     vertex  1.251405e+01  8.742013e+00  0.000000e+00
   endloop
 endfacet
 facet normal  5.320321e-01 -8.467242e-01  0.000000e+00
   outer loop
     vertex  1.251405e+01  8.742013e+00  5.000000e-01
     vertex  1.248997e+01  8.726883e+00  5.000000e-01
     vertex  1.248997e+01  8.726883e+00  0.000000e+00
   endloop
 endfacet
 facet normal  7.071068e-01 -7.071068e-01  0.000000e+00
   outer loop
     vertex  1.253416e+01  8.762122e+00  5.000000e-01
     vertex  1.251405e+01  8.742013e+00  0.000000e+00
     vertex  1.253416e+01  8.762122e+00  0.000000e+00
   endloop
 endfacet
 facet normal  7.071068e-01 -7.071068e-01  0.000000e+00
   outer loop
     vertex  1.253416e+01  8.762122e+00  5.000000e-01
     vertex  1.251405e+01  8.742013e+00  5.000000e-01
     vertex  1.251405e+01  8.742013e+00  0.000000e+00
   endloop
 endfacet
 facet normal  8.467242e-01 -5.320321e-01  0.000000e+00
   outer loop
     vertex  1.254929e+01  8.786202e+00  5.000000e-01
     vertex  1.253416e+01  8.762122e+00  0.000000e+00
     vertex  1.254929e+01  8.786202e+00  0.000000e+00
   endloop
 endfacet
 facet normal  8.467242e-01 -5.320321e-01  0.000000e+00
   outer loop
     vertex  1.254929e+01  8.786202e+00  5.000000e-01
     vertex  1.253416e+01  8.762122e+00  5.000000e-01
     vertex  1.253416e+01  8.762122e+00  0.000000e+00
   endloop
 endfacet
 facet normal  9.438833e-01 -3.302791e-01  0.000000e+00
   outer loop
     vertex  1.255868e+01  8.813046e+00  5.000000e-01
     vertex  1.254929e+01  8.786202e+00  0.000000e+00
     vertex  1.255868e+01  8.813046e+00  0.000000e+00
   endloop
 endfacet
 facet normal  9.438833e-01 -3.302791e-01  0.000000e+00
   outer loop
     vertex  1.255868e+01  8.813046e+00  5.000000e-01
     vertex  1.254929e+01  8.786202e+00  5.000000e-01
     vertex  1.254929e+01  8.786202e+00  0.000000e+00
   endloop
 endfacet
 facet normal  9.937122e-01 -1.119645e-01  0.000000e+00
   outer loop
     vertex  1.256187e+01  8.841306e+00  5.000000e-01
     vertex  1.255868e+01  8.813046e+00  0.000000e+00
     vertex  1.256187e+01  8.841306e+00  0.000000e+00
   endloop
 endfacet
 facet normal  9.937122e-01 -1.119645e-01  0.000000e+00
   outer loop
     vertex  1.256187e+01  8.841306e+00  5.000000e-01
     vertex  1.255868e+01  8.813046e+00  5.000000e-01
     vertex  1.255868e+01  8.813046e+00  0.000000e+00
   endloop
 endfacet
 facet normal -0.000000e+00 -1.000000e+00  0.000000e+00
   outer loop
     vertex  1.243487e+01  8.714306e+00  5.000000e-01
     vertex  1.218087e+01  8.714306e+00  5.000000e-01
     vertex  1.218087e+01  8.714306e+00  0.000000e+00
   endloop
 endfacet
 facet normal  0.000000e+00 -1.000000e+00 -0.000000e+00
   outer loop
     vertex  1.243487e+01  8.714306e+00  5.000000e-01
     vertex  1.218087e+01  8.714306e+00  0.000000e+00
     vertex  1.243487e+01  8.714306e+00  0.000000e+00
   endloop
 endfacet
 facet normal -9.937122e-01 -1.119645e-01  0.000000e+00
   outer loop
     vertex  1.205705e+01  8.813046e+00  5.000000e-01
     vertex  1.205387e+01  8.841306e+00  5.000000e-01
     vertex  1.205387e+01  8.841306e+00  0.000000e+00
   endloop
 endfacet
 facet normal -9.937122e-01 -1.119645e-01  3.977777e-16
   outer loop
     vertex  1.205705e+01  8.813046e+00  5.000000e-01
     vertex  1.205387e+01  8.841306e+00  0.000000e+00
     vertex  1.205705e+01  8.813046e+00  0.000000e+00
   endloop
 endfacet
 facet normal -9.438833e-01 -3.302791e-01  1.173387e-15
   outer loop
     vertex  1.206644e+01  8.786202e+00  5.000000e-01
     vertex  1.205705e+01  8.813046e+00  0.000000e+00
     vertex  1.206644e+01  8.786202e+00  0.000000e+00
   endloop
 endfacet
 facet normal -9.438833e-01 -3.302791e-01  1.174213e-15
   outer loop
     vertex  1.206644e+01  8.786202e+00  5.000000e-01
     vertex  1.205705e+01  8.813046e+00  5.000000e-01
     vertex  1.205705e+01  8.813046e+00  0.000000e+00
   endloop
 endfacet
 facet normal -8.467242e-01 -5.320321e-01 -1.118011e-15
   outer loop
     vertex  1.208157e+01  8.762122e+00  5.000000e-01
     vertex  1.206644e+01  8.786202e+00  0.000000e+00
     vertex  1.208157e+01  8.762122e+00  0.000000e+00
   endloop
 endfacet
 facet normal -8.467242e-01 -5.320321e-01  1.887129e-15
   outer loop
     vertex  1.208157e+01  8.762122e+00  5.000000e-01
     vertex  1.206644e+01  8.786202e+00  5.000000e-01
     vertex  1.206644e+01  8.786202e+00  0.000000e+00
   endloop
 endfacet
 facet normal -7.071068e-01 -7.071068e-01 -0.000000e+00
   outer loop
     vertex  1.210168e+01  8.742013e+00  5.000000e-01
     vertex  1.208157e+01  8.762122e+00  0.000000e+00
     vertex  1.210168e+01  8.742013e+00  0.000000e+00
   endloop
 endfacet
 facet normal -7.071068e-01 -7.071068e-01  0.000000e+00
   outer loop
     vertex  1.210168e+01  8.742013e+00  5.000000e-01
     vertex  1.208157e+01  8.762122e+00  5.000000e-01
     vertex  1.208157e+01  8.762122e+00  0.000000e+00
   endloop
 endfacet
 facet normal -5.320321e-01 -8.467242e-01 -1.890158e-15
   outer loop
     vertex  1.212576e+01  8.726883e+00  5.000000e-01
     vertex  1.210168e+01  8.742013e+00  0.000000e+00
     vertex  1.212576e+01  8.726883e+00  0.000000e+00
   endloop
 endfacet
 facet normal -5.320321e-01 -8.467242e-01  0.000000e+00
   outer loop
     vertex  1.212576e+01  8.726883e+00  5.000000e-01
     vertex  1.210168e+01  8.742013e+00  5.000000e-01
     vertex  1.210168e+01  8.742013e+00  0.000000e+00
   endloop
 endfacet
 facet normal -3.302791e-01 -9.438833e-01 -0.000000e+00
   outer loop
     vertex  1.215261e+01  8.717490e+00  5.000000e-01
     vertex  1.212576e+01  8.726883e+00  0.000000e+00
     vertex  1.215261e+01  8.717490e+00  0.000000e+00
   endloop
 endfacet
 facet normal -3.302791e-01 -9.438833e-01 -1.170401e-15
   outer loop
     vertex  1.215261e+01  8.717490e+00  5.000000e-01
     vertex  1.212576e+01  8.726883e+00  5.000000e-01
     vertex  1.212576e+01  8.726883e+00  0.000000e+00
   endloop
 endfacet
 facet normal -1.119645e-01 -9.937122e-01 -0.000000e+00
   outer loop
     vertex  1.218087e+01  8.714306e+00  5.000000e-01
     vertex  1.215261e+01  8.717490e+00  0.000000e+00
     vertex  1.218087e+01  8.714306e+00  0.000000e+00
   endloop
 endfacet
 facet normal -1.119645e-01 -9.937122e-01  0.000000e+00
   outer loop
     vertex  1.218087e+01  8.714306e+00  5.000000e-01
     vertex  1.215261e+01  8.717490e+00  5.000000e-01
     vertex  1.215261e+01  8.717490e+00  0.000000e+00
   endloop
 endfacet
 facet normal -1.000000e+00  0.000000e+00  0.000000e+00
   outer loop
     vertex  1.205387e+01  8.841306e+00  5.000000e-01
     vertex  1.205387e+01  9.095306e+00  5.000000e-01
     vertex  1.205387e+01  9.095306e+00  0.000000e+00
   endloop
 endfacet
 facet normal -1.000000e+00  0.000000e+00  0.000000e+00
   outer loop
     vertex  1.205387e+01  8.841306e+00  5.000000e-01
     vertex  1.205387e+01  9.095306e+00  0.000000e+00
     vertex  1.205387e+01  8.841306e+00  0.000000e+00
   endloop
 endfacet
 facet normal -1.119645e-01  9.937122e-01  0.000000e+00
   outer loop
     vertex  1.215261e+01  9.219122e+00  5.000000e-01
     vertex  1.218087e+01  9.222306e+00  5.000000e-01
     vertex  1.218087e+01  9.222306e+00  0.000000e+00
   endloop
 endfacet
 facet normal -1.119645e-01  9.937122e-01  0.000000e+00
   outer loop
     vertex  1.215261e+01  9.219122e+00  5.000000e-01
     vertex  1.218087e+01  9.222306e+00  0.000000e+00
     vertex  1.215261e+01  9.219122e+00  0.000000e+00
   endloop
 endfacet
 facet normal -3.302791e-01  9.438833e-01  0.000000e+00
   outer loop
     vertex  1.212576e+01  9.209729e+00  5.000000e-01
     vertex  1.215261e+01  9.219122e+00  0.000000e+00
     vertex  1.212576e+01  9.209729e+00  0.000000e+00
   endloop
 endfacet
 facet normal -3.302791e-01  9.438833e-01  0.000000e+00
   outer loop
     vertex  1.212576e+01  9.209729e+00  5.000000e-01
     vertex  1.215261e+01  9.219122e+00  5.000000e-01
     vertex  1.215261e+01  9.219122e+00  0.000000e+00
   endloop
 endfacet
 facet normal -5.320321e-01  8.467242e-01  0.000000e+00
   outer loop
     vertex  1.210168e+01  9.194598e+00  5.000000e-01
     vertex  1.212576e+01  9.209729e+00  0.000000e+00
     vertex  1.210168e+01  9.194598e+00  0.000000e+00
   endloop
 endfacet
 facet normal -5.320321e-01  8.467242e-01  0.000000e+00
   outer loop
     vertex  1.210168e+01  9.194598e+00  5.000000e-01
     vertex  1.212576e+01  9.209729e+00  5.000000e-01
     vertex  1.212576e+01  9.209729e+00  0.000000e+00
   endloop
 endfacet
 facet normal -7.071068e-01  7.071068e-01  0.000000e+00
   outer loop
     vertex  1.208157e+01  9.174489e+00  5.000000e-01
     vertex  1.210168e+01  9.194598e+00  0.000000e+00
     vertex  1.208157e+01  9.174489e+00  0.000000e+00
   endloop
 endfacet
 facet normal -7.071068e-01  7.071068e-01  0.000000e+00
   outer loop
     vertex  1.208157e+01  9.174489e+00  5.000000e-01
     vertex  1.210168e+01  9.194598e+00  5.000000e-01
     vertex  1.210168e+01  9.194598e+00  0.000000e+00
   endloop
 endfacet
 facet normal -8.467242e-01  5.320321e-01  0.000000e+00
   outer loop
     vertex  1.206644e+01  9.150409e+00  5.000000e-01
     vertex  1.208157e+01  9.174489e+00  0.000000e+00
     vertex  1.206644e+01  9.150409e+00  0.000000e+00
   endloop
 endfacet
 facet normal -8.467242e-01  5.320321e-01  0.000000e+00
   outer loop
     vertex  1.206644e+01  9.150409e+00  5.000000e-01
     vertex  1.208157e+01  9.174489e+00  5.000000e-01
     vertex  1.208157e+01  9.174489e+00  0.000000e+00
   endloop
 endfacet
 facet normal -9.438833e-01  3.302791e-01  0.000000e+00
   outer loop
     vertex  1.205705e+01  9.123566e+00  5.000000e-01
     vertex  1.206644e+01  9.150409e+00  0.000000e+00
     vertex  1.205705e+01  9.123566e+00  0.000000e+00
   endloop
 endfacet
 facet normal -9.438833e-01  3.302791e-01  0.000000e+00
   outer loop
     vertex  1.205705e+01  9.123566e+00  5.000000e-01
     vertex  1.206644e+01  9.150409e+00  5.000000e-01
     vertex  1.206644e+01  9.150409e+00  0.000000e+00
   endloop
 endfacet
 facet normal -9.937122e-01  1.119645e-01  0.000000e+00
   outer loop
     vertex  1.205387e+01  9.095306e+00  5.000000e-01
     vertex  1.205705e+01  9.123566e+00  0.000000e+00
     vertex  1.205387e+01  9.095306e+00  0.000000e+00
   endloop
 endfacet
 facet normal -9.937122e-01  1.119645e-01  0.000000e+00
   outer loop
     vertex  1.205387e+01  9.095306e+00  5.000000e-01
     vertex  1.205705e+01  9.123566e+00  5.000000e-01
     vertex  1.205705e+01  9.123566e+00  0.000000e+00
   endloop
 endfacet
 facet normal -0.000000e+00  1.000000e+00  0.000000e+00
   outer loop
     vertex  1.218087e+01  9.222306e+00  5.000000e-01
     vertex  1.243487e+01  9.222306e+00  5.000000e-01
     vertex  1.243487e+01  9.222306e+00  0.000000e+00
   endloop
 endfacet
 facet normal  0.000000e+00  1.000000e+00  0.000000e+00
   outer loop
     vertex  1.218087e+01  9.222306e+00  5.000000e-01
     vertex  1.243487e+01  9.222306e+00  0.000000e+00
     vertex  1.218087e+01  9.222306e+00  0.000000e+00
   endloop
 endfacet
 facet normal  9.937122e-01  1.119645e-01  0.000000e+00
   outer loop
     vertex  1.255868e+01  9.123566e+00  5.000000e-01
     vertex  1.256187e+01  9.095306e+00  5.000000e-01
     vertex  1.256187e+01  9.095306e+00  0.000000e+00
   endloop
 endfacet
 facet normal  9.937122e-01  1.119645e-01  3.977777e-16
   outer loop
     vertex  1.255868e+01  9.123566e+00  5.000000e-01
     vertex  1.256187e+01  9.095306e+00  0.000000e+00
     vertex  1.255868e+01  9.123566e+00  0.000000e+00
   endloop
 endfacet
 facet normal  9.438833e-01  3.302791e-01  1.173387e-15
   outer loop
     vertex  1.254929e+01  9.150409e+00  5.000000e-01
     vertex  1.255868e+01  9.123566e+00  0.000000e+00
     vertex  1.254929e+01  9.150409e+00  0.000000e+00
   endloop
 endfacet
 facet normal  9.438833e-01  3.302791e-01  1.174213e-15
   outer loop
     vertex  1.254929e+01  9.150409e+00  5.000000e-01
     vertex  1.255868e+01  9.123566e+00  5.000000e-01
     vertex  1.255868e+01  9.123566e+00  0.000000e+00
   endloop
 endfacet
 facet normal  8.467242e-01  5.320321e-01 -1.118011e-15
   outer loop
     vertex  1.253416e+01  9.174489e+00  5.000000e-01
     vertex  1.254929e+01  9.150409e+00  0.000000e+00
     vertex  1.253416e+01  9.174489e+00  0.000000e+00
   endloop
 endfacet
 facet normal  8.467242e-01  5.320321e-01  1.887129e-15
   outer loop
     vertex  1.253416e+01  9.174489e+00  5.000000e-01
     vertex  1.254929e+01  9.150409e+00  5.000000e-01
     vertex  1.254929e+01  9.150409e+00  0.000000e+00
   endloop
 endfacet
 facet normal  7.071068e-01  7.071068e-01  0.000000e+00
   outer loop
     vertex  1.251405e+01  9.194598e+00  5.000000e-01
     vertex  1.253416e+01  9.174489e+00  0.000000e+00
     vertex  1.251405e+01  9.194598e+00  0.000000e+00
   endloop
 endfacet
 facet normal  7.071068e-01  7.071068e-01  0.000000e+00
   outer loop
     vertex  1.251405e+01  9.194598e+00  5.000000e-01
     vertex  1.253416e+01  9.174489e+00  5.000000e-01
     vertex  1.253416e+01  9.174489e+00  0.000000e+00
   endloop
 endfacet
 facet normal  5.320321e-01  8.467242e-01 -1.890158e-15
   outer loop
     vertex  1.248997e+01  9.209729e+00  5.000000e-01
     vertex  1.251405e+01  9.194598e+00  0.000000e+00
     vertex  1.248997e+01  9.209729e+00  0.000000e+00
   endloop
 endfacet
 facet normal  5.320321e-01  8.467242e-01  0.000000e+00
   outer loop
     vertex  1.248997e+01  9.209729e+00  5.000000e-01
     vertex  1.251405e+01  9.194598e+00  5.000000e-01
     vertex  1.251405e+01  9.194598e+00  0.000000e+00
   endloop
 endfacet
 facet normal  3.302791e-01  9.438833e-01  0.000000e+00
   outer loop
     vertex  1.246313e+01  9.219122e+00  5.000000e-01
     vertex  1.248997e+01  9.209729e+00  0.000000e+00
     vertex  1.246313e+01  9.219122e+00  0.000000e+00
   endloop
 endfacet
 facet normal  3.302791e-01  9.438833e-01 -1.170401e-15
   outer loop
     vertex  1.246313e+01  9.219122e+00  5.000000e-01
     vertex  1.248997e+01  9.209729e+00  5.000000e-01
     vertex  1.248997e+01  9.209729e+00  0.000000e+00
   endloop
 endfacet
 facet normal  1.119645e-01  9.937122e-01  0.000000e+00
   outer loop
     vertex  1.243487e+01  9.222306e+00  5.000000e-01
     vertex  1.246313e+01  9.219122e+00  0.000000e+00
     vertex  1.243487e+01  9.222306e+00  0.000000e+00
   endloop
 endfacet
 facet normal  1.119645e-01  9.937122e-01  0.000000e+00
   outer loop
     vertex  1.243487e+01  9.222306e+00  5.000000e-01
     vertex  1.246313e+01  9.219122e+00  5.000000e-01
     vertex  1.246313e+01  9.219122e+00  0.000000e+00
   endloop
 endfacet
 facet normal  1.000000e+00  0.000000e+00  0.000000e+00
   outer loop
     vertex  1.256187e+01  1.011131e+01  5.000000e-01
     vertex  1.256187e+01  9.857306e+00  5.000000e-01
     vertex  1.256187e+01  9.857306e+00  0.000000e+00
   endloop
 endfacet
 facet normal  1.000000e+00  0.000000e+00  0.000000e+00
   outer loop
     vertex  1.256187e+01  1.011131e+01  5.000000e-01
     vertex  1.256187e+01  9.857306e+00  0.000000e+00
     vertex  1.256187e+01  1.011131e+01  0.000000e+00
   endloop
 endfacet
 facet normal  1.119645e-01 -9.937122e-01  0.000000e+00
   outer loop
     vertex  1.246313e+01  9.733490e+00  5.000000e-01
     vertex  1.243487e+01  9.730306e+00  5.000000e-01
     vertex  1.243487e+01  9.730306e+00  0.000000e+00
   endloop
 endfacet
 facet normal  1.119645e-01 -9.937122e-01  0.000000e+00
   outer loop
     vertex  1.246313e+01  9.733490e+00  5.000000e-01
     vertex  1.243487e+01  9.730306e+00  0.000000e+00
     vertex  1.246313e+01  9.733490e+00  0.000000e+00
   endloop
 endfacet
 facet normal  3.302791e-01 -9.438833e-01  0.000000e+00
   outer loop
     vertex  1.248997e+01  9.742883e+00  5.000000e-01
     vertex  1.246313e+01  9.733490e+00  0.000000e+00
     vertex  1.248997e+01  9.742883e+00  0.000000e+00
   endloop
 endfacet
 facet normal  3.302791e-01 -9.438833e-01  0.000000e+00
   outer loop
     vertex  1.248997e+01  9.742883e+00  5.000000e-01
     vertex  1.246313e+01  9.733490e+00  5.000000e-01
     vertex  1.246313e+01  9.733490e+00  0.000000e+00
   endloop
 endfacet
 facet normal  5.320321e-01 -8.467242e-01  0.000000e+00
   outer loop
     vertex  1.251405e+01  9.758013e+00  5.000000e-01
     vertex  1.248997e+01  9.742883e+00  0.000000e+00
     vertex  1.251405e+01  9.758013e+00  0.000000e+00
   endloop
 endfacet
 facet normal  5.320321e-01 -8.467242e-01  0.000000e+00
   outer loop
     vertex  1.251405e+01  9.758013e+00  5.000000e-01
     vertex  1.248997e+01  9.742883e+00  5.000000e-01
     vertex  1.248997e+01  9.742883e+00  0.000000e+00
   endloop
 endfacet
 facet normal  7.071068e-01 -7.071068e-01  0.000000e+00
   outer loop
     vertex  1.253416e+01  9.778122e+00  5.000000e-01
     vertex  1.251405e+01  9.758013e+00  0.000000e+00
     vertex  1.253416e+01  9.778122e+00  0.000000e+00
   endloop
 endfacet
 facet normal  7.071068e-01 -7.071068e-01  0.000000e+00
   outer loop
     vertex  1.253416e+01  9.778122e+00  5.000000e-01
     vertex  1.251405e+01  9.758013e+00  5.000000e-01
     vertex  1.251405e+01  9.758013e+00  0.000000e+00
   endloop
 endfacet
 facet normal  8.467242e-01 -5.320321e-01  0.000000e+00
   outer loop
     vertex  1.254929e+01  9.802202e+00  5.000000e-01
     vertex  1.253416e+01  9.778122e+00  0.000000e+00
     vertex  1.254929e+01  9.802202e+00  0.000000e+00
   endloop
 endfacet
 facet normal  8.467242e-01 -5.320321e-01  0.000000e+00
   outer loop
     vertex  1.254929e+01  9.802202e+00  5.000000e-01
     vertex  1.253416e+01  9.778122e+00  5.000000e-01
     vertex  1.253416e+01  9.778122e+00  0.000000e+00
   endloop
 endfacet
 facet normal  9.438833e-01 -3.302791e-01  0.000000e+00
   outer loop
     vertex  1.255868e+01  9.829046e+00  5.000000e-01
     vertex  1.254929e+01  9.802202e+00  0.000000e+00
     vertex  1.255868e+01  9.829046e+00  0.000000e+00
   endloop
 endfacet
 facet normal  9.438833e-01 -3.302791e-01  0.000000e+00
   outer loop
     vertex  1.255868e+01  9.829046e+00  5.000000e-01
     vertex  1.254929e+01  9.802202e+00  5.000000e-01
     vertex  1.254929e+01  9.802202e+00  0.000000e+00
   endloop
 endfacet
 facet normal  9.937122e-01 -1.119645e-01  0.000000e+00
   outer loop
     vertex  1.256187e+01  9.857306e+00  5.000000e-01
     vertex  1.255868e+01  9.829046e+00  0.000000e+00
     vertex  1.256187e+01  9.857306e+00  0.000000e+00
   endloop
 endfacet
 facet normal  9.937122e-01 -1.119645e-01  0.000000e+00
   outer loop
     vertex  1.256187e+01  9.857306e+00  5.000000e-01
     vertex  1.255868e+01  9.829046e+00  5.000000e-01
     vertex  1.255868e+01  9.829046e+00  0.000000e+00
   endloop
 endfacet
 facet normal -0.000000e+00 -1.000000e+00  0.000000e+00
   outer loop
     vertex  1.243487e+01  9.730306e+00  5.000000e-01
     vertex  1.218087e+01  9.730306e+00  5.000000e-01
     vertex  1.218087e+01  9.730306e+00  0.000000e+00
   endloop
 endfacet
 facet normal  0.000000e+00 -1.000000e+00 -0.000000e+00
   outer loop
     vertex  1.243487e+01  9.730306e+00  5.000000e-01
     vertex  1.218087e+01  9.730306e+00  0.000000e+00
     vertex  1.243487e+01  9.730306e+00  0.000000e+00
   endloop
 endfacet
 facet normal -9.937122e-01 -1.119645e-01  0.000000e+00
   outer loop
     vertex  1.205705e+01  9.829046e+00  5.000000e-01
     vertex  1.205387e+01  9.857306e+00  5.000000e-01
     vertex  1.205387e+01  9.857306e+00  0.000000e+00
   endloop
 endfacet
 facet normal -9.937122e-01 -1.119645e-01  3.977777e-16
   outer loop
     vertex  1.205705e+01  9.829046e+00  5.000000e-01
     vertex  1.205387e+01  9.857306e+00  0.000000e+00
     vertex  1.205705e+01  9.829046e+00  0.000000e+00
   endloop
 endfacet
 facet normal -9.438833e-01 -3.302791e-01  1.173387e-15
   outer loop
     vertex  1.206644e+01  9.802202e+00  5.000000e-01
     vertex  1.205705e+01  9.829046e+00  0.000000e+00
     vertex  1.206644e+01  9.802202e+00  0.000000e+00
   endloop
 endfacet
 facet normal -9.438833e-01 -3.302791e-01  1.174213e-15
   outer loop
     vertex  1.206644e+01  9.802202e+00  5.000000e-01
     vertex  1.205705e+01  9.829046e+00  5.000000e-01
     vertex  1.205705e+01  9.829046e+00  0.000000e+00
   endloop
 endfacet
 facet normal -8.467242e-01 -5.320321e-01 -1.118011e-15
   outer loop
     vertex  1.208157e+01  9.778122e+00  5.000000e-01
     vertex  1.206644e+01  9.802202e+00  0.000000e+00
     vertex  1.208157e+01  9.778122e+00  0.000000e+00
   endloop
 endfacet
 facet normal -8.467242e-01 -5.320321e-01  1.887129e-15
   outer loop
     vertex  1.208157e+01  9.778122e+00  5.000000e-01
     vertex  1.206644e+01  9.802202e+00  5.000000e-01
     vertex  1.206644e+01  9.802202e+00  0.000000e+00
   endloop
 endfacet
 facet normal -7.071068e-01 -7.071068e-01 -0.000000e+00
   outer loop
     vertex  1.210168e+01  9.758013e+00  5.000000e-01
     vertex  1.208157e+01  9.778122e+00  0.000000e+00
     vertex  1.210168e+01  9.758013e+00  0.000000e+00
   endloop
 endfacet
 facet normal -7.071068e-01 -7.071068e-01  0.000000e+00
   outer loop
     vertex  1.210168e+01  9.758013e+00  5.000000e-01
     vertex  1.208157e+01  9.778122e+00  5.000000e-01
     vertex  1.208157e+01  9.778122e+00  0.000000e+00
   endloop
 endfacet
 facet normal -5.320321e-01 -8.467242e-01 -1.890158e-15
   outer loop
     vertex  1.212576e+01  9.742883e+00  5.000000e-01
     vertex  1.210168e+01  9.758013e+00  0.000000e+00
     vertex  1.212576e+01  9.742883e+00  0.000000e+00
   endloop
 endfacet
 facet normal -5.320321e-01 -8.467242e-01  0.000000e+00
   outer loop
     vertex  1.212576e+01  9.742883e+00  5.000000e-01
     vertex  1.210168e+01  9.758013e+00  5.000000e-01
     vertex  1.210168e+01  9.758013e+00  0.000000e+00
   endloop
 endfacet
 facet normal -3.302791e-01 -9.438833e-01 -0.000000e+00
   outer loop
     vertex  1.215261e+01  9.733490e+00  5.000000e-01
     vertex  1.212576e+01  9.742883e+00  0.000000e+00
     vertex  1.215261e+01  9.733490e+00  0.000000e+00
   endloop
 endfacet
 facet normal -3.302791e-01 -9.438833e-01 -1.170401e-15
   outer loop
     vertex  1.215261e+01  9.733490e+00  5.000000e-01
     vertex  1.212576e+01  9.742883e+00  5.000000e-01
     vertex  1.212576e+01  9.742883e+00  0.000000e+00
   endloop
 endfacet
 facet normal -1.119645e-01 -9.937122e-01 -0.000000e+00
   outer loop
     vertex  1.218087e+01  9.730306e+00  5.000000e-01
     vertex  1.215261e+01  9.733490e+00  0.000000e+00
     vertex  1.218087e+01  9.730306e+00  0.000000e+00
   endloop
 endfacet
 facet normal -1.119645e-01 -9.937122e-01  0.000000e+00
   outer loop
     vertex  1.218087e+01  9.730306e+00  5.000000e-01
     vertex  1.215261e+01  9.733490e+00  5.000000e-01
     vertex  1.215261e+01  9.733490e+00  0.000000e+00
   endloop
 endfacet
 facet normal -1.000000e+00  0.000000e+00  0.000000e+00
   outer loop
     vertex  1.205387e+01  9.857306e+00  5.000000e-01
     vertex  1.205387e+01  1.011131e+01  5.000000e-01
     vertex  1.205387e+01  1.011131e+01  0.000000e+00
   endloop
 endfacet
 facet normal -1.000000e+00  0.000000e+00  0.000000e+00
   outer loop
     vertex  1.205387e+01  9.857306e+00  5.000000e-01
     vertex  1.205387e+01  1.011131e+01  0.000000e+00
     vertex  1.205387e+01  9.857306e+00  0.000000e+00
   endloop
 endfacet
 facet normal -1.119645e-01  9.937122e-01  0.000000e+00
   outer loop
     vertex  1.215261e+01  1.023512e+01  5.000000e-01
     vertex  1.218087e+01  1.023831e+01  5.000000e-01
     vertex  1.218087e+01  1.023831e+01  0.000000e+00
   endloop
 endfacet
 facet normal -1.119645e-01  9.937122e-01  0.000000e+00
   outer loop
     vertex  1.215261e+01  1.023512e+01  5.000000e-01
     vertex  1.218087e+01  1.023831e+01  0.000000e+00
     vertex  1.215261e+01  1.023512e+01  0.000000e+00
   endloop
 endfacet
 facet normal -3.302791e-01  9.438833e-01  0.000000e+00
   outer loop
     vertex  1.212576e+01  1.022573e+01  5.000000e-01
     vertex  1.215261e+01  1.023512e+01  0.000000e+00
     vertex  1.212576e+01  1.022573e+01  0.000000e+00
   endloop
 endfacet
 facet normal -3.302791e-01  9.438833e-01  0.000000e+00
   outer loop
     vertex  1.212576e+01  1.022573e+01  5.000000e-01
     vertex  1.215261e+01  1.023512e+01  5.000000e-01
     vertex  1.215261e+01  1.023512e+01  0.000000e+00
   endloop
 endfacet
 facet normal -5.320321e-01  8.467242e-01  0.000000e+00
   outer loop
     vertex  1.210168e+01  1.021060e+01  5.000000e-01
     vertex  1.212576e+01  1.022573e+01  0.000000e+00
     vertex  1.210168e+01  1.021060e+01  0.000000e+00
   endloop
 endfacet
 facet normal -5.320321e-01  8.467242e-01  0.000000e+00
   outer loop
     vertex  1.210168e+01  1.021060e+01  5.000000e-01
     vertex  1.212576e+01  1.022573e+01  5.000000e-01
     vertex  1.212576e+01  1.022573e+01  0.000000e+00
   endloop
 endfacet
 facet normal -7.071068e-01  7.071068e-01  0.000000e+00
   outer loop
     vertex  1.208157e+01  1.019049e+01  5.000000e-01
     vertex  1.210168e+01  1.021060e+01  0.000000e+00
     vertex  1.208157e+01  1.019049e+01  0.000000e+00
   endloop
 endfacet
 facet normal -7.071068e-01  7.071068e-01  0.000000e+00
   outer loop
     vertex  1.208157e+01  1.019049e+01  5.000000e-01
     vertex  1.210168e+01  1.021060e+01  5.000000e-01
     vertex  1.210168e+01  1.021060e+01  0.000000e+00
   endloop
 endfacet
 facet normal -8.467242e-01  5.320321e-01  0.000000e+00
   outer loop
     vertex  1.206644e+01  1.016641e+01  5.000000e-01
     vertex  1.208157e+01  1.019049e+01  0.000000e+00
     vertex  1.206644e+01  1.016641e+01  0.000000e+00
   endloop
 endfacet
 facet normal -8.467242e-01  5.320321e-01  0.000000e+00
   outer loop
     vertex  1.206644e+01  1.016641e+01  5.000000e-01
     vertex  1.208157e+01  1.019049e+01  5.000000e-01
     vertex  1.208157e+01  1.019049e+01  0.000000e+00
   endloop
 endfacet
 facet normal -9.438833e-01  3.302791e-01  0.000000e+00
   outer loop
     vertex  1.205705e+01  1.013957e+01  5.000000e-01
     vertex  1.206644e+01  1.016641e+01  0.000000e+00
     vertex  1.205705e+01  1.013957e+01  0.000000e+00
   endloop
 endfacet
 facet normal -9.438833e-01  3.302791e-01  0.000000e+00
   outer loop
     vertex  1.205705e+01  1.013957e+01  5.000000e-01
     vertex  1.206644e+01  1.016641e+01  5.000000e-01
     vertex  1.206644e+01  1.016641e+01  0.000000e+00
   endloop
 endfacet
 facet normal -9.937122e-01  1.119645e-01  0.000000e+00
   outer loop
     vertex  1.205387e+01  1.011131e+01  5.000000e-01
     vertex  1.205705e+01  1.013957e+01  0.000000e+00
     vertex  1.205387e+01  1.011131e+01  0.000000e+00
   endloop
 endfacet
 facet normal -9.937122e-01  1.119645e-01  0.000000e+00
   outer loop
     vertex  1.205387e+01  1.011131e+01  5.000000e-01
     vertex  1.205705e+01  1.013957e+01  5.000000e-01
     vertex  1.205705e+01  1.013957e+01  0.000000e+00
   endloop
 endfacet
 facet normal -0.000000e+00  1.000000e+00  0.000000e+00
   outer loop
     vertex  1.218087e+01  1.023831e+01  5.000000e-01
     vertex  1.243487e+01  1.023831e+01  5.000000e-01
     vertex  1.243487e+01  1.023831e+01  0.000000e+00
   endloop
 endfacet
 facet normal  0.000000e+00  1.000000e+00  0.000000e+00
   outer loop
     vertex  1.218087e+01  1.023831e+01  5.000000e-01
     vertex  1.243487e+01  1.023831e+01  0.000000e+00
     vertex  1.218087e+01  1.023831e+01  0.000000e+00
   endloop
 endfacet
 facet normal  9.937122e-01  1.119645e-01  0.000000e+00
   outer loop
     vertex  1.255868e+01  1.013957e+01  5.000000e-01
     vertex  1.256187e+01  1.011131e+01  5.000000e-01
     vertex  1.256187e+01  1.011131e+01  0.000000e+00
   endloop
 endfacet
 facet normal  9.937122e-01  1.119645e-01  3.977777e-16
   outer loop
     vertex  1.255868e+01  1.013957e+01  5.000000e-01
     vertex  1.256187e+01  1.011131e+01  0.000000e+00
     vertex  1.255868e+01  1.013957e+01  0.000000e+00
   endloop
 endfacet
 facet normal  9.438833e-01  3.302791e-01  1.173387e-15
   outer loop
     vertex  1.254929e+01  1.016641e+01  5.000000e-01
     vertex  1.255868e+01  1.013957e+01  0.000000e+00
     vertex  1.254929e+01  1.016641e+01  0.000000e+00
   endloop
 endfacet
 facet normal  9.438833e-01  3.302791e-01  1.174213e-15
   outer loop
     vertex  1.254929e+01  1.016641e+01  5.000000e-01
     vertex  1.255868e+01  1.013957e+01  5.000000e-01
     vertex  1.255868e+01  1.013957e+01  0.000000e+00
   endloop
 endfacet
 facet normal  8.467242e-01  5.320321e-01 -1.118011e-15
   outer loop
     vertex  1.253416e+01  1.019049e+01  5.000000e-01
     vertex  1.254929e+01  1.016641e+01  0.000000e+00
     vertex  1.253416e+01  1.019049e+01  0.000000e+00
   endloop
 endfacet
 facet normal  8.467242e-01  5.320321e-01  1.887129e-15
   outer loop
     vertex  1.253416e+01  1.019049e+01  5.000000e-01
     vertex  1.254929e+01  1.016641e+01  5.000000e-01
     vertex  1.254929e+01  1.016641e+01  0.000000e+00
   endloop
 endfacet
 facet normal  7.071068e-01  7.071068e-01  0.000000e+00
   outer loop
     vertex  1.251405e+01  1.021060e+01  5.000000e-01
     vertex  1.253416e+01  1.019049e+01  0.000000e+00
     vertex  1.251405e+01  1.021060e+01  0.000000e+00
   endloop
 endfacet
 facet normal  7.071068e-01  7.071068e-01  0.000000e+00
   outer loop
     vertex  1.251405e+01  1.021060e+01  5.000000e-01
     vertex  1.253416e+01  1.019049e+01  5.000000e-01
     vertex  1.253416e+01  1.019049e+01  0.000000e+00
   endloop
 endfacet
 facet normal  5.320321e-01  8.467242e-01 -1.890158e-15
   outer loop
     vertex  1.248997e+01  1.022573e+01  5.000000e-01
     vertex  1.251405e+01  1.021060e+01  0.000000e+00
     vertex  1.248997e+01  1.022573e+01  0.000000e+00
   endloop
 endfacet
 facet normal  5.320321e-01  8.467242e-01  0.000000e+00
   outer loop
     vertex  1.248997e+01  1.022573e+01  5.000000e-01
     vertex  1.251405e+01  1.021060e+01  5.000000e-01
     vertex  1.251405e+01  1.021060e+01  0.000000e+00
   endloop
 endfacet
 facet normal  3.302791e-01  9.438833e-01  0.000000e+00
   outer loop
     vertex  1.246313e+01  1.023512e+01  5.000000e-01
     vertex  1.248997e+01  1.022573e+01  0.000000e+00
     vertex  1.246313e+01  1.023512e+01  0.000000e+00
   endloop
 endfacet
 facet normal  3.302791e-01  9.438833e-01 -1.170401e-15
   outer loop
     vertex  1.246313e+01  1.023512e+01  5.000000e-01
     vertex  1.248997e+01  1.022573e+01  5.000000e-01
     vertex  1.248997e+01  1.022573e+01  0.000000e+00
   endloop
 endfacet
 facet normal  1.119645e-01  9.937122e-01  0.000000e+00
   outer loop
     vertex  1.243487e+01  1.023831e+01  5.000000e-01
     vertex  1.246313e+01  1.023512e+01  0.000000e+00
     vertex  1.243487e+01  1.023831e+01  0.000000e+00
   endloop
 endfacet
 facet normal  1.119645e-01  9.937122e-01  0.000000e+00
   outer loop
     vertex  1.243487e+01  1.023831e+01  5.000000e-01
     vertex  1.246313e+01  1.023512e+01  5.000000e-01
     vertex  1.246313e+01  1.023512e+01  0.000000e+00
   endloop
 endfacet
 facet normal -0.000000e+00  1.000000e+00  0.000000e+00
   outer loop
     vertex  1.087593e+01  1.002632e+01  5.000000e-01
     vertex  1.157593e+01  1.002632e+01  5.000000e-01
     vertex  1.157593e+01  1.002632e+01  0.000000e+00
   endloop
 endfacet
 facet normal  0.000000e+00  1.000000e+00  0.000000e+00
   outer loop
     vertex  1.087593e+01  1.002632e+01  5.000000e-01
     vertex  1.157593e+01  1.002632e+01  0.000000e+00
     vertex  1.087593e+01  1.002632e+01  0.000000e+00
   endloop
 endfacet
 facet normal  1.000000e+00  0.000000e+00  0.000000e+00
   outer loop
     vertex  1.157593e+01  1.002632e+01  5.000000e-01
     vertex  1.157593e+01  9.626318e+00  5.000000e-01
     vertex  1.157593e+01  9.626318e+00  0.000000e+00
   endloop
 endfacet
 facet normal  1.000000e+00  0.000000e+00  0.000000e+00
   outer loop
     vertex  1.157593e+01  1.002632e+01  5.000000e-01
     vertex  1.157593e+01  9.626318e+00  0.000000e+00
     vertex  1.157593e+01  1.002632e+01  0.000000e+00
   endloop
 endfacet
 facet normal -0.000000e+00 -1.000000e+00  0.000000e+00
   outer loop
     vertex  1.157593e+01  9.626318e+00  5.000000e-01
     vertex  1.087593e+01  9.626318e+00  5.000000e-01
     vertex  1.087593e+01  9.626318e+00  0.000000e+00
   endloop
 endfacet
 facet normal  0.000000e+00 -1.000000e+00 -0.000000e+00
   outer loop
     vertex  1.157593e+01  9.626318e+00  5.000000e-01
     vertex  1.087593e+01  9.626318e+00  0.000000e+00
     vertex  1.157593e+01  9.626318e+00  0.000000e+00
   endloop
 endfacet
 facet normal -1.000000e+00  0.000000e+00  0.000000e+00
   outer loop
     vertex  1.087593e+01  9.626318e+00  5.000000e-01
     vertex  1.087593e+01  1.002632e+01  5.000000e-01
     vertex  1.087593e+01  1.002632e+01  0.000000e+00
   endloop
 endfacet
 facet normal -1.000000e+00  0.000000e+00  0.000000e+00
   outer loop
     vertex  1.087593e+01  9.626318e+00  5.000000e-01
     vertex  1.087593e+01  1.002632e+01  0.000000e+00
     vertex  1.087593e+01  9.626318e+00  0.000000e+00
   endloop
 endfacet
 facet normal -1.000000e+00  0.000000e+00  0.000000e+00
   outer loop
     vertex  1.087593e+01  8.926294e+00  5.000000e-01
     vertex  1.087593e+01  9.326293e+00  5.000000e-01
     vertex  1.087593e+01  9.326293e+00  0.000000e+00
   endloop
 endfacet
 facet normal -1.000000e+00  0.000000e+00  0.000000e+00
   outer loop
     vertex  1.087593e+01  8.926294e+00  5.000000e-01
     vertex  1.087593e+01  9.326293e+00  0.000000e+00
     vertex  1.087593e+01  8.926294e+00  0.000000e+00
   endloop
 endfacet
 facet normal -0.000000e+00  1.000000e+00  0.000000e+00
   outer loop
     vertex  1.087593e+01  9.326293e+00  5.000000e-01
     vertex  1.157593e+01  9.326293e+00  5.000000e-01
     vertex  1.157593e+01  9.326293e+00  0.000000e+00
   endloop
 endfacet
 facet normal  0.000000e+00  1.000000e+00  0.000000e+00
   outer loop
     vertex  1.087593e+01  9.326293e+00  5.000000e-01
     vertex  1.157593e+01  9.326293e+00  0.000000e+00
     vertex  1.087593e+01  9.326293e+00  0.000000e+00
   endloop
 endfacet
 facet normal  1.000000e+00  0.000000e+00  0.000000e+00
   outer loop
     vertex  1.157593e+01  9.326293e+00  5.000000e-01
     vertex  1.157593e+01  8.926294e+00  5.000000e-01
     vertex  1.157593e+01  8.926294e+00  0.000000e+00
   endloop
 endfacet
 facet normal  1.000000e+00  0.000000e+00  0.000000e+00
   outer loop
     vertex  1.157593e+01  9.326293e+00  5.000000e-01
     vertex  1.157593e+01  8.926294e+00  0.000000e+00
     vertex  1.157593e+01  9.326293e+00  0.000000e+00
   endloop
 endfacet
 facet normal -0.000000e+00 -1.000000e+00  0.000000e+00
   outer loop
     vertex  1.157593e+01  8.926294e+00  5.000000e-01
     vertex  1.087593e+01  8.926294e+00  5.000000e-01
     vertex  1.087593e+01  8.926294e+00  0.000000e+00
   endloop
 endfacet
 facet normal  0.000000e+00 -1.000000e+00 -0.000000e+00
   outer loop
     vertex  1.157593e+01  8.926294e+00  5.000000e-01
     vertex  1.087593e+01  8.926294e+00  0.000000e+00
     vertex  1.157593e+01  8.926294e+00  0.000000e+00
   endloop
 endfacet
 facet normal  1.119645e-01 -9.937122e-01  0.000000e+00
   outer loop
     vertex  1.030247e+01  9.718341e+00  5.000000e-01
     vertex  1.027421e+01  9.715157e+00  5.000000e-01
     vertex  1.027421e+01  9.715157e+00  0.000000e+00
   endloop
 endfacet
 facet normal  1.119645e-01 -9.937122e-01  0.000000e+00
   outer loop
     vertex  1.030247e+01  9.718341e+00  5.000000e-01
     vertex  1.027421e+01  9.715157e+00  0.000000e+00
     vertex  1.030247e+01  9.718341e+00  0.000000e+00
   endloop
 endfacet
 facet normal  3.302791e-01 -9.438833e-01  0.000000e+00
   outer loop
     vertex  1.032931e+01  9.727734e+00  5.000000e-01
     vertex  1.030247e+01  9.718341e+00  0.000000e+00
     vertex  1.032931e+01  9.727734e+00  0.000000e+00
   endloop
 endfacet
 facet normal  3.302791e-01 -9.438833e-01  0.000000e+00
   outer loop
     vertex  1.032931e+01  9.727734e+00  5.000000e-01
     vertex  1.030247e+01  9.718341e+00  5.000000e-01
     vertex  1.030247e+01  9.718341e+00  0.000000e+00
   endloop
 endfacet
 facet normal  5.320321e-01 -8.467242e-01  0.000000e+00
   outer loop
     vertex  1.035339e+01  9.742865e+00  5.000000e-01
     vertex  1.032931e+01  9.727734e+00  0.000000e+00
     vertex  1.035339e+01  9.742865e+00  0.000000e+00
   endloop
 endfacet
 facet normal  5.320321e-01 -8.467242e-01  0.000000e+00
   outer loop
     vertex  1.035339e+01  9.742865e+00  5.000000e-01
     vertex  1.032931e+01  9.727734e+00  5.000000e-01
     vertex  1.032931e+01  9.727734e+00  0.000000e+00
   endloop
 endfacet
 facet normal  7.071068e-01 -7.071068e-01  0.000000e+00
   outer loop
     vertex  1.037350e+01  9.762974e+00  5.000000e-01
     vertex  1.035339e+01  9.742865e+00  0.000000e+00
     vertex  1.037350e+01  9.762974e+00  0.000000e+00
   endloop
 endfacet
 facet normal  7.071068e-01 -7.071068e-01  0.000000e+00
   outer loop
     vertex  1.037350e+01  9.762974e+00  5.000000e-01
     vertex  1.035339e+01  9.742865e+00  5.000000e-01
     vertex  1.035339e+01  9.742865e+00  0.000000e+00
   endloop
 endfacet
 facet normal  8.467242e-01 -5.320321e-01  0.000000e+00
   outer loop
     vertex  1.038863e+01  9.787054e+00  5.000000e-01
     vertex  1.037350e+01  9.762974e+00  0.000000e+00
     vertex  1.038863e+01  9.787054e+00  0.000000e+00
   endloop
 endfacet
 facet normal  8.467242e-01 -5.320321e-01  0.000000e+00
   outer loop
     vertex  1.038863e+01  9.787054e+00  5.000000e-01
     vertex  1.037350e+01  9.762974e+00  5.000000e-01
     vertex  1.037350e+01  9.762974e+00  0.000000e+00
   endloop
 endfacet
 facet normal  9.438833e-01 -3.302791e-01  0.000000e+00
   outer loop
     vertex  1.039803e+01  9.813897e+00  5.000000e-01
     vertex  1.038863e+01  9.787054e+00  0.000000e+00
     vertex  1.039803e+01  9.813897e+00  0.000000e+00
   endloop
 endfacet
 facet normal  9.438833e-01 -3.302791e-01  0.000000e+00
   outer loop
     vertex  1.039803e+01  9.813897e+00  5.000000e-01
     vertex  1.038863e+01  9.787054e+00  5.000000e-01
     vertex  1.038863e+01  9.787054e+00  0.000000e+00
   endloop
 endfacet
 facet normal  9.937122e-01 -1.119645e-01  0.000000e+00
   outer loop
     vertex  1.040121e+01  9.842157e+00  5.000000e-01
     vertex  1.039803e+01  9.813897e+00  0.000000e+00
     vertex  1.040121e+01  9.842157e+00  0.000000e+00
   endloop
 endfacet
 facet normal  9.937122e-01 -1.119645e-01  0.000000e+00
   outer loop
     vertex  1.040121e+01  9.842157e+00  5.000000e-01
     vertex  1.039803e+01  9.813897e+00  5.000000e-01
     vertex  1.039803e+01  9.813897e+00  0.000000e+00
   endloop
 endfacet
 facet normal -0.000000e+00 -1.000000e+00  0.000000e+00
   outer loop
     vertex  1.027421e+01  9.715157e+00  5.000000e-01
     vertex  1.002021e+01  9.715157e+00  5.000000e-01
     vertex  1.002021e+01  9.715157e+00  0.000000e+00
   endloop
 endfacet
 facet normal  0.000000e+00 -1.000000e+00 -0.000000e+00
   outer loop
     vertex  1.027421e+01  9.715157e+00  5.000000e-01
     vertex  1.002021e+01  9.715157e+00  0.000000e+00
     vertex  1.027421e+01  9.715157e+00  0.000000e+00
   endloop
 endfacet
 facet normal -9.937122e-01 -1.119645e-01  0.000000e+00
   outer loop
     vertex  9.896395e+00  9.813897e+00  5.000000e-01
     vertex  9.893211e+00  9.842157e+00  5.000000e-01
     vertex  9.893211e+00  9.842157e+00  0.000000e+00
   endloop
 endfacet
 facet normal -9.937122e-01 -1.119645e-01  3.977777e-16
   outer loop
     vertex  9.896395e+00  9.813897e+00  5.000000e-01
     vertex  9.893211e+00  9.842157e+00  0.000000e+00
     vertex  9.896395e+00  9.813897e+00  0.000000e+00
   endloop
 endfacet
 facet normal -9.438833e-01 -3.302791e-01  1.173387e-15
   outer loop
     vertex  9.905788e+00  9.787054e+00  5.000000e-01
     vertex  9.896395e+00  9.813897e+00  0.000000e+00
     vertex  9.905788e+00  9.787054e+00  0.000000e+00
   endloop
 endfacet
 facet normal -9.438833e-01 -3.302791e-01  1.174213e-15
   outer loop
     vertex  9.905788e+00  9.787054e+00  5.000000e-01
     vertex  9.896395e+00  9.813897e+00  5.000000e-01
     vertex  9.896395e+00  9.813897e+00  0.000000e+00
   endloop
 endfacet
 facet normal -8.467242e-01 -5.320321e-01 -1.118011e-15
   outer loop
     vertex  9.920919e+00  9.762974e+00  5.000000e-01
     vertex  9.905788e+00  9.787054e+00  0.000000e+00
     vertex  9.920919e+00  9.762974e+00  0.000000e+00
   endloop
 endfacet
 facet normal -8.467242e-01 -5.320321e-01  1.887129e-15
   outer loop
     vertex  9.920919e+00  9.762974e+00  5.000000e-01
     vertex  9.905788e+00  9.787054e+00  5.000000e-01
     vertex  9.905788e+00  9.787054e+00  0.000000e+00
   endloop
 endfacet
 facet normal -7.071068e-01 -7.071068e-01 -0.000000e+00
   outer loop
     vertex  9.941028e+00  9.742865e+00  5.000000e-01
     vertex  9.920919e+00  9.762974e+00  0.000000e+00
     vertex  9.941028e+00  9.742865e+00  0.000000e+00
   endloop
 endfacet
 facet normal -7.071068e-01 -7.071068e-01  0.000000e+00
   outer loop
     vertex  9.941028e+00  9.742865e+00  5.000000e-01
     vertex  9.920919e+00  9.762974e+00  5.000000e-01
     vertex  9.920919e+00  9.762974e+00  0.000000e+00
   endloop
 endfacet
 facet normal -5.320321e-01 -8.467242e-01 -1.890158e-15
   outer loop
     vertex  9.965108e+00  9.727734e+00  5.000000e-01
     vertex  9.941028e+00  9.742865e+00  0.000000e+00
     vertex  9.965108e+00  9.727734e+00  0.000000e+00
   endloop
 endfacet
 facet normal -5.320321e-01 -8.467242e-01  0.000000e+00
   outer loop
     vertex  9.965108e+00  9.727734e+00  5.000000e-01
     vertex  9.941028e+00  9.742865e+00  5.000000e-01
     vertex  9.941028e+00  9.742865e+00  0.000000e+00
   endloop
 endfacet
 facet normal -3.302791e-01 -9.438833e-01 -0.000000e+00
   outer loop
     vertex  9.991951e+00  9.718341e+00  5.000000e-01
     vertex  9.965108e+00  9.727734e+00  0.000000e+00
     vertex  9.991951e+00  9.718341e+00  0.000000e+00
   endloop
 endfacet
 facet normal -3.302791e-01 -9.438833e-01 -1.170401e-15
   outer loop
     vertex  9.991951e+00  9.718341e+00  5.000000e-01
     vertex  9.965108e+00  9.727734e+00  5.000000e-01
     vertex  9.965108e+00  9.727734e+00  0.000000e+00
   endloop
 endfacet
 facet normal -1.119645e-01 -9.937122e-01 -0.000000e+00
   outer loop
     vertex  1.002021e+01  9.715157e+00  5.000000e-01
     vertex  9.991951e+00  9.718341e+00  0.000000e+00
     vertex  1.002021e+01  9.715157e+00  0.000000e+00
   endloop
 endfacet
 facet normal -1.119645e-01 -9.937122e-01  0.000000e+00
   outer loop
     vertex  1.002021e+01  9.715157e+00  5.000000e-01
     vertex  9.991951e+00  9.718341e+00  5.000000e-01
     vertex  9.991951e+00  9.718341e+00  0.000000e+00
   endloop
 endfacet
 facet normal -1.000000e+00  0.000000e+00  0.000000e+00
   outer loop
     vertex  9.893211e+00  9.842157e+00  5.000000e-01
     vertex  9.893211e+00  1.009616e+01  5.000000e-01
     vertex  9.893211e+00  1.009616e+01  0.000000e+00
   endloop
 endfacet
 facet normal -1.000000e+00  0.000000e+00  0.000000e+00
   outer loop
     vertex  9.893211e+00  9.842157e+00  5.000000e-01
     vertex  9.893211e+00  1.009616e+01  0.000000e+00
     vertex  9.893211e+00  9.842157e+00  0.000000e+00
   endloop
 endfacet
 facet normal -1.119645e-01  9.937122e-01  0.000000e+00
   outer loop
     vertex  9.991951e+00  1.021997e+01  5.000000e-01
     vertex  1.002021e+01  1.022316e+01  5.000000e-01
     vertex  1.002021e+01  1.022316e+01  0.000000e+00
   endloop
 endfacet
 facet normal -1.119645e-01  9.937122e-01  0.000000e+00
   outer loop
     vertex  9.991951e+00  1.021997e+01  5.000000e-01
     vertex  1.002021e+01  1.022316e+01  0.000000e+00
     vertex  9.991951e+00  1.021997e+01  0.000000e+00
   endloop
 endfacet
 facet normal -3.302791e-01  9.438833e-01  0.000000e+00
   outer loop
     vertex  9.965108e+00  1.021058e+01  5.000000e-01
     vertex  9.991951e+00  1.021997e+01  0.000000e+00
     vertex  9.965108e+00  1.021058e+01  0.000000e+00
   endloop
 endfacet
 facet normal -3.302791e-01  9.438833e-01  0.000000e+00
   outer loop
     vertex  9.965108e+00  1.021058e+01  5.000000e-01
     vertex  9.991951e+00  1.021997e+01  5.000000e-01
     vertex  9.991951e+00  1.021997e+01  0.000000e+00
   endloop
 endfacet
 facet normal -5.320321e-01  8.467242e-01  0.000000e+00
   outer loop
     vertex  9.941028e+00  1.019545e+01  5.000000e-01
     vertex  9.965108e+00  1.021058e+01  0.000000e+00
     vertex  9.941028e+00  1.019545e+01  0.000000e+00
   endloop
 endfacet
 facet normal -5.320321e-01  8.467242e-01  0.000000e+00
   outer loop
     vertex  9.941028e+00  1.019545e+01  5.000000e-01
     vertex  9.965108e+00  1.021058e+01  5.000000e-01
     vertex  9.965108e+00  1.021058e+01  0.000000e+00
   endloop
 endfacet
 facet normal -7.071068e-01  7.071068e-01  0.000000e+00
   outer loop
     vertex  9.920919e+00  1.017534e+01  5.000000e-01
     vertex  9.941028e+00  1.019545e+01  0.000000e+00
     vertex  9.920919e+00  1.017534e+01  0.000000e+00
   endloop
 endfacet
 facet normal -7.071068e-01  7.071068e-01  0.000000e+00
   outer loop
     vertex  9.920919e+00  1.017534e+01  5.000000e-01
     vertex  9.941028e+00  1.019545e+01  5.000000e-01
     vertex  9.941028e+00  1.019545e+01  0.000000e+00
   endloop
 endfacet
 facet normal -8.467242e-01  5.320321e-01  0.000000e+00
   outer loop
     vertex  9.905788e+00  1.015126e+01  5.000000e-01
     vertex  9.920919e+00  1.017534e+01  0.000000e+00
     vertex  9.905788e+00  1.015126e+01  0.000000e+00
   endloop
 endfacet
 facet normal -8.467242e-01  5.320321e-01  0.000000e+00
   outer loop
     vertex  9.905788e+00  1.015126e+01  5.000000e-01
     vertex  9.920919e+00  1.017534e+01  5.000000e-01
     vertex  9.920919e+00  1.017534e+01  0.000000e+00
   endloop
 endfacet
 facet normal -9.438833e-01  3.302791e-01  0.000000e+00
   outer loop
     vertex  9.896395e+00  1.012442e+01  5.000000e-01
     vertex  9.905788e+00  1.015126e+01  0.000000e+00
     vertex  9.896395e+00  1.012442e+01  0.000000e+00
   endloop
 endfacet
 facet normal -9.438833e-01  3.302791e-01  0.000000e+00
   outer loop
     vertex  9.896395e+00  1.012442e+01  5.000000e-01
     vertex  9.905788e+00  1.015126e+01  5.000000e-01
     vertex  9.905788e+00  1.015126e+01  0.000000e+00
   endloop
 endfacet
 facet normal -9.937122e-01  1.119645e-01  0.000000e+00
   outer loop
     vertex  9.893211e+00  1.009616e+01  5.000000e-01
     vertex  9.896395e+00  1.012442e+01  0.000000e+00
     vertex  9.893211e+00  1.009616e+01  0.000000e+00
   endloop
 endfacet
 facet normal -9.937122e-01  1.119645e-01  0.000000e+00
   outer loop
     vertex  9.893211e+00  1.009616e+01  5.000000e-01
     vertex  9.896395e+00  1.012442e+01  5.000000e-01
     vertex  9.896395e+00  1.012442e+01  0.000000e+00
   endloop
 endfacet
 facet normal -0.000000e+00  1.000000e+00  0.000000e+00
   outer loop
     vertex  1.002021e+01  1.022316e+01  5.000000e-01
     vertex  1.027421e+01  1.022316e+01  5.000000e-01
     vertex  1.027421e+01  1.022316e+01  0.000000e+00
   endloop
 endfacet
 facet normal  0.000000e+00  1.000000e+00  0.000000e+00
   outer loop
     vertex  1.002021e+01  1.022316e+01  5.000000e-01
     vertex  1.027421e+01  1.022316e+01  0.000000e+00
     vertex  1.002021e+01  1.022316e+01  0.000000e+00
   endloop
 endfacet
 facet normal  9.937122e-01  1.119645e-01  0.000000e+00
   outer loop
     vertex  1.039803e+01  1.012442e+01  5.000000e-01
     vertex  1.040121e+01  1.009616e+01  5.000000e-01
     vertex  1.040121e+01  1.009616e+01  0.000000e+00
   endloop
 endfacet
 facet normal  9.937122e-01  1.119645e-01  3.977777e-16
   outer loop
     vertex  1.039803e+01  1.012442e+01  5.000000e-01
     vertex  1.040121e+01  1.009616e+01  0.000000e+00
     vertex  1.039803e+01  1.012442e+01  0.000000e+00
   endloop
 endfacet
 facet normal  9.438833e-01  3.302791e-01  1.173387e-15
   outer loop
     vertex  1.038863e+01  1.015126e+01  5.000000e-01
     vertex  1.039803e+01  1.012442e+01  0.000000e+00
     vertex  1.038863e+01  1.015126e+01  0.000000e+00
   endloop
 endfacet
 facet normal  9.438833e-01  3.302791e-01  1.174213e-15
   outer loop
     vertex  1.038863e+01  1.015126e+01  5.000000e-01
     vertex  1.039803e+01  1.012442e+01  5.000000e-01
     vertex  1.039803e+01  1.012442e+01  0.000000e+00
   endloop
 endfacet
 facet normal  8.467242e-01  5.320321e-01 -1.118011e-15
   outer loop
     vertex  1.037350e+01  1.017534e+01  5.000000e-01
     vertex  1.038863e+01  1.015126e+01  0.000000e+00
     vertex  1.037350e+01  1.017534e+01  0.000000e+00
   endloop
 endfacet
 facet normal  8.467242e-01  5.320321e-01  1.887129e-15
   outer loop
     vertex  1.037350e+01  1.017534e+01  5.000000e-01
     vertex  1.038863e+01  1.015126e+01  5.000000e-01
     vertex  1.038863e+01  1.015126e+01  0.000000e+00
   endloop
 endfacet
 facet normal  7.071068e-01  7.071068e-01  0.000000e+00
   outer loop
     vertex  1.035339e+01  1.019545e+01  5.000000e-01
     vertex  1.037350e+01  1.017534e+01  0.000000e+00
     vertex  1.035339e+01  1.019545e+01  0.000000e+00
   endloop
 endfacet
 facet normal  7.071068e-01  7.071068e-01  0.000000e+00
   outer loop
     vertex  1.035339e+01  1.019545e+01  5.000000e-01
     vertex  1.037350e+01  1.017534e+01  5.000000e-01
     vertex  1.037350e+01  1.017534e+01  0.000000e+00
   endloop
 endfacet
 facet normal  5.320321e-01  8.467242e-01 -1.890158e-15
   outer loop
     vertex  1.032931e+01  1.021058e+01  5.000000e-01
     vertex  1.035339e+01  1.019545e+01  0.000000e+00
     vertex  1.032931e+01  1.021058e+01  0.000000e+00
   endloop
 endfacet
 facet normal  5.320321e-01  8.467242e-01  0.000000e+00
   outer loop
     vertex  1.032931e+01  1.021058e+01  5.000000e-01
     vertex  1.035339e+01  1.019545e+01  5.000000e-01
     vertex  1.035339e+01  1.019545e+01  0.000000e+00
   endloop
 endfacet
 facet normal  3.302791e-01  9.438833e-01  0.000000e+00
   outer loop
     vertex  1.030247e+01  1.021997e+01  5.000000e-01
     vertex  1.032931e+01  1.021058e+01  0.000000e+00
     vertex  1.030247e+01  1.021997e+01  0.000000e+00
   endloop
 endfacet
 facet normal  3.302791e-01  9.438833e-01 -1.170401e-15
   outer loop
     vertex  1.030247e+01  1.021997e+01  5.000000e-01
     vertex  1.032931e+01  1.021058e+01  5.000000e-01
     vertex  1.032931e+01  1.021058e+01  0.000000e+00
   endloop
 endfacet
 facet normal  1.119645e-01  9.937122e-01  0.000000e+00
   outer loop
     vertex  1.027421e+01  1.022316e+01  5.000000e-01
     vertex  1.030247e+01  1.021997e+01  0.000000e+00
     vertex  1.027421e+01  1.022316e+01  0.000000e+00
   endloop
 endfacet
 facet normal  1.119645e-01  9.937122e-01  0.000000e+00
   outer loop
     vertex  1.027421e+01  1.022316e+01  5.000000e-01
     vertex  1.030247e+01  1.021997e+01  5.000000e-01
     vertex  1.030247e+01  1.021997e+01  0.000000e+00
   endloop
 endfacet
 facet normal  1.000000e+00  0.000000e+00  0.000000e+00
   outer loop
     vertex  1.040121e+01  1.009616e+01  5.000000e-01
     vertex  1.040121e+01  9.842157e+00  5.000000e-01
     vertex  1.040121e+01  9.842157e+00  0.000000e+00
   endloop
 endfacet
 facet normal  1.000000e+00  0.000000e+00  0.000000e+00
   outer loop
     vertex  1.040121e+01  1.009616e+01  5.000000e-01
     vertex  1.040121e+01  9.842157e+00  0.000000e+00
     vertex  1.040121e+01  1.009616e+01  0.000000e+00
   endloop
 endfacet
 facet normal -0.000000e+00  1.000000e+00  0.000000e+00
   outer loop
     vertex  1.002021e+01  9.207157e+00  5.000000e-01
     vertex  1.027421e+01  9.207157e+00  5.000000e-01
     vertex  1.027421e+01  9.207157e+00  0.000000e+00
   endloop
 endfacet
 facet normal  0.000000e+00  1.000000e+00  0.000000e+00
   outer loop
     vertex  1.002021e+01  9.207157e+00  5.000000e-01
     vertex  1.027421e+01  9.207157e+00  0.000000e+00
     vertex  1.002021e+01  9.207157e+00  0.000000e+00
   endloop
 endfacet
 facet normal  9.937122e-01  1.119645e-01  0.000000e+00
   outer loop
     vertex  1.039803e+01  9.108417e+00  5.000000e-01
     vertex  1.040121e+01  9.080157e+00  5.000000e-01
     vertex  1.040121e+01  9.080157e+00  0.000000e+00
   endloop
 endfacet
 facet normal  9.937122e-01  1.119645e-01  3.977777e-16
   outer loop
     vertex  1.039803e+01  9.108417e+00  5.000000e-01
     vertex  1.040121e+01  9.080157e+00  0.000000e+00
     vertex  1.039803e+01  9.108417e+00  0.000000e+00
   endloop
 endfacet
 facet normal  9.438833e-01  3.302791e-01  1.173387e-15
   outer loop
     vertex  1.038863e+01  9.135260e+00  5.000000e-01
     vertex  1.039803e+01  9.108417e+00  0.000000e+00
     vertex  1.038863e+01  9.135260e+00  0.000000e+00
   endloop
 endfacet
 facet normal  9.438833e-01  3.302791e-01  1.174213e-15
   outer loop
     vertex  1.038863e+01  9.135260e+00  5.000000e-01
     vertex  1.039803e+01  9.108417e+00  5.000000e-01
     vertex  1.039803e+01  9.108417e+00  0.000000e+00
   endloop
 endfacet
 facet normal  8.467242e-01  5.320321e-01 -1.118011e-15
   outer loop
     vertex  1.037350e+01  9.159340e+00  5.000000e-01
     vertex  1.038863e+01  9.135260e+00  0.000000e+00
     vertex  1.037350e+01  9.159340e+00  0.000000e+00
   endloop
 endfacet
 facet normal  8.467242e-01  5.320321e-01  1.887129e-15
   outer loop
     vertex  1.037350e+01  9.159340e+00  5.000000e-01
     vertex  1.038863e+01  9.135260e+00  5.000000e-01
     vertex  1.038863e+01  9.135260e+00  0.000000e+00
   endloop
 endfacet
 facet normal  7.071068e-01  7.071068e-01  0.000000e+00
   outer loop
     vertex  1.035339e+01  9.179450e+00  5.000000e-01
     vertex  1.037350e+01  9.159340e+00  0.000000e+00
     vertex  1.035339e+01  9.179450e+00  0.000000e+00
   endloop
 endfacet
 facet normal  7.071068e-01  7.071068e-01  0.000000e+00
   outer loop
     vertex  1.035339e+01  9.179450e+00  5.000000e-01
     vertex  1.037350e+01  9.159340e+00  5.000000e-01
     vertex  1.037350e+01  9.159340e+00  0.000000e+00
   endloop
 endfacet
 facet normal  5.320321e-01  8.467242e-01 -1.890158e-15
   outer loop
     vertex  1.032931e+01  9.194580e+00  5.000000e-01
     vertex  1.035339e+01  9.179450e+00  0.000000e+00
     vertex  1.032931e+01  9.194580e+00  0.000000e+00
   endloop
 endfacet
 facet normal  5.320321e-01  8.467242e-01  0.000000e+00
   outer loop
     vertex  1.032931e+01  9.194580e+00  5.000000e-01
     vertex  1.035339e+01  9.179450e+00  5.000000e-01
     vertex  1.035339e+01  9.179450e+00  0.000000e+00
   endloop
 endfacet
 facet normal  3.302791e-01  9.438833e-01  0.000000e+00
   outer loop
     vertex  1.030247e+01  9.203973e+00  5.000000e-01
     vertex  1.032931e+01  9.194580e+00  0.000000e+00
     vertex  1.030247e+01  9.203973e+00  0.000000e+00
   endloop
 endfacet
 facet normal  3.302791e-01  9.438833e-01 -1.170401e-15
   outer loop
     vertex  1.030247e+01  9.203973e+00  5.000000e-01
     vertex  1.032931e+01  9.194580e+00  5.000000e-01
     vertex  1.032931e+01  9.194580e+00  0.000000e+00
   endloop
 endfacet
 facet normal  1.119645e-01  9.937122e-01  0.000000e+00
   outer loop
     vertex  1.027421e+01  9.207157e+00  5.000000e-01
     vertex  1.030247e+01  9.203973e+00  0.000000e+00
     vertex  1.027421e+01  9.207157e+00  0.000000e+00
   endloop
 endfacet
 facet normal  1.119645e-01  9.937122e-01  0.000000e+00
   outer loop
     vertex  1.027421e+01  9.207157e+00  5.000000e-01
     vertex  1.030247e+01  9.203973e+00  5.000000e-01
     vertex  1.030247e+01  9.203973e+00  0.000000e+00
   endloop
 endfacet
 facet normal  1.000000e+00  0.000000e+00  0.000000e+00
   outer loop
     vertex  1.040121e+01  9.080157e+00  5.000000e-01
     vertex  1.040121e+01  8.826157e+00  5.000000e-01
     vertex  1.040121e+01  8.826157e+00  0.000000e+00
   endloop
 endfacet
 facet normal  1.000000e+00  0.000000e+00  0.000000e+00
   outer loop
     vertex  1.040121e+01  9.080157e+00  5.000000e-01
     vertex  1.040121e+01  8.826157e+00  0.000000e+00
     vertex  1.040121e+01  9.080157e+00  0.000000e+00
   endloop
 endfacet
 facet normal  1.119645e-01 -9.937122e-01  0.000000e+00
   outer loop
     vertex  1.030247e+01  8.702341e+00  5.000000e-01
     vertex  1.027421e+01  8.699157e+00  5.000000e-01
     vertex  1.027421e+01  8.699157e+00  0.000000e+00
   endloop
 endfacet
 facet normal  1.119645e-01 -9.937122e-01  0.000000e+00
   outer loop
     vertex  1.030247e+01  8.702341e+00  5.000000e-01
     vertex  1.027421e+01  8.699157e+00  0.000000e+00
     vertex  1.030247e+01  8.702341e+00  0.000000e+00
   endloop
 endfacet
 facet normal  3.302791e-01 -9.438833e-01  0.000000e+00
   outer loop
     vertex  1.032931e+01  8.711734e+00  5.000000e-01
     vertex  1.030247e+01  8.702341e+00  0.000000e+00
     vertex  1.032931e+01  8.711734e+00  0.000000e+00
   endloop
 endfacet
 facet normal  3.302791e-01 -9.438833e-01  0.000000e+00
   outer loop
     vertex  1.032931e+01  8.711734e+00  5.000000e-01
     vertex  1.030247e+01  8.702341e+00  5.000000e-01
     vertex  1.030247e+01  8.702341e+00  0.000000e+00
   endloop
 endfacet
 facet normal  5.320321e-01 -8.467242e-01  0.000000e+00
   outer loop
     vertex  1.035339e+01  8.726865e+00  5.000000e-01
     vertex  1.032931e+01  8.711734e+00  0.000000e+00
     vertex  1.035339e+01  8.726865e+00  0.000000e+00
   endloop
 endfacet
 facet normal  5.320321e-01 -8.467242e-01  0.000000e+00
   outer loop
     vertex  1.035339e+01  8.726865e+00  5.000000e-01
     vertex  1.032931e+01  8.711734e+00  5.000000e-01
     vertex  1.032931e+01  8.711734e+00  0.000000e+00
   endloop
 endfacet
 facet normal  7.071068e-01 -7.071068e-01  0.000000e+00
   outer loop
     vertex  1.037350e+01  8.746974e+00  5.000000e-01
     vertex  1.035339e+01  8.726865e+00  0.000000e+00
     vertex  1.037350e+01  8.746974e+00  0.000000e+00
   endloop
 endfacet
 facet normal  7.071068e-01 -7.071068e-01  0.000000e+00
   outer loop
     vertex  1.037350e+01  8.746974e+00  5.000000e-01
     vertex  1.035339e+01  8.726865e+00  5.000000e-01
     vertex  1.035339e+01  8.726865e+00  0.000000e+00
   endloop
 endfacet
 facet normal  8.467242e-01 -5.320321e-01  0.000000e+00
   outer loop
     vertex  1.038863e+01  8.771054e+00  5.000000e-01
     vertex  1.037350e+01  8.746974e+00  0.000000e+00
     vertex  1.038863e+01  8.771054e+00  0.000000e+00
   endloop
 endfacet
 facet normal  8.467242e-01 -5.320321e-01  0.000000e+00
   outer loop
     vertex  1.038863e+01  8.771054e+00  5.000000e-01
     vertex  1.037350e+01  8.746974e+00  5.000000e-01
     vertex  1.037350e+01  8.746974e+00  0.000000e+00
   endloop
 endfacet
 facet normal  9.438833e-01 -3.302791e-01  0.000000e+00
   outer loop
     vertex  1.039803e+01  8.797897e+00  5.000000e-01
     vertex  1.038863e+01  8.771054e+00  0.000000e+00
     vertex  1.039803e+01  8.797897e+00  0.000000e+00
   endloop
 endfacet
 facet normal  9.438833e-01 -3.302791e-01  0.000000e+00
   outer loop
     vertex  1.039803e+01  8.797897e+00  5.000000e-01
     vertex  1.038863e+01  8.771054e+00  5.000000e-01
     vertex  1.038863e+01  8.771054e+00  0.000000e+00
   endloop
 endfacet
 facet normal  9.937122e-01 -1.119645e-01  0.000000e+00
   outer loop
     vertex  1.040121e+01  8.826157e+00  5.000000e-01
     vertex  1.039803e+01  8.797897e+00  0.000000e+00
     vertex  1.040121e+01  8.826157e+00  0.000000e+00
   endloop
 endfacet
 facet normal  9.937122e-01 -1.119645e-01  0.000000e+00
   outer loop
     vertex  1.040121e+01  8.826157e+00  5.000000e-01
     vertex  1.039803e+01  8.797897e+00  5.000000e-01
     vertex  1.039803e+01  8.797897e+00  0.000000e+00
   endloop
 endfacet
 facet normal -0.000000e+00 -1.000000e+00  0.000000e+00
   outer loop
     vertex  1.027421e+01  8.699157e+00  5.000000e-01
     vertex  1.002021e+01  8.699157e+00  5.000000e-01
     vertex  1.002021e+01  8.699157e+00  0.000000e+00
   endloop
 endfacet
 facet normal  0.000000e+00 -1.000000e+00 -0.000000e+00
   outer loop
     vertex  1.027421e+01  8.699157e+00  5.000000e-01
     vertex  1.002021e+01  8.699157e+00  0.000000e+00
     vertex  1.027421e+01  8.699157e+00  0.000000e+00
   endloop
 endfacet
 facet normal -9.937122e-01 -1.119645e-01  0.000000e+00
   outer loop
     vertex  9.896395e+00  8.797897e+00  5.000000e-01
     vertex  9.893211e+00  8.826157e+00  5.000000e-01
     vertex  9.893211e+00  8.826157e+00  0.000000e+00
   endloop
 endfacet
 facet normal -9.937122e-01 -1.119645e-01  3.977777e-16
   outer loop
     vertex  9.896395e+00  8.797897e+00  5.000000e-01
     vertex  9.893211e+00  8.826157e+00  0.000000e+00
     vertex  9.896395e+00  8.797897e+00  0.000000e+00
   endloop
 endfacet
 facet normal -9.438833e-01 -3.302791e-01  1.173387e-15
   outer loop
     vertex  9.905788e+00  8.771054e+00  5.000000e-01
     vertex  9.896395e+00  8.797897e+00  0.000000e+00
     vertex  9.905788e+00  8.771054e+00  0.000000e+00
   endloop
 endfacet
 facet normal -9.438833e-01 -3.302791e-01  1.174213e-15
   outer loop
     vertex  9.905788e+00  8.771054e+00  5.000000e-01
     vertex  9.896395e+00  8.797897e+00  5.000000e-01
     vertex  9.896395e+00  8.797897e+00  0.000000e+00
   endloop
 endfacet
 facet normal -8.467242e-01 -5.320321e-01 -1.118011e-15
   outer loop
     vertex  9.920919e+00  8.746974e+00  5.000000e-01
     vertex  9.905788e+00  8.771054e+00  0.000000e+00
     vertex  9.920919e+00  8.746974e+00  0.000000e+00
   endloop
 endfacet
 facet normal -8.467242e-01 -5.320321e-01  1.887129e-15
   outer loop
     vertex  9.920919e+00  8.746974e+00  5.000000e-01
     vertex  9.905788e+00  8.771054e+00  5.000000e-01
     vertex  9.905788e+00  8.771054e+00  0.000000e+00
   endloop
 endfacet
 facet normal -7.071068e-01 -7.071068e-01 -0.000000e+00
   outer loop
     vertex  9.941028e+00  8.726865e+00  5.000000e-01
     vertex  9.920919e+00  8.746974e+00  0.000000e+00
     vertex  9.941028e+00  8.726865e+00  0.000000e+00
   endloop
 endfacet
 facet normal -7.071068e-01 -7.071068e-01  0.000000e+00
   outer loop
     vertex  9.941028e+00  8.726865e+00  5.000000e-01
     vertex  9.920919e+00  8.746974e+00  5.000000e-01
     vertex  9.920919e+00  8.746974e+00  0.000000e+00
   endloop
 endfacet
 facet normal -5.320321e-01 -8.467242e-01 -1.890158e-15
   outer loop
     vertex  9.965108e+00  8.711734e+00  5.000000e-01
     vertex  9.941028e+00  8.726865e+00  0.000000e+00
     vertex  9.965108e+00  8.711734e+00  0.000000e+00
   endloop
 endfacet
 facet normal -5.320321e-01 -8.467242e-01  0.000000e+00
   outer loop
     vertex  9.965108e+00  8.711734e+00  5.000000e-01
     vertex  9.941028e+00  8.726865e+00  5.000000e-01
     vertex  9.941028e+00  8.726865e+00  0.000000e+00
   endloop
 endfacet
 facet normal -3.302791e-01 -9.438833e-01 -0.000000e+00
   outer loop
     vertex  9.991951e+00  8.702341e+00  5.000000e-01
     vertex  9.965108e+00  8.711734e+00  0.000000e+00
     vertex  9.991951e+00  8.702341e+00  0.000000e+00
   endloop
 endfacet
 facet normal -3.302791e-01 -9.438833e-01 -1.170401e-15
   outer loop
     vertex  9.991951e+00  8.702341e+00  5.000000e-01
     vertex  9.965108e+00  8.711734e+00  5.000000e-01
     vertex  9.965108e+00  8.711734e+00  0.000000e+00
   endloop
 endfacet
 facet normal -1.119645e-01 -9.937122e-01 -0.000000e+00
   outer loop
     vertex  1.002021e+01  8.699157e+00  5.000000e-01
     vertex  9.991951e+00  8.702341e+00  0.000000e+00
     vertex  1.002021e+01  8.699157e+00  0.000000e+00
   endloop
 endfacet
 facet normal -1.119645e-01 -9.937122e-01  0.000000e+00
   outer loop
     vertex  1.002021e+01  8.699157e+00  5.000000e-01
     vertex  9.991951e+00  8.702341e+00  5.000000e-01
     vertex  9.991951e+00  8.702341e+00  0.000000e+00
   endloop
 endfacet
 facet normal -1.000000e+00  0.000000e+00  0.000000e+00
   outer loop
     vertex  9.893211e+00  8.826157e+00  5.000000e-01
     vertex  9.893211e+00  9.080157e+00  5.000000e-01
     vertex  9.893211e+00  9.080157e+00  0.000000e+00
   endloop
 endfacet
 facet normal -1.000000e+00  0.000000e+00  0.000000e+00
   outer loop
     vertex  9.893211e+00  8.826157e+00  5.000000e-01
     vertex  9.893211e+00  9.080157e+00  0.000000e+00
     vertex  9.893211e+00  8.826157e+00  0.000000e+00
   endloop
 endfacet
 facet normal -1.119645e-01  9.937122e-01  0.000000e+00
   outer loop
     vertex  9.991951e+00  9.203973e+00  5.000000e-01
     vertex  1.002021e+01  9.207157e+00  5.000000e-01
     vertex  1.002021e+01  9.207157e+00  0.000000e+00
   endloop
 endfacet
 facet normal -1.119645e-01  9.937122e-01  0.000000e+00
   outer loop
     vertex  9.991951e+00  9.203973e+00  5.000000e-01
     vertex  1.002021e+01  9.207157e+00  0.000000e+00
     vertex  9.991951e+00  9.203973e+00  0.000000e+00
   endloop
 endfacet
 facet normal -3.302791e-01  9.438833e-01  0.000000e+00
   outer loop
     vertex  9.965108e+00  9.194580e+00  5.000000e-01
     vertex  9.991951e+00  9.203973e+00  0.000000e+00
     vertex  9.965108e+00  9.194580e+00  0.000000e+00
   endloop
 endfacet
 facet normal -3.302791e-01  9.438833e-01  0.000000e+00
   outer loop
     vertex  9.965108e+00  9.194580e+00  5.000000e-01
     vertex  9.991951e+00  9.203973e+00  5.000000e-01
     vertex  9.991951e+00  9.203973e+00  0.000000e+00
   endloop
 endfacet
 facet normal -5.320321e-01  8.467242e-01  0.000000e+00
   outer loop
     vertex  9.941028e+00  9.179450e+00  5.000000e-01
     vertex  9.965108e+00  9.194580e+00  0.000000e+00
     vertex  9.941028e+00  9.179450e+00  0.000000e+00
   endloop
 endfacet
 facet normal -5.320321e-01  8.467242e-01  0.000000e+00
   outer loop
     vertex  9.941028e+00  9.179450e+00  5.000000e-01
     vertex  9.965108e+00  9.194580e+00  5.000000e-01
     vertex  9.965108e+00  9.194580e+00  0.000000e+00
   endloop
 endfacet
 facet normal -7.071068e-01  7.071068e-01  0.000000e+00
   outer loop
     vertex  9.920919e+00  9.159340e+00  5.000000e-01
     vertex  9.941028e+00  9.179450e+00  0.000000e+00
     vertex  9.920919e+00  9.159340e+00  0.000000e+00
   endloop
 endfacet
 facet normal -7.071068e-01  7.071068e-01  0.000000e+00
   outer loop
     vertex  9.920919e+00  9.159340e+00  5.000000e-01
     vertex  9.941028e+00  9.179450e+00  5.000000e-01
     vertex  9.941028e+00  9.179450e+00  0.000000e+00
   endloop
 endfacet
 facet normal -8.467242e-01  5.320321e-01  0.000000e+00
   outer loop
     vertex  9.905788e+00  9.135260e+00  5.000000e-01
     vertex  9.920919e+00  9.159340e+00  0.000000e+00
     vertex  9.905788e+00  9.135260e+00  0.000000e+00
   endloop
 endfacet
 facet normal -8.467242e-01  5.320321e-01  0.000000e+00
   outer loop
     vertex  9.905788e+00  9.135260e+00  5.000000e-01
     vertex  9.920919e+00  9.159340e+00  5.000000e-01
     vertex  9.920919e+00  9.159340e+00  0.000000e+00
   endloop
 endfacet
 facet normal -9.438833e-01  3.302791e-01  0.000000e+00
   outer loop
     vertex  9.896395e+00  9.108417e+00  5.000000e-01
     vertex  9.905788e+00  9.135260e+00  0.000000e+00
     vertex  9.896395e+00  9.108417e+00  0.000000e+00
   endloop
 endfacet
 facet normal -9.438833e-01  3.302791e-01  0.000000e+00
   outer loop
     vertex  9.896395e+00  9.108417e+00  5.000000e-01
     vertex  9.905788e+00  9.135260e+00  5.000000e-01
     vertex  9.905788e+00  9.135260e+00  0.000000e+00
   endloop
 endfacet
 facet normal -9.937122e-01  1.119645e-01  0.000000e+00
   outer loop
     vertex  9.893211e+00  9.080157e+00  5.000000e-01
     vertex  9.896395e+00  9.108417e+00  0.000000e+00
     vertex  9.893211e+00  9.080157e+00  0.000000e+00
   endloop
 endfacet
 facet normal -9.937122e-01  1.119645e-01  0.000000e+00
   outer loop
     vertex  9.893211e+00  9.080157e+00  5.000000e-01
     vertex  9.896395e+00  9.108417e+00  5.000000e-01
     vertex  9.896395e+00  9.108417e+00  0.000000e+00
   endloop
 endfacet
 facet normal  1.000000e+00  0.000000e+00  0.000000e+00
   outer loop
     vertex  2.405946e+01  6.129277e+00  5.000000e-01
     vertex  2.405946e+01  5.875277e+00  5.000000e-01
     vertex  2.405946e+01  5.875277e+00  0.000000e+00
   endloop
 endfacet
 facet normal  1.000000e+00  0.000000e+00  0.000000e+00
   outer loop
     vertex  2.405946e+01  6.129277e+00  5.000000e-01
     vertex  2.405946e+01  5.875277e+00  0.000000e+00
     vertex  2.405946e+01  6.129277e+00  0.000000e+00
   endloop
 endfacet
 facet normal  1.119645e-01 -9.937122e-01  0.000000e+00
   outer loop
     vertex  2.396072e+01  5.751461e+00  5.000000e-01
     vertex  2.393246e+01  5.748277e+00  5.000000e-01
     vertex  2.393246e+01  5.748277e+00  0.000000e+00
   endloop
 endfacet
 facet normal  1.119645e-01 -9.937122e-01  0.000000e+00
   outer loop
     vertex  2.396072e+01  5.751461e+00  5.000000e-01
     vertex  2.393246e+01  5.748277e+00  0.000000e+00
     vertex  2.396072e+01  5.751461e+00  0.000000e+00
   endloop
 endfacet
 facet normal  3.302791e-01 -9.438833e-01  0.000000e+00
   outer loop
     vertex  2.398756e+01  5.760853e+00  5.000000e-01
     vertex  2.396072e+01  5.751461e+00  0.000000e+00
     vertex  2.398756e+01  5.760853e+00  0.000000e+00
   endloop
 endfacet
 facet normal  3.302791e-01 -9.438833e-01  0.000000e+00
   outer loop
     vertex  2.398756e+01  5.760853e+00  5.000000e-01
     vertex  2.396072e+01  5.751461e+00  5.000000e-01
     vertex  2.396072e+01  5.751461e+00  0.000000e+00
   endloop
 endfacet
 facet normal  5.320321e-01 -8.467242e-01  0.000000e+00
   outer loop
     vertex  2.401164e+01  5.775984e+00  5.000000e-01
     vertex  2.398756e+01  5.760853e+00  0.000000e+00
     vertex  2.401164e+01  5.775984e+00  0.000000e+00
   endloop
 endfacet
 facet normal  5.320321e-01 -8.467242e-01  0.000000e+00
   outer loop
     vertex  2.401164e+01  5.775984e+00  5.000000e-01
     vertex  2.398756e+01  5.760853e+00  5.000000e-01
     vertex  2.398756e+01  5.760853e+00  0.000000e+00
   endloop
 endfacet
 facet normal  7.071068e-01 -7.071068e-01  0.000000e+00
   outer loop
     vertex  2.403175e+01  5.796093e+00  5.000000e-01
     vertex  2.401164e+01  5.775984e+00  0.000000e+00
     vertex  2.403175e+01  5.796093e+00  0.000000e+00
   endloop
 endfacet
 facet normal  7.071068e-01 -7.071068e-01  0.000000e+00
   outer loop
     vertex  2.403175e+01  5.796093e+00  5.000000e-01
     vertex  2.401164e+01  5.775984e+00  5.000000e-01
     vertex  2.401164e+01  5.775984e+00  0.000000e+00
   endloop
 endfacet
 facet normal  8.467242e-01 -5.320321e-01  0.000000e+00
   outer loop
     vertex  2.404688e+01  5.820173e+00  5.000000e-01
     vertex  2.403175e+01  5.796093e+00  0.000000e+00
     vertex  2.404688e+01  5.820173e+00  0.000000e+00
   endloop
 endfacet
 facet normal  8.467242e-01 -5.320321e-01  0.000000e+00
   outer loop
     vertex  2.404688e+01  5.820173e+00  5.000000e-01
     vertex  2.403175e+01  5.796093e+00  5.000000e-01
     vertex  2.403175e+01  5.796093e+00  0.000000e+00
   endloop
 endfacet
 facet normal  9.438833e-01 -3.302791e-01  0.000000e+00
   outer loop
     vertex  2.405628e+01  5.847016e+00  5.000000e-01
     vertex  2.404688e+01  5.820173e+00  0.000000e+00
     vertex  2.405628e+01  5.847016e+00  0.000000e+00
   endloop
 endfacet
 facet normal  9.438833e-01 -3.302791e-01  0.000000e+00
   outer loop
     vertex  2.405628e+01  5.847016e+00  5.000000e-01
     vertex  2.404688e+01  5.820173e+00  5.000000e-01
     vertex  2.404688e+01  5.820173e+00  0.000000e+00
   endloop
 endfacet
 facet normal  9.937122e-01 -1.119645e-01  0.000000e+00
   outer loop
     vertex  2.405946e+01  5.875277e+00  5.000000e-01
     vertex  2.405628e+01  5.847016e+00  0.000000e+00
     vertex  2.405946e+01  5.875277e+00  0.000000e+00
   endloop
 endfacet
 facet normal  9.937122e-01 -1.119645e-01  0.000000e+00
   outer loop
     vertex  2.405946e+01  5.875277e+00  5.000000e-01
     vertex  2.405628e+01  5.847016e+00  5.000000e-01
     vertex  2.405628e+01  5.847016e+00  0.000000e+00
   endloop
 endfacet
 facet normal -0.000000e+00 -1.000000e+00  0.000000e+00
   outer loop
     vertex  2.393246e+01  5.748277e+00  5.000000e-01
     vertex  2.367846e+01  5.748277e+00  5.000000e-01
     vertex  2.367846e+01  5.748277e+00  0.000000e+00
   endloop
 endfacet
 facet normal  0.000000e+00 -1.000000e+00 -0.000000e+00
   outer loop
     vertex  2.393246e+01  5.748277e+00  5.000000e-01
     vertex  2.367846e+01  5.748277e+00  0.000000e+00
     vertex  2.393246e+01  5.748277e+00  0.000000e+00
   endloop
 endfacet
 facet normal -9.937122e-01 -1.119645e-01 -0.000000e+00
   outer loop
     vertex  2.355146e+01  5.875277e+00  5.000000e-01
     vertex  2.355146e+01  5.875277e+00  0.000000e+00
     vertex  2.355465e+01  5.847016e+00  0.000000e+00
   endloop
 endfacet
 facet normal -9.438833e-01 -3.302791e-01 -2.346774e-15
   outer loop
     vertex  2.355465e+01  5.847016e+00  5.000000e-01
     vertex  2.355465e+01  5.847016e+00  0.000000e+00
     vertex  2.356404e+01  5.820173e+00  0.000000e+00
   endloop
 endfacet
 facet normal -9.937122e-01 -1.119645e-01 -7.955555e-16
   outer loop
     vertex  2.355465e+01  5.847016e+00  5.000000e-01
     vertex  2.355146e+01  5.875277e+00  5.000000e-01
     vertex  2.355465e+01  5.847016e+00  0.000000e+00
   endloop
 endfacet
 facet normal -8.467242e-01 -5.320321e-01  3.181101e-15
   outer loop
     vertex  2.356404e+01  5.820173e+00  5.000000e-01
     vertex  2.356404e+01  5.820173e+00  0.000000e+00
     vertex  2.357917e+01  5.796093e+00  0.000000e+00
   endloop
 endfacet
 facet normal -9.438833e-01 -3.302791e-01  4.946614e-15
   outer loop
     vertex  2.356404e+01  5.820173e+00  5.000000e-01
     vertex  2.355465e+01  5.847016e+00  5.000000e-01
     vertex  2.356404e+01  5.820173e+00  0.000000e+00
   endloop
 endfacet
 facet normal -7.071068e-01 -7.071068e-01  1.256074e-15
   outer loop
     vertex  2.357917e+01  5.796093e+00  5.000000e-01
     vertex  2.357917e+01  5.796093e+00  0.000000e+00
     vertex  2.359928e+01  5.775984e+00  0.000000e+00
   endloop
 endfacet
 facet normal -8.467242e-01 -5.320321e-01  3.181101e-15
   outer loop
     vertex  2.357917e+01  5.796093e+00  5.000000e-01
     vertex  2.356404e+01  5.820173e+00  5.000000e-01
     vertex  2.357917e+01  5.796093e+00  0.000000e+00
   endloop
 endfacet
 facet normal -5.320321e-01 -8.467242e-01  2.276231e-15
   outer loop
     vertex  2.359928e+01  5.775984e+00  5.000000e-01
     vertex  2.359928e+01  5.775984e+00  0.000000e+00
     vertex  2.362336e+01  5.760853e+00  0.000000e+00
   endloop
 endfacet
 facet normal -7.071068e-01 -7.071068e-01  3.768222e-15
   outer loop
     vertex  2.359928e+01  5.775984e+00  5.000000e-01
     vertex  2.357917e+01  5.796093e+00  5.000000e-01
     vertex  2.359928e+01  5.775984e+00  0.000000e+00
   endloop
 endfacet
 facet normal -3.302791e-01 -9.438833e-01  6.701003e-16
   outer loop
     vertex  2.362336e+01  5.760853e+00  5.000000e-01
     vertex  2.362336e+01  5.760853e+00  0.000000e+00
     vertex  2.365020e+01  5.751461e+00  0.000000e+00
   endloop
 endfacet
 facet normal -5.320321e-01 -8.467242e-01  2.276231e-15
   outer loop
     vertex  2.362336e+01  5.760853e+00  5.000000e-01
     vertex  2.359928e+01  5.775984e+00  5.000000e-01
     vertex  2.362336e+01  5.760853e+00  0.000000e+00
   endloop
 endfacet
 facet normal -1.119645e-01 -9.937122e-01 -0.000000e+00
   outer loop
     vertex  2.365020e+01  5.751461e+00  5.000000e-01
     vertex  2.365020e+01  5.751461e+00  0.000000e+00
     vertex  2.367846e+01  5.748277e+00  0.000000e+00
   endloop
 endfacet
 facet normal -3.302791e-01 -9.438833e-01 -0.000000e+00
   outer loop
     vertex  2.365020e+01  5.751461e+00  5.000000e-01
     vertex  2.362336e+01  5.760853e+00  5.000000e-01
     vertex  2.365020e+01  5.751461e+00  0.000000e+00
   endloop
 endfacet
 facet normal -1.119645e-01 -9.937122e-01 -0.000000e+00
   outer loop
     vertex  2.367846e+01  5.748277e+00  5.000000e-01
     vertex  2.365020e+01  5.751461e+00  5.000000e-01
     vertex  2.367846e+01  5.748277e+00  0.000000e+00
   endloop
 endfacet
 facet normal -1.000000e+00  0.000000e+00  0.000000e+00
   outer loop
     vertex  2.355146e+01  5.875277e+00  5.000000e-01
     vertex  2.355146e+01  6.129277e+00  5.000000e-01
     vertex  2.355146e+01  6.129277e+00  0.000000e+00
   endloop
 endfacet
 facet normal -1.000000e+00  0.000000e+00  0.000000e+00
   outer loop
     vertex  2.355146e+01  5.875277e+00  5.000000e-01
     vertex  2.355146e+01  6.129277e+00  0.000000e+00
     vertex  2.355146e+01  5.875277e+00  0.000000e+00
   endloop
 endfacet
 facet normal -1.119645e-01  9.937122e-01  0.000000e+00
   outer loop
     vertex  2.365020e+01  6.253092e+00  5.000000e-01
     vertex  2.367846e+01  6.256277e+00  5.000000e-01
     vertex  2.367846e+01  6.256277e+00  0.000000e+00
   endloop
 endfacet
 facet normal -1.119645e-01  9.937122e-01  0.000000e+00
   outer loop
     vertex  2.365020e+01  6.253092e+00  5.000000e-01
     vertex  2.367846e+01  6.256277e+00  0.000000e+00
     vertex  2.365020e+01  6.253092e+00  0.000000e+00
   endloop
 endfacet
 facet normal -3.302791e-01  9.438833e-01  0.000000e+00
   outer loop
     vertex  2.362336e+01  6.243700e+00  5.000000e-01
     vertex  2.365020e+01  6.253092e+00  0.000000e+00
     vertex  2.362336e+01  6.243700e+00  0.000000e+00
   endloop
 endfacet
 facet normal -3.302791e-01  9.438833e-01  0.000000e+00
   outer loop
     vertex  2.362336e+01  6.243700e+00  5.000000e-01
     vertex  2.365020e+01  6.253092e+00  5.000000e-01
     vertex  2.365020e+01  6.253092e+00  0.000000e+00
   endloop
 endfacet
 facet normal -5.320321e-01  8.467242e-01  0.000000e+00
   outer loop
     vertex  2.359928e+01  6.228569e+00  5.000000e-01
     vertex  2.362336e+01  6.243700e+00  0.000000e+00
     vertex  2.359928e+01  6.228569e+00  0.000000e+00
   endloop
 endfacet
 facet normal -5.320321e-01  8.467242e-01  0.000000e+00
   outer loop
     vertex  2.359928e+01  6.228569e+00  5.000000e-01
     vertex  2.362336e+01  6.243700e+00  5.000000e-01
     vertex  2.362336e+01  6.243700e+00  0.000000e+00
   endloop
 endfacet
 facet normal -7.071068e-01  7.071068e-01  0.000000e+00
   outer loop
     vertex  2.357917e+01  6.208460e+00  5.000000e-01
     vertex  2.359928e+01  6.228569e+00  0.000000e+00
     vertex  2.357917e+01  6.208460e+00  0.000000e+00
   endloop
 endfacet
 facet normal -7.071068e-01  7.071068e-01  0.000000e+00
   outer loop
     vertex  2.357917e+01  6.208460e+00  5.000000e-01
     vertex  2.359928e+01  6.228569e+00  5.000000e-01
     vertex  2.359928e+01  6.228569e+00  0.000000e+00
   endloop
 endfacet
 facet normal -8.467242e-01  5.320321e-01  0.000000e+00
   outer loop
     vertex  2.356404e+01  6.184380e+00  5.000000e-01
     vertex  2.357917e+01  6.208460e+00  0.000000e+00
     vertex  2.356404e+01  6.184380e+00  0.000000e+00
   endloop
 endfacet
 facet normal -8.467242e-01  5.320321e-01  0.000000e+00
   outer loop
     vertex  2.356404e+01  6.184380e+00  5.000000e-01
     vertex  2.357917e+01  6.208460e+00  5.000000e-01
     vertex  2.357917e+01  6.208460e+00  0.000000e+00
   endloop
 endfacet
 facet normal -9.438833e-01  3.302791e-01  0.000000e+00
   outer loop
     vertex  2.355465e+01  6.157537e+00  5.000000e-01
     vertex  2.356404e+01  6.184380e+00  0.000000e+00
     vertex  2.355465e+01  6.157537e+00  0.000000e+00
   endloop
 endfacet
 facet normal -9.438833e-01  3.302791e-01  0.000000e+00
   outer loop
     vertex  2.355465e+01  6.157537e+00  5.000000e-01
     vertex  2.356404e+01  6.184380e+00  5.000000e-01
     vertex  2.356404e+01  6.184380e+00  0.000000e+00
   endloop
 endfacet
 facet normal -9.937122e-01  1.119645e-01  0.000000e+00
   outer loop
     vertex  2.355146e+01  6.129277e+00  5.000000e-01
     vertex  2.355465e+01  6.157537e+00  0.000000e+00
     vertex  2.355146e+01  6.129277e+00  0.000000e+00
   endloop
 endfacet
 facet normal -9.937122e-01  1.119645e-01  0.000000e+00
   outer loop
     vertex  2.355146e+01  6.129277e+00  5.000000e-01
     vertex  2.355465e+01  6.157537e+00  5.000000e-01
     vertex  2.355465e+01  6.157537e+00  0.000000e+00
   endloop
 endfacet
 facet normal -0.000000e+00  1.000000e+00  0.000000e+00
   outer loop
     vertex  2.367846e+01  6.256277e+00  5.000000e-01
     vertex  2.393246e+01  6.256277e+00  5.000000e-01
     vertex  2.393246e+01  6.256277e+00  0.000000e+00
   endloop
 endfacet
 facet normal  0.000000e+00  1.000000e+00  0.000000e+00
   outer loop
     vertex  2.367846e+01  6.256277e+00  5.000000e-01
     vertex  2.393246e+01  6.256277e+00  0.000000e+00
     vertex  2.367846e+01  6.256277e+00  0.000000e+00
   endloop
 endfacet
 facet normal  9.937122e-01  1.119645e-01  0.000000e+00
   outer loop
     vertex  2.405946e+01  6.129277e+00  5.000000e-01
     vertex  2.405946e+01  6.129277e+00  0.000000e+00
     vertex  2.405628e+01  6.157537e+00  0.000000e+00
   endloop
 endfacet
 facet normal  9.438833e-01  3.302791e-01 -2.346774e-15
   outer loop
     vertex  2.405628e+01  6.157537e+00  5.000000e-01
     vertex  2.405628e+01  6.157537e+00  0.000000e+00
     vertex  2.404688e+01  6.184380e+00  0.000000e+00
   endloop
 endfacet
 facet normal  9.937122e-01  1.119645e-01 -7.955555e-16
   outer loop
     vertex  2.405628e+01  6.157537e+00  5.000000e-01
     vertex  2.405946e+01  6.129277e+00  5.000000e-01
     vertex  2.405628e+01  6.157537e+00  0.000000e+00
   endloop
 endfacet
 facet normal  8.467242e-01  5.320321e-01  3.181101e-15
   outer loop
     vertex  2.404688e+01  6.184380e+00  5.000000e-01
     vertex  2.404688e+01  6.184380e+00  0.000000e+00
     vertex  2.403175e+01  6.208460e+00  0.000000e+00
   endloop
 endfacet
 facet normal  9.438833e-01  3.302791e-01  4.946614e-15
   outer loop
     vertex  2.404688e+01  6.184380e+00  5.000000e-01
     vertex  2.405628e+01  6.157537e+00  5.000000e-01
     vertex  2.404688e+01  6.184380e+00  0.000000e+00
   endloop
 endfacet
 facet normal  7.071068e-01  7.071068e-01  1.256074e-15
   outer loop
     vertex  2.403175e+01  6.208460e+00  5.000000e-01
     vertex  2.403175e+01  6.208460e+00  0.000000e+00
     vertex  2.401164e+01  6.228569e+00  0.000000e+00
   endloop
 endfacet
 facet normal  8.467242e-01  5.320321e-01  3.181101e-15
   outer loop
     vertex  2.403175e+01  6.208460e+00  5.000000e-01
     vertex  2.404688e+01  6.184380e+00  5.000000e-01
     vertex  2.403175e+01  6.208460e+00  0.000000e+00
   endloop
 endfacet
 facet normal  5.320321e-01  8.467242e-01  2.276231e-15
   outer loop
     vertex  2.401164e+01  6.228569e+00  5.000000e-01
     vertex  2.401164e+01  6.228569e+00  0.000000e+00
     vertex  2.398756e+01  6.243700e+00  0.000000e+00
   endloop
 endfacet
 facet normal  7.071068e-01  7.071068e-01  3.768222e-15
   outer loop
     vertex  2.401164e+01  6.228569e+00  5.000000e-01
     vertex  2.403175e+01  6.208460e+00  5.000000e-01
     vertex  2.401164e+01  6.228569e+00  0.000000e+00
   endloop
 endfacet
 facet normal  3.302791e-01  9.438833e-01  6.701003e-16
   outer loop
     vertex  2.398756e+01  6.243700e+00  5.000000e-01
     vertex  2.398756e+01  6.243700e+00  0.000000e+00
     vertex  2.396072e+01  6.253092e+00  0.000000e+00
   endloop
 endfacet
 facet normal  5.320321e-01  8.467242e-01  2.276231e-15
   outer loop
     vertex  2.398756e+01  6.243700e+00  5.000000e-01
     vertex  2.401164e+01  6.228569e+00  5.000000e-01
     vertex  2.398756e+01  6.243700e+00  0.000000e+00
   endloop
 endfacet
 facet normal  1.119645e-01  9.937122e-01  0.000000e+00
   outer loop
     vertex  2.396072e+01  6.253092e+00  5.000000e-01
     vertex  2.396072e+01  6.253092e+00  0.000000e+00
     vertex  2.393246e+01  6.256277e+00  0.000000e+00
   endloop
 endfacet
 facet normal  3.302791e-01  9.438833e-01  0.000000e+00
   outer loop
     vertex  2.396072e+01  6.253092e+00  5.000000e-01
     vertex  2.398756e+01  6.243700e+00  5.000000e-01
     vertex  2.396072e+01  6.253092e+00  0.000000e+00
   endloop
 endfacet
 facet normal  1.119645e-01  9.937122e-01  0.000000e+00
   outer loop
     vertex  2.393246e+01  6.256277e+00  5.000000e-01
     vertex  2.396072e+01  6.253092e+00  5.000000e-01
     vertex  2.393246e+01  6.256277e+00  0.000000e+00
   endloop
 endfacet
 facet normal  0.000000e+00  0.000000e+00  1.000000e+00
   outer loop
     vertex  2.362336e+01  6.243700e+00  5.000000e-01
     vertex  2.359928e+01  6.228569e+00  5.000000e-01
     vertex  2.357917e+01  6.208460e+00  5.000000e-01
   endloop
 endfacet
 facet normal  0.000000e+00  0.000000e+00  1.000000e+00
   outer loop
     vertex  2.362336e+01  6.243700e+00  5.000000e-01
     vertex  2.357917e+01  6.208460e+00  5.000000e-01
     vertex  2.356404e+01  6.184380e+00  5.000000e-01
   endloop
 endfacet
 facet normal  0.000000e+00  0.000000e+00  1.000000e+00
   outer loop
     vertex  2.355465e+01  6.157537e+00  5.000000e-01
     vertex  2.362336e+01  6.243700e+00  5.000000e-01
     vertex  2.356404e+01  6.184380e+00  5.000000e-01
   endloop
 endfacet
 facet normal  0.000000e+00  0.000000e+00  1.000000e+00
   outer loop
     vertex  2.355146e+01  6.129277e+00  5.000000e-01
     vertex  2.362336e+01  6.243700e+00  5.000000e-01
     vertex  2.355465e+01  6.157537e+00  5.000000e-01
   endloop
 endfacet
 facet normal  0.000000e+00  0.000000e+00  1.000000e+00
   outer loop
     vertex  2.367846e+01  6.256277e+00  5.000000e-01
     vertex  2.365020e+01  6.253092e+00  5.000000e-01
     vertex  2.362336e+01  6.243700e+00  5.000000e-01
   endloop
 endfacet
 facet normal  0.000000e+00  0.000000e+00  1.000000e+00
   outer loop
     vertex  2.367846e+01  6.256277e+00  5.000000e-01
     vertex  2.362336e+01  6.243700e+00  5.000000e-01
     vertex  2.355146e+01  6.129277e+00  5.000000e-01
   endloop
 endfacet
 facet normal  0.000000e+00  0.000000e+00  1.000000e+00
   outer loop
     vertex  2.355146e+01  5.875277e+00  5.000000e-01
     vertex  2.367846e+01  6.256277e+00  5.000000e-01
     vertex  2.355146e+01  6.129277e+00  5.000000e-01
   endloop
 endfacet
 facet normal  0.000000e+00  0.000000e+00  1.000000e+00
   outer loop
     vertex  2.356404e+01  5.820173e+00  5.000000e-01
     vertex  2.355146e+01  5.875277e+00  5.000000e-01
     vertex  2.355465e+01  5.847016e+00  5.000000e-01
   endloop
 endfacet
 facet normal  0.000000e+00  0.000000e+00  1.000000e+00
   outer loop
     vertex  2.398756e+01  6.243700e+00  5.000000e-01
     vertex  2.396072e+01  6.253092e+00  5.000000e-01
     vertex  2.393246e+01  6.256277e+00  5.000000e-01
   endloop
 endfacet
 facet normal  0.000000e+00  0.000000e+00  1.000000e+00
   outer loop
     vertex  2.362336e+01  5.760853e+00  5.000000e-01
     vertex  2.356404e+01  5.820173e+00  5.000000e-01
     vertex  2.357917e+01  5.796093e+00  5.000000e-01
   endloop
 endfacet
 facet normal  0.000000e+00  0.000000e+00  1.000000e+00
   outer loop
     vertex  2.362336e+01  5.760853e+00  5.000000e-01
     vertex  2.357917e+01  5.796093e+00  5.000000e-01
     vertex  2.359928e+01  5.775984e+00  5.000000e-01
   endloop
 endfacet
 facet normal  0.000000e+00  0.000000e+00  1.000000e+00
   outer loop
     vertex  2.362336e+01  5.760853e+00  5.000000e-01
     vertex  2.355146e+01  5.875277e+00  5.000000e-01
     vertex  2.356404e+01  5.820173e+00  5.000000e-01
   endloop
 endfacet
 facet normal  0.000000e+00  0.000000e+00  1.000000e+00
   outer loop
     vertex  2.404688e+01  6.184380e+00  5.000000e-01
     vertex  2.403175e+01  6.208460e+00  5.000000e-01
     vertex  2.401164e+01  6.228569e+00  5.000000e-01
   endloop
 endfacet
 facet normal  0.000000e+00  0.000000e+00  1.000000e+00
   outer loop
     vertex  2.404688e+01  6.184380e+00  5.000000e-01
     vertex  2.401164e+01  6.228569e+00  5.000000e-01
     vertex  2.398756e+01  6.243700e+00  5.000000e-01
   endloop
 endfacet
 facet normal  0.000000e+00  0.000000e+00  1.000000e+00
   outer loop
     vertex  2.367846e+01  5.748277e+00  5.000000e-01
     vertex  2.362336e+01  5.760853e+00  5.000000e-01
     vertex  2.365020e+01  5.751461e+00  5.000000e-01
   endloop
 endfacet
 facet normal  0.000000e+00  0.000000e+00  1.000000e+00
   outer loop
     vertex  2.367846e+01  5.748277e+00  5.000000e-01
     vertex  2.355146e+01  5.875277e+00  5.000000e-01
     vertex  2.362336e+01  5.760853e+00  5.000000e-01
   endloop
 endfacet
 facet normal  0.000000e+00  0.000000e+00  1.000000e+00
   outer loop
     vertex  2.405946e+01  6.129277e+00  5.000000e-01
     vertex  2.405628e+01  6.157537e+00  5.000000e-01
     vertex  2.404688e+01  6.184380e+00  5.000000e-01
   endloop
 endfacet
 facet normal  0.000000e+00  0.000000e+00  1.000000e+00
   outer loop
     vertex  2.405946e+01  6.129277e+00  5.000000e-01
     vertex  2.398756e+01  6.243700e+00  5.000000e-01
     vertex  2.393246e+01  6.256277e+00  5.000000e-01
   endloop
 endfacet
 facet normal  0.000000e+00  0.000000e+00  1.000000e+00
   outer loop
     vertex  2.405946e+01  6.129277e+00  5.000000e-01
     vertex  2.404688e+01  6.184380e+00  5.000000e-01
     vertex  2.398756e+01  6.243700e+00  5.000000e-01
   endloop
 endfacet
 facet normal  0.000000e+00 -0.000000e+00  1.000000e+00
   outer loop
     vertex  2.393246e+01  5.748277e+00  5.000000e-01
     vertex  2.393246e+01  6.256277e+00  5.000000e-01
     vertex  2.367846e+01  6.256277e+00  5.000000e-01
   endloop
 endfacet
 facet normal  0.000000e+00  0.000000e+00  1.000000e+00
   outer loop
     vertex  2.393246e+01  5.748277e+00  5.000000e-01
     vertex  2.367846e+01  6.256277e+00  5.000000e-01
     vertex  2.355146e+01  5.875277e+00  5.000000e-01
   endloop
 endfacet
 facet normal  0.000000e+00  0.000000e+00  1.000000e+00
   outer loop
     vertex  2.393246e+01  5.748277e+00  5.000000e-01
     vertex  2.355146e+01  5.875277e+00  5.000000e-01
     vertex  2.367846e+01  5.748277e+00  5.000000e-01
   endloop
 endfacet
 facet normal  0.000000e+00  0.000000e+00  1.000000e+00
   outer loop
     vertex  2.405946e+01  5.875277e+00  5.000000e-01
     vertex  2.393246e+01  6.256277e+00  5.000000e-01
     vertex  2.393246e+01  5.748277e+00  5.000000e-01
   endloop
 endfacet
 facet normal  0.000000e+00 -0.000000e+00  1.000000e+00
   outer loop
     vertex  2.405946e+01  5.875277e+00  5.000000e-01
     vertex  2.405946e+01  6.129277e+00  5.000000e-01
     vertex  2.393246e+01  6.256277e+00  5.000000e-01
   endloop
 endfacet
 facet normal  0.000000e+00  0.000000e+00  1.000000e+00
   outer loop
     vertex  2.398756e+01  5.760853e+00  5.000000e-01
     vertex  2.393246e+01  5.748277e+00  5.000000e-01
     vertex  2.396072e+01  5.751461e+00  5.000000e-01
   endloop
 endfacet
 facet normal  0.000000e+00 -0.000000e+00  1.000000e+00
   outer loop
     vertex  2.398756e+01  5.760853e+00  5.000000e-01
     vertex  2.405946e+01  5.875277e+00  5.000000e-01
     vertex  2.393246e+01  5.748277e+00  5.000000e-01
   endloop
 endfacet
 facet normal  0.000000e+00  0.000000e+00  1.000000e+00
   outer loop
     vertex  2.403175e+01  5.796093e+00  5.000000e-01
     vertex  2.404688e+01  5.820173e+00  5.000000e-01
     vertex  2.405628e+01  5.847016e+00  5.000000e-01
   endloop
 endfacet
 facet normal  0.000000e+00  0.000000e+00  1.000000e+00
   outer loop
     vertex  2.403175e+01  5.796093e+00  5.000000e-01
     vertex  2.405628e+01  5.847016e+00  5.000000e-01
     vertex  2.405946e+01  5.875277e+00  5.000000e-01
   endloop
 endfacet
 facet normal  0.000000e+00 -0.000000e+00  1.000000e+00
   outer loop
     vertex  2.403175e+01  5.796093e+00  5.000000e-01
     vertex  2.405946e+01  5.875277e+00  5.000000e-01
     vertex  2.398756e+01  5.760853e+00  5.000000e-01
   endloop
 endfacet
 facet normal  0.000000e+00 -0.000000e+00  1.000000e+00
   outer loop
     vertex  2.401164e+01  5.775984e+00  5.000000e-01
     vertex  2.403175e+01  5.796093e+00  5.000000e-01
     vertex  2.398756e+01  5.760853e+00  5.000000e-01
   endloop
 endfacet
 facet normal  0.000000e+00  0.000000e+00  1.000000e+00
   outer loop
     vertex  2.362336e+01  5.227700e+00  5.000000e-01
     vertex  2.359928e+01  5.212569e+00  5.000000e-01
     vertex  2.357917e+01  5.192460e+00  5.000000e-01
   endloop
 endfacet
 facet normal  0.000000e+00  0.000000e+00  1.000000e+00
   outer loop
     vertex  2.362336e+01  5.227700e+00  5.000000e-01
     vertex  2.357917e+01  5.192460e+00  5.000000e-01
     vertex  2.356404e+01  5.168380e+00  5.000000e-01
   endloop
 endfacet
 facet normal  0.000000e+00  0.000000e+00  1.000000e+00
   outer loop
     vertex  2.355465e+01  5.141537e+00  5.000000e-01
     vertex  2.362336e+01  5.227700e+00  5.000000e-01
     vertex  2.356404e+01  5.168380e+00  5.000000e-01
   endloop
 endfacet
 facet normal  0.000000e+00  0.000000e+00  1.000000e+00
   outer loop
     vertex  2.355146e+01  5.113277e+00  5.000000e-01
     vertex  2.362336e+01  5.227700e+00  5.000000e-01
     vertex  2.355465e+01  5.141537e+00  5.000000e-01
   endloop
 endfacet
 facet normal  0.000000e+00  0.000000e+00  1.000000e+00
   outer loop
     vertex  2.367846e+01  5.240277e+00  5.000000e-01
     vertex  2.365020e+01  5.237092e+00  5.000000e-01
     vertex  2.362336e+01  5.227700e+00  5.000000e-01
   endloop
 endfacet
 facet normal  0.000000e+00  0.000000e+00  1.000000e+00
   outer loop
     vertex  2.367846e+01  5.240277e+00  5.000000e-01
     vertex  2.362336e+01  5.227700e+00  5.000000e-01
     vertex  2.355146e+01  5.113277e+00  5.000000e-01
   endloop
 endfacet
 facet normal  0.000000e+00  0.000000e+00  1.000000e+00
   outer loop
     vertex  2.355146e+01  4.859277e+00  5.000000e-01
     vertex  2.367846e+01  5.240277e+00  5.000000e-01
     vertex  2.355146e+01  5.113277e+00  5.000000e-01
   endloop
 endfacet
 facet normal  0.000000e+00  0.000000e+00  1.000000e+00
   outer loop
     vertex  2.393246e+01  5.240277e+00  5.000000e-01
     vertex  2.367846e+01  5.240277e+00  5.000000e-01
     vertex  2.355146e+01  4.859277e+00  5.000000e-01
   endloop
 endfacet
 facet normal  0.000000e+00  0.000000e+00  1.000000e+00
   outer loop
     vertex  2.356404e+01  4.804173e+00  5.000000e-01
     vertex  2.355146e+01  4.859277e+00  5.000000e-01
     vertex  2.355465e+01  4.831016e+00  5.000000e-01
   endloop
 endfacet
 facet normal  0.000000e+00  0.000000e+00  1.000000e+00
   outer loop
     vertex  2.398756e+01  5.227700e+00  5.000000e-01
     vertex  2.396072e+01  5.237092e+00  5.000000e-01
     vertex  2.393246e+01  5.240277e+00  5.000000e-01
   endloop
 endfacet
 facet normal  0.000000e+00  0.000000e+00  1.000000e+00
   outer loop
     vertex  2.362336e+01  4.744853e+00  5.000000e-01
     vertex  2.356404e+01  4.804173e+00  5.000000e-01
     vertex  2.357917e+01  4.780093e+00  5.000000e-01
   endloop
 endfacet
 facet normal  0.000000e+00  0.000000e+00  1.000000e+00
   outer loop
     vertex  2.362336e+01  4.744853e+00  5.000000e-01
     vertex  2.357917e+01  4.780093e+00  5.000000e-01
     vertex  2.359928e+01  4.759984e+00  5.000000e-01
   endloop
 endfacet
 facet normal  0.000000e+00  0.000000e+00  1.000000e+00
   outer loop
     vertex  2.362336e+01  4.744853e+00  5.000000e-01
     vertex  2.355146e+01  4.859277e+00  5.000000e-01
     vertex  2.356404e+01  4.804173e+00  5.000000e-01
   endloop
 endfacet
 facet normal  0.000000e+00  0.000000e+00  1.000000e+00
   outer loop
     vertex  2.404688e+01  5.168380e+00  5.000000e-01
     vertex  2.403175e+01  5.192460e+00  5.000000e-01
     vertex  2.401164e+01  5.212569e+00  5.000000e-01
   endloop
 endfacet
 facet normal  0.000000e+00  0.000000e+00  1.000000e+00
   outer loop
     vertex  2.404688e+01  5.168380e+00  5.000000e-01
     vertex  2.401164e+01  5.212569e+00  5.000000e-01
     vertex  2.398756e+01  5.227700e+00  5.000000e-01
   endloop
 endfacet
 facet normal  0.000000e+00  0.000000e+00  1.000000e+00
   outer loop
     vertex  2.367846e+01  4.732277e+00  5.000000e-01
     vertex  2.362336e+01  4.744853e+00  5.000000e-01
     vertex  2.365020e+01  4.735461e+00  5.000000e-01
   endloop
 endfacet
 facet normal  0.000000e+00  0.000000e+00  1.000000e+00
   outer loop
     vertex  2.367846e+01  4.732277e+00  5.000000e-01
     vertex  2.355146e+01  4.859277e+00  5.000000e-01
     vertex  2.362336e+01  4.744853e+00  5.000000e-01
   endloop
 endfacet
 facet normal  0.000000e+00  0.000000e+00  1.000000e+00
   outer loop
     vertex  2.405946e+01  5.113277e+00  5.000000e-01
     vertex  2.405628e+01  5.141537e+00  5.000000e-01
     vertex  2.404688e+01  5.168380e+00  5.000000e-01
   endloop
 endfacet
 facet normal  0.000000e+00  0.000000e+00  1.000000e+00
   outer loop
     vertex  2.405946e+01  5.113277e+00  5.000000e-01
     vertex  2.398756e+01  5.227700e+00  5.000000e-01
     vertex  2.393246e+01  5.240277e+00  5.000000e-01
   endloop
 endfacet
 facet normal  0.000000e+00  0.000000e+00  1.000000e+00
   outer loop
     vertex  2.405946e+01  5.113277e+00  5.000000e-01
     vertex  2.404688e+01  5.168380e+00  5.000000e-01
     vertex  2.398756e+01  5.227700e+00  5.000000e-01
   endloop
 endfacet
 facet normal  0.000000e+00 -0.000000e+00  1.000000e+00
   outer loop
     vertex  2.393246e+01  4.732277e+00  5.000000e-01
     vertex  2.393246e+01  5.240277e+00  5.000000e-01
     vertex  2.355146e+01  4.859277e+00  5.000000e-01
   endloop
 endfacet
 facet normal  0.000000e+00  0.000000e+00  1.000000e+00
   outer loop
     vertex  2.393246e+01  4.732277e+00  5.000000e-01
     vertex  2.405946e+01  5.113277e+00  5.000000e-01
     vertex  2.393246e+01  5.240277e+00  5.000000e-01
   endloop
 endfacet
 facet normal  0.000000e+00  0.000000e+00  1.000000e+00
   outer loop
     vertex  2.393246e+01  4.732277e+00  5.000000e-01
     vertex  2.355146e+01  4.859277e+00  5.000000e-01
     vertex  2.367846e+01  4.732277e+00  5.000000e-01
   endloop
 endfacet
 facet normal  0.000000e+00 -0.000000e+00  1.000000e+00
   outer loop
     vertex  2.405946e+01  4.859277e+00  5.000000e-01
     vertex  2.405946e+01  5.113277e+00  5.000000e-01
     vertex  2.393246e+01  4.732277e+00  5.000000e-01
   endloop
 endfacet
 facet normal  0.000000e+00  0.000000e+00  1.000000e+00
   outer loop
     vertex  2.398756e+01  4.744853e+00  5.000000e-01
     vertex  2.393246e+01  4.732277e+00  5.000000e-01
     vertex  2.396072e+01  4.735461e+00  5.000000e-01
   endloop
 endfacet
 facet normal  0.000000e+00 -0.000000e+00  1.000000e+00
   outer loop
     vertex  2.398756e+01  4.744853e+00  5.000000e-01
     vertex  2.405946e+01  4.859277e+00  5.000000e-01
     vertex  2.393246e+01  4.732277e+00  5.000000e-01
   endloop
 endfacet
 facet normal  0.000000e+00  0.000000e+00  1.000000e+00
   outer loop
     vertex  2.403175e+01  4.780093e+00  5.000000e-01
     vertex  2.404688e+01  4.804173e+00  5.000000e-01
     vertex  2.405628e+01  4.831016e+00  5.000000e-01
   endloop
 endfacet
 facet normal  0.000000e+00  0.000000e+00  1.000000e+00
   outer loop
     vertex  2.403175e+01  4.780093e+00  5.000000e-01
     vertex  2.405628e+01  4.831016e+00  5.000000e-01
     vertex  2.405946e+01  4.859277e+00  5.000000e-01
   endloop
 endfacet
 facet normal  0.000000e+00 -0.000000e+00  1.000000e+00
   outer loop
     vertex  2.403175e+01  4.780093e+00  5.000000e-01
     vertex  2.405946e+01  4.859277e+00  5.000000e-01
     vertex  2.398756e+01  4.744853e+00  5.000000e-01
   endloop
 endfacet
 facet normal  0.000000e+00 -0.000000e+00  1.000000e+00
   outer loop
     vertex  2.401164e+01  4.759984e+00  5.000000e-01
     vertex  2.403175e+01  4.780093e+00  5.000000e-01
     vertex  2.398756e+01  4.744853e+00  5.000000e-01
   endloop
 endfacet
 facet normal  0.000000e+00  0.000000e+00  1.000000e+00
   outer loop
     vertex  2.269984e+01  5.757522e+00  5.000000e-01
     vertex  2.189984e+01  6.292522e+00  5.000000e-01
     vertex  2.189984e+01  5.757522e+00  5.000000e-01
   endloop
 endfacet
 facet normal  0.000000e+00 -0.000000e+00  1.000000e+00
   outer loop
     vertex  2.269984e+01  5.757522e+00  5.000000e-01
     vertex  2.269984e+01  6.292522e+00  5.000000e-01
     vertex  2.189984e+01  6.292522e+00  5.000000e-01
   endloop
 endfacet
 facet normal  0.000000e+00  0.000000e+00  1.000000e+00
   outer loop
     vertex  2.269984e+01  4.757321e+00  5.000000e-01
     vertex  2.189984e+01  5.292321e+00  5.000000e-01
     vertex  2.189984e+01  4.757321e+00  5.000000e-01
   endloop
 endfacet
 facet normal  0.000000e+00 -0.000000e+00  1.000000e+00
   outer loop
     vertex  2.269984e+01  4.757321e+00  5.000000e-01
     vertex  2.269984e+01  5.292321e+00  5.000000e-01
     vertex  2.189984e+01  5.292321e+00  5.000000e-01
   endloop
 endfacet
 facet normal  0.000000e+00  0.000000e+00  1.000000e+00
   outer loop
     vertex  2.076974e+01  5.757522e+00  5.000000e-01
     vertex  1.996974e+01  6.292522e+00  5.000000e-01
     vertex  1.996974e+01  5.757522e+00  5.000000e-01
   endloop
 endfacet
 facet normal  0.000000e+00 -0.000000e+00  1.000000e+00
   outer loop
     vertex  2.076974e+01  5.757522e+00  5.000000e-01
     vertex  2.076974e+01  6.292522e+00  5.000000e-01
     vertex  1.996974e+01  6.292522e+00  5.000000e-01
   endloop
 endfacet
 facet normal  0.000000e+00 -0.000000e+00  1.000000e+00
   outer loop
     vertex  2.076974e+01  4.757321e+00  5.000000e-01
     vertex  2.076974e+01  5.292321e+00  5.000000e-01
     vertex  1.996974e+01  5.292321e+00  5.000000e-01
   endloop
 endfacet
 facet normal  0.000000e+00  0.000000e+00  1.000000e+00
   outer loop
     vertex  2.076974e+01  4.757321e+00  5.000000e-01
     vertex  1.996974e+01  5.292321e+00  5.000000e-01
     vertex  1.996974e+01  4.757321e+00  5.000000e-01
   endloop
 endfacet
 facet normal  0.000000e+00  0.000000e+00  1.000000e+00
   outer loop
     vertex  1.861651e+01  6.215025e+00  5.000000e-01
     vertex  1.865175e+01  6.259214e+00  5.000000e-01
     vertex  1.863164e+01  6.239105e+00  5.000000e-01
   endloop
 endfacet
 facet normal  0.000000e+00  0.000000e+00  1.000000e+00
   outer loop
     vertex  1.860711e+01  6.188182e+00  5.000000e-01
     vertex  1.865175e+01  6.259214e+00  5.000000e-01
     vertex  1.861651e+01  6.215025e+00  5.000000e-01
   endloop
 endfacet
 facet normal  0.000000e+00  0.000000e+00  1.000000e+00
   outer loop
     vertex  1.870267e+01  6.283737e+00  5.000000e-01
     vertex  1.867583e+01  6.274345e+00  5.000000e-01
     vertex  1.865175e+01  6.259214e+00  5.000000e-01
   endloop
 endfacet
 facet normal  0.000000e+00  0.000000e+00  1.000000e+00
   outer loop
     vertex  1.860393e+01  6.159922e+00  5.000000e-01
     vertex  1.865175e+01  6.259214e+00  5.000000e-01
     vertex  1.860711e+01  6.188182e+00  5.000000e-01
   endloop
 endfacet
 facet normal  0.000000e+00  0.000000e+00  1.000000e+00
   outer loop
     vertex  1.873093e+01  6.286922e+00  5.000000e-01
     vertex  1.870267e+01  6.283737e+00  5.000000e-01
     vertex  1.865175e+01  6.259214e+00  5.000000e-01
   endloop
 endfacet
 facet normal  0.000000e+00  0.000000e+00  1.000000e+00
   outer loop
     vertex  1.873093e+01  6.286922e+00  5.000000e-01
     vertex  1.865175e+01  6.259214e+00  5.000000e-01
     vertex  1.860393e+01  6.159922e+00  5.000000e-01
   endloop
 endfacet
 facet normal  0.000000e+00  0.000000e+00  1.000000e+00
   outer loop
     vertex  1.860393e+01  5.905922e+00  5.000000e-01
     vertex  1.873093e+01  6.286922e+00  5.000000e-01
     vertex  1.860393e+01  6.159922e+00  5.000000e-01
   endloop
 endfacet
 facet normal  0.000000e+00  0.000000e+00  1.000000e+00
   outer loop
     vertex  1.861651e+01  5.850818e+00  5.000000e-01
     vertex  1.860393e+01  5.905922e+00  5.000000e-01
     vertex  1.860711e+01  5.877661e+00  5.000000e-01
   endloop
 endfacet
 facet normal  0.000000e+00  0.000000e+00  1.000000e+00
   outer loop
     vertex  1.904003e+01  6.274345e+00  5.000000e-01
     vertex  1.901319e+01  6.283737e+00  5.000000e-01
     vertex  1.898493e+01  6.286922e+00  5.000000e-01
   endloop
 endfacet
 facet normal  0.000000e+00  0.000000e+00  1.000000e+00
   outer loop
     vertex  1.867583e+01  5.791499e+00  5.000000e-01
     vertex  1.861651e+01  5.850818e+00  5.000000e-01
     vertex  1.863164e+01  5.826738e+00  5.000000e-01
   endloop
 endfacet
 facet normal  0.000000e+00  0.000000e+00  1.000000e+00
   outer loop
     vertex  1.867583e+01  5.791499e+00  5.000000e-01
     vertex  1.863164e+01  5.826738e+00  5.000000e-01
     vertex  1.865175e+01  5.806629e+00  5.000000e-01
   endloop
 endfacet
 facet normal  0.000000e+00  0.000000e+00  1.000000e+00
   outer loop
     vertex  1.867583e+01  5.791499e+00  5.000000e-01
     vertex  1.860393e+01  5.905922e+00  5.000000e-01
     vertex  1.861651e+01  5.850818e+00  5.000000e-01
   endloop
 endfacet
 facet normal  0.000000e+00  0.000000e+00  1.000000e+00
   outer loop
     vertex  1.909935e+01  6.215025e+00  5.000000e-01
     vertex  1.908422e+01  6.239105e+00  5.000000e-01
     vertex  1.906411e+01  6.259214e+00  5.000000e-01
   endloop
 endfacet
 facet normal  0.000000e+00  0.000000e+00  1.000000e+00
   outer loop
     vertex  1.909935e+01  6.215025e+00  5.000000e-01
     vertex  1.906411e+01  6.259214e+00  5.000000e-01
     vertex  1.904003e+01  6.274345e+00  5.000000e-01
   endloop
 endfacet
 facet normal  0.000000e+00  0.000000e+00  1.000000e+00
   outer loop
     vertex  1.873093e+01  5.778922e+00  5.000000e-01
     vertex  1.867583e+01  5.791499e+00  5.000000e-01
     vertex  1.870267e+01  5.782106e+00  5.000000e-01
   endloop
 endfacet
 facet normal  0.000000e+00  0.000000e+00  1.000000e+00
   outer loop
     vertex  1.873093e+01  5.778922e+00  5.000000e-01
     vertex  1.860393e+01  5.905922e+00  5.000000e-01
     vertex  1.867583e+01  5.791499e+00  5.000000e-01
   endloop
 endfacet
 facet normal  0.000000e+00  0.000000e+00  1.000000e+00
   outer loop
     vertex  1.911193e+01  6.159922e+00  5.000000e-01
     vertex  1.910875e+01  6.188182e+00  5.000000e-01
     vertex  1.909935e+01  6.215025e+00  5.000000e-01
   endloop
 endfacet
 facet normal  0.000000e+00  0.000000e+00  1.000000e+00
   outer loop
     vertex  1.911193e+01  6.159922e+00  5.000000e-01
     vertex  1.904003e+01  6.274345e+00  5.000000e-01
     vertex  1.898493e+01  6.286922e+00  5.000000e-01
   endloop
 endfacet
 facet normal  0.000000e+00  0.000000e+00  1.000000e+00
   outer loop
     vertex  1.911193e+01  6.159922e+00  5.000000e-01
     vertex  1.909935e+01  6.215025e+00  5.000000e-01
     vertex  1.904003e+01  6.274345e+00  5.000000e-01
   endloop
 endfacet
 facet normal  0.000000e+00 -0.000000e+00  1.000000e+00
   outer loop
     vertex  1.898493e+01  5.778922e+00  5.000000e-01
     vertex  1.898493e+01  6.286922e+00  5.000000e-01
     vertex  1.873093e+01  6.286922e+00  5.000000e-01
   endloop
 endfacet
 facet normal  0.000000e+00  0.000000e+00  1.000000e+00
   outer loop
     vertex  1.898493e+01  5.778922e+00  5.000000e-01
     vertex  1.873093e+01  6.286922e+00  5.000000e-01
     vertex  1.860393e+01  5.905922e+00  5.000000e-01
   endloop
 endfacet
 facet normal  0.000000e+00  0.000000e+00  1.000000e+00
   outer loop
     vertex  1.898493e+01  5.778922e+00  5.000000e-01
     vertex  1.860393e+01  5.905922e+00  5.000000e-01
     vertex  1.873093e+01  5.778922e+00  5.000000e-01
   endloop
 endfacet
 facet normal  0.000000e+00  0.000000e+00  1.000000e+00
   outer loop
     vertex  1.898493e+01  5.778922e+00  5.000000e-01
     vertex  1.911193e+01  6.159922e+00  5.000000e-01
     vertex  1.898493e+01  6.286922e+00  5.000000e-01
   endloop
 endfacet
 facet normal  0.000000e+00 -0.000000e+00  1.000000e+00
   outer loop
     vertex  1.911193e+01  5.905922e+00  5.000000e-01
     vertex  1.911193e+01  6.159922e+00  5.000000e-01
     vertex  1.898493e+01  5.778922e+00  5.000000e-01
   endloop
 endfacet
 facet normal  0.000000e+00  0.000000e+00  1.000000e+00
   outer loop
     vertex  1.906411e+01  5.806629e+00  5.000000e-01
     vertex  1.898493e+01  5.778922e+00  5.000000e-01
     vertex  1.901319e+01  5.782106e+00  5.000000e-01
   endloop
 endfacet
 facet normal  0.000000e+00  0.000000e+00  1.000000e+00
   outer loop
     vertex  1.906411e+01  5.806629e+00  5.000000e-01
     vertex  1.901319e+01  5.782106e+00  5.000000e-01
     vertex  1.904003e+01  5.791499e+00  5.000000e-01
   endloop
 endfacet
 facet normal  0.000000e+00  0.000000e+00  1.000000e+00
   outer loop
     vertex  1.906411e+01  5.806629e+00  5.000000e-01
     vertex  1.909935e+01  5.850818e+00  5.000000e-01
     vertex  1.910875e+01  5.877661e+00  5.000000e-01
   endloop
 endfacet
 facet normal  0.000000e+00  0.000000e+00  1.000000e+00
   outer loop
     vertex  1.906411e+01  5.806629e+00  5.000000e-01
     vertex  1.910875e+01  5.877661e+00  5.000000e-01
     vertex  1.911193e+01  5.905922e+00  5.000000e-01
   endloop
 endfacet
 facet normal  0.000000e+00 -0.000000e+00  1.000000e+00
   outer loop
     vertex  1.906411e+01  5.806629e+00  5.000000e-01
     vertex  1.911193e+01  5.905922e+00  5.000000e-01
     vertex  1.898493e+01  5.778922e+00  5.000000e-01
   endloop
 endfacet
 facet normal  0.000000e+00 -0.000000e+00  1.000000e+00
   outer loop
     vertex  1.908422e+01  5.826738e+00  5.000000e-01
     vertex  1.909935e+01  5.850818e+00  5.000000e-01
     vertex  1.906411e+01  5.806629e+00  5.000000e-01
   endloop
 endfacet
 facet normal  0.000000e+00  0.000000e+00  1.000000e+00
   outer loop
     vertex  1.861651e+01  5.199025e+00  5.000000e-01
     vertex  1.865175e+01  5.243214e+00  5.000000e-01
     vertex  1.863164e+01  5.223105e+00  5.000000e-01
   endloop
 endfacet
 facet normal  0.000000e+00  0.000000e+00  1.000000e+00
   outer loop
     vertex  1.860711e+01  5.172182e+00  5.000000e-01
     vertex  1.865175e+01  5.243214e+00  5.000000e-01
     vertex  1.861651e+01  5.199025e+00  5.000000e-01
   endloop
 endfacet
 facet normal  0.000000e+00  0.000000e+00  1.000000e+00
   outer loop
     vertex  1.870267e+01  5.267737e+00  5.000000e-01
     vertex  1.867583e+01  5.258345e+00  5.000000e-01
     vertex  1.865175e+01  5.243214e+00  5.000000e-01
   endloop
 endfacet
 facet normal  0.000000e+00  0.000000e+00  1.000000e+00
   outer loop
     vertex  1.860393e+01  5.143922e+00  5.000000e-01
     vertex  1.865175e+01  5.243214e+00  5.000000e-01
     vertex  1.860711e+01  5.172182e+00  5.000000e-01
   endloop
 endfacet
 facet normal  0.000000e+00  0.000000e+00  1.000000e+00
   outer loop
     vertex  1.873093e+01  5.270922e+00  5.000000e-01
     vertex  1.870267e+01  5.267737e+00  5.000000e-01
     vertex  1.865175e+01  5.243214e+00  5.000000e-01
   endloop
 endfacet
 facet normal  0.000000e+00  0.000000e+00  1.000000e+00
   outer loop
     vertex  1.873093e+01  5.270922e+00  5.000000e-01
     vertex  1.865175e+01  5.243214e+00  5.000000e-01
     vertex  1.860393e+01  5.143922e+00  5.000000e-01
   endloop
 endfacet
 facet normal  0.000000e+00  0.000000e+00  1.000000e+00
   outer loop
     vertex  1.860393e+01  4.889922e+00  5.000000e-01
     vertex  1.873093e+01  5.270922e+00  5.000000e-01
     vertex  1.860393e+01  5.143922e+00  5.000000e-01
   endloop
 endfacet
 facet normal  0.000000e+00  0.000000e+00  1.000000e+00
   outer loop
     vertex  1.861651e+01  4.834818e+00  5.000000e-01
     vertex  1.860393e+01  4.889922e+00  5.000000e-01
     vertex  1.860711e+01  4.861661e+00  5.000000e-01
   endloop
 endfacet
 facet normal  0.000000e+00  0.000000e+00  1.000000e+00
   outer loop
     vertex  1.904003e+01  5.258345e+00  5.000000e-01
     vertex  1.901319e+01  5.267737e+00  5.000000e-01
     vertex  1.898493e+01  5.270922e+00  5.000000e-01
   endloop
 endfacet
 facet normal  0.000000e+00  0.000000e+00  1.000000e+00
   outer loop
     vertex  1.867583e+01  4.775499e+00  5.000000e-01
     vertex  1.861651e+01  4.834818e+00  5.000000e-01
     vertex  1.863164e+01  4.810738e+00  5.000000e-01
   endloop
 endfacet
 facet normal  0.000000e+00  0.000000e+00  1.000000e+00
   outer loop
     vertex  1.867583e+01  4.775499e+00  5.000000e-01
     vertex  1.863164e+01  4.810738e+00  5.000000e-01
     vertex  1.865175e+01  4.790629e+00  5.000000e-01
   endloop
 endfacet
 facet normal  0.000000e+00  0.000000e+00  1.000000e+00
   outer loop
     vertex  1.867583e+01  4.775499e+00  5.000000e-01
     vertex  1.860393e+01  4.889922e+00  5.000000e-01
     vertex  1.861651e+01  4.834818e+00  5.000000e-01
   endloop
 endfacet
 facet normal  0.000000e+00  0.000000e+00  1.000000e+00
   outer loop
     vertex  1.909935e+01  5.199025e+00  5.000000e-01
     vertex  1.908422e+01  5.223105e+00  5.000000e-01
     vertex  1.906411e+01  5.243214e+00  5.000000e-01
   endloop
 endfacet
 facet normal  0.000000e+00  0.000000e+00  1.000000e+00
   outer loop
     vertex  1.909935e+01  5.199025e+00  5.000000e-01
     vertex  1.906411e+01  5.243214e+00  5.000000e-01
     vertex  1.904003e+01  5.258345e+00  5.000000e-01
   endloop
 endfacet
 facet normal  0.000000e+00  0.000000e+00  1.000000e+00
   outer loop
     vertex  1.873093e+01  4.762922e+00  5.000000e-01
     vertex  1.867583e+01  4.775499e+00  5.000000e-01
     vertex  1.870267e+01  4.766106e+00  5.000000e-01
   endloop
 endfacet
 facet normal  0.000000e+00  0.000000e+00  1.000000e+00
   outer loop
     vertex  1.873093e+01  4.762922e+00  5.000000e-01
     vertex  1.860393e+01  4.889922e+00  5.000000e-01
     vertex  1.867583e+01  4.775499e+00  5.000000e-01
   endloop
 endfacet
 facet normal  0.000000e+00  0.000000e+00  1.000000e+00
   outer loop
     vertex  1.911193e+01  5.143922e+00  5.000000e-01
     vertex  1.910875e+01  5.172182e+00  5.000000e-01
     vertex  1.909935e+01  5.199025e+00  5.000000e-01
   endloop
 endfacet
 facet normal  0.000000e+00  0.000000e+00  1.000000e+00
   outer loop
     vertex  1.911193e+01  5.143922e+00  5.000000e-01
     vertex  1.904003e+01  5.258345e+00  5.000000e-01
     vertex  1.898493e+01  5.270922e+00  5.000000e-01
   endloop
 endfacet
 facet normal  0.000000e+00  0.000000e+00  1.000000e+00
   outer loop
     vertex  1.911193e+01  5.143922e+00  5.000000e-01
     vertex  1.909935e+01  5.199025e+00  5.000000e-01
     vertex  1.904003e+01  5.258345e+00  5.000000e-01
   endloop
 endfacet
 facet normal  0.000000e+00 -0.000000e+00  1.000000e+00
   outer loop
     vertex  1.898493e+01  4.762922e+00  5.000000e-01
     vertex  1.898493e+01  5.270922e+00  5.000000e-01
     vertex  1.873093e+01  5.270922e+00  5.000000e-01
   endloop
 endfacet
 facet normal  0.000000e+00  0.000000e+00  1.000000e+00
   outer loop
     vertex  1.898493e+01  4.762922e+00  5.000000e-01
     vertex  1.873093e+01  5.270922e+00  5.000000e-01
     vertex  1.860393e+01  4.889922e+00  5.000000e-01
   endloop
 endfacet
 facet normal  0.000000e+00  0.000000e+00  1.000000e+00
   outer loop
     vertex  1.898493e+01  4.762922e+00  5.000000e-01
     vertex  1.860393e+01  4.889922e+00  5.000000e-01
     vertex  1.873093e+01  4.762922e+00  5.000000e-01
   endloop
 endfacet
 facet normal  0.000000e+00  0.000000e+00  1.000000e+00
   outer loop
     vertex  1.898493e+01  4.762922e+00  5.000000e-01
     vertex  1.911193e+01  5.143922e+00  5.000000e-01
     vertex  1.898493e+01  5.270922e+00  5.000000e-01
   endloop
 endfacet
 facet normal  0.000000e+00 -0.000000e+00  1.000000e+00
   outer loop
     vertex  1.911193e+01  4.889922e+00  5.000000e-01
     vertex  1.911193e+01  5.143922e+00  5.000000e-01
     vertex  1.898493e+01  4.762922e+00  5.000000e-01
   endloop
 endfacet
 facet normal  0.000000e+00  0.000000e+00  1.000000e+00
   outer loop
     vertex  1.906411e+01  4.790629e+00  5.000000e-01
     vertex  1.898493e+01  4.762922e+00  5.000000e-01
     vertex  1.901319e+01  4.766106e+00  5.000000e-01
   endloop
 endfacet
 facet normal  0.000000e+00  0.000000e+00  1.000000e+00
   outer loop
     vertex  1.906411e+01  4.790629e+00  5.000000e-01
     vertex  1.901319e+01  4.766106e+00  5.000000e-01
     vertex  1.904003e+01  4.775499e+00  5.000000e-01
   endloop
 endfacet
 facet normal  0.000000e+00  0.000000e+00  1.000000e+00
   outer loop
     vertex  1.906411e+01  4.790629e+00  5.000000e-01
     vertex  1.909935e+01  4.834818e+00  5.000000e-01
     vertex  1.910875e+01  4.861661e+00  5.000000e-01
   endloop
 endfacet
 facet normal  0.000000e+00  0.000000e+00  1.000000e+00
   outer loop
     vertex  1.906411e+01  4.790629e+00  5.000000e-01
     vertex  1.910875e+01  4.861661e+00  5.000000e-01
     vertex  1.911193e+01  4.889922e+00  5.000000e-01
   endloop
 endfacet
 facet normal  0.000000e+00 -0.000000e+00  1.000000e+00
   outer loop
     vertex  1.906411e+01  4.790629e+00  5.000000e-01
     vertex  1.911193e+01  4.889922e+00  5.000000e-01
     vertex  1.898493e+01  4.762922e+00  5.000000e-01
   endloop
 endfacet
 facet normal  0.000000e+00 -0.000000e+00  1.000000e+00
   outer loop
     vertex  1.908422e+01  4.810738e+00  5.000000e-01
     vertex  1.909935e+01  4.834818e+00  5.000000e-01
     vertex  1.906411e+01  4.790629e+00  5.000000e-01
   endloop
 endfacet
 facet normal  9.937122e-01  1.119645e-01  0.000000e+00
   outer loop
     vertex  2.405946e+01  5.113277e+00  5.000000e-01
     vertex  2.405946e+01  5.113277e+00  0.000000e+00
     vertex  2.405628e+01  5.141537e+00  0.000000e+00
   endloop
 endfacet
 facet normal  9.438833e-01  3.302791e-01 -2.346774e-15
   outer loop
     vertex  2.405628e+01  5.141537e+00  5.000000e-01
     vertex  2.405628e+01  5.141537e+00  0.000000e+00
     vertex  2.404688e+01  5.168380e+00  0.000000e+00
   endloop
 endfacet
 facet normal  9.937122e-01  1.119645e-01 -7.955555e-16
   outer loop
     vertex  2.405628e+01  5.141537e+00  5.000000e-01
     vertex  2.405946e+01  5.113277e+00  5.000000e-01
     vertex  2.405628e+01  5.141537e+00  0.000000e+00
   endloop
 endfacet
 facet normal  8.467242e-01  5.320321e-01  3.181101e-15
   outer loop
     vertex  2.404688e+01  5.168380e+00  5.000000e-01
     vertex  2.404688e+01  5.168380e+00  0.000000e+00
     vertex  2.403175e+01  5.192460e+00  0.000000e+00
   endloop
 endfacet
 facet normal  9.438833e-01  3.302791e-01  4.946614e-15
   outer loop
     vertex  2.404688e+01  5.168380e+00  5.000000e-01
     vertex  2.405628e+01  5.141537e+00  5.000000e-01
     vertex  2.404688e+01  5.168380e+00  0.000000e+00
   endloop
 endfacet
 facet normal  7.071068e-01  7.071068e-01  1.256074e-15
   outer loop
     vertex  2.403175e+01  5.192460e+00  5.000000e-01
     vertex  2.403175e+01  5.192460e+00  0.000000e+00
     vertex  2.401164e+01  5.212569e+00  0.000000e+00
   endloop
 endfacet
 facet normal  8.467242e-01  5.320321e-01  3.181101e-15
   outer loop
     vertex  2.403175e+01  5.192460e+00  5.000000e-01
     vertex  2.404688e+01  5.168380e+00  5.000000e-01
     vertex  2.403175e+01  5.192460e+00  0.000000e+00
   endloop
 endfacet
 facet normal  5.320321e-01  8.467242e-01  2.276231e-15
   outer loop
     vertex  2.401164e+01  5.212569e+00  5.000000e-01
     vertex  2.401164e+01  5.212569e+00  0.000000e+00
     vertex  2.398756e+01  5.227700e+00  0.000000e+00
   endloop
 endfacet
 facet normal  7.071068e-01  7.071068e-01  3.768222e-15
   outer loop
     vertex  2.401164e+01  5.212569e+00  5.000000e-01
     vertex  2.403175e+01  5.192460e+00  5.000000e-01
     vertex  2.401164e+01  5.212569e+00  0.000000e+00
   endloop
 endfacet
 facet normal  3.302791e-01  9.438833e-01  6.701003e-16
   outer loop
     vertex  2.398756e+01  5.227700e+00  5.000000e-01
     vertex  2.398756e+01  5.227700e+00  0.000000e+00
     vertex  2.396072e+01  5.237092e+00  0.000000e+00
   endloop
 endfacet
 facet normal  5.320321e-01  8.467242e-01  2.276231e-15
   outer loop
     vertex  2.398756e+01  5.227700e+00  5.000000e-01
     vertex  2.401164e+01  5.212569e+00  5.000000e-01
     vertex  2.398756e+01  5.227700e+00  0.000000e+00
   endloop
 endfacet
 facet normal  1.119645e-01  9.937122e-01  0.000000e+00
   outer loop
     vertex  2.396072e+01  5.237092e+00  5.000000e-01
     vertex  2.396072e+01  5.237092e+00  0.000000e+00
     vertex  2.393246e+01  5.240277e+00  0.000000e+00
   endloop
 endfacet
 facet normal  3.302791e-01  9.438833e-01  0.000000e+00
   outer loop
     vertex  2.396072e+01  5.237092e+00  5.000000e-01
     vertex  2.398756e+01  5.227700e+00  5.000000e-01
     vertex  2.396072e+01  5.237092e+00  0.000000e+00
   endloop
 endfacet
 facet normal  1.119645e-01  9.937122e-01  0.000000e+00
   outer loop
     vertex  2.393246e+01  5.240277e+00  5.000000e-01
     vertex  2.396072e+01  5.237092e+00  5.000000e-01
     vertex  2.393246e+01  5.240277e+00  0.000000e+00
   endloop
 endfacet
 facet normal  1.000000e+00  0.000000e+00  0.000000e+00
   outer loop
     vertex  2.405946e+01  5.113277e+00  5.000000e-01
     vertex  2.405946e+01  4.859277e+00  5.000000e-01
     vertex  2.405946e+01  4.859277e+00  0.000000e+00
   endloop
 endfacet
 facet normal  1.000000e+00  0.000000e+00  0.000000e+00
   outer loop
     vertex  2.405946e+01  5.113277e+00  5.000000e-01
     vertex  2.405946e+01  4.859277e+00  0.000000e+00
     vertex  2.405946e+01  5.113277e+00  0.000000e+00
   endloop
 endfacet
 facet normal  1.119645e-01 -9.937122e-01  0.000000e+00
   outer loop
     vertex  2.396072e+01  4.735461e+00  5.000000e-01
     vertex  2.393246e+01  4.732277e+00  5.000000e-01
     vertex  2.393246e+01  4.732277e+00  0.000000e+00
   endloop
 endfacet
 facet normal  1.119645e-01 -9.937122e-01  0.000000e+00
   outer loop
     vertex  2.396072e+01  4.735461e+00  5.000000e-01
     vertex  2.393246e+01  4.732277e+00  0.000000e+00
     vertex  2.396072e+01  4.735461e+00  0.000000e+00
   endloop
 endfacet
 facet normal  3.302791e-01 -9.438833e-01  0.000000e+00
   outer loop
     vertex  2.398756e+01  4.744853e+00  5.000000e-01
     vertex  2.396072e+01  4.735461e+00  0.000000e+00
     vertex  2.398756e+01  4.744853e+00  0.000000e+00
   endloop
 endfacet
 facet normal  3.302791e-01 -9.438833e-01  0.000000e+00
   outer loop
     vertex  2.398756e+01  4.744853e+00  5.000000e-01
     vertex  2.396072e+01  4.735461e+00  5.000000e-01
     vertex  2.396072e+01  4.735461e+00  0.000000e+00
   endloop
 endfacet
 facet normal  5.320321e-01 -8.467242e-01  0.000000e+00
   outer loop
     vertex  2.401164e+01  4.759984e+00  5.000000e-01
     vertex  2.398756e+01  4.744853e+00  0.000000e+00
     vertex  2.401164e+01  4.759984e+00  0.000000e+00
   endloop
 endfacet
 facet normal  5.320321e-01 -8.467242e-01  0.000000e+00
   outer loop
     vertex  2.401164e+01  4.759984e+00  5.000000e-01
     vertex  2.398756e+01  4.744853e+00  5.000000e-01
     vertex  2.398756e+01  4.744853e+00  0.000000e+00
   endloop
 endfacet
 facet normal  7.071068e-01 -7.071068e-01  0.000000e+00
   outer loop
     vertex  2.403175e+01  4.780093e+00  5.000000e-01
     vertex  2.401164e+01  4.759984e+00  0.000000e+00
     vertex  2.403175e+01  4.780093e+00  0.000000e+00
   endloop
 endfacet
 facet normal  7.071068e-01 -7.071068e-01  0.000000e+00
   outer loop
     vertex  2.403175e+01  4.780093e+00  5.000000e-01
     vertex  2.401164e+01  4.759984e+00  5.000000e-01
     vertex  2.401164e+01  4.759984e+00  0.000000e+00
   endloop
 endfacet
 facet normal  8.467242e-01 -5.320321e-01  0.000000e+00
   outer loop
     vertex  2.404688e+01  4.804173e+00  5.000000e-01
     vertex  2.403175e+01  4.780093e+00  0.000000e+00
     vertex  2.404688e+01  4.804173e+00  0.000000e+00
   endloop
 endfacet
 facet normal  8.467242e-01 -5.320321e-01  0.000000e+00
   outer loop
     vertex  2.404688e+01  4.804173e+00  5.000000e-01
     vertex  2.403175e+01  4.780093e+00  5.000000e-01
     vertex  2.403175e+01  4.780093e+00  0.000000e+00
   endloop
 endfacet
 facet normal  9.438833e-01 -3.302791e-01  0.000000e+00
   outer loop
     vertex  2.405628e+01  4.831016e+00  5.000000e-01
     vertex  2.404688e+01  4.804173e+00  0.000000e+00
     vertex  2.405628e+01  4.831016e+00  0.000000e+00
   endloop
 endfacet
 facet normal  9.438833e-01 -3.302791e-01  0.000000e+00
   outer loop
     vertex  2.405628e+01  4.831016e+00  5.000000e-01
     vertex  2.404688e+01  4.804173e+00  5.000000e-01
     vertex  2.404688e+01  4.804173e+00  0.000000e+00
   endloop
 endfacet
 facet normal  9.937122e-01 -1.119645e-01  0.000000e+00
   outer loop
     vertex  2.405946e+01  4.859277e+00  5.000000e-01
     vertex  2.405628e+01  4.831016e+00  0.000000e+00
     vertex  2.405946e+01  4.859277e+00  0.000000e+00
   endloop
 endfacet
 facet normal  9.937122e-01 -1.119645e-01  0.000000e+00
   outer loop
     vertex  2.405946e+01  4.859277e+00  5.000000e-01
     vertex  2.405628e+01  4.831016e+00  5.000000e-01
     vertex  2.405628e+01  4.831016e+00  0.000000e+00
   endloop
 endfacet
 facet normal -0.000000e+00 -1.000000e+00  0.000000e+00
   outer loop
     vertex  2.393246e+01  4.732277e+00  5.000000e-01
     vertex  2.367846e+01  4.732277e+00  5.000000e-01
     vertex  2.367846e+01  4.732277e+00  0.000000e+00
   endloop
 endfacet
 facet normal  0.000000e+00 -1.000000e+00 -0.000000e+00
   outer loop
     vertex  2.393246e+01  4.732277e+00  5.000000e-01
     vertex  2.367846e+01  4.732277e+00  0.000000e+00
     vertex  2.393246e+01  4.732277e+00  0.000000e+00
   endloop
 endfacet
 facet normal -9.937122e-01 -1.119645e-01 -0.000000e+00
   outer loop
     vertex  2.355146e+01  4.859277e+00  5.000000e-01
     vertex  2.355146e+01  4.859277e+00  0.000000e+00
     vertex  2.355465e+01  4.831016e+00  0.000000e+00
   endloop
 endfacet
 facet normal -9.438833e-01 -3.302791e-01 -2.346774e-15
   outer loop
     vertex  2.355465e+01  4.831016e+00  5.000000e-01
     vertex  2.355465e+01  4.831016e+00  0.000000e+00
     vertex  2.356404e+01  4.804173e+00  0.000000e+00
   endloop
 endfacet
 facet normal -9.937122e-01 -1.119645e-01 -7.955555e-16
   outer loop
     vertex  2.355465e+01  4.831016e+00  5.000000e-01
     vertex  2.355146e+01  4.859277e+00  5.000000e-01
     vertex  2.355465e+01  4.831016e+00  0.000000e+00
   endloop
 endfacet
 facet normal -8.467242e-01 -5.320321e-01  3.181101e-15
   outer loop
     vertex  2.356404e+01  4.804173e+00  5.000000e-01
     vertex  2.356404e+01  4.804173e+00  0.000000e+00
     vertex  2.357917e+01  4.780093e+00  0.000000e+00
   endloop
 endfacet
 facet normal -9.438833e-01 -3.302791e-01  4.946614e-15
   outer loop
     vertex  2.356404e+01  4.804173e+00  5.000000e-01
     vertex  2.355465e+01  4.831016e+00  5.000000e-01
     vertex  2.356404e+01  4.804173e+00  0.000000e+00
   endloop
 endfacet
 facet normal -7.071068e-01 -7.071068e-01  1.256074e-15
   outer loop
     vertex  2.357917e+01  4.780093e+00  5.000000e-01
     vertex  2.357917e+01  4.780093e+00  0.000000e+00
     vertex  2.359928e+01  4.759984e+00  0.000000e+00
   endloop
 endfacet
 facet normal -8.467242e-01 -5.320321e-01  3.181101e-15
   outer loop
     vertex  2.357917e+01  4.780093e+00  5.000000e-01
     vertex  2.356404e+01  4.804173e+00  5.000000e-01
     vertex  2.357917e+01  4.780093e+00  0.000000e+00
   endloop
 endfacet
 facet normal -5.320321e-01 -8.467242e-01  2.276231e-15
   outer loop
     vertex  2.359928e+01  4.759984e+00  5.000000e-01
     vertex  2.359928e+01  4.759984e+00  0.000000e+00
     vertex  2.362336e+01  4.744853e+00  0.000000e+00
   endloop
 endfacet
 facet normal -7.071068e-01 -7.071068e-01  3.768222e-15
   outer loop
     vertex  2.359928e+01  4.759984e+00  5.000000e-01
     vertex  2.357917e+01  4.780093e+00  5.000000e-01
     vertex  2.359928e+01  4.759984e+00  0.000000e+00
   endloop
 endfacet
 facet normal -3.302791e-01 -9.438833e-01  6.701003e-16
   outer loop
     vertex  2.362336e+01  4.744853e+00  5.000000e-01
     vertex  2.362336e+01  4.744853e+00  0.000000e+00
     vertex  2.365020e+01  4.735461e+00  0.000000e+00
   endloop
 endfacet
 facet normal -5.320321e-01 -8.467242e-01  2.276231e-15
   outer loop
     vertex  2.362336e+01  4.744853e+00  5.000000e-01
     vertex  2.359928e+01  4.759984e+00  5.000000e-01
     vertex  2.362336e+01  4.744853e+00  0.000000e+00
   endloop
 endfacet
 facet normal -1.119645e-01 -9.937122e-01 -0.000000e+00
   outer loop
     vertex  2.365020e+01  4.735461e+00  5.000000e-01
     vertex  2.365020e+01  4.735461e+00  0.000000e+00
     vertex  2.367846e+01  4.732277e+00  0.000000e+00
   endloop
 endfacet
 facet normal -3.302791e-01 -9.438833e-01 -0.000000e+00
   outer loop
     vertex  2.365020e+01  4.735461e+00  5.000000e-01
     vertex  2.362336e+01  4.744853e+00  5.000000e-01
     vertex  2.365020e+01  4.735461e+00  0.000000e+00
   endloop
 endfacet
 facet normal -1.119645e-01 -9.937122e-01 -0.000000e+00
   outer loop
     vertex  2.367846e+01  4.732277e+00  5.000000e-01
     vertex  2.365020e+01  4.735461e+00  5.000000e-01
     vertex  2.367846e+01  4.732277e+00  0.000000e+00
   endloop
 endfacet
 facet normal -1.000000e+00  0.000000e+00  0.000000e+00
   outer loop
     vertex  2.355146e+01  4.859277e+00  5.000000e-01
     vertex  2.355146e+01  5.113277e+00  5.000000e-01
     vertex  2.355146e+01  5.113277e+00  0.000000e+00
   endloop
 endfacet
 facet normal -1.000000e+00  0.000000e+00  0.000000e+00
   outer loop
     vertex  2.355146e+01  4.859277e+00  5.000000e-01
     vertex  2.355146e+01  5.113277e+00  0.000000e+00
     vertex  2.355146e+01  4.859277e+00  0.000000e+00
   endloop
 endfacet
 facet normal -1.119645e-01  9.937122e-01  0.000000e+00
   outer loop
     vertex  2.365020e+01  5.237092e+00  5.000000e-01
     vertex  2.367846e+01  5.240277e+00  5.000000e-01
     vertex  2.367846e+01  5.240277e+00  0.000000e+00
   endloop
 endfacet
 facet normal -1.119645e-01  9.937122e-01  0.000000e+00
   outer loop
     vertex  2.365020e+01  5.237092e+00  5.000000e-01
     vertex  2.367846e+01  5.240277e+00  0.000000e+00
     vertex  2.365020e+01  5.237092e+00  0.000000e+00
   endloop
 endfacet
 facet normal -3.302791e-01  9.438833e-01  0.000000e+00
   outer loop
     vertex  2.362336e+01  5.227700e+00  5.000000e-01
     vertex  2.365020e+01  5.237092e+00  0.000000e+00
     vertex  2.362336e+01  5.227700e+00  0.000000e+00
   endloop
 endfacet
 facet normal -3.302791e-01  9.438833e-01  0.000000e+00
   outer loop
     vertex  2.362336e+01  5.227700e+00  5.000000e-01
     vertex  2.365020e+01  5.237092e+00  5.000000e-01
     vertex  2.365020e+01  5.237092e+00  0.000000e+00
   endloop
 endfacet
 facet normal -5.320321e-01  8.467242e-01  0.000000e+00
   outer loop
     vertex  2.359928e+01  5.212569e+00  5.000000e-01
     vertex  2.362336e+01  5.227700e+00  0.000000e+00
     vertex  2.359928e+01  5.212569e+00  0.000000e+00
   endloop
 endfacet
 facet normal -5.320321e-01  8.467242e-01  0.000000e+00
   outer loop
     vertex  2.359928e+01  5.212569e+00  5.000000e-01
     vertex  2.362336e+01  5.227700e+00  5.000000e-01
     vertex  2.362336e+01  5.227700e+00  0.000000e+00
   endloop
 endfacet
 facet normal -7.071068e-01  7.071068e-01  0.000000e+00
   outer loop
     vertex  2.357917e+01  5.192460e+00  5.000000e-01
     vertex  2.359928e+01  5.212569e+00  0.000000e+00
     vertex  2.357917e+01  5.192460e+00  0.000000e+00
   endloop
 endfacet
 facet normal -7.071068e-01  7.071068e-01  0.000000e+00
   outer loop
     vertex  2.357917e+01  5.192460e+00  5.000000e-01
     vertex  2.359928e+01  5.212569e+00  5.000000e-01
     vertex  2.359928e+01  5.212569e+00  0.000000e+00
   endloop
 endfacet
 facet normal -8.467242e-01  5.320321e-01  0.000000e+00
   outer loop
     vertex  2.356404e+01  5.168380e+00  5.000000e-01
     vertex  2.357917e+01  5.192460e+00  0.000000e+00
     vertex  2.356404e+01  5.168380e+00  0.000000e+00
   endloop
 endfacet
 facet normal -8.467242e-01  5.320321e-01  0.000000e+00
   outer loop
     vertex  2.356404e+01  5.168380e+00  5.000000e-01
     vertex  2.357917e+01  5.192460e+00  5.000000e-01
     vertex  2.357917e+01  5.192460e+00  0.000000e+00
   endloop
 endfacet
 facet normal -9.438833e-01  3.302791e-01  0.000000e+00
   outer loop
     vertex  2.355465e+01  5.141537e+00  5.000000e-01
     vertex  2.356404e+01  5.168380e+00  0.000000e+00
     vertex  2.355465e+01  5.141537e+00  0.000000e+00
   endloop
 endfacet
 facet normal -9.438833e-01  3.302791e-01  0.000000e+00
   outer loop
     vertex  2.355465e+01  5.141537e+00  5.000000e-01
     vertex  2.356404e+01  5.168380e+00  5.000000e-01
     vertex  2.356404e+01  5.168380e+00  0.000000e+00
   endloop
 endfacet
 facet normal -9.937122e-01  1.119645e-01  0.000000e+00
   outer loop
     vertex  2.355146e+01  5.113277e+00  5.000000e-01
     vertex  2.355465e+01  5.141537e+00  0.000000e+00
     vertex  2.355146e+01  5.113277e+00  0.000000e+00
   endloop
 endfacet
 facet normal -9.937122e-01  1.119645e-01  0.000000e+00
   outer loop
     vertex  2.355146e+01  5.113277e+00  5.000000e-01
     vertex  2.355465e+01  5.141537e+00  5.000000e-01
     vertex  2.355465e+01  5.141537e+00  0.000000e+00
   endloop
 endfacet
 facet normal -0.000000e+00  1.000000e+00  0.000000e+00
   outer loop
     vertex  2.367846e+01  5.240277e+00  5.000000e-01
     vertex  2.393246e+01  5.240277e+00  5.000000e-01
     vertex  2.393246e+01  5.240277e+00  0.000000e+00
   endloop
 endfacet
 facet normal  0.000000e+00  1.000000e+00  0.000000e+00
   outer loop
     vertex  2.367846e+01  5.240277e+00  5.000000e-01
     vertex  2.393246e+01  5.240277e+00  0.000000e+00
     vertex  2.367846e+01  5.240277e+00  0.000000e+00
   endloop
 endfacet
 facet normal -0.000000e+00  1.000000e+00  0.000000e+00
   outer loop
     vertex  2.189984e+01  6.292522e+00  5.000000e-01
     vertex  2.269984e+01  6.292522e+00  5.000000e-01
     vertex  2.269984e+01  6.292522e+00  0.000000e+00
   endloop
 endfacet
 facet normal  0.000000e+00  1.000000e+00  0.000000e+00
   outer loop
     vertex  2.189984e+01  6.292522e+00  5.000000e-01
     vertex  2.269984e+01  6.292522e+00  0.000000e+00
     vertex  2.189984e+01  6.292522e+00  0.000000e+00
   endloop
 endfacet
 facet normal  1.000000e+00  0.000000e+00  0.000000e+00
   outer loop
     vertex  2.269984e+01  6.292522e+00  5.000000e-01
     vertex  2.269984e+01  5.757522e+00  5.000000e-01
     vertex  2.269984e+01  5.757522e+00  0.000000e+00
   endloop
 endfacet
 facet normal  1.000000e+00  0.000000e+00  0.000000e+00
   outer loop
     vertex  2.269984e+01  6.292522e+00  5.000000e-01
     vertex  2.269984e+01  5.757522e+00  0.000000e+00
     vertex  2.269984e+01  6.292522e+00  0.000000e+00
   endloop
 endfacet
 facet normal -0.000000e+00 -1.000000e+00  0.000000e+00
   outer loop
     vertex  2.269984e+01  5.757522e+00  5.000000e-01
     vertex  2.189984e+01  5.757522e+00  5.000000e-01
     vertex  2.189984e+01  5.757522e+00  0.000000e+00
   endloop
 endfacet
 facet normal  0.000000e+00 -1.000000e+00 -0.000000e+00
   outer loop
     vertex  2.269984e+01  5.757522e+00  5.000000e-01
     vertex  2.189984e+01  5.757522e+00  0.000000e+00
     vertex  2.269984e+01  5.757522e+00  0.000000e+00
   endloop
 endfacet
 facet normal -1.000000e+00  0.000000e+00  0.000000e+00
   outer loop
     vertex  2.189984e+01  5.757522e+00  5.000000e-01
     vertex  2.189984e+01  6.292522e+00  5.000000e-01
     vertex  2.189984e+01  6.292522e+00  0.000000e+00
   endloop
 endfacet
 facet normal -1.000000e+00  0.000000e+00  0.000000e+00
   outer loop
     vertex  2.189984e+01  5.757522e+00  5.000000e-01
     vertex  2.189984e+01  6.292522e+00  0.000000e+00
     vertex  2.189984e+01  5.757522e+00  0.000000e+00
   endloop
 endfacet
 facet normal -0.000000e+00  1.000000e+00  0.000000e+00
   outer loop
     vertex  2.189984e+01  5.292321e+00  5.000000e-01
     vertex  2.269984e+01  5.292321e+00  5.000000e-01
     vertex  2.269984e+01  5.292321e+00  0.000000e+00
   endloop
 endfacet
 facet normal  0.000000e+00  1.000000e+00  0.000000e+00
   outer loop
     vertex  2.189984e+01  5.292321e+00  5.000000e-01
     vertex  2.269984e+01  5.292321e+00  0.000000e+00
     vertex  2.189984e+01  5.292321e+00  0.000000e+00
   endloop
 endfacet
 facet normal  1.000000e+00  0.000000e+00  0.000000e+00
   outer loop
     vertex  2.269984e+01  5.292321e+00  5.000000e-01
     vertex  2.269984e+01  4.757321e+00  5.000000e-01
     vertex  2.269984e+01  4.757321e+00  0.000000e+00
   endloop
 endfacet
 facet normal  1.000000e+00  0.000000e+00  0.000000e+00
   outer loop
     vertex  2.269984e+01  5.292321e+00  5.000000e-01
     vertex  2.269984e+01  4.757321e+00  0.000000e+00
     vertex  2.269984e+01  5.292321e+00  0.000000e+00
   endloop
 endfacet
 facet normal -0.000000e+00 -1.000000e+00  0.000000e+00
   outer loop
     vertex  2.269984e+01  4.757321e+00  5.000000e-01
     vertex  2.189984e+01  4.757321e+00  5.000000e-01
     vertex  2.189984e+01  4.757321e+00  0.000000e+00
   endloop
 endfacet
 facet normal  0.000000e+00 -1.000000e+00 -0.000000e+00
   outer loop
     vertex  2.269984e+01  4.757321e+00  5.000000e-01
     vertex  2.189984e+01  4.757321e+00  0.000000e+00
     vertex  2.269984e+01  4.757321e+00  0.000000e+00
   endloop
 endfacet
 facet normal -1.000000e+00  0.000000e+00  0.000000e+00
   outer loop
     vertex  2.189984e+01  4.757321e+00  5.000000e-01
     vertex  2.189984e+01  5.292321e+00  5.000000e-01
     vertex  2.189984e+01  5.292321e+00  0.000000e+00
   endloop
 endfacet
 facet normal -1.000000e+00  0.000000e+00  0.000000e+00
   outer loop
     vertex  2.189984e+01  4.757321e+00  5.000000e-01
     vertex  2.189984e+01  5.292321e+00  0.000000e+00
     vertex  2.189984e+01  4.757321e+00  0.000000e+00
   endloop
 endfacet
 facet normal -0.000000e+00  1.000000e+00  0.000000e+00
   outer loop
     vertex  1.996974e+01  6.292522e+00  5.000000e-01
     vertex  2.076974e+01  6.292522e+00  5.000000e-01
     vertex  2.076974e+01  6.292522e+00  0.000000e+00
   endloop
 endfacet
 facet normal  0.000000e+00  1.000000e+00  0.000000e+00
   outer loop
     vertex  1.996974e+01  6.292522e+00  5.000000e-01
     vertex  2.076974e+01  6.292522e+00  0.000000e+00
     vertex  1.996974e+01  6.292522e+00  0.000000e+00
   endloop
 endfacet
 facet normal  1.000000e+00  0.000000e+00  0.000000e+00
   outer loop
     vertex  2.076974e+01  6.292522e+00  5.000000e-01
     vertex  2.076974e+01  5.757522e+00  5.000000e-01
     vertex  2.076974e+01  5.757522e+00  0.000000e+00
   endloop
 endfacet
 facet normal  1.000000e+00  0.000000e+00  0.000000e+00
   outer loop
     vertex  2.076974e+01  6.292522e+00  5.000000e-01
     vertex  2.076974e+01  5.757522e+00  0.000000e+00
     vertex  2.076974e+01  6.292522e+00  0.000000e+00
   endloop
 endfacet
 facet normal -0.000000e+00 -1.000000e+00  0.000000e+00
   outer loop
     vertex  2.076974e+01  5.757522e+00  5.000000e-01
     vertex  1.996974e+01  5.757522e+00  5.000000e-01
     vertex  1.996974e+01  5.757522e+00  0.000000e+00
   endloop
 endfacet
 facet normal  0.000000e+00 -1.000000e+00 -0.000000e+00
   outer loop
     vertex  2.076974e+01  5.757522e+00  5.000000e-01
     vertex  1.996974e+01  5.757522e+00  0.000000e+00
     vertex  2.076974e+01  5.757522e+00  0.000000e+00
   endloop
 endfacet
 facet normal -1.000000e+00  0.000000e+00  0.000000e+00
   outer loop
     vertex  1.996974e+01  5.757522e+00  5.000000e-01
     vertex  1.996974e+01  6.292522e+00  5.000000e-01
     vertex  1.996974e+01  6.292522e+00  0.000000e+00
   endloop
 endfacet
 facet normal -1.000000e+00  0.000000e+00  0.000000e+00
   outer loop
     vertex  1.996974e+01  5.757522e+00  5.000000e-01
     vertex  1.996974e+01  6.292522e+00  0.000000e+00
     vertex  1.996974e+01  5.757522e+00  0.000000e+00
   endloop
 endfacet
 facet normal -1.000000e+00  0.000000e+00  0.000000e+00
   outer loop
     vertex  1.996974e+01  4.757321e+00  5.000000e-01
     vertex  1.996974e+01  5.292321e+00  5.000000e-01
     vertex  1.996974e+01  5.292321e+00  0.000000e+00
   endloop
 endfacet
 facet normal -1.000000e+00  0.000000e+00  0.000000e+00
   outer loop
     vertex  1.996974e+01  4.757321e+00  5.000000e-01
     vertex  1.996974e+01  5.292321e+00  0.000000e+00
     vertex  1.996974e+01  4.757321e+00  0.000000e+00
   endloop
 endfacet
 facet normal -0.000000e+00  1.000000e+00  0.000000e+00
   outer loop
     vertex  1.996974e+01  5.292321e+00  5.000000e-01
     vertex  2.076974e+01  5.292321e+00  5.000000e-01
     vertex  2.076974e+01  5.292321e+00  0.000000e+00
   endloop
 endfacet
 facet normal  0.000000e+00  1.000000e+00  0.000000e+00
   outer loop
     vertex  1.996974e+01  5.292321e+00  5.000000e-01
     vertex  2.076974e+01  5.292321e+00  0.000000e+00
     vertex  1.996974e+01  5.292321e+00  0.000000e+00
   endloop
 endfacet
 facet normal  1.000000e+00  0.000000e+00  0.000000e+00
   outer loop
     vertex  2.076974e+01  5.292321e+00  5.000000e-01
     vertex  2.076974e+01  4.757321e+00  5.000000e-01
     vertex  2.076974e+01  4.757321e+00  0.000000e+00
   endloop
 endfacet
 facet normal  1.000000e+00  0.000000e+00  0.000000e+00
   outer loop
     vertex  2.076974e+01  5.292321e+00  5.000000e-01
     vertex  2.076974e+01  4.757321e+00  0.000000e+00
     vertex  2.076974e+01  5.292321e+00  0.000000e+00
   endloop
 endfacet
 facet normal -0.000000e+00 -1.000000e+00  0.000000e+00
   outer loop
     vertex  2.076974e+01  4.757321e+00  5.000000e-01
     vertex  1.996974e+01  4.757321e+00  5.000000e-01
     vertex  1.996974e+01  4.757321e+00  0.000000e+00
   endloop
 endfacet
 facet normal  0.000000e+00 -1.000000e+00 -0.000000e+00
   outer loop
     vertex  2.076974e+01  4.757321e+00  5.000000e-01
     vertex  1.996974e+01  4.757321e+00  0.000000e+00
     vertex  2.076974e+01  4.757321e+00  0.000000e+00
   endloop
 endfacet
 facet normal  1.000000e+00  0.000000e+00  0.000000e+00
   outer loop
     vertex  1.911193e+01  6.159922e+00  5.000000e-01
     vertex  1.911193e+01  5.905922e+00  5.000000e-01
     vertex  1.911193e+01  5.905922e+00  0.000000e+00
   endloop
 endfacet
 facet normal  1.000000e+00  0.000000e+00  0.000000e+00
   outer loop
     vertex  1.911193e+01  6.159922e+00  5.000000e-01
     vertex  1.911193e+01  5.905922e+00  0.000000e+00
     vertex  1.911193e+01  6.159922e+00  0.000000e+00
   endloop
 endfacet
 facet normal  1.119645e-01 -9.937122e-01  0.000000e+00
   outer loop
     vertex  1.901319e+01  5.782106e+00  5.000000e-01
     vertex  1.898493e+01  5.778922e+00  5.000000e-01
     vertex  1.898493e+01  5.778922e+00  0.000000e+00
   endloop
 endfacet
 facet normal  1.119645e-01 -9.937122e-01  0.000000e+00
   outer loop
     vertex  1.901319e+01  5.782106e+00  5.000000e-01
     vertex  1.898493e+01  5.778922e+00  0.000000e+00
     vertex  1.901319e+01  5.782106e+00  0.000000e+00
   endloop
 endfacet
 facet normal  3.302791e-01 -9.438833e-01  0.000000e+00
   outer loop
     vertex  1.904003e+01  5.791499e+00  5.000000e-01
     vertex  1.901319e+01  5.782106e+00  0.000000e+00
     vertex  1.904003e+01  5.791499e+00  0.000000e+00
   endloop
 endfacet
 facet normal  3.302791e-01 -9.438833e-01  0.000000e+00
   outer loop
     vertex  1.904003e+01  5.791499e+00  5.000000e-01
     vertex  1.901319e+01  5.782106e+00  5.000000e-01
     vertex  1.901319e+01  5.782106e+00  0.000000e+00
   endloop
 endfacet
 facet normal  5.320321e-01 -8.467242e-01  0.000000e+00
   outer loop
     vertex  1.906411e+01  5.806629e+00  5.000000e-01
     vertex  1.904003e+01  5.791499e+00  0.000000e+00
     vertex  1.906411e+01  5.806629e+00  0.000000e+00
   endloop
 endfacet
 facet normal  5.320321e-01 -8.467242e-01  0.000000e+00
   outer loop
     vertex  1.906411e+01  5.806629e+00  5.000000e-01
     vertex  1.904003e+01  5.791499e+00  5.000000e-01
     vertex  1.904003e+01  5.791499e+00  0.000000e+00
   endloop
 endfacet
 facet normal  7.071068e-01 -7.071068e-01  0.000000e+00
   outer loop
     vertex  1.908422e+01  5.826738e+00  5.000000e-01
     vertex  1.906411e+01  5.806629e+00  0.000000e+00
     vertex  1.908422e+01  5.826738e+00  0.000000e+00
   endloop
 endfacet
 facet normal  7.071068e-01 -7.071068e-01  0.000000e+00
   outer loop
     vertex  1.908422e+01  5.826738e+00  5.000000e-01
     vertex  1.906411e+01  5.806629e+00  5.000000e-01
     vertex  1.906411e+01  5.806629e+00  0.000000e+00
   endloop
 endfacet
 facet normal  8.467242e-01 -5.320321e-01  0.000000e+00
   outer loop
     vertex  1.909935e+01  5.850818e+00  5.000000e-01
     vertex  1.908422e+01  5.826738e+00  0.000000e+00
     vertex  1.909935e+01  5.850818e+00  0.000000e+00
   endloop
 endfacet
 facet normal  8.467242e-01 -5.320321e-01  0.000000e+00
   outer loop
     vertex  1.909935e+01  5.850818e+00  5.000000e-01
     vertex  1.908422e+01  5.826738e+00  5.000000e-01
     vertex  1.908422e+01  5.826738e+00  0.000000e+00
   endloop
 endfacet
 facet normal  9.438833e-01 -3.302791e-01  0.000000e+00
   outer loop
     vertex  1.910875e+01  5.877661e+00  5.000000e-01
     vertex  1.909935e+01  5.850818e+00  0.000000e+00
     vertex  1.910875e+01  5.877661e+00  0.000000e+00
   endloop
 endfacet
 facet normal  9.438833e-01 -3.302791e-01  0.000000e+00
   outer loop
     vertex  1.910875e+01  5.877661e+00  5.000000e-01
     vertex  1.909935e+01  5.850818e+00  5.000000e-01
     vertex  1.909935e+01  5.850818e+00  0.000000e+00
   endloop
 endfacet
 facet normal  9.937122e-01 -1.119645e-01  0.000000e+00
   outer loop
     vertex  1.911193e+01  5.905922e+00  5.000000e-01
     vertex  1.910875e+01  5.877661e+00  0.000000e+00
     vertex  1.911193e+01  5.905922e+00  0.000000e+00
   endloop
 endfacet
 facet normal  9.937122e-01 -1.119645e-01  0.000000e+00
   outer loop
     vertex  1.911193e+01  5.905922e+00  5.000000e-01
     vertex  1.910875e+01  5.877661e+00  5.000000e-01
     vertex  1.910875e+01  5.877661e+00  0.000000e+00
   endloop
 endfacet
 facet normal -0.000000e+00 -1.000000e+00  0.000000e+00
   outer loop
     vertex  1.898493e+01  5.778922e+00  5.000000e-01
     vertex  1.873093e+01  5.778922e+00  5.000000e-01
     vertex  1.873093e+01  5.778922e+00  0.000000e+00
   endloop
 endfacet
 facet normal  0.000000e+00 -1.000000e+00 -0.000000e+00
   outer loop
     vertex  1.898493e+01  5.778922e+00  5.000000e-01
     vertex  1.873093e+01  5.778922e+00  0.000000e+00
     vertex  1.898493e+01  5.778922e+00  0.000000e+00
   endloop
 endfacet
 facet normal -9.937122e-01 -1.119645e-01 -0.000000e+00
   outer loop
     vertex  1.860393e+01  5.905922e+00  5.000000e-01
     vertex  1.860393e+01  5.905922e+00  0.000000e+00
     vertex  1.860711e+01  5.877661e+00  0.000000e+00
   endloop
 endfacet
 facet normal -9.438833e-01 -3.302791e-01 -2.346774e-15
   outer loop
     vertex  1.860711e+01  5.877661e+00  5.000000e-01
     vertex  1.860711e+01  5.877661e+00  0.000000e+00
     vertex  1.861651e+01  5.850818e+00  0.000000e+00
   endloop
 endfacet
 facet normal -9.937122e-01 -1.119645e-01 -7.955555e-16
   outer loop
     vertex  1.860711e+01  5.877661e+00  5.000000e-01
     vertex  1.860393e+01  5.905922e+00  5.000000e-01
     vertex  1.860711e+01  5.877661e+00  0.000000e+00
   endloop
 endfacet
 facet normal -8.467242e-01 -5.320321e-01  3.181101e-15
   outer loop
     vertex  1.861651e+01  5.850818e+00  5.000000e-01
     vertex  1.861651e+01  5.850818e+00  0.000000e+00
     vertex  1.863164e+01  5.826738e+00  0.000000e+00
   endloop
 endfacet
 facet normal -9.438833e-01 -3.302791e-01  4.946614e-15
   outer loop
     vertex  1.861651e+01  5.850818e+00  5.000000e-01
     vertex  1.860711e+01  5.877661e+00  5.000000e-01
     vertex  1.861651e+01  5.850818e+00  0.000000e+00
   endloop
 endfacet
 facet normal -7.071068e-01 -7.071068e-01  1.256074e-15
   outer loop
     vertex  1.863164e+01  5.826738e+00  5.000000e-01
     vertex  1.863164e+01  5.826738e+00  0.000000e+00
     vertex  1.865175e+01  5.806629e+00  0.000000e+00
   endloop
 endfacet
 facet normal -8.467242e-01 -5.320321e-01  3.181101e-15
   outer loop
     vertex  1.863164e+01  5.826738e+00  5.000000e-01
     vertex  1.861651e+01  5.850818e+00  5.000000e-01
     vertex  1.863164e+01  5.826738e+00  0.000000e+00
   endloop
 endfacet
 facet normal -5.320321e-01 -8.467242e-01  2.276231e-15
   outer loop
     vertex  1.865175e+01  5.806629e+00  5.000000e-01
     vertex  1.865175e+01  5.806629e+00  0.000000e+00
     vertex  1.867583e+01  5.791499e+00  0.000000e+00
   endloop
 endfacet
 facet normal -7.071068e-01 -7.071068e-01  3.768222e-15
   outer loop
     vertex  1.865175e+01  5.806629e+00  5.000000e-01
     vertex  1.863164e+01  5.826738e+00  5.000000e-01
     vertex  1.865175e+01  5.806629e+00  0.000000e+00
   endloop
 endfacet
 facet normal -3.302791e-01 -9.438833e-01  6.701003e-16
   outer loop
     vertex  1.867583e+01  5.791499e+00  5.000000e-01
     vertex  1.867583e+01  5.791499e+00  0.000000e+00
     vertex  1.870267e+01  5.782106e+00  0.000000e+00
   endloop
 endfacet
 facet normal -5.320321e-01 -8.467242e-01  2.276231e-15
   outer loop
     vertex  1.867583e+01  5.791499e+00  5.000000e-01
     vertex  1.865175e+01  5.806629e+00  5.000000e-01
     vertex  1.867583e+01  5.791499e+00  0.000000e+00
   endloop
 endfacet
 facet normal -1.119645e-01 -9.937122e-01 -0.000000e+00
   outer loop
     vertex  1.870267e+01  5.782106e+00  5.000000e-01
     vertex  1.870267e+01  5.782106e+00  0.000000e+00
     vertex  1.873093e+01  5.778922e+00  0.000000e+00
   endloop
 endfacet
 facet normal -3.302791e-01 -9.438833e-01 -0.000000e+00
   outer loop
     vertex  1.870267e+01  5.782106e+00  5.000000e-01
     vertex  1.867583e+01  5.791499e+00  5.000000e-01
     vertex  1.870267e+01  5.782106e+00  0.000000e+00
   endloop
 endfacet
 facet normal -1.119645e-01 -9.937122e-01 -0.000000e+00
   outer loop
     vertex  1.873093e+01  5.778922e+00  5.000000e-01
     vertex  1.870267e+01  5.782106e+00  5.000000e-01
     vertex  1.873093e+01  5.778922e+00  0.000000e+00
   endloop
 endfacet
 facet normal -1.000000e+00  0.000000e+00  0.000000e+00
   outer loop
     vertex  1.860393e+01  5.905922e+00  5.000000e-01
     vertex  1.860393e+01  6.159922e+00  5.000000e-01
     vertex  1.860393e+01  6.159922e+00  0.000000e+00
   endloop
 endfacet
 facet normal -1.000000e+00  0.000000e+00  0.000000e+00
   outer loop
     vertex  1.860393e+01  5.905922e+00  5.000000e-01
     vertex  1.860393e+01  6.159922e+00  0.000000e+00
     vertex  1.860393e+01  5.905922e+00  0.000000e+00
   endloop
 endfacet
 facet normal -1.119645e-01  9.937122e-01  0.000000e+00
   outer loop
     vertex  1.873093e+01  6.286922e+00  5.000000e-01
     vertex  1.873093e+01  6.286922e+00  0.000000e+00
     vertex  1.870267e+01  6.283737e+00  0.000000e+00
   endloop
 endfacet
 facet normal -1.119645e-01  9.937122e-01  0.000000e+00
   outer loop
     vertex  1.870267e+01  6.283737e+00  5.000000e-01
     vertex  1.873093e+01  6.286922e+00  5.000000e-01
     vertex  1.870267e+01  6.283737e+00  0.000000e+00
   endloop
 endfacet
 facet normal -3.302791e-01  9.438833e-01  0.000000e+00
   outer loop
     vertex  1.867583e+01  6.274345e+00  5.000000e-01
     vertex  1.870267e+01  6.283737e+00  0.000000e+00
     vertex  1.867583e+01  6.274345e+00  0.000000e+00
   endloop
 endfacet
 facet normal -3.302791e-01  9.438833e-01  0.000000e+00
   outer loop
     vertex  1.867583e+01  6.274345e+00  5.000000e-01
     vertex  1.870267e+01  6.283737e+00  5.000000e-01
     vertex  1.870267e+01  6.283737e+00  0.000000e+00
   endloop
 endfacet
 facet normal -5.320321e-01  8.467242e-01  0.000000e+00
   outer loop
     vertex  1.865175e+01  6.259214e+00  5.000000e-01
     vertex  1.867583e+01  6.274345e+00  0.000000e+00
     vertex  1.865175e+01  6.259214e+00  0.000000e+00
   endloop
 endfacet
 facet normal -5.320321e-01  8.467242e-01  0.000000e+00
   outer loop
     vertex  1.865175e+01  6.259214e+00  5.000000e-01
     vertex  1.867583e+01  6.274345e+00  5.000000e-01
     vertex  1.867583e+01  6.274345e+00  0.000000e+00
   endloop
 endfacet
 facet normal -7.071068e-01  7.071068e-01  0.000000e+00
   outer loop
     vertex  1.863164e+01  6.239105e+00  5.000000e-01
     vertex  1.865175e+01  6.259214e+00  0.000000e+00
     vertex  1.863164e+01  6.239105e+00  0.000000e+00
   endloop
 endfacet
 facet normal -7.071068e-01  7.071068e-01  0.000000e+00
   outer loop
     vertex  1.863164e+01  6.239105e+00  5.000000e-01
     vertex  1.865175e+01  6.259214e+00  5.000000e-01
     vertex  1.865175e+01  6.259214e+00  0.000000e+00
   endloop
 endfacet
 facet normal -8.467242e-01  5.320321e-01  0.000000e+00
   outer loop
     vertex  1.861651e+01  6.215025e+00  5.000000e-01
     vertex  1.863164e+01  6.239105e+00  0.000000e+00
     vertex  1.861651e+01  6.215025e+00  0.000000e+00
   endloop
 endfacet
 facet normal -8.467242e-01  5.320321e-01  0.000000e+00
   outer loop
     vertex  1.861651e+01  6.215025e+00  5.000000e-01
     vertex  1.863164e+01  6.239105e+00  5.000000e-01
     vertex  1.863164e+01  6.239105e+00  0.000000e+00
   endloop
 endfacet
 facet normal -9.438833e-01  3.302791e-01  0.000000e+00
   outer loop
     vertex  1.860711e+01  6.188182e+00  5.000000e-01
     vertex  1.861651e+01  6.215025e+00  0.000000e+00
     vertex  1.860711e+01  6.188182e+00  0.000000e+00
   endloop
 endfacet
 facet normal -9.438833e-01  3.302791e-01  0.000000e+00
   outer loop
     vertex  1.860711e+01  6.188182e+00  5.000000e-01
     vertex  1.861651e+01  6.215025e+00  5.000000e-01
     vertex  1.861651e+01  6.215025e+00  0.000000e+00
   endloop
 endfacet
 facet normal -9.937122e-01  1.119645e-01  0.000000e+00
   outer loop
     vertex  1.860393e+01  6.159922e+00  5.000000e-01
     vertex  1.860711e+01  6.188182e+00  0.000000e+00
     vertex  1.860393e+01  6.159922e+00  0.000000e+00
   endloop
 endfacet
 facet normal -9.937122e-01  1.119645e-01  0.000000e+00
   outer loop
     vertex  1.860393e+01  6.159922e+00  5.000000e-01
     vertex  1.860711e+01  6.188182e+00  5.000000e-01
     vertex  1.860711e+01  6.188182e+00  0.000000e+00
   endloop
 endfacet
 facet normal -0.000000e+00  1.000000e+00  0.000000e+00
   outer loop
     vertex  1.873093e+01  6.286922e+00  5.000000e-01
     vertex  1.898493e+01  6.286922e+00  5.000000e-01
     vertex  1.898493e+01  6.286922e+00  0.000000e+00
   endloop
 endfacet
 facet normal  0.000000e+00  1.000000e+00  0.000000e+00
   outer loop
     vertex  1.873093e+01  6.286922e+00  5.000000e-01
     vertex  1.898493e+01  6.286922e+00  0.000000e+00
     vertex  1.873093e+01  6.286922e+00  0.000000e+00
   endloop
 endfacet
 facet normal  9.937122e-01  1.119645e-01  0.000000e+00
   outer loop
     vertex  1.911193e+01  6.159922e+00  5.000000e-01
     vertex  1.911193e+01  6.159922e+00  0.000000e+00
     vertex  1.910875e+01  6.188182e+00  0.000000e+00
   endloop
 endfacet
 facet normal  9.438833e-01  3.302791e-01 -2.346774e-15
   outer loop
     vertex  1.910875e+01  6.188182e+00  5.000000e-01
     vertex  1.910875e+01  6.188182e+00  0.000000e+00
     vertex  1.909935e+01  6.215025e+00  0.000000e+00
   endloop
 endfacet
 facet normal  9.937122e-01  1.119645e-01 -7.955555e-16
   outer loop
     vertex  1.910875e+01  6.188182e+00  5.000000e-01
     vertex  1.911193e+01  6.159922e+00  5.000000e-01
     vertex  1.910875e+01  6.188182e+00  0.000000e+00
   endloop
 endfacet
 facet normal  8.467242e-01  5.320321e-01  3.181101e-15
   outer loop
     vertex  1.909935e+01  6.215025e+00  5.000000e-01
     vertex  1.909935e+01  6.215025e+00  0.000000e+00
     vertex  1.908422e+01  6.239105e+00  0.000000e+00
   endloop
 endfacet
 facet normal  9.438833e-01  3.302791e-01  4.946614e-15
   outer loop
     vertex  1.909935e+01  6.215025e+00  5.000000e-01
     vertex  1.910875e+01  6.188182e+00  5.000000e-01
     vertex  1.909935e+01  6.215025e+00  0.000000e+00
   endloop
 endfacet
 facet normal  7.071068e-01  7.071068e-01  1.256074e-15
   outer loop
     vertex  1.908422e+01  6.239105e+00  5.000000e-01
     vertex  1.908422e+01  6.239105e+00  0.000000e+00
     vertex  1.906411e+01  6.259214e+00  0.000000e+00
   endloop
 endfacet
 facet normal  8.467242e-01  5.320321e-01  3.181101e-15
   outer loop
     vertex  1.908422e+01  6.239105e+00  5.000000e-01
     vertex  1.909935e+01  6.215025e+00  5.000000e-01
     vertex  1.908422e+01  6.239105e+00  0.000000e+00
   endloop
 endfacet
 facet normal  5.320321e-01  8.467242e-01  2.276231e-15
   outer loop
     vertex  1.906411e+01  6.259214e+00  5.000000e-01
     vertex  1.906411e+01  6.259214e+00  0.000000e+00
     vertex  1.904003e+01  6.274345e+00  0.000000e+00
   endloop
 endfacet
 facet normal  7.071068e-01  7.071068e-01  3.768222e-15
   outer loop
     vertex  1.906411e+01  6.259214e+00  5.000000e-01
     vertex  1.908422e+01  6.239105e+00  5.000000e-01
     vertex  1.906411e+01  6.259214e+00  0.000000e+00
   endloop
 endfacet
 facet normal  3.302791e-01  9.438833e-01  6.701003e-16
   outer loop
     vertex  1.904003e+01  6.274345e+00  5.000000e-01
     vertex  1.904003e+01  6.274345e+00  0.000000e+00
     vertex  1.901319e+01  6.283737e+00  0.000000e+00
   endloop
 endfacet
 facet normal  5.320321e-01  8.467242e-01  2.276231e-15
   outer loop
     vertex  1.904003e+01  6.274345e+00  5.000000e-01
     vertex  1.906411e+01  6.259214e+00  5.000000e-01
     vertex  1.904003e+01  6.274345e+00  0.000000e+00
   endloop
 endfacet
 facet normal  1.119645e-01  9.937122e-01  0.000000e+00
   outer loop
     vertex  1.901319e+01  6.283737e+00  5.000000e-01
     vertex  1.901319e+01  6.283737e+00  0.000000e+00
     vertex  1.898493e+01  6.286922e+00  0.000000e+00
   endloop
 endfacet
 facet normal  3.302791e-01  9.438833e-01  0.000000e+00
   outer loop
     vertex  1.901319e+01  6.283737e+00  5.000000e-01
     vertex  1.904003e+01  6.274345e+00  5.000000e-01
     vertex  1.901319e+01  6.283737e+00  0.000000e+00
   endloop
 endfacet
 facet normal  1.119645e-01  9.937122e-01  0.000000e+00
   outer loop
     vertex  1.898493e+01  6.286922e+00  5.000000e-01
     vertex  1.901319e+01  6.283737e+00  5.000000e-01
     vertex  1.898493e+01  6.286922e+00  0.000000e+00
   endloop
 endfacet
 facet normal  9.937122e-01  1.119645e-01  0.000000e+00
   outer loop
     vertex  1.911193e+01  5.143922e+00  5.000000e-01
     vertex  1.911193e+01  5.143922e+00  0.000000e+00
     vertex  1.910875e+01  5.172182e+00  0.000000e+00
   endloop
 endfacet
 facet normal  9.438833e-01  3.302791e-01 -2.346774e-15
   outer loop
     vertex  1.910875e+01  5.172182e+00  5.000000e-01
     vertex  1.910875e+01  5.172182e+00  0.000000e+00
     vertex  1.909935e+01  5.199025e+00  0.000000e+00
   endloop
 endfacet
 facet normal  9.937122e-01  1.119645e-01 -7.955555e-16
   outer loop
     vertex  1.910875e+01  5.172182e+00  5.000000e-01
     vertex  1.911193e+01  5.143922e+00  5.000000e-01
     vertex  1.910875e+01  5.172182e+00  0.000000e+00
   endloop
 endfacet
 facet normal  8.467242e-01  5.320321e-01  3.181101e-15
   outer loop
     vertex  1.909935e+01  5.199025e+00  5.000000e-01
     vertex  1.909935e+01  5.199025e+00  0.000000e+00
     vertex  1.908422e+01  5.223105e+00  0.000000e+00
   endloop
 endfacet
 facet normal  9.438833e-01  3.302791e-01  4.946614e-15
   outer loop
     vertex  1.909935e+01  5.199025e+00  5.000000e-01
     vertex  1.910875e+01  5.172182e+00  5.000000e-01
     vertex  1.909935e+01  5.199025e+00  0.000000e+00
   endloop
 endfacet
 facet normal  7.071068e-01  7.071068e-01  1.256074e-15
   outer loop
     vertex  1.908422e+01  5.223105e+00  5.000000e-01
     vertex  1.908422e+01  5.223105e+00  0.000000e+00
     vertex  1.906411e+01  5.243214e+00  0.000000e+00
   endloop
 endfacet
 facet normal  8.467242e-01  5.320321e-01  3.181101e-15
   outer loop
     vertex  1.908422e+01  5.223105e+00  5.000000e-01
     vertex  1.909935e+01  5.199025e+00  5.000000e-01
     vertex  1.908422e+01  5.223105e+00  0.000000e+00
   endloop
 endfacet
 facet normal  5.320321e-01  8.467242e-01  2.276231e-15
   outer loop
     vertex  1.906411e+01  5.243214e+00  5.000000e-01
     vertex  1.906411e+01  5.243214e+00  0.000000e+00
     vertex  1.904003e+01  5.258345e+00  0.000000e+00
   endloop
 endfacet
 facet normal  7.071068e-01  7.071068e-01  3.768222e-15
   outer loop
     vertex  1.906411e+01  5.243214e+00  5.000000e-01
     vertex  1.908422e+01  5.223105e+00  5.000000e-01
     vertex  1.906411e+01  5.243214e+00  0.000000e+00
   endloop
 endfacet
 facet normal  3.302791e-01  9.438833e-01  6.701003e-16
   outer loop
     vertex  1.904003e+01  5.258345e+00  5.000000e-01
     vertex  1.904003e+01  5.258345e+00  0.000000e+00
     vertex  1.901319e+01  5.267737e+00  0.000000e+00
   endloop
 endfacet
 facet normal  5.320321e-01  8.467242e-01  2.276231e-15
   outer loop
     vertex  1.904003e+01  5.258345e+00  5.000000e-01
     vertex  1.906411e+01  5.243214e+00  5.000000e-01
     vertex  1.904003e+01  5.258345e+00  0.000000e+00
   endloop
 endfacet
 facet normal  1.119645e-01  9.937122e-01  0.000000e+00
   outer loop
     vertex  1.901319e+01  5.267737e+00  5.000000e-01
     vertex  1.901319e+01  5.267737e+00  0.000000e+00
     vertex  1.898493e+01  5.270922e+00  0.000000e+00
   endloop
 endfacet
 facet normal  3.302791e-01  9.438833e-01  0.000000e+00
   outer loop
     vertex  1.901319e+01  5.267737e+00  5.000000e-01
     vertex  1.904003e+01  5.258345e+00  5.000000e-01
     vertex  1.901319e+01  5.267737e+00  0.000000e+00
   endloop
 endfacet
 facet normal  1.119645e-01  9.937122e-01  0.000000e+00
   outer loop
     vertex  1.898493e+01  5.270922e+00  5.000000e-01
     vertex  1.901319e+01  5.267737e+00  5.000000e-01
     vertex  1.898493e+01  5.270922e+00  0.000000e+00
   endloop
 endfacet
 facet normal  1.000000e+00  0.000000e+00  0.000000e+00
   outer loop
     vertex  1.911193e+01  5.143922e+00  5.000000e-01
     vertex  1.911193e+01  4.889922e+00  5.000000e-01
     vertex  1.911193e+01  4.889922e+00  0.000000e+00
   endloop
 endfacet
 facet normal  1.000000e+00  0.000000e+00  0.000000e+00
   outer loop
     vertex  1.911193e+01  5.143922e+00  5.000000e-01
     vertex  1.911193e+01  4.889922e+00  0.000000e+00
     vertex  1.911193e+01  5.143922e+00  0.000000e+00
   endloop
 endfacet
 facet normal  1.119645e-01 -9.937122e-01  0.000000e+00
   outer loop
     vertex  1.901319e+01  4.766106e+00  5.000000e-01
     vertex  1.898493e+01  4.762922e+00  5.000000e-01
     vertex  1.898493e+01  4.762922e+00  0.000000e+00
   endloop
 endfacet
 facet normal  1.119645e-01 -9.937122e-01  0.000000e+00
   outer loop
     vertex  1.901319e+01  4.766106e+00  5.000000e-01
     vertex  1.898493e+01  4.762922e+00  0.000000e+00
     vertex  1.901319e+01  4.766106e+00  0.000000e+00
   endloop
 endfacet
 facet normal  3.302791e-01 -9.438833e-01  0.000000e+00
   outer loop
     vertex  1.904003e+01  4.775499e+00  5.000000e-01
     vertex  1.901319e+01  4.766106e+00  0.000000e+00
     vertex  1.904003e+01  4.775499e+00  0.000000e+00
   endloop
 endfacet
 facet normal  3.302791e-01 -9.438833e-01  0.000000e+00
   outer loop
     vertex  1.904003e+01  4.775499e+00  5.000000e-01
     vertex  1.901319e+01  4.766106e+00  5.000000e-01
     vertex  1.901319e+01  4.766106e+00  0.000000e+00
   endloop
 endfacet
 facet normal  5.320321e-01 -8.467242e-01  0.000000e+00
   outer loop
     vertex  1.906411e+01  4.790629e+00  5.000000e-01
     vertex  1.904003e+01  4.775499e+00  0.000000e+00
     vertex  1.906411e+01  4.790629e+00  0.000000e+00
   endloop
 endfacet
 facet normal  5.320321e-01 -8.467242e-01  0.000000e+00
   outer loop
     vertex  1.906411e+01  4.790629e+00  5.000000e-01
     vertex  1.904003e+01  4.775499e+00  5.000000e-01
     vertex  1.904003e+01  4.775499e+00  0.000000e+00
   endloop
 endfacet
 facet normal  7.071068e-01 -7.071068e-01  0.000000e+00
   outer loop
     vertex  1.908422e+01  4.810738e+00  5.000000e-01
     vertex  1.906411e+01  4.790629e+00  0.000000e+00
     vertex  1.908422e+01  4.810738e+00  0.000000e+00
   endloop
 endfacet
 facet normal  7.071068e-01 -7.071068e-01  0.000000e+00
   outer loop
     vertex  1.908422e+01  4.810738e+00  5.000000e-01
     vertex  1.906411e+01  4.790629e+00  5.000000e-01
     vertex  1.906411e+01  4.790629e+00  0.000000e+00
   endloop
 endfacet
 facet normal  8.467242e-01 -5.320321e-01  0.000000e+00
   outer loop
     vertex  1.909935e+01  4.834818e+00  5.000000e-01
     vertex  1.908422e+01  4.810738e+00  0.000000e+00
     vertex  1.909935e+01  4.834818e+00  0.000000e+00
   endloop
 endfacet
 facet normal  8.467242e-01 -5.320321e-01  0.000000e+00
   outer loop
     vertex  1.909935e+01  4.834818e+00  5.000000e-01
     vertex  1.908422e+01  4.810738e+00  5.000000e-01
     vertex  1.908422e+01  4.810738e+00  0.000000e+00
   endloop
 endfacet
 facet normal  9.438833e-01 -3.302791e-01  0.000000e+00
   outer loop
     vertex  1.910875e+01  4.861661e+00  5.000000e-01
     vertex  1.909935e+01  4.834818e+00  0.000000e+00
     vertex  1.910875e+01  4.861661e+00  0.000000e+00
   endloop
 endfacet
 facet normal  9.438833e-01 -3.302791e-01  0.000000e+00
   outer loop
     vertex  1.910875e+01  4.861661e+00  5.000000e-01
     vertex  1.909935e+01  4.834818e+00  5.000000e-01
     vertex  1.909935e+01  4.834818e+00  0.000000e+00
   endloop
 endfacet
 facet normal  9.937122e-01 -1.119645e-01  0.000000e+00
   outer loop
     vertex  1.911193e+01  4.889922e+00  5.000000e-01
     vertex  1.910875e+01  4.861661e+00  0.000000e+00
     vertex  1.911193e+01  4.889922e+00  0.000000e+00
   endloop
 endfacet
 facet normal  9.937122e-01 -1.119645e-01  0.000000e+00
   outer loop
     vertex  1.911193e+01  4.889922e+00  5.000000e-01
     vertex  1.910875e+01  4.861661e+00  5.000000e-01
     vertex  1.910875e+01  4.861661e+00  0.000000e+00
   endloop
 endfacet
 facet normal -0.000000e+00 -1.000000e+00  0.000000e+00
   outer loop
     vertex  1.898493e+01  4.762922e+00  5.000000e-01
     vertex  1.873093e+01  4.762922e+00  5.000000e-01
     vertex  1.873093e+01  4.762922e+00  0.000000e+00
   endloop
 endfacet
 facet normal  0.000000e+00 -1.000000e+00 -0.000000e+00
   outer loop
     vertex  1.898493e+01  4.762922e+00  5.000000e-01
     vertex  1.873093e+01  4.762922e+00  0.000000e+00
     vertex  1.898493e+01  4.762922e+00  0.000000e+00
   endloop
 endfacet
 facet normal -9.937122e-01 -1.119645e-01 -0.000000e+00
   outer loop
     vertex  1.860393e+01  4.889922e+00  5.000000e-01
     vertex  1.860393e+01  4.889922e+00  0.000000e+00
     vertex  1.860711e+01  4.861661e+00  0.000000e+00
   endloop
 endfacet
 facet normal -9.438833e-01 -3.302791e-01 -2.346774e-15
   outer loop
     vertex  1.860711e+01  4.861661e+00  5.000000e-01
     vertex  1.860711e+01  4.861661e+00  0.000000e+00
     vertex  1.861651e+01  4.834818e+00  0.000000e+00
   endloop
 endfacet
 facet normal -9.937122e-01 -1.119645e-01 -7.955555e-16
   outer loop
     vertex  1.860711e+01  4.861661e+00  5.000000e-01
     vertex  1.860393e+01  4.889922e+00  5.000000e-01
     vertex  1.860711e+01  4.861661e+00  0.000000e+00
   endloop
 endfacet
 facet normal -8.467242e-01 -5.320321e-01  3.181101e-15
   outer loop
     vertex  1.861651e+01  4.834818e+00  5.000000e-01
     vertex  1.861651e+01  4.834818e+00  0.000000e+00
     vertex  1.863164e+01  4.810738e+00  0.000000e+00
   endloop
 endfacet
 facet normal -9.438833e-01 -3.302791e-01  4.946614e-15
   outer loop
     vertex  1.861651e+01  4.834818e+00  5.000000e-01
     vertex  1.860711e+01  4.861661e+00  5.000000e-01
     vertex  1.861651e+01  4.834818e+00  0.000000e+00
   endloop
 endfacet
 facet normal -7.071068e-01 -7.071068e-01  1.256074e-15
   outer loop
     vertex  1.863164e+01  4.810738e+00  5.000000e-01
     vertex  1.863164e+01  4.810738e+00  0.000000e+00
     vertex  1.865175e+01  4.790629e+00  0.000000e+00
   endloop
 endfacet
 facet normal -8.467242e-01 -5.320321e-01  3.181101e-15
   outer loop
     vertex  1.863164e+01  4.810738e+00  5.000000e-01
     vertex  1.861651e+01  4.834818e+00  5.000000e-01
     vertex  1.863164e+01  4.810738e+00  0.000000e+00
   endloop
 endfacet
 facet normal -5.320321e-01 -8.467242e-01  2.276231e-15
   outer loop
     vertex  1.865175e+01  4.790629e+00  5.000000e-01
     vertex  1.865175e+01  4.790629e+00  0.000000e+00
     vertex  1.867583e+01  4.775499e+00  0.000000e+00
   endloop
 endfacet
 facet normal -7.071068e-01 -7.071068e-01  3.768222e-15
   outer loop
     vertex  1.865175e+01  4.790629e+00  5.000000e-01
     vertex  1.863164e+01  4.810738e+00  5.000000e-01
     vertex  1.865175e+01  4.790629e+00  0.000000e+00
   endloop
 endfacet
 facet normal -3.302791e-01 -9.438833e-01  6.701003e-16
   outer loop
     vertex  1.867583e+01  4.775499e+00  5.000000e-01
     vertex  1.867583e+01  4.775499e+00  0.000000e+00
     vertex  1.870267e+01  4.766106e+00  0.000000e+00
   endloop
 endfacet
 facet normal -5.320321e-01 -8.467242e-01  2.276231e-15
   outer loop
     vertex  1.867583e+01  4.775499e+00  5.000000e-01
     vertex  1.865175e+01  4.790629e+00  5.000000e-01
     vertex  1.867583e+01  4.775499e+00  0.000000e+00
   endloop
 endfacet
 facet normal -1.119645e-01 -9.937122e-01 -0.000000e+00
   outer loop
     vertex  1.870267e+01  4.766106e+00  5.000000e-01
     vertex  1.870267e+01  4.766106e+00  0.000000e+00
     vertex  1.873093e+01  4.762922e+00  0.000000e+00
   endloop
 endfacet
 facet normal -3.302791e-01 -9.438833e-01 -0.000000e+00
   outer loop
     vertex  1.870267e+01  4.766106e+00  5.000000e-01
     vertex  1.867583e+01  4.775499e+00  5.000000e-01
     vertex  1.870267e+01  4.766106e+00  0.000000e+00
   endloop
 endfacet
 facet normal -1.119645e-01 -9.937122e-01 -0.000000e+00
   outer loop
     vertex  1.873093e+01  4.762922e+00  5.000000e-01
     vertex  1.870267e+01  4.766106e+00  5.000000e-01
     vertex  1.873093e+01  4.762922e+00  0.000000e+00
   endloop
 endfacet
 facet normal -1.000000e+00  0.000000e+00  0.000000e+00
   outer loop
     vertex  1.860393e+01  4.889922e+00  5.000000e-01
     vertex  1.860393e+01  5.143922e+00  5.000000e-01
     vertex  1.860393e+01  5.143922e+00  0.000000e+00
   endloop
 endfacet
 facet normal -1.000000e+00  0.000000e+00  0.000000e+00
   outer loop
     vertex  1.860393e+01  4.889922e+00  5.000000e-01
     vertex  1.860393e+01  5.143922e+00  0.000000e+00
     vertex  1.860393e+01  4.889922e+00  0.000000e+00
   endloop
 endfacet
 facet normal -1.119645e-01  9.937122e-01  0.000000e+00
   outer loop
     vertex  1.873093e+01  5.270922e+00  5.000000e-01
     vertex  1.873093e+01  5.270922e+00  0.000000e+00
     vertex  1.870267e+01  5.267737e+00  0.000000e+00
   endloop
 endfacet
 facet normal -1.119645e-01  9.937122e-01  0.000000e+00
   outer loop
     vertex  1.870267e+01  5.267737e+00  5.000000e-01
     vertex  1.873093e+01  5.270922e+00  5.000000e-01
     vertex  1.870267e+01  5.267737e+00  0.000000e+00
   endloop
 endfacet
 facet normal -3.302791e-01  9.438833e-01  0.000000e+00
   outer loop
     vertex  1.867583e+01  5.258345e+00  5.000000e-01
     vertex  1.870267e+01  5.267737e+00  0.000000e+00
     vertex  1.867583e+01  5.258345e+00  0.000000e+00
   endloop
 endfacet
 facet normal -3.302791e-01  9.438833e-01  0.000000e+00
   outer loop
     vertex  1.867583e+01  5.258345e+00  5.000000e-01
     vertex  1.870267e+01  5.267737e+00  5.000000e-01
     vertex  1.870267e+01  5.267737e+00  0.000000e+00
   endloop
 endfacet
 facet normal -5.320321e-01  8.467242e-01  0.000000e+00
   outer loop
     vertex  1.865175e+01  5.243214e+00  5.000000e-01
     vertex  1.867583e+01  5.258345e+00  0.000000e+00
     vertex  1.865175e+01  5.243214e+00  0.000000e+00
   endloop
 endfacet
 facet normal -5.320321e-01  8.467242e-01  0.000000e+00
   outer loop
     vertex  1.865175e+01  5.243214e+00  5.000000e-01
     vertex  1.867583e+01  5.258345e+00  5.000000e-01
     vertex  1.867583e+01  5.258345e+00  0.000000e+00
   endloop
 endfacet
 facet normal -7.071068e-01  7.071068e-01  0.000000e+00
   outer loop
     vertex  1.863164e+01  5.223105e+00  5.000000e-01
     vertex  1.865175e+01  5.243214e+00  0.000000e+00
     vertex  1.863164e+01  5.223105e+00  0.000000e+00
   endloop
 endfacet
 facet normal -7.071068e-01  7.071068e-01  0.000000e+00
   outer loop
     vertex  1.863164e+01  5.223105e+00  5.000000e-01
     vertex  1.865175e+01  5.243214e+00  5.000000e-01
     vertex  1.865175e+01  5.243214e+00  0.000000e+00
   endloop
 endfacet
 facet normal -8.467242e-01  5.320321e-01  0.000000e+00
   outer loop
     vertex  1.861651e+01  5.199025e+00  5.000000e-01
     vertex  1.863164e+01  5.223105e+00  0.000000e+00
     vertex  1.861651e+01  5.199025e+00  0.000000e+00
   endloop
 endfacet
 facet normal -8.467242e-01  5.320321e-01  0.000000e+00
   outer loop
     vertex  1.861651e+01  5.199025e+00  5.000000e-01
     vertex  1.863164e+01  5.223105e+00  5.000000e-01
     vertex  1.863164e+01  5.223105e+00  0.000000e+00
   endloop
 endfacet
 facet normal -9.438833e-01  3.302791e-01  0.000000e+00
   outer loop
     vertex  1.860711e+01  5.172182e+00  5.000000e-01
     vertex  1.861651e+01  5.199025e+00  0.000000e+00
     vertex  1.860711e+01  5.172182e+00  0.000000e+00
   endloop
 endfacet
 facet normal -9.438833e-01  3.302791e-01  0.000000e+00
   outer loop
     vertex  1.860711e+01  5.172182e+00  5.000000e-01
     vertex  1.861651e+01  5.199025e+00  5.000000e-01
     vertex  1.861651e+01  5.199025e+00  0.000000e+00
   endloop
 endfacet
 facet normal -9.937122e-01  1.119645e-01  0.000000e+00
   outer loop
     vertex  1.860393e+01  5.143922e+00  5.000000e-01
     vertex  1.860711e+01  5.172182e+00  0.000000e+00
     vertex  1.860393e+01  5.143922e+00  0.000000e+00
   endloop
 endfacet
 facet normal -9.937122e-01  1.119645e-01  0.000000e+00
   outer loop
     vertex  1.860393e+01  5.143922e+00  5.000000e-01
     vertex  1.860711e+01  5.172182e+00  5.000000e-01
     vertex  1.860711e+01  5.172182e+00  0.000000e+00
   endloop
 endfacet
 facet normal -0.000000e+00  1.000000e+00  0.000000e+00
   outer loop
     vertex  1.873093e+01  5.270922e+00  5.000000e-01
     vertex  1.898493e+01  5.270922e+00  5.000000e-01
     vertex  1.898493e+01  5.270922e+00  0.000000e+00
   endloop
 endfacet
 facet normal  0.000000e+00  1.000000e+00  0.000000e+00
   outer loop
     vertex  1.873093e+01  5.270922e+00  5.000000e-01
     vertex  1.898493e+01  5.270922e+00  0.000000e+00
     vertex  1.873093e+01  5.270922e+00  0.000000e+00
   endloop
 endfacet
endsolid
